caseyear,state,st_case,statename,ve_total,ve_forms,pvh_invl,peds,pernotmvit,permvit,persons,county,countyname,city,cityname,day,dayname,month,monthname,year,day_week,day_weekname,hour,hourname,minute,minutename,nhs,nhsname,rur_urb,rur_urbname,func_sys,func_sysname,rd_owner,rd_ownername,route,routename,tway_id,tway_id2,milept,mileptname,latitude,latitudename,longitud,longitudname,sp_jur,sp_jurname,harm_ev,harm_evname,man_coll,man_collname,reljct1,reljct1name,reljct2,reljct2name,typ_int,typ_intname,wrk_zone,wrk_zonename,road_fnc,road_fncname,rel_road,rel_roadname,lgt_cond,lgt_condname,weather1,weather1name,weather2,weather2name,weather,weathername,sch_bus,sch_busname,rail,railname,not_hour,not_hourname,not_min,not_minname,arr_hour,arr_hourname,arr_min,arr_minname,hosp_hr,hosp_hrname,hosp_mn,hosp_mnname,cf1,cf1name,cf2,cf2name,cf3,cf3name,fatals,drunk_dr
2018,36,360142,New York,2,2,0,0,0,2,2,63,NIAGARA (63),5323,ROYALTON,13,13,4,April,2018,6,Friday,18,6:00pm-6:59pm,10,10,0,This section IS NOT on the NHS,1,Rural,5,Major Collector,1,State Highway Agency,3,State Highway,SR-93 AKRON RD,,0,None,43.13223611,43.13223611,-78.591505560,-78.591505560,0,No Special Jurisdiction,12,Motor Vehicle In-Transport,2,Front-to-Front,0,No,1,Non-Junction,1,Not an Intersection,0,None,,,1,On Roadway,1,Daylight,1,Clear,0,No Additional Atmospheric Conditions,1,Clear,0,No,0000000,Not Applicable,18,6:00pm-6:59pm,10,10,18,6:00pm-6:59pm,17,17,19,7:00pm-7:59pm,15,15,0,None,0,None,0,None,1,0
2018,36,360143,New York,2,2,0,0,0,2,2,65,ONEIDA (65),6220,UTICA,26,26,2,February,2018,2,Monday,14,2:00pm-2:59pm,26,26,1,This section IS ON the NHS,2,Urban,3,Principal Arterial - Other,1,State Highway Agency,3,State Highway,SR-5A,,0,None,43.11119444,43.11119444,-75.257555560,-75.257555560,0,No Special Jurisdiction,12,Motor Vehicle In-Transport,2,Front-to-Front,0,No,1,Non-Junction,1,Not an Intersection,0,None,,,1,On Roadway,1,Daylight,1,Clear,0,No Additional Atmospheric Conditions,1,Clear,0,No,0000000,Not Applicable,99,Unknown,99,Unknown,99,Unknown EMS Scene Arrival Hour,99,Unknown EMS Scene Arrival Minutes,99,Unknown,99,Unknown EMS Hospital Arrival Time,0,None,0,None,0,None,1,1
2018,36,360144,New York,2,2,0,0,0,4,4,59,NASSAU (59),2600,HEMPSTEAD,13,13,3,March,2018,3,Tuesday,22,10:00pm-10:59pm,14,14,0,This section IS NOT on the NHS,2,Urban,4,Minor Arterial,2,County Highway Agency,8,Other,GRAND AVE,MILBURN AVE,0,None,40.66116111,40.66116111,-73.607619440,-73.607619440,0,No Special Jurisdiction,12,Motor Vehicle In-Transport,1,Front-to-Rear,0,No,2,Intersection,4,Y-Intersection,0,None,,,1,On Roadway,3,Dark - Lighted,1,Clear,0,No Additional Atmospheric Conditions,1,Clear,0,No,0000000,Not Applicable,99,Unknown,99,Unknown,99,Unknown EMS Scene Arrival Hour,99,Unknown EMS Scene Arrival Minutes,99,Unknown,99,Unknown EMS Hospital Arrival Time,0,None,0,None,0,None,1,0
2018,36,360145,New York,1,1,0,1,1,1,1,47,KINGS (47),4170,NEW YORK-KINGS,8,8,4,April,2018,1,Sunday,21,9:00pm-9:59pm,50,50,0,This section IS NOT on the NHS,2,Urban,4,Minor Arterial,4,City or Municipal Highway Agency,6,Local Street - Municipality,REMSEN AVE,,0,None,40.65262222,40.65262222,-73.919777780,-73.919777780,0,No Special Jurisdiction,8,Pedestrian,0,Not a Collision with Motor Vehicle In-Transport,0,No,1,Non-Junction,1,Not an Intersection,0,None,,,1,On Roadway,3,Dark - Lighted,1,Clear,0,No Additional Atmospheric Conditions,1,Clear,0,No,0000000,Not Applicable,99,Unknown,99,Unknown,99,Unknown EMS Scene Arrival Hour,99,Unknown EMS Scene Arrival Minutes,99,Unknown,99,Unknown EMS Hospital Arrival Time,0,None,0,None,0,None,1,0
2018,36,360146,New York,2,2,0,0,0,2,2,103,SUFFOLK (103),2920,ISLIP,24,24,3,March,2018,7,Saturday,5,5:00am-5:59am,53,53,0,This section IS NOT on the NHS,2,Urban,3,Principal Arterial - Other,3,Town or Township Highway Agency,3,State Highway,SR-111,,0,None,99.99990000,Unknown,999.999900000,Unknown,0,No Special Jurisdiction,12,Motor Vehicle In-Transport,2,Front-to-Front,0,No,1,Non-Junction,1,Not an Intersection,0,None,,,1,On Roadway,3,Dark - Lighted,1,Clear,0,No Additional Atmospheric Conditions,1,Clear,0,No,0000000,Not Applicable,99,Unknown,99,Unknown,99,Unknown EMS Scene Arrival Hour,99,Unknown EMS Scene Arrival Minutes,99,Unknown,99,Unknown EMS Hospital Arrival Time,0,None,0,None,0,None,1,1
2018,36,360147,New York,4,4,0,0,0,8,8,103,SUFFOLK (103),705,BROOKHAVEN,14,14,2,February,2018,4,Wednesday,11,11:00am-11:59am,23,23,1,This section IS ON the NHS,2,Urban,3,Principal Arterial - Other,1,State Highway Agency,3,State Highway,SR-25 MIDDLE COUNTRY RD,,0,None,40.88985556,40.88985556,-72.906900000,-72.906900000,0,No Special Jurisdiction,12,Motor Vehicle In-Transport,1,Front-to-Rear,0,No,1,Non-Junction,1,Not an Intersection,0,None,,,1,On Roadway,1,Daylight,1,Clear,0,No Additional Atmospheric Conditions,1,Clear,0,No,0000000,Not Applicable,99,Unknown,99,Unknown,99,Unknown EMS Scene Arrival Hour,99,Unknown EMS Scene Arrival Minutes,99,Unknown,99,Unknown EMS Hospital Arrival Time,0,None,0,None,0,None,5,0
2018,36,360148,New York,1,1,0,0,0,1,1,103,SUFFOLK (103),1700,EAST PATCHOGUE,30,30,1,January,2018,3,Tuesday,8,8:00am-8:59am,25,25,1,This section IS ON the NHS,2,Urban,3,Principal Arterial - Other,1,State Highway Agency,3,State Highway,SR-27,,0,None,99.99990000,Unknown,999.999900000,Unknown,0,No Special Jurisdiction,42,Tree (Standing Only),0,Not a Collision with Motor Vehicle In-Transport,1,Yes,20,Entrance/Exit Ramp,1,Not an Intersection,0,None,,,1,On Roadway,1,Daylight,4,Snow,0,No Additional Atmospheric Conditions,4,Snow,0,No,0000000,Not Applicable,99,Unknown,99,Unknown,99,Unknown EMS Scene Arrival Hour,99,Unknown EMS Scene Arrival Minutes,99,Unknown,99,Unknown EMS Hospital Arrival Time,0,None,0,None,0,None,1,0
2018,36,360149,New York,1,1,0,1,1,1,1,75,OSWEGO (75),2200,FULTON,8,8,3,March,2018,5,Thursday,16,4:00pm-4:59pm,23,23,0,This section IS NOT on the NHS,1,Rural,7,Local,3,Town or Township Highway Agency,5,Local Street - Township,PHILLIPS RD,,0,None,43.36650556,43.36650556,-76.506052780,-76.506052780,0,No Special Jurisdiction,8,Pedestrian,0,Not a Collision with Motor Vehicle In-Transport,0,No,1,Non-Junction,1,Not an Intersection,0,None,,,1,On Roadway,1,Daylight,1,Clear,0,No Additional Atmospheric Conditions,1,Clear,0,No,0000000,Not Applicable,16,4:00pm-4:59pm,23,23,16,4:00pm-4:59pm,33,33,88,Not Applicable (Not Transported),88,Not Applicable (Not Transported),0,None,0,None,0,None,1,0
2018,36,360150,New York,3,3,0,0,0,9,9,71,ORANGE (71),2695,HIGHLAND MILLS,10,10,3,March,2018,7,Saturday,12,12:00pm-12:59pm,45,45,1,This section IS ON the NHS,1,Rural,3,Principal Arterial - Other,1,State Highway Agency,2,U.S. Highway,US-6,,0,None,41.30621389,41.30621389,-74.044975000,-74.044975000,0,No Special Jurisdiction,12,Motor Vehicle In-Transport,2,Front-to-Front,0,No,1,Non-Junction,1,Not an Intersection,0,None,,,1,On Roadway,1,Daylight,10,Cloudy,0,No Additional Atmospheric Conditions,10,Cloudy,0,No,0000000,Not Applicable,12,12:00pm-12:59pm,50,50,12,12:00pm-12:59pm,50,50,99,Unknown,99,Unknown EMS Hospital Arrival Time,0,None,0,None,0,None,1,0
2018,36,360151,New York,1,1,0,0,0,1,1,27,DUTCHESS (27),6380,WAPPINGERS FALLS,17,17,4,April,2018,3,Tuesday,1,1:00am-1:59am,1,1,1,This section IS ON the NHS,2,Urban,3,Principal Arterial - Other,1,State Highway Agency,3,State Highway,SR-9D,,0,None,41.55552778,41.55552778,-73.943413890,-73.943413890,0,No Special Jurisdiction,30,Utility Pole/Light Support,0,Not a Collision with Motor Vehicle In-Transport,0,No,1,Non-Junction,1,Not an Intersection,0,None,,,4,On Roadside,2,Dark - Not Lighted,10,Cloudy,0,No Additional Atmospheric Conditions,10,Cloudy,0,No,0000000,Not Applicable,1,1:00am-1:59am,4,4,1,1:00am-1:59am,9,9,88,Not Applicable (Not Transported),88,Not Applicable (Not Transported),0,None,0,None,0,None,1,1
2018,36,360152,New York,2,2,0,0,0,2,2,9,CATTARAUGUS (9),3250,LIMESTONE,4,4,4,April,2018,4,Wednesday,16,4:00pm-4:59pm,19,19,1,This section IS ON the NHS,1,Rural,3,Principal Arterial - Other,1,State Highway Agency,2,U.S. Highway,US-219,,0,None,99.99990000,Unknown,999.999900000,Unknown,0,No Special Jurisdiction,12,Motor Vehicle In-Transport,2,Front-to-Front,0,No,1,Non-Junction,1,Not an Intersection,0,None,,,1,On Roadway,1,Daylight,10,Cloudy,0,No Additional Atmospheric Conditions,10,Cloudy,0,No,0000000,Not Applicable,99,Unknown,99,Unknown,99,Unknown EMS Scene Arrival Hour,99,Unknown EMS Scene Arrival Minutes,88,Not Applicable (Not Transported),88,Not Applicable (Not Transported),0,None,0,None,0,None,1,0
2018,36,360153,New York,2,2,0,0,0,2,2,55,MONROE (55),6510,WEBSTER,4,4,4,April,2018,4,Wednesday,7,7:00am-7:59am,45,45,1,This section IS ON the NHS,2,Urban,2,Principal Arterial - Other Freeways and Expressways,1,State Highway Agency,3,State Highway,SR-104,,0,None,43.21194722,43.21194722,-77.532266670,-77.532266670,0,No Special Jurisdiction,12,Motor Vehicle In-Transport,1,Front-to-Rear,0,No,1,Non-Junction,1,Not an Intersection,0,None,,,1,On Roadway,1,Daylight,2,Rain,0,No Additional Atmospheric Conditions,2,Rain,0,No,0000000,Not Applicable,7,7:00am-7:59am,48,48,7,7:00am-7:59am,53,53,8,8:00am-8:59am,17,17,0,None,0,None,0,None,1,0
2018,36,360154,New York,1,1,0,0,0,1,1,103,SUFFOLK (103),705,BROOKHAVEN,16,16,4,April,2018,2,Monday,6,6:00am-6:59am,30,30,1,This section IS ON the NHS,2,Urban,3,Principal Arterial - Other,2,County Highway Agency,4,County Road,CR-83 PATCHOGUE MT SINAI RD,,0,None,40.85986944,40.85986944,-73.021491670,-73.021491670,0,No Special Jurisdiction,24,Guardrail Face,0,Not a Collision with Motor Vehicle In-Transport,0,No,1,Non-Junction,1,Not an Intersection,0,None,,,3,On Median,1,Daylight,2,Rain,0,No Additional Atmospheric Conditions,2,Rain,0,No,0000000,Not Applicable,6,6:00am-6:59am,56,56,7,7:00am-7:59am,0,0,7,7:00am-7:59am,45,45,0,None,0,None,0,None,1,0
2018,36,360155,New York,1,1,0,1,1,3,3,5,BRONX (5),4170,NEW YORK -BRONX,23,23,4,April,2018,2,Monday,18,6:00pm-6:59pm,5,5,0,This section IS NOT on the NHS,2,Urban,7,Local,4,City or Municipal Highway Agency,6,Local Street - Municipality,E 215TH ST,,0,None,40.87996389,40.87996389,-73.862063890,-73.862063890,0,No Special Jurisdiction,8,Pedestrian,0,Not a Collision with Motor Vehicle In-Transport,0,No,1,Non-Junction,1,Not an Intersection,0,None,,,4,On Roadside,1,Daylight,1,Clear,0,No Additional Atmospheric Conditions,1,Clear,0,No,0000000,Not Applicable,99,Unknown,99,Unknown,99,Unknown EMS Scene Arrival Hour,99,Unknown EMS Scene Arrival Minutes,88,Not Applicable (Not Transported),88,Not Applicable (Not Transported),0,None,0,None,0,None,1,0
2018,36,360156,New York,1,1,0,0,0,5,5,59,NASSAU (59),2600,HEMPSTEAD,21,21,3,March,2018,4,Wednesday,10,10:00am-10:59am,2,2,1,This section IS ON the NHS,2,Urban,2,Principal Arterial - Other Freeways and Expressways,1,State Highway Agency,8,Other,908T WANTAGH STATE PKWY,,0,None,99.99990000,Unknown,999.999900000,Unknown,0,No Special Jurisdiction,30,Utility Pole/Light Support,0,Not a Collision with Motor Vehicle In-Transport,0,No,1,Non-Junction,1,Not an Intersection,0,None,,,4,On Roadside,1,Daylight,98,Not Reported,0,No Additional Atmospheric Conditions,98,Not Reported,0,No,0000000,Not Applicable,10,10:00am-10:59am,2,2,10,10:00am-10:59am,6,6,10,10:00am-10:59am,23,23,0,None,0,None,0,None,1,0
2018,36,360157,New York,1,1,0,1,1,1,1,103,SUFFOLK (103),4670,PATCHOGUE,30,30,1,January,2018,3,Tuesday,13,1:00pm-1:59pm,20,20,0,This section IS NOT on the NHS,2,Urban,4,Minor Arterial,4,City or Municipal Highway Agency,8,Other,MAIN ST,N OCEAN AVE,0,None,40.76566389,40.76566389,-73.015094440,-73.015094440,0,No Special Jurisdiction,8,Pedestrian,0,Not a Collision with Motor Vehicle In-Transport,0,No,3,Intersection-Related,2,Four-Way Intersection,0,None,,,1,On Roadway,1,Daylight,10,Cloudy,0,No Additional Atmospheric Conditions,10,Cloudy,0,No,0000000,Not Applicable,99,Unknown,99,Unknown,99,Unknown EMS Scene Arrival Hour,99,Unknown EMS Scene Arrival Minutes,99,Unknown,99,Unknown EMS Hospital Arrival Time,0,None,0,None,0,None,1,0
2018,36,360158,New York,1,1,0,0,0,1,1,103,SUFFOLK (103),705,BROOKHAVEN,29,29,1,January,2018,2,Monday,2,2:00am-2:59am,15,15,1,This section IS ON the NHS,2,Urban,3,Principal Arterial - Other,2,County Highway Agency,4,County Road,CR-46,MASTIC BLVD,0,None,40.79950000,40.79950000,-72.866308330,-72.866308330,0,No Special Jurisdiction,30,Utility Pole/Light Support,0,Not a Collision with Motor Vehicle In-Transport,0,No,3,Intersection-Related,2,Four-Way Intersection,0,None,,,4,On Roadside,3,Dark - Lighted,1,Clear,0,No Additional Atmospheric Conditions,1,Clear,0,No,0000000,Not Applicable,99,Unknown,99,Unknown,99,Unknown EMS Scene Arrival Hour,99,Unknown EMS Scene Arrival Minutes,88,Not Applicable (Not Transported),88,Not Applicable (Not Transported),0,None,0,None,0,None,1,1
2018,36,360159,New York,3,1,2,0,0,1,1,103,SUFFOLK (103),705,BROOKHAVEN,15,15,3,March,2018,5,Thursday,10,10:00am-10:59am,37,37,1,This section IS ON the NHS,2,Urban,3,Principal Arterial - Other,2,County Highway Agency,4,County Road,CR-83,,0,None,40.89386111,40.89386111,-73.005602780,-73.005602780,0,No Special Jurisdiction,42,Tree (Standing Only),0,Not a Collision with Motor Vehicle In-Transport,0,No,1,Non-Junction,1,Not an Intersection,0,None,,,4,On Roadside,1,Daylight,1,Clear,0,No Additional Atmospheric Conditions,1,Clear,0,No,0000000,Not Applicable,99,Unknown,99,Unknown,99,Unknown EMS Scene Arrival Hour,99,Unknown EMS Scene Arrival Minutes,88,Not Applicable (Not Transported),88,Not Applicable (Not Transported),0,None,0,None,0,None,1,0
2018,36,360160,New York,1,1,0,0,0,1,1,63,NIAGARA (63),4210,NIAGARA FALLS,22,22,4,April,2018,1,Sunday,20,8:00pm-8:59pm,20,20,1,This section IS ON the NHS,2,Urban,3,Principal Arterial - Other,4,City or Municipal Highway Agency,2,U.S. Highway,US-62,20TH ST,0,None,43.09152222,43.09152222,-79.037766670,-79.037766670,0,No Special Jurisdiction,33,Curb,0,Not a Collision with Motor Vehicle In-Transport,0,No,3,Intersection-Related,2,Four-Way Intersection,0,None,,,4,On Roadside,5,Dusk,1,Clear,0,No Additional Atmospheric Conditions,1,Clear,0,No,0000000,Not Applicable,20,8:00pm-8:59pm,21,21,20,8:00pm-8:59pm,25,25,20,8:00pm-8:59pm,46,46,0,None,0,None,0,None,1,0
2018,36,360161,New York,1,1,0,1,1,1,1,5,BRONX (5),4170,NEW YORK -BRONX,23,23,4,April,2018,2,Monday,22,10:00pm-10:59pm,38,38,1,This section IS ON the NHS,2,Urban,3,Principal Arterial - Other,4,City or Municipal Highway Agency,2,U.S. Highway,US-1 WEBSTER AVE,CROSS BRONX EXPY,0,None,40.84468611,40.84468611,-73.902661110,-73.902661110,0,No Special Jurisdiction,9,Pedalcyclist,0,Not a Collision with Motor Vehicle In-Transport,0,No,2,Intersection,2,Four-Way Intersection,0,None,,,1,On Roadway,3,Dark - Lighted,1,Clear,0,No Additional Atmospheric Conditions,1,Clear,0,No,0000000,Not Applicable,99,Unknown,99,Unknown,99,Unknown EMS Scene Arrival Hour,99,Unknown EMS Scene Arrival Minutes,99,Unknown,99,Unknown EMS Hospital Arrival Time,0,None,0,None,0,None,1,0
2018,36,360162,New York,1,1,0,0,0,1,1,81,QUEENS (81),4170,NEW YORK -QUEENS,23,23,4,April,2018,2,Monday,3,3:00am-3:59am,30,30,1,This section IS ON the NHS,2,Urban,3,Principal Arterial - Other,4,City or Municipal Highway Agency,6,Local Street - Municipality,WOODHAVEN BLVD,ALDERTON ST,0,None,40.72804722,40.72804722,-73.870994440,-73.870994440,0,No Special Jurisdiction,30,Utility Pole/Light Support,0,Not a Collision with Motor Vehicle In-Transport,0,No,3,Intersection-Related,2,Four-Way Intersection,0,None,,,3,On Median,3,Dark - Lighted,1,Clear,0,No Additional Atmospheric Conditions,1,Clear,0,No,0000000,Not Applicable,99,Unknown,99,Unknown,99,Unknown EMS Scene Arrival Hour,99,Unknown EMS Scene Arrival Minutes,99,Unknown,99,Unknown EMS Hospital Arrival Time,0,None,0,None,0,None,1,0
2018,36,360163,New York,1,1,0,0,0,1,1,61,NEW YORK (61),4170,NEW YORK NEW YORK,23,23,4,April,2018,2,Monday,13,1:00pm-1:59pm,19,19,0,This section IS NOT on the NHS,2,Urban,7,Local,4,City or Municipal Highway Agency,6,Local Street - Municipality,RIVERSIDE DR,TIEMANN PL,0,None,40.81590000,40.81590000,-73.960516670,-73.960516670,0,No Special Jurisdiction,30,Utility Pole/Light Support,0,Not a Collision with Motor Vehicle In-Transport,0,No,3,Intersection-Related,3,T-Intersection,0,None,,,4,On Roadside,1,Daylight,1,Clear,0,No Additional Atmospheric Conditions,1,Clear,0,No,0000000,Not Applicable,99,Unknown,99,Unknown,99,Unknown EMS Scene Arrival Hour,99,Unknown EMS Scene Arrival Minutes,99,Unknown,99,Unknown EMS Hospital Arrival Time,0,None,0,None,0,None,1,0
2018,36,360164,New York,2,2,0,0,0,2,2,93,SCHENECTADY (93),5550,SCHENECTADY,2,2,4,April,2018,2,Monday,19,7:00pm-7:59pm,5,5,0,This section IS NOT on the NHS,1,Rural,4,Minor Arterial,1,State Highway Agency,3,State Highway,SR-5 AMSTERDAM RD,,0,None,42.89512778,42.89512778,-74.076450000,-74.076450000,0,No Special Jurisdiction,12,Motor Vehicle In-Transport,2,Front-to-Front,0,No,1,Non-Junction,1,Not an Intersection,0,None,,,1,On Roadway,5,Dusk,10,Cloudy,0,No Additional Atmospheric Conditions,10,Cloudy,0,No,0000000,Not Applicable,20,8:00pm-8:59pm,12,12,21,9:00pm-9:59pm,30,30,23,11:00pm-11:59pm,12,12,0,None,0,None,0,None,2,1
2018,36,360165,New York,1,1,0,1,1,1,1,81,QUEENS (81),4170,NEW YORK -QUEENS,9,9,4,April,2018,2,Monday,21,9:00pm-9:59pm,56,56,0,This section IS NOT on the NHS,2,Urban,5,Major Collector,4,City or Municipal Highway Agency,6,Local Street - Municipality,S CONDUIT AVE,,0,None,40.67298889,40.67298889,-73.857452780,-73.857452780,0,No Special Jurisdiction,8,Pedestrian,0,Not a Collision with Motor Vehicle In-Transport,0,No,1,Non-Junction,1,Not an Intersection,0,None,,,1,On Roadway,3,Dark - Lighted,1,Clear,0,No Additional Atmospheric Conditions,1,Clear,0,No,0000000,Not Applicable,99,Unknown,99,Unknown,99,Unknown EMS Scene Arrival Hour,99,Unknown EMS Scene Arrival Minutes,99,Unknown,99,Unknown EMS Hospital Arrival Time,0,None,0,None,0,None,1,0
2018,36,360166,New York,1,1,0,0,0,1,1,29,ERIE (29),4250,NORTH COLLINS,7,7,4,April,2018,7,Saturday,4,4:00am-4:59am,25,25,0,This section IS NOT on the NHS,1,Rural,7,Local,2,County Highway Agency,4,County Road,CR-487,,0,None,42.53237500,42.53237500,-78.872700000,-78.872700000,0,No Special Jurisdiction,24,Guardrail Face,0,Not a Collision with Motor Vehicle In-Transport,0,No,1,Non-Junction,1,Not an Intersection,0,None,,,4,On Roadside,2,Dark - Not Lighted,1,Clear,0,No Additional Atmospheric Conditions,1,Clear,0,No,0000000,Not Applicable,4,4:00am-4:59am,27,27,4,4:00am-4:59am,34,34,88,Not Applicable (Not Transported),88,Not Applicable (Not Transported),0,None,0,None,0,None,1,1
2018,36,360167,New York,4,1,3,0,1,1,2,55,MONROE (55),5230,ROCHESTER,13,13,4,April,2018,6,Friday,1,1:00am-1:59am,16,16,0,This section IS NOT on the NHS,2,Urban,5,Major Collector,4,City or Municipal Highway Agency,6,Local Street - Municipality,THURSTON RD,PENHURST ST,0,None,43.13794444,43.13794444,-77.650994440,-77.650994440,0,No Special Jurisdiction,14,Parked Motor Vehicle,0,Not a Collision with Motor Vehicle In-Transport,0,No,3,Intersection-Related,2,Four-Way Intersection,0,None,,,7,In Parking Lane/Zone,3,Dark - Lighted,1,Clear,0,No Additional Atmospheric Conditions,1,Clear,0,No,0000000,Not Applicable,1,1:00am-1:59am,16,16,1,1:00am-1:59am,31,31,1,1:00am-1:59am,47,47,0,None,0,None,0,None,1,1
2018,36,360168,New York,1,1,0,0,0,1,1,59,NASSAU (59),4600,OYSTER BAY,24,24,2,February,2018,7,Saturday,6,6:00am-6:59am,27,27,1,This section IS ON the NHS,2,Urban,2,Principal Arterial - Other Freeways and Expressways,1,State Highway Agency,8,Other,907E BETHPAGE STATE PKWY,PLAINVIEW RD,0,None,40.73775556,40.73775556,-73.468997220,-73.468997220,0,No Special Jurisdiction,24,Guardrail Face,0,Not a Collision with Motor Vehicle In-Transport,0,No,3,Intersection-Related,5,Traffic Circle,0,None,,,3,On Median,2,Dark - Not Lighted,5,"Fog, Smog, Smoke",0,No Additional Atmospheric Conditions,5,"Fog, Smog, Smoke",0,No,0000000,Not Applicable,6,6:00am-6:59am,27,27,6,6:00am-6:59am,34,34,88,Not Applicable (Not Transported),88,Not Applicable (Not Transported),0,None,0,None,0,None,1,1
2018,36,360169,New York,1,1,0,1,1,1,1,15,CHEMUNG (15),1850,ELMIRA,3,3,1,January,2018,4,Wednesday,11,11:00am-11:59am,35,35,0,This section IS NOT on the NHS,2,Urban,4,Minor Arterial,4,City or Municipal Highway Agency,6,Local Street - Municipality,N MAIN ST,,0,None,42.08823056,42.08823056,-76.807422220,-76.807422220,0,No Special Jurisdiction,9,Pedalcyclist,0,Not a Collision with Motor Vehicle In-Transport,0,No,1,Non-Junction,1,Not an Intersection,0,None,,,1,On Roadway,1,Daylight,1,Clear,0,No Additional Atmospheric Conditions,1,Clear,0,No,0000000,Not Applicable,11,11:00am-11:59am,36,36,11,11:00am-11:59am,38,38,12,12:00pm-12:59pm,2,2,0,None,0,None,0,None,1,0
2018,36,360170,New York,1,1,0,1,1,1,1,61,NEW YORK (61),4170,NEW YORK NEW YORK,7,7,3,March,2018,4,Wednesday,0,0:00am-0:59am,58,58,1,This section IS ON the NHS,2,Urban,3,Principal Arterial - Other,4,City or Municipal Highway Agency,6,Local Street - Municipality,AVENUE OF THE AMERICAS 6TH AVE,W 13TH ST,0,None,40.73668889,40.73668889,-73.997391670,-73.997391670,0,No Special Jurisdiction,8,Pedestrian,0,Not a Collision with Motor Vehicle In-Transport,0,No,3,Intersection-Related,2,Four-Way Intersection,0,None,,,1,On Roadway,3,Dark - Lighted,2,Rain,0,No Additional Atmospheric Conditions,2,Rain,0,No,0000000,Not Applicable,99,Unknown,99,Unknown,99,Unknown EMS Scene Arrival Hour,99,Unknown EMS Scene Arrival Minutes,99,Unknown,99,Unknown EMS Hospital Arrival Time,0,None,0,None,0,None,1,0
2018,36,360171,New York,2,2,0,0,0,3,3,63,NIAGARA (63),2564,HARTLAND,28,28,3,March,2018,4,Wednesday,11,11:00am-11:59am,13,13,1,This section IS ON the NHS,1,Rural,3,Principal Arterial - Other,1,State Highway Agency,3,State Highway,SR-194 RIDGE RD,CARMEN RD,0,None,43.24648889,43.24648889,-78.489080560,-78.489080560,0,No Special Jurisdiction,12,Motor Vehicle In-Transport,6,Angle,0,No,2,Intersection,2,Four-Way Intersection,0,None,,,1,On Roadway,1,Daylight,10,Cloudy,0,No Additional Atmospheric Conditions,10,Cloudy,0,No,0000000,Not Applicable,11,11:00am-11:59am,23,23,11,11:00am-11:59am,42,42,12,12:00pm-12:59pm,19,19,0,None,0,None,0,None,1,0
2018,36,360172,New York,2,2,0,0,0,3,3,21,COLUMBIA (21),2705,HILLSDALE,7,7,4,April,2018,7,Saturday,13,1:00pm-1:59pm,10,10,1,This section IS ON the NHS,1,Rural,3,Principal Arterial - Other,1,State Highway Agency,3,State Highway,SR-22,,0,None,42.26778889,42.26778889,-73.474338890,-73.474338890,0,No Special Jurisdiction,12,Motor Vehicle In-Transport,2,Front-to-Front,0,No,1,Non-Junction,1,Not an Intersection,0,None,,,1,On Roadway,1,Daylight,10,Cloudy,0,No Additional Atmospheric Conditions,10,Cloudy,0,No,0000000,Not Applicable,13,1:00pm-1:59pm,12,12,13,1:00pm-1:59pm,25,25,99,Unknown,99,Unknown EMS Hospital Arrival Time,0,None,0,None,0,None,1,0
2018,36,360173,New York,3,3,0,0,0,10,10,5,BRONX (5),4170,NEW YORK -BRONX,2,2,3,March,2018,6,Friday,16,4:00pm-4:59pm,1,1,1,This section IS ON the NHS,2,Urban,1,Interstate,1,State Highway Agency,1,Interstate,I-278,,0,None,99.99990000,Unknown,999.999900000,Unknown,0,No Special Jurisdiction,12,Motor Vehicle In-Transport,1,Front-to-Rear,0,No,1,Non-Junction,1,Not an Intersection,0,None,,,1,On Roadway,5,Dusk,4,Snow,0,No Additional Atmospheric Conditions,4,Snow,0,No,0000000,Not Applicable,99,Unknown,99,Unknown,99,Unknown EMS Scene Arrival Hour,99,Unknown EMS Scene Arrival Minutes,99,Unknown,99,Unknown EMS Hospital Arrival Time,0,None,0,None,0,None,1,0
2018,36,360174,New York,1,1,0,1,1,1,1,55,MONROE (55),5230,ROCHESTER,16,16,4,April,2018,2,Monday,23,11:00pm-11:59pm,30,30,0,This section IS NOT on the NHS,2,Urban,5,Major Collector,4,City or Municipal Highway Agency,6,Local Street - Municipality,GENESEE PARK BLVD,ROSALINE ST,0,None,43.13278333,43.13278333,-77.655005560,-77.655005560,0,No Special Jurisdiction,8,Pedestrian,0,Not a Collision with Motor Vehicle In-Transport,0,No,3,Intersection-Related,2,Four-Way Intersection,0,None,,,1,On Roadway,3,Dark - Lighted,4,Snow,0,No Additional Atmospheric Conditions,4,Snow,0,No,0000000,Not Applicable,23,11:00pm-11:59pm,30,30,23,11:00pm-11:59pm,34,34,88,Not Applicable (Not Transported),88,Not Applicable (Not Transported),0,None,0,None,0,None,1,0
2018,36,360175,New York,2,2,0,0,0,2,2,63,NIAGARA (63),3340,LOCKPORT,19,19,4,April,2018,5,Thursday,13,1:00pm-1:59pm,8,8,0,This section IS NOT on the NHS,2,Urban,5,Major Collector,2,County Highway Agency,4,County Road,CR-19 STONE RD,CR-127 JOHNSON RD,0,None,43.20621667,43.20621667,-78.729850000,-78.729850000,0,No Special Jurisdiction,12,Motor Vehicle In-Transport,2,Front-to-Front,0,No,2,Intersection,4,Y-Intersection,0,None,,,1,On Roadway,1,Daylight,10,Cloudy,0,No Additional Atmospheric Conditions,10,Cloudy,0,No,0000000,Not Applicable,13,1:00pm-1:59pm,8,8,13,1:00pm-1:59pm,13,13,17,5:00pm-5:59pm,50,50,0,None,0,None,0,None,1,0