caseyear,state,st_case,statename,ve_total,ve_forms,pvh_invl,peds,pernotmvit,permvit,persons,county,countyname,city,cityname,day,dayname,month,monthname,year,day_week,day_weekname,hour,hourname,minute,minutename,nhs,nhsname,rur_urb,rur_urbname,func_sys,func_sysname,rd_owner,rd_ownername,route,routename,tway_id,tway_id2,milept,mileptname,latitude,latitudename,longitud,longitudname,sp_jur,sp_jurname,harm_ev,harm_evname,man_coll,man_collname,reljct1,reljct1name,reljct2,reljct2name,typ_int,typ_intname,wrk_zone,wrk_zonename,road_fnc,road_fncname,rel_road,rel_roadname,lgt_cond,lgt_condname,weather1,weather1name,weather2,weather2name,weather,weathername,sch_bus,sch_busname,rail,railname,not_hour,not_hourname,not_min,not_minname,arr_hour,arr_hourname,arr_min,arr_minname,hosp_hr,hosp_hrname,hosp_mn,hosp_mnname,cf1,cf1name,cf2,cf2name,cf3,cf3name,fatals,drunk_dr
2018,36,360176,New York,2,2,0,0,0,2,2,99,SENECA (99),5630,SENECA FALLS,17,17,4,April,2018,3,Tuesday,19,7:00pm-7:59pm,29,29,0,This section IS NOT on the NHS,2,Urban,4,Minor Arterial,1,State Highway Agency,3,State Highway,SR-414,BRIDGE ST,0,None,42.89851111,42.89851111,-76.798408330,-76.798408330,0,No Special Jurisdiction,12,Motor Vehicle In-Transport,6,Angle,0,No,2,Intersection,2,Four-Way Intersection,0,None,,,1,On Roadway,1,Daylight,10,Cloudy,0,No Additional Atmospheric Conditions,10,Cloudy,0,No,0000000,Not Applicable,19,7:00pm-7:59pm,29,29,19,7:00pm-7:59pm,36,36,88,Not Applicable (Not Transported),88,Not Applicable (Not Transported),0,None,0,None,0,None,1,0
2018,36,360177,New York,1,1,0,0,0,1,1,83,RENSSELAER (83),4768,PETERSBURG,20,20,4,April,2018,6,Friday,7,7:00am-7:59am,43,43,0,This section IS NOT on the NHS,1,Rural,4,Minor Arterial,1,State Highway Agency,3,State Highway,SR-22,,0,None,42.80553889,42.80553889,-73.336175000,-73.336175000,0,No Special Jurisdiction,24,Guardrail Face,0,Not a Collision with Motor Vehicle In-Transport,0,No,1,Non-Junction,1,Not an Intersection,0,None,,,4,On Roadside,1,Daylight,10,Cloudy,0,No Additional Atmospheric Conditions,10,Cloudy,0,No,0000000,Not Applicable,7,7:00am-7:59am,43,43,8,8:00am-8:59am,1,1,88,Not Applicable (Not Transported),88,Not Applicable (Not Transported),0,None,0,None,0,None,1,0
2018,36,360178,New York,1,1,0,1,1,1,1,103,SUFFOLK (103),2920,ISLIP,28,28,4,April,2018,7,Saturday,20,8:00pm-8:59pm,30,30,0,This section IS NOT on the NHS,2,Urban,4,Minor Arterial,2,County Highway Agency,4,County Road,CR-13 5TH AVE,3RD AVE,0,None,40.77639167,40.77639167,-73.259827780,-73.259827780,0,No Special Jurisdiction,8,Pedestrian,0,Not a Collision with Motor Vehicle In-Transport,0,No,3,Intersection-Related,2,Four-Way Intersection,0,None,,,1,On Roadway,3,Dark - Lighted,1,Clear,0,No Additional Atmospheric Conditions,1,Clear,0,No,0000000,Not Applicable,20,8:00pm-8:59pm,30,30,20,8:00pm-8:59pm,35,35,21,9:00pm-9:59pm,3,3,0,None,0,None,0,None,1,0
2018,36,360179,New York,1,1,0,0,0,1,1,103,SUFFOLK (103),2840,HUNTINGTON,25,25,4,April,2018,4,Wednesday,11,11:00am-11:59am,59,59,1,This section IS ON the NHS,2,Urban,3,Principal Arterial - Other,1,State Highway Agency,3,State Highway,SR-25A,STONY HOLLOW RD,0,None,40.88505833,40.88505833,-73.360113890,-73.360113890,0,No Special Jurisdiction,42,Tree (Standing Only),0,Not a Collision with Motor Vehicle In-Transport,0,No,3,Intersection-Related,4,Y-Intersection,0,None,,,4,On Roadside,1,Daylight,2,Rain,0,No Additional Atmospheric Conditions,2,Rain,0,No,0000000,Not Applicable,11,11:00am-11:59am,59,59,12,12:00pm-12:59pm,4,4,12,12:00pm-12:59pm,16,16,0,None,0,None,0,None,1,0
2018,36,360180,New York,1,1,0,1,1,1,1,81,QUEENS (81),4170,NEW YORK -QUEENS,29,29,4,April,2018,1,Sunday,0,0:00am-0:59am,40,40,1,This section IS ON the NHS,2,Urban,3,Principal Arterial - Other,4,City or Municipal Highway Agency,3,State Highway,SR-25 HILLSIDE AVE,153RD ST,0,None,40.70723611,40.70723611,-73.804511110,-73.804511110,0,No Special Jurisdiction,8,Pedestrian,0,Not a Collision with Motor Vehicle In-Transport,0,No,3,Intersection-Related,2,Four-Way Intersection,0,None,,,1,On Roadway,3,Dark - Lighted,2,Rain,0,No Additional Atmospheric Conditions,2,Rain,0,No,0000000,Not Applicable,99,Unknown,99,Unknown,99,Unknown EMS Scene Arrival Hour,99,Unknown EMS Scene Arrival Minutes,88,Not Applicable (Not Transported),88,Not Applicable (Not Transported),0,None,0,None,0,None,1,0
2018,36,360181,New York,1,1,0,1,1,1,1,51,LIVINGSTON (51),2250,GENESEO,28,28,4,April,2018,7,Saturday,2,2:00am-2:59am,50,50,1,This section IS ON the NHS,1,Rural,3,Principal Arterial - Other,1,State Highway Agency,3,State Highway,SR-63,,0,None,99.99990000,Unknown,999.999900000,Unknown,0,No Special Jurisdiction,8,Pedestrian,0,Not a Collision with Motor Vehicle In-Transport,0,No,1,Non-Junction,1,Not an Intersection,0,None,,,1,On Roadway,2,Dark - Not Lighted,2,Rain,0,No Additional Atmospheric Conditions,2,Rain,0,No,0000000,Not Applicable,99,Unknown,99,Unknown,99,Unknown EMS Scene Arrival Hour,99,Unknown EMS Scene Arrival Minutes,88,Not Applicable (Not Transported),88,Not Applicable (Not Transported),0,None,0,None,0,None,1,0
2018,36,360182,New York,1,1,0,1,1,3,3,5,BRONX (5),4170,NEW YORK -BRONX,27,27,4,April,2018,6,Friday,20,8:00pm-8:59pm,14,14,0,This section IS NOT on the NHS,2,Urban,7,Local,4,City or Municipal Highway Agency,6,Local Street - Municipality,E 152ND ST,,0,None,40.81593611,40.81593611,-73.907716670,-73.907716670,0,No Special Jurisdiction,8,Pedestrian,0,Not a Collision with Motor Vehicle In-Transport,0,No,1,Non-Junction,1,Not an Intersection,0,None,,,1,On Roadway,3,Dark - Lighted,10,Cloudy,0,No Additional Atmospheric Conditions,10,Cloudy,0,No,0000000,Not Applicable,99,Unknown,99,Unknown,99,Unknown EMS Scene Arrival Hour,99,Unknown EMS Scene Arrival Minutes,88,Not Applicable (Not Transported),88,Not Applicable (Not Transported),0,None,0,None,0,None,1,0
2018,36,360183,New York,2,2,0,0,0,3,3,55,MONROE (55),6510,WEBSTER,30,30,4,April,2018,2,Monday,14,2:00pm-2:59pm,50,50,0,This section IS NOT on the NHS,2,Urban,4,Minor Arterial,1,State Highway Agency,3,State Highway,SR-404 EMPIRE BLVD,GRAVEL RD,0,None,43.20073611,43.20073611,-77.498066670,-77.498066670,0,No Special Jurisdiction,12,Motor Vehicle In-Transport,2,Front-to-Front,0,No,2,Intersection,3,T-Intersection,0,None,,,1,On Roadway,1,Daylight,10,Cloudy,0,No Additional Atmospheric Conditions,10,Cloudy,0,No,0000000,Not Applicable,14,2:00pm-2:59pm,50,50,14,2:00pm-2:59pm,53,53,15,3:00pm-3:59pm,19,19,0,None,0,None,0,None,1,2
2018,36,360184,New York,1,1,0,0,0,1,1,21,COLUMBIA (21),5995,STUYVESANT,16,16,2,February,2018,6,Friday,4,4:00am-4:59am,2,2,0,This section IS NOT on the NHS,1,Rural,5,Major Collector,1,State Highway Agency,3,State Highway,SR-9J,,0,None,42.42949167,42.42949167,-73.769836110,-73.769836110,0,No Special Jurisdiction,24,Guardrail Face,0,Not a Collision with Motor Vehicle In-Transport,0,No,1,Non-Junction,1,Not an Intersection,0,None,,,4,On Roadside,2,Dark - Not Lighted,5,"Fog, Smog, Smoke",0,No Additional Atmospheric Conditions,5,"Fog, Smog, Smoke",0,No,0000000,Not Applicable,4,4:00am-4:59am,2,2,4,4:00am-4:59am,8,8,88,Not Applicable (Not Transported),88,Not Applicable (Not Transported),0,None,0,None,0,None,1,1
2018,36,360185,New York,1,1,0,1,1,1,1,61,NEW YORK (61),4170,NEW YORK NEW YORK,16,16,4,April,2018,2,Monday,20,8:00pm-8:59pm,23,23,0,This section IS NOT on the NHS,2,Urban,7,Local,4,City or Municipal Highway Agency,6,Local Street - Municipality,TUNNEL EXIT ST,E 39TH ST,0,None,40.74849167,40.74849167,-73.974958330,-73.974958330,0,No Special Jurisdiction,9,Pedalcyclist,0,Not a Collision with Motor Vehicle In-Transport,0,No,2,Intersection,2,Four-Way Intersection,0,None,,,1,On Roadway,3,Dark - Lighted,1,Clear,0,No Additional Atmospheric Conditions,1,Clear,0,No,0000000,Not Applicable,20,8:00pm-8:59pm,23,23,20,8:00pm-8:59pm,25,25,20,8:00pm-8:59pm,45,45,0,None,0,None,0,None,1,0
2018,36,360186,New York,1,1,0,1,1,1,1,61,NEW YORK (61),4170,NEW YORK NEW YORK,3,3,5,May,2018,5,Thursday,7,7:00am-7:59am,10,10,0,This section IS NOT on the NHS,2,Urban,4,Minor Arterial,4,City or Municipal Highway Agency,6,Local Street - Municipality,WEST END AVE,W 70TH ST,0,None,40.77846667,40.77846667,-73.985447220,-73.985447220,0,No Special Jurisdiction,8,Pedestrian,0,Not a Collision with Motor Vehicle In-Transport,0,No,3,Intersection-Related,2,Four-Way Intersection,0,None,,,1,On Roadway,1,Daylight,1,Clear,0,No Additional Atmospheric Conditions,1,Clear,0,No,0000000,Not Applicable,7,7:00am-7:59am,11,11,7,7:00am-7:59am,24,24,7,7:00am-7:59am,42,42,0,None,0,None,0,None,1,0
2018,36,360188,New York,1,1,0,1,1,1,1,59,NASSAU (59),4090,NEW HYDE PARK,17,17,4,April,2018,3,Tuesday,16,4:00pm-4:59pm,22,22,1,This section IS ON the NHS,1,Rural,2,Principal Arterial - Other Freeways and Expressways,1,State Highway Agency,8,Other,908G NORTHERN STATE PKWY,,0,None,99.99990000,Unknown,999.999900000,Unknown,0,No Special Jurisdiction,8,Pedestrian,0,Not a Collision with Motor Vehicle In-Transport,0,No,1,Non-Junction,1,Not an Intersection,0,None,,,1,On Roadway,1,Daylight,10,Cloudy,0,No Additional Atmospheric Conditions,10,Cloudy,0,No,0000000,Not Applicable,16,4:00pm-4:59pm,32,32,16,4:00pm-4:59pm,32,32,99,Unknown,99,Unknown EMS Hospital Arrival Time,0,None,0,None,0,None,1,0
2018,36,360189,New York,2,2,0,0,0,2,2,119,WESTCHESTER (119),1083,CHAPPAQUA,28,28,4,April,2018,7,Saturday,19,7:00pm-7:59pm,6,6,1,This section IS ON the NHS,2,Urban,2,Principal Arterial - Other Freeways and Expressways,1,State Highway Agency,8,Other,987G TACONIC STATE PKWY,,0,None,41.18519167,41.18519167,-73.807338890,-73.807338890,0,No Special Jurisdiction,12,Motor Vehicle In-Transport,6,Angle,0,No,1,Non-Junction,1,Not an Intersection,0,None,,,1,On Roadway,1,Daylight,10,Cloudy,0,No Additional Atmospheric Conditions,10,Cloudy,0,No,0000000,Not Applicable,19,7:00pm-7:59pm,6,6,19,7:00pm-7:59pm,16,16,20,8:00pm-8:59pm,11,11,0,None,0,None,0,None,1,0
2018,36,360190,New York,2,2,0,0,0,2,2,123,YATES (123),1580,DRESDEN,2,2,5,May,2018,4,Wednesday,19,7:00pm-7:59pm,36,36,1,This section IS ON the NHS,1,Rural,3,Principal Arterial - Other,1,State Highway Agency,3,State Highway,SR-14,E LEACH RD,0,None,42.64039722,42.64039722,-76.943836110,-76.943836110,0,No Special Jurisdiction,12,Motor Vehicle In-Transport,6,Angle,0,No,2,Intersection,3,T-Intersection,0,None,,,1,On Roadway,1,Daylight,10,Cloudy,0,No Additional Atmospheric Conditions,10,Cloudy,0,No,0000000,Not Applicable,19,7:00pm-7:59pm,36,36,19,7:00pm-7:59pm,43,43,20,8:00pm-8:59pm,49,49,0,None,0,None,0,None,1,0
2018,36,360191,New York,1,1,0,0,0,1,1,19,CLINTON (19),4767,PERU,4,4,5,May,2018,6,Friday,22,10:00pm-10:59pm,14,14,0,This section IS NOT on the NHS,1,Rural,7,Local,3,Town or Township Highway Agency,5,Local Street - Township,STRACKVILLE RD,,0,None,44.59295000,44.59295000,-73.702427780,-73.702427780,0,No Special Jurisdiction,1,Rollover/Overturn,0,Not a Collision with Motor Vehicle In-Transport,0,No,1,Non-Junction,1,Not an Intersection,0,None,,,4,On Roadside,2,Dark - Not Lighted,10,Cloudy,0,No Additional Atmospheric Conditions,10,Cloudy,0,No,0000000,Not Applicable,22,10:00pm-10:59pm,14,14,22,10:00pm-10:59pm,45,45,88,Not Applicable (Not Transported),88,Not Applicable (Not Transported),0,None,0,None,0,None,1,1
2018,36,360192,New York,1,1,0,0,0,1,1,65,ONEIDA (65),403,BARNEVALD,6,6,5,May,2018,1,Sunday,19,7:00pm-7:59pm,39,39,0,This section IS NOT on the NHS,1,Rural,5,Major Collector,1,State Highway Agency,3,State Highway,SR-365,PROSPECT DEPOT RD,0,None,43.28976111,43.28976111,-75.173213890,-75.173213890,0,No Special Jurisdiction,24,Guardrail Face,0,Not a Collision with Motor Vehicle In-Transport,0,No,3,Intersection-Related,3,T-Intersection,0,None,,,4,On Roadside,1,Daylight,2,Rain,0,No Additional Atmospheric Conditions,2,Rain,0,No,0000000,Not Applicable,19,7:00pm-7:59pm,39,39,19,7:00pm-7:59pm,43,43,20,8:00pm-8:59pm,36,36,0,None,0,None,0,None,1,0
2018,36,360193,New York,5,5,0,0,0,9,9,59,NASSAU (59),2600,HEMPSTEAD,4,4,4,April,2018,4,Wednesday,1,1:00am-1:59am,40,40,1,This section IS ON the NHS,2,Urban,3,Principal Arterial - Other,1,State Highway Agency,3,State Highway,SR-878,,0,None,40.62384722,40.62384722,-73.740741670,-73.740741670,0,No Special Jurisdiction,24,Guardrail Face,0,Not a Collision with Motor Vehicle In-Transport,0,No,1,Non-Junction,1,Not an Intersection,0,None,,,4,On Roadside,3,Dark - Lighted,2,Rain,0,No Additional Atmospheric Conditions,2,Rain,0,No,0000000,Not Applicable,99,Unknown,99,Unknown,99,Unknown EMS Scene Arrival Hour,99,Unknown EMS Scene Arrival Minutes,99,Unknown,99,Unknown EMS Hospital Arrival Time,14,"Motor Vehicle struck by falling cargo,or something that came loose from or something that was set in motion by a vehicle",0,None,0,None,2,1
2018,36,360194,New York,1,1,0,1,1,2,2,43,HERKIMER (43),2610,HERKIMER,24,24,1,January,2018,4,Wednesday,20,8:00pm-8:59pm,23,23,1,This section IS ON the NHS,2,Urban,3,Principal Arterial - Other,1,State Highway Agency,3,State Highway,SR-5,,0,None,43.02420278,43.02420278,-75.034425000,-75.034425000,0,No Special Jurisdiction,8,Pedestrian,0,Not a Collision with Motor Vehicle In-Transport,0,No,1,Non-Junction,1,Not an Intersection,0,None,,,1,On Roadway,2,Dark - Not Lighted,1,Clear,0,No Additional Atmospheric Conditions,1,Clear,0,No,0000000,Not Applicable,20,8:00pm-8:59pm,23,23,20,8:00pm-8:59pm,27,27,21,9:00pm-9:59pm,11,11,0,None,0,None,0,None,1,0
2018,36,360195,New York,1,1,0,0,0,1,1,121,WYOMING (121),5994,STRYKERSVILLE,15,15,4,April,2018,1,Sunday,1,1:00am-1:59am,0,0,0,This section IS NOT on the NHS,1,Rural,4,Minor Arterial,1,State Highway Agency,2,U.S. Highway,US-20A,,0,None,42.77034167,42.77034167,-78.364088890,-78.364088890,0,No Special Jurisdiction,59,Traffic Sign Support,0,Not a Collision with Motor Vehicle In-Transport,0,No,1,Non-Junction,1,Not an Intersection,0,None,,,4,On Roadside,2,Dark - Not Lighted,5,"Fog, Smog, Smoke",0,No Additional Atmospheric Conditions,5,"Fog, Smog, Smoke",0,No,0000000,Not Applicable,1,1:00am-1:59am,0,0,1,1:00am-1:59am,14,14,1,1:00am-1:59am,58,58,0,None,0,None,0,None,1,0
2018,36,360196,New York,1,1,0,2,2,1,1,81,QUEENS (81),4170,NEW YORK -QUEENS,28,28,4,April,2018,7,Saturday,13,1:00pm-1:59pm,21,21,1,This section IS ON the NHS,2,Urban,3,Principal Arterial - Other,4,City or Municipal Highway Agency,3,State Highway,SR-25A NORTHERN BLVD,70TH ST,0,None,40.75437500,40.75437500,-73.896544440,-73.896544440,0,No Special Jurisdiction,8,Pedestrian,0,Not a Collision with Motor Vehicle In-Transport,0,No,2,Intersection,2,Four-Way Intersection,0,None,,,1,On Roadway,1,Daylight,1,Clear,0,No Additional Atmospheric Conditions,1,Clear,0,No,0000000,Not Applicable,99,Unknown,99,Unknown,99,Unknown EMS Scene Arrival Hour,99,Unknown EMS Scene Arrival Minutes,99,Unknown,99,Unknown EMS Hospital Arrival Time,0,None,0,None,0,None,1,0
2018,36,360197,New York,1,1,0,1,1,1,1,81,QUEENS (81),4170,NEW YORK -QUEENS,7,7,5,May,2018,2,Monday,21,9:00pm-9:59pm,57,57,0,This section IS NOT on the NHS,2,Urban,4,Minor Arterial,4,City or Municipal Highway Agency,6,Local Street - Municipality,JEWEL AVE,150TH ST,0,None,40.73127778,40.73127778,-73.819183330,-73.819183330,0,No Special Jurisdiction,8,Pedestrian,0,Not a Collision with Motor Vehicle In-Transport,0,No,3,Intersection-Related,2,Four-Way Intersection,0,None,,,1,On Roadway,3,Dark - Lighted,1,Clear,0,No Additional Atmospheric Conditions,1,Clear,0,No,0000000,Not Applicable,99,Unknown,99,Unknown,99,Unknown EMS Scene Arrival Hour,99,Unknown EMS Scene Arrival Minutes,99,Unknown,99,Unknown EMS Hospital Arrival Time,0,None,0,None,0,None,1,0
2018,36,360198,New York,2,2,0,0,0,2,2,7,BROOME (7),2970,JOHNSON CITY,8,8,5,May,2018,3,Tuesday,19,7:00pm-7:59pm,34,34,1,This section IS ON the NHS,2,Urban,2,Principal Arterial - Other Freeways and Expressways,1,State Highway Agency,3,State Highway,SR-201,,0,None,42.11830000,42.11830000,-75.968547220,-75.968547220,0,No Special Jurisdiction,12,Motor Vehicle In-Transport,7,Sideswipe - Same Direction,0,No,5,Entrance/Exit Ramp Related,1,Not an Intersection,0,None,,,1,On Roadway,1,Daylight,1,Clear,0,No Additional Atmospheric Conditions,1,Clear,0,No,0000000,Not Applicable,19,7:00pm-7:59pm,35,35,19,7:00pm-7:59pm,42,42,20,8:00pm-8:59pm,13,13,0,None,0,None,0,None,1,0
2018,36,360199,New York,1,1,0,1,1,3,3,103,SUFFOLK (103),5210,RIVERHEAD,31,31,3,March,2018,7,Saturday,20,8:00pm-8:59pm,53,53,0,This section IS NOT on the NHS,2,Urban,4,Minor Arterial,1,State Highway Agency,3,State Highway,SR-25,,0,None,40.91697778,40.91697778,-72.681277780,-72.681277780,0,No Special Jurisdiction,8,Pedestrian,0,Not a Collision with Motor Vehicle In-Transport,0,No,1,Non-Junction,1,Not an Intersection,0,None,,,1,On Roadway,3,Dark - Lighted,1,Clear,0,No Additional Atmospheric Conditions,1,Clear,0,No,0000000,Not Applicable,20,8:00pm-8:59pm,58,58,21,9:00pm-9:59pm,1,1,21,9:00pm-9:59pm,19,19,0,None,0,None,0,None,1,0
2018,36,360200,New York,2,2,0,0,0,6,6,71,ORANGE (71),1140,CHESTER,1,1,4,April,2018,1,Sunday,21,9:00pm-9:59pm,37,37,1,This section IS ON the NHS,2,Urban,3,Principal Arterial - Other,1,State Highway Agency,3,State Highway,SR-17,,3720,3720,41.35233611,41.35233611,-74.282513890,-74.282513890,0,No Special Jurisdiction,12,Motor Vehicle In-Transport,1,Front-to-Rear,0,No,1,Non-Junction,1,Not an Intersection,0,None,,,1,On Roadway,2,Dark - Not Lighted,1,Clear,0,No Additional Atmospheric Conditions,1,Clear,0,No,0000000,Not Applicable,21,9:00pm-9:59pm,55,55,99,Unknown EMS Scene Arrival Hour,99,Unknown EMS Scene Arrival Minutes,99,Unknown,99,Unknown EMS Hospital Arrival Time,0,None,0,None,0,None,1,1
2018,36,360201,New York,1,1,0,0,0,1,1,71,ORANGE (71),581,BLOOMING GROVE,2,2,5,May,2018,4,Wednesday,12,12:00pm-12:59pm,20,20,1,This section IS ON the NHS,2,Urban,3,Principal Arterial - Other,1,State Highway Agency,3,State Highway,SR-208,,0,None,41.43207778,41.43207778,-74.195577780,-74.195577780,0,No Special Jurisdiction,42,Tree (Standing Only),0,Not a Collision with Motor Vehicle In-Transport,0,No,1,Non-Junction,1,Not an Intersection,0,None,,,4,On Roadside,1,Daylight,1,Clear,0,No Additional Atmospheric Conditions,1,Clear,0,No,0000000,Not Applicable,12,12:00pm-12:59pm,20,20,12,12:00pm-12:59pm,25,25,13,1:00pm-1:59pm,15,15,0,None,0,None,0,None,1,0
2018,36,360202,New York,1,1,0,1,1,1,1,111,ULSTER (111),1885,ESOPUS,30,30,4,April,2018,2,Monday,18,6:00pm-6:59pm,9,9,1,This section IS ON the NHS,2,Urban,3,Principal Arterial - Other,1,State Highway Agency,2,U.S. Highway,US-9W,,0,None,41.87840833,41.87840833,-73.976594440,-73.976594440,0,No Special Jurisdiction,9,Pedalcyclist,0,Not a Collision with Motor Vehicle In-Transport,0,No,1,Non-Junction,1,Not an Intersection,0,None,,,2,On Shoulder,1,Daylight,2,Rain,0,No Additional Atmospheric Conditions,2,Rain,0,No,0000000,Not Applicable,18,6:00pm-6:59pm,9,9,18,6:00pm-6:59pm,15,15,88,Not Applicable (Not Transported),88,Not Applicable (Not Transported),0,None,0,None,0,None,1,0
2018,36,360203,New York,2,2,0,0,0,6,6,27,DUTCHESS (27),2870,HYDE PARK,7,7,5,May,2018,2,Monday,8,8:00am-8:59am,0,0,0,This section IS NOT on the NHS,2,Urban,5,Major Collector,2,County Highway Agency,8,Other,S QUAKER LN,DANA PL,0,None,41.78751389,41.78751389,-73.864027780,-73.864027780,0,No Special Jurisdiction,12,Motor Vehicle In-Transport,6,Angle,0,No,2,Intersection,3,T-Intersection,0,None,,,1,On Roadway,1,Daylight,10,Cloudy,0,No Additional Atmospheric Conditions,10,Cloudy,1,Yes,0000000,Not Applicable,8,8:00am-8:59am,0,0,99,Unknown EMS Scene Arrival Hour,99,Unknown EMS Scene Arrival Minutes,99,Unknown,99,Unknown EMS Hospital Arrival Time,0,None,0,None,0,None,1,0
2018,36,360204,New York,1,1,0,1,1,1,1,55,MONROE (55),2898,IRONDEQUOIT,4,4,5,May,2018,6,Friday,11,11:00am-11:59am,53,53,0,This section IS NOT on the NHS,2,Urban,4,Minor Arterial,2,County Highway Agency,4,County Road,CR-241 E RIDGE RD,HILL COURT CIR,0,None,43.19561111,43.19561111,-77.602333330,-77.602333330,0,No Special Jurisdiction,8,Pedestrian,0,Not a Collision with Motor Vehicle In-Transport,0,No,2,Intersection,3,T-Intersection,0,None,,,1,On Roadway,1,Daylight,1,Clear,0,No Additional Atmospheric Conditions,1,Clear,0,No,0000000,Not Applicable,11,11:00am-11:59am,53,53,11,11:00am-11:59am,57,57,12,12:00pm-12:59pm,22,22,0,None,0,None,0,None,1,0
2018,36,360205,New York,3,2,1,0,0,2,2,65,ONEIDA (65),6680,WHITESBORO,11,11,4,April,2018,4,Wednesday,19,7:00pm-7:59pm,53,53,0,This section IS NOT on the NHS,2,Urban,4,Minor Arterial,1,State Highway Agency,3,State Highway,SR-69 ORISKANY BLVD,WESTMORELAND ST,0,None,43.12460833,43.12460833,-75.296802780,-75.296802780,0,No Special Jurisdiction,12,Motor Vehicle In-Transport,2,Front-to-Front,0,No,2,Intersection,2,Four-Way Intersection,0,None,,,1,On Roadway,5,Dusk,10,Cloudy,0,No Additional Atmospheric Conditions,10,Cloudy,0,No,0000000,Not Applicable,19,7:00pm-7:59pm,54,54,19,7:00pm-7:59pm,58,58,20,8:00pm-8:59pm,30,30,0,None,0,None,0,None,1,0
2018,36,360206,New York,1,1,0,1,1,1,1,47,KINGS (47),4170,NEW YORK-KINGS,4,4,5,May,2018,6,Friday,23,11:00pm-11:59pm,47,47,0,This section IS NOT on the NHS,2,Urban,5,Major Collector,4,City or Municipal Highway Agency,6,Local Street - Municipality,SUTTER AVE,NEW JERSEY AVE,0,None,40.66951111,40.66951111,-73.894186110,-73.894186110,0,No Special Jurisdiction,8,Pedestrian,0,Not a Collision with Motor Vehicle In-Transport,0,No,3,Intersection-Related,2,Four-Way Intersection,0,None,,,1,On Roadway,3,Dark - Lighted,1,Clear,0,No Additional Atmospheric Conditions,1,Clear,0,No,0000000,Not Applicable,99,Unknown,99,Unknown,99,Unknown EMS Scene Arrival Hour,99,Unknown EMS Scene Arrival Minutes,99,Unknown,99,Unknown EMS Hospital Arrival Time,0,None,0,None,0,None,1,0
2018,36,360207,New York,1,1,0,1,1,1,1,29,ERIE (29),156,AMHERST,12,12,5,May,2018,7,Saturday,0,0:00am-0:59am,43,43,1,This section IS ON the NHS,2,Urban,3,Principal Arterial - Other,1,State Highway Agency,2,U.S. Highway,US-62 NIAGARA FALLS BLVD,,0,None,43.00897500,43.00897500,-78.822263890,-78.822263890,0,No Special Jurisdiction,8,Pedestrian,0,Not a Collision with Motor Vehicle In-Transport,0,No,1,Non-Junction,1,Not an Intersection,0,None,,,1,On Roadway,2,Dark - Not Lighted,1,Clear,0,No Additional Atmospheric Conditions,1,Clear,0,No,0000000,Not Applicable,0,0:00am-0:59am,43,43,0,0:00am-0:59am,44,44,1,1:00am-1:59am,20,20,0,None,0,None,0,None,1,0
2018,36,360208,New York,2,2,0,0,0,4,4,107,TIOGA (107),860,CANDOR,8,8,5,May,2018,3,Tuesday,19,7:00pm-7:59pm,42,42,0,This section IS NOT on the NHS,2,Urban,4,Minor Arterial,1,State Highway Agency,3,State Highway,SR-96 OWEGO RD,CATATONK HILL RD,0,None,42.16507500,42.16507500,-76.311691670,-76.311691670,0,No Special Jurisdiction,12,Motor Vehicle In-Transport,6,Angle,0,No,2,Intersection,2,Four-Way Intersection,0,None,,,1,On Roadway,1,Daylight,1,Clear,0,No Additional Atmospheric Conditions,1,Clear,0,No,0000000,Not Applicable,19,7:00pm-7:59pm,42,42,19,7:00pm-7:59pm,52,52,99,Unknown,99,Unknown EMS Hospital Arrival Time,0,None,0,None,0,None,1,0
2018,36,360209,New York,1,1,0,0,0,1,1,55,MONROE (55),5230,ROCHESTER,17,17,5,May,2018,5,Thursday,2,2:00am-2:59am,10,10,1,This section IS ON the NHS,2,Urban,1,Interstate,1,State Highway Agency,1,Interstate,I-490,,0,None,43.15118333,43.15118333,-77.610102780,-77.610102780,0,No Special Jurisdiction,25,Concrete Traffic Barrier,0,Not a Collision with Motor Vehicle In-Transport,0,No,1,Non-Junction,1,Not an Intersection,0,None,,,3,On Median,3,Dark - Lighted,1,Clear,0,No Additional Atmospheric Conditions,1,Clear,0,No,0000000,Not Applicable,2,2:00am-2:59am,10,10,2,2:00am-2:59am,14,14,88,Not Applicable (Not Transported),88,Not Applicable (Not Transported),0,None,0,None,0,None,1,1
2018,36,360210,New York,1,1,0,1,1,1,1,87,ROCKLAND (87),4380,NYACK,16,16,2,February,2018,6,Friday,17,5:00pm-5:59pm,38,38,1,This section IS ON the NHS,2,Urban,3,Principal Arterial - Other,1,State Highway Agency,3,State Highway,SR-59,,0,None,41.09307500,41.09307500,-73.931308330,-73.931308330,0,No Special Jurisdiction,8,Pedestrian,0,Not a Collision with Motor Vehicle In-Transport,0,No,1,Non-Junction,1,Not an Intersection,0,None,,,1,On Roadway,5,Dusk,10,Cloudy,0,No Additional Atmospheric Conditions,10,Cloudy,0,No,0000000,Not Applicable,17,5:00pm-5:59pm,40,40,17,5:00pm-5:59pm,43,43,17,5:00pm-5:59pm,58,58,0,None,0,None,0,None,1,0