caseyear,state,st_case,statename,ve_total,ve_forms,pvh_invl,peds,pernotmvit,permvit,persons,county,countyname,city,cityname,day,dayname,month,monthname,year,day_week,day_weekname,hour,hourname,minute,minutename,nhs,nhsname,rur_urb,rur_urbname,func_sys,func_sysname,rd_owner,rd_ownername,route,routename,tway_id,tway_id2,milept,mileptname,latitude,latitudename,longitud,longitudname,sp_jur,sp_jurname,harm_ev,harm_evname,man_coll,man_collname,reljct1,reljct1name,reljct2,reljct2name,typ_int,typ_intname,wrk_zone,wrk_zonename,road_fnc,road_fncname,rel_road,rel_roadname,lgt_cond,lgt_condname,weather1,weather1name,weather2,weather2name,weather,weathername,sch_bus,sch_busname,rail,railname,not_hour,not_hourname,not_min,not_minname,arr_hour,arr_hourname,arr_min,arr_minname,hosp_hr,hosp_hrname,hosp_mn,hosp_mnname,cf1,cf1name,cf2,cf2name,cf3,cf3name,fatals,drunk_dr
2018,36,360317,New York,1,1,0,1,1,3,3,5,BRONX (5),4170,NEW YORK -BRONX,17,17,6,June,2018,1,Sunday,23,11:00pm-11:59pm,20,20,1,This section IS ON the NHS,2,Urban,3,Principal Arterial - Other,4,City or Municipal Highway Agency,6,Local Street - Municipality,LACONIA AVE,,0,None,40.88608056,40.88608056,-73.848027780,-73.848027780,0,No Special Jurisdiction,8,Pedestrian,0,Not a Collision with Motor Vehicle In-Transport,0,No,1,Non-Junction,1,Not an Intersection,0,None,,,1,On Roadway,3,Dark - Lighted,1,Clear,0,No Additional Atmospheric Conditions,1,Clear,0,No,0000000,Not Applicable,99,Unknown,99,Unknown,99,Unknown EMS Scene Arrival Hour,99,Unknown EMS Scene Arrival Minutes,99,Unknown,99,Unknown EMS Hospital Arrival Time,0,None,0,None,0,None,1,0
2018,36,360318,New York,1,1,0,0,0,2,2,43,HERKIMER (43),2120,FRANKFORT,18,18,6,June,2018,2,Monday,6,6:00am-6:59am,45,45,1,This section IS ON the NHS,2,Urban,1,Interstate,31,State Toll Road,1,Interstate,I-90,,2280,2280,43.08484722,43.08484722,-75.122572220,-75.122572220,0,No Special Jurisdiction,31,"Post, Pole or Other Supports",0,Not a Collision with Motor Vehicle In-Transport,0,No,1,Non-Junction,1,Not an Intersection,0,None,,,4,On Roadside,4,Dawn,10,Cloudy,0,No Additional Atmospheric Conditions,10,Cloudy,0,No,0000000,Not Applicable,6,6:00am-6:59am,45,45,6,6:00am-6:59am,55,55,99,Unknown,99,Unknown EMS Hospital Arrival Time,0,None,0,None,0,None,1,0
2018,36,360319,New York,2,2,0,0,0,2,2,91,SARATOGA (91),389,BALLSTON LAKE,17,17,6,June,2018,1,Sunday,1,1:00am-1:59am,39,39,1,This section IS ON the NHS,2,Urban,3,Principal Arterial - Other,1,State Highway Agency,3,State Highway,SR-67,,0,None,42.97519167,42.97519167,-73.845830560,-73.845830560,0,No Special Jurisdiction,12,Motor Vehicle In-Transport,2,Front-to-Front,0,No,1,Non-Junction,1,Not an Intersection,0,None,,,1,On Roadway,2,Dark - Not Lighted,1,Clear,0,No Additional Atmospheric Conditions,1,Clear,0,No,0000000,Not Applicable,1,1:00am-1:59am,39,39,1,1:00am-1:59am,46,46,88,Not Applicable (Not Transported),88,Not Applicable (Not Transported),0,None,0,None,0,None,1,1
2018,36,360320,New York,1,1,0,1,1,1,1,29,ERIE (29),156,AMHERST,20,20,6,June,2018,4,Wednesday,22,10:00pm-10:59pm,32,32,0,This section IS NOT on the NHS,2,Urban,5,Major Collector,2,County Highway Agency,8,Other,SMITH RD,GLEN OAKS DR,0,None,43.04665000,43.04665000,-78.706072220,-78.706072220,0,No Special Jurisdiction,8,Pedestrian,0,Not a Collision with Motor Vehicle In-Transport,0,No,3,Intersection-Related,2,Four-Way Intersection,0,None,,,2,On Shoulder,3,Dark - Lighted,1,Clear,0,No Additional Atmospheric Conditions,1,Clear,0,No,0000000,Not Applicable,22,10:00pm-10:59pm,32,32,22,10:00pm-10:59pm,38,38,88,Not Applicable (Not Transported),88,Not Applicable (Not Transported),0,None,0,None,0,None,1,0
2018,36,360321,New York,1,1,0,0,0,1,1,81,QUEENS (81),4170,NEW YORK -QUEENS,22,22,6,June,2018,6,Friday,1,1:00am-1:59am,16,16,1,This section IS ON the NHS,2,Urban,2,Principal Arterial - Other Freeways and Expressways,1,State Highway Agency,8,Other,907A CROSS ISLAND PKWY,,0,None,40.78996111,40.78996111,-73.821016670,-73.821016670,0,No Special Jurisdiction,24,Guardrail Face,0,Not a Collision with Motor Vehicle In-Transport,1,Yes,19,Other location within Interchange Area,1,Not an Intersection,0,None,,,4,On Roadside,3,Dark - Lighted,1,Clear,0,No Additional Atmospheric Conditions,1,Clear,0,No,0000000,Not Applicable,99,Unknown,99,Unknown,99,Unknown EMS Scene Arrival Hour,99,Unknown EMS Scene Arrival Minutes,88,Not Applicable (Not Transported),88,Not Applicable (Not Transported),0,None,0,None,0,None,1,1
2018,36,360322,New York,2,2,0,0,0,2,2,81,QUEENS (81),4170,NEW YORK -QUEENS,22,22,6,June,2018,6,Friday,18,6:00pm-6:59pm,32,32,0,This section IS NOT on the NHS,2,Urban,7,Local,4,City or Municipal Highway Agency,6,Local Street - Municipality,104TH AVE,203RD ST,0,None,40.70945278,40.70945278,-73.756038890,-73.756038890,0,No Special Jurisdiction,12,Motor Vehicle In-Transport,6,Angle,0,No,2,Intersection,2,Four-Way Intersection,0,None,,,1,On Roadway,1,Daylight,1,Clear,0,No Additional Atmospheric Conditions,1,Clear,0,No,0000000,Not Applicable,18,6:00pm-6:59pm,32,32,18,6:00pm-6:59pm,35,35,18,6:00pm-6:59pm,53,53,0,None,0,None,0,None,1,0
2018,36,360323,New York,2,2,0,0,0,2,2,95,SCHOHARIE (95),1240,COBLESKILL,22,22,6,June,2018,6,Friday,12,12:00pm-12:59pm,53,53,0,This section IS NOT on the NHS,2,Urban,4,Minor Arterial,1,State Highway Agency,3,State Highway,SR-10 N GRAND ST,ELM ST,0,None,42.68018889,42.68018889,-74.488541670,-74.488541670,0,No Special Jurisdiction,12,Motor Vehicle In-Transport,6,Angle,0,No,2,Intersection,3,T-Intersection,0,None,,,1,On Roadway,1,Daylight,1,Clear,0,No Additional Atmospheric Conditions,1,Clear,0,No,0000000,Not Applicable,12,12:00pm-12:59pm,54,54,13,1:00pm-1:59pm,0,0,13,1:00pm-1:59pm,10,10,0,None,0,None,0,None,1,0
2018,36,360324,New York,1,1,0,0,0,1,1,11,CAYUGA (11),310,AUBURN,23,23,6,June,2018,7,Saturday,22,10:00pm-10:59pm,59,59,0,This section IS NOT on the NHS,2,Urban,7,Local,4,City or Municipal Highway Agency,6,Local Street - Municipality,FITCH AVE,BAILEY ST,0,None,42.92217222,42.92217222,-76.573355560,-76.573355560,0,No Special Jurisdiction,40,Fire Hydrant,0,Not a Collision with Motor Vehicle In-Transport,0,No,3,Intersection-Related,3,T-Intersection,0,None,,,4,On Roadside,3,Dark - Lighted,1,Clear,0,No Additional Atmospheric Conditions,1,Clear,0,No,0000000,Not Applicable,22,10:00pm-10:59pm,59,59,23,11:00pm-11:59pm,3,3,23,11:00pm-11:59pm,29,29,0,None,0,None,0,None,1,0
2018,36,360325,New York,1,1,0,0,0,1,1,25,DELAWARE (25),2530,HANCOCK,24,24,6,June,2018,1,Sunday,13,1:00pm-1:59pm,4,4,1,This section IS ON the NHS,1,Rural,3,Principal Arterial - Other,1,State Highway Agency,3,State Highway,SR-17,,0,None,99.99990000,Unknown,999.999900000,Unknown,0,No Special Jurisdiction,35,Embankment,0,Not a Collision with Motor Vehicle In-Transport,0,No,1,Non-Junction,1,Not an Intersection,0,None,,,4,On Roadside,1,Daylight,2,Rain,0,No Additional Atmospheric Conditions,2,Rain,0,No,0000000,Not Applicable,13,1:00pm-1:59pm,4,4,13,1:00pm-1:59pm,19,19,88,Not Applicable (Not Transported),88,Not Applicable (Not Transported),0,None,0,None,0,None,1,0
2018,36,360326,New York,2,2,0,0,0,3,3,67,ONONDAGA (67),1166,CICERO,8,8,6,June,2018,6,Friday,21,9:00pm-9:59pm,34,34,0,This section IS NOT on the NHS,2,Urban,4,Minor Arterial,2,County Highway Agency,8,Other,NORTHERN BLVD,I-481 S RAMP,0,None,43.13768333,43.13768333,-76.083058330,-76.083058330,0,No Special Jurisdiction,12,Motor Vehicle In-Transport,6,Angle,0,No,2,Intersection,2,Four-Way Intersection,0,None,,,1,On Roadway,2,Dark - Not Lighted,1,Clear,0,No Additional Atmospheric Conditions,1,Clear,0,No,0000000,Not Applicable,21,9:00pm-9:59pm,34,34,21,9:00pm-9:59pm,39,39,22,10:00pm-10:59pm,11,11,0,None,0,None,0,None,1,0
2018,36,360327,New York,1,1,0,2,2,1,1,47,KINGS (47),4170,NEW YORK-KINGS,24,24,6,June,2018,1,Sunday,16,4:00pm-4:59pm,29,29,0,This section IS NOT on the NHS,2,Urban,7,Local,4,City or Municipal Highway Agency,6,Local Street - Municipality,HART ST,WYCKOFF AVE,0,None,40.70523333,40.70523333,-73.920638890,-73.920638890,0,No Special Jurisdiction,8,Pedestrian,0,Not a Collision with Motor Vehicle In-Transport,0,No,1,Non-Junction,1,Not an Intersection,0,None,,,4,On Roadside,1,Daylight,1,Clear,0,No Additional Atmospheric Conditions,1,Clear,0,No,0000000,Not Applicable,99,Unknown,99,Unknown,99,Unknown EMS Scene Arrival Hour,99,Unknown EMS Scene Arrival Minutes,99,Unknown,99,Unknown EMS Hospital Arrival Time,0,None,0,None,0,None,1,0
2018,36,360328,New York,2,2,0,0,0,2,2,103,SUFFOLK (103),360,BABYLON,21,21,6,June,2018,5,Thursday,16,4:00pm-4:59pm,15,15,0,This section IS NOT on the NHS,2,Urban,4,Minor Arterial,2,County Highway Agency,4,County Road,CR-3 WELLWOOD AVE,SMITH ST,0,None,40.75732222,40.75732222,-73.402705560,-73.402705560,0,No Special Jurisdiction,12,Motor Vehicle In-Transport,6,Angle,0,No,2,Intersection,3,T-Intersection,0,None,,,1,On Roadway,1,Daylight,1,Clear,0,No Additional Atmospheric Conditions,1,Clear,0,No,0000000,Not Applicable,99,Unknown,99,Unknown,99,Unknown EMS Scene Arrival Hour,99,Unknown EMS Scene Arrival Minutes,99,Unknown,99,Unknown EMS Hospital Arrival Time,0,None,0,None,0,None,1,0
2018,36,360329,New York,2,2,0,0,0,3,3,47,KINGS (47),4170,NEW YORK-KINGS,23,23,6,June,2018,7,Saturday,20,8:00pm-8:59pm,48,48,1,This section IS ON the NHS,2,Urban,3,Principal Arterial - Other,4,City or Municipal Highway Agency,6,Local Street - Municipality,JAMAICA AVE,BARBEY ST,0,None,40.68180556,40.68180556,-73.889747220,-73.889747220,0,No Special Jurisdiction,12,Motor Vehicle In-Transport,6,Angle,0,No,2,Intersection,2,Four-Way Intersection,0,None,,,1,On Roadway,3,Dark - Lighted,1,Clear,0,No Additional Atmospheric Conditions,1,Clear,0,No,0000000,Not Applicable,99,Unknown,99,Unknown,99,Unknown EMS Scene Arrival Hour,99,Unknown EMS Scene Arrival Minutes,99,Unknown,99,Unknown EMS Hospital Arrival Time,0,None,0,None,0,None,1,0
2018,36,360330,New York,2,2,0,0,0,5,5,29,ERIE (29),613,BRANT,24,24,6,June,2018,1,Sunday,13,1:00pm-1:59pm,29,29,1,This section IS ON the NHS,1,Rural,3,Principal Arterial - Other,1,State Highway Agency,2,U.S. Highway,US-20 SOUTHWESTERN BLVD,,0,None,42.59145833,42.59145833,-79.056797220,-79.056797220,0,No Special Jurisdiction,12,Motor Vehicle In-Transport,2,Front-to-Front,0,No,1,Non-Junction,1,Not an Intersection,0,None,,,1,On Roadway,1,Daylight,10,Cloudy,0,No Additional Atmospheric Conditions,10,Cloudy,0,No,0000000,Not Applicable,13,1:00pm-1:59pm,27,27,13,1:00pm-1:59pm,34,34,99,Unknown,99,Unknown EMS Hospital Arrival Time,0,None,0,None,0,None,1,0
2018,36,360331,New York,2,2,0,0,0,2,2,71,ORANGE (71),6163,TUXEDO PARK,26,26,6,June,2018,3,Tuesday,15,3:00pm-3:59pm,47,47,0,This section IS NOT on the NHS,1,Rural,4,Minor Arterial,1,State Highway Agency,3,State Highway,SR-17,ARDEN VALLEY RD,0,None,41.26720000,41.26720000,-74.159116670,-74.159116670,0,No Special Jurisdiction,12,Motor Vehicle In-Transport,2,Front-to-Front,0,No,2,Intersection,3,T-Intersection,0,None,,,1,On Roadway,1,Daylight,1,Clear,0,No Additional Atmospheric Conditions,1,Clear,0,No,0000000,Not Applicable,99,Unknown,99,Unknown,16,4:00pm-4:59pm,0,0,88,Not Applicable (Not Transported),88,Not Applicable (Not Transported),0,None,0,None,0,None,1,0
2018,36,360332,New York,1,1,0,1,1,1,1,81,QUEENS (81),4170,NEW YORK -QUEENS,25,25,6,June,2018,2,Monday,10,10:00am-10:59am,30,30,1,This section IS ON the NHS,2,Urban,3,Principal Arterial - Other,4,City or Municipal Highway Agency,6,Local Street - Municipality,UTOPIA PKWY,16TH AVE,0,None,40.78406667,40.78406667,-73.794808330,-73.794808330,0,No Special Jurisdiction,8,Pedestrian,0,Not a Collision with Motor Vehicle In-Transport,0,No,3,Intersection-Related,2,Four-Way Intersection,0,None,,,1,On Roadway,1,Daylight,1,Clear,0,No Additional Atmospheric Conditions,1,Clear,0,No,0000000,Not Applicable,99,Unknown,99,Unknown,99,Unknown EMS Scene Arrival Hour,99,Unknown EMS Scene Arrival Minutes,99,Unknown,99,Unknown EMS Hospital Arrival Time,0,None,0,None,0,None,1,0
2018,36,360333,New York,1,1,0,1,1,3,3,47,KINGS (47),4170,NEW YORK-KINGS,18,18,6,June,2018,2,Monday,11,11:00am-11:59am,20,20,1,This section IS ON the NHS,2,Urban,3,Principal Arterial - Other,4,City or Municipal Highway Agency,6,Local Street - Municipality,ATLANTIC AVE,,0,None,40.67623611,40.67623611,-73.906641670,-73.906641670,0,No Special Jurisdiction,9,Pedalcyclist,0,Not a Collision with Motor Vehicle In-Transport,0,No,1,Non-Junction,1,Not an Intersection,0,None,,,1,On Roadway,1,Daylight,1,Clear,0,No Additional Atmospheric Conditions,1,Clear,0,No,0000000,Not Applicable,11,11:00am-11:59am,22,22,11,11:00am-11:59am,33,33,11,11:00am-11:59am,55,55,0,None,0,None,0,None,1,0
2018,36,360334,New York,1,1,0,0,0,1,1,113,WARREN (113),6390,WARRENSBURG,25,25,6,June,2018,2,Monday,0,0:00am-0:59am,52,52,0,This section IS NOT on the NHS,1,Rural,4,Minor Arterial,1,State Highway Agency,2,U.S. Highway,US-9 MAIN ST,,0,None,43.50711944,43.50711944,-73.789619440,-73.789619440,0,No Special Jurisdiction,24,Guardrail Face,0,Not a Collision with Motor Vehicle In-Transport,0,No,1,Non-Junction,1,Not an Intersection,0,None,,,4,On Roadside,2,Dark - Not Lighted,1,Clear,0,No Additional Atmospheric Conditions,1,Clear,0,No,0000000,Not Applicable,0,0:00am-0:59am,52,52,0,0:00am-0:59am,57,57,88,Not Applicable (Not Transported),88,Not Applicable (Not Transported),0,None,0,None,0,None,1,1
2018,36,360335,New York,1,1,0,0,0,1,1,27,DUTCHESS (27),3760,MILLBROOK,26,26,6,June,2018,3,Tuesday,9,9:00am-9:59am,7,7,0,This section IS NOT on the NHS,1,Rural,7,Local,2,County Highway Agency,4,County Road,CR-57 SHUNPIKE,KENNELS RD,0,None,41.83081111,41.83081111,-73.628375000,-73.628375000,0,No Special Jurisdiction,42,Tree (Standing Only),0,Not a Collision with Motor Vehicle In-Transport,0,No,3,Intersection-Related,3,T-Intersection,0,None,,,4,On Roadside,1,Daylight,1,Clear,0,No Additional Atmospheric Conditions,1,Clear,0,No,0000000,Not Applicable,9,9:00am-9:59am,7,7,9,9:00am-9:59am,15,15,88,Not Applicable (Not Transported),88,Not Applicable (Not Transported),0,None,0,None,0,None,1,0
2018,36,360336,New York,1,1,0,0,0,2,2,11,CAYUGA (11),3839,MONTEZUMA,27,27,6,June,2018,4,Wednesday,1,1:00am-1:59am,55,55,0,This section IS NOT on the NHS,1,Rural,7,Local,3,Town or Township Highway Agency,5,Local Street - Township,BALDWIN RD,,0,None,42.97330000,42.97330000,-76.717775000,-76.717775000,0,No Special Jurisdiction,35,Embankment,0,Not a Collision with Motor Vehicle In-Transport,0,No,1,Non-Junction,1,Not an Intersection,0,None,,,4,On Roadside,2,Dark - Not Lighted,1,Clear,0,No Additional Atmospheric Conditions,1,Clear,0,No,0000000,Not Applicable,2,2:00am-2:59am,5,5,2,2:00am-2:59am,19,19,3,3:00am-3:59am,20,20,0,None,0,None,0,None,1,1
2018,36,360337,New York,1,1,0,0,0,4,4,59,NASSAU (59),6250,VALLEY STREAM,26,26,6,June,2018,3,Tuesday,7,7:00am-7:59am,37,37,0,This section IS NOT on the NHS,2,Urban,5,Major Collector,4,City or Municipal Highway Agency,8,Other,WHEELER AVE,ROCKAWAY PKWY,0,None,40.67346667,40.67346667,-73.693830560,-73.693830560,0,No Special Jurisdiction,5,Fell/Jumped from Vehicle,0,Not a Collision with Motor Vehicle In-Transport,0,No,2,Intersection,2,Four-Way Intersection,0,None,,,1,On Roadway,1,Daylight,1,Clear,0,No Additional Atmospheric Conditions,1,Clear,0,No,0000000,Not Applicable,7,7:00am-7:59am,39,39,7,7:00am-7:59am,43,43,7,7:00am-7:59am,55,55,0,None,0,None,0,None,1,0
2018,36,360338,New York,2,1,1,1,1,0,0,103,SUFFOLK (103),705,BROOKHAVEN,12,12,6,June,2018,3,Tuesday,11,11:00am-11:59am,39,39,0,This section IS NOT on the NHS,2,Urban,7,Local,3,Town or Township Highway Agency,5,Local Street - Township,MORICHES AVE,,0,None,40.80085556,40.80085556,-72.766347220,-72.766347220,0,No Special Jurisdiction,14,Parked Motor Vehicle,0,Not a Collision with Motor Vehicle In-Transport,0,No,1,Non-Junction,1,Not an Intersection,0,None,,,7,In Parking Lane/Zone,1,Daylight,1,Clear,0,No Additional Atmospheric Conditions,1,Clear,0,No,0000000,Not Applicable,11,11:00am-11:59am,40,40,11,11:00am-11:59am,44,44,12,12:00pm-12:59pm,36,36,0,None,0,None,0,None,1,0
2018,36,360339,New York,1,1,0,1,1,1,1,103,SUFFOLK (103),2840,HUNTINGTON,27,27,6,June,2018,4,Wednesday,23,11:00pm-11:59pm,41,41,0,This section IS NOT on the NHS,2,Urban,4,Minor Arterial,1,State Highway Agency,3,State Highway,SR-110 NEW YORK AVE,,0,None,40.87442778,40.87442778,-73.424766670,-73.424766670,0,No Special Jurisdiction,8,Pedestrian,0,Not a Collision with Motor Vehicle In-Transport,0,No,1,Non-Junction,1,Not an Intersection,0,None,,,1,On Roadway,3,Dark - Lighted,2,Rain,0,No Additional Atmospheric Conditions,2,Rain,0,No,0000000,Not Applicable,23,11:00pm-11:59pm,43,43,23,11:00pm-11:59pm,47,47,23,11:00pm-11:59pm,57,57,0,None,0,None,0,None,1,0
2018,36,360340,New York,1,1,0,0,0,1,1,103,SUFFOLK (103),3673,MELVILLE,23,23,6,June,2018,7,Saturday,23,11:00pm-11:59pm,15,15,1,This section IS ON the NHS,2,Urban,1,Interstate,1,State Highway Agency,1,Interstate,I-495,,0,None,40.78619167,40.78619167,-73.390555560,-73.390555560,0,No Special Jurisdiction,41,Shrubbery,0,Not a Collision with Motor Vehicle In-Transport,0,No,1,Non-Junction,1,Not an Intersection,0,None,,,4,On Roadside,3,Dark - Lighted,10,Cloudy,0,No Additional Atmospheric Conditions,10,Cloudy,0,No,0000000,Not Applicable,99,Unknown,99,Unknown,99,Unknown EMS Scene Arrival Hour,99,Unknown EMS Scene Arrival Minutes,88,Not Applicable (Not Transported),88,Not Applicable (Not Transported),0,None,0,None,0,None,1,0
2018,36,360341,New York,1,1,0,1,1,2,2,65,ONEIDA (65),6626,WESTMORELAND,27,27,6,June,2018,4,Wednesday,12,12:00pm-12:59pm,3,3,0,This section IS NOT on the NHS,1,Rural,7,Local,3,Town or Township Highway Agency,5,Local Street - Township,BARTLETT RD,,0,None,43.16603611,43.16603611,-75.434069440,-75.434069440,0,No Special Jurisdiction,8,Pedestrian,0,Not a Collision with Motor Vehicle In-Transport,0,No,1,Non-Junction,1,Not an Intersection,0,None,,,1,On Roadway,1,Daylight,2,Rain,0,No Additional Atmospheric Conditions,2,Rain,0,No,0000000,Not Applicable,12,12:00pm-12:59pm,3,3,12,12:00pm-12:59pm,15,15,13,1:00pm-1:59pm,2,2,0,None,0,None,0,None,1,0
2018,36,360342,New York,2,2,0,0,0,3,3,91,SARATOGA (91),1209,CLIFTON PARK,28,28,6,June,2018,5,Thursday,9,9:00am-9:59am,34,34,1,This section IS ON the NHS,2,Urban,1,Interstate,1,State Highway Agency,1,Interstate,I-87,,160,160,42.90054167,42.90054167,-73.784127780,-73.784127780,0,No Special Jurisdiction,12,Motor Vehicle In-Transport,1,Front-to-Rear,0,No,1,Non-Junction,1,Not an Intersection,0,None,,,1,On Roadway,1,Daylight,2,Rain,0,No Additional Atmospheric Conditions,2,Rain,0,No,0000000,Not Applicable,9,9:00am-9:59am,35,35,9,9:00am-9:59am,39,39,10,10:00am-10:59am,16,16,0,None,0,None,0,None,1,0
2018,36,360343,New York,2,2,0,0,0,2,2,119,WESTCHESTER (119),5893,SOUTH SALEM,29,29,6,June,2018,6,Friday,14,2:00pm-2:59pm,15,15,0,This section IS NOT on the NHS,1,Rural,3,Principal Arterial - Other,1,State Highway Agency,3,State Highway,SR-121,CHAPEL RD,0,None,99.99990000,Unknown,999.999900000,Unknown,0,No Special Jurisdiction,12,Motor Vehicle In-Transport,6,Angle,0,No,2,Intersection,2,Four-Way Intersection,0,None,,,1,On Roadway,1,Daylight,1,Clear,0,No Additional Atmospheric Conditions,1,Clear,0,No,0000000,Not Applicable,14,2:00pm-2:59pm,17,17,14,2:00pm-2:59pm,23,23,88,Not Applicable (Not Transported),88,Not Applicable (Not Transported),0,None,0,None,0,None,1,0
2018,36,360344,New York,1,1,0,1,1,1,1,85,RICHMOND (85),4170,NEW YORK -RICHMOND,29,29,6,June,2018,6,Friday,21,9:00pm-9:59pm,49,49,1,This section IS ON the NHS,2,Urban,3,Principal Arterial - Other,4,City or Municipal Highway Agency,6,Local Street - Municipality,BAY ST,GRANT ST,0,None,40.63312778,40.63312778,-74.075380560,-74.075380560,0,No Special Jurisdiction,8,Pedestrian,0,Not a Collision with Motor Vehicle In-Transport,0,No,3,Intersection-Related,3,T-Intersection,0,None,,,12,Pedestrian Refuge Island or Traffic Island,3,Dark - Lighted,1,Clear,0,No Additional Atmospheric Conditions,1,Clear,0,No,0000000,Not Applicable,99,Unknown,99,Unknown,99,Unknown EMS Scene Arrival Hour,99,Unknown EMS Scene Arrival Minutes,99,Unknown,99,Unknown EMS Hospital Arrival Time,0,None,0,None,0,None,1,0
2018,36,360345,New York,2,2,0,0,0,2,2,13,CHAUTAUQUA (13),5710,SILVER CREEK,30,30,6,June,2018,7,Saturday,13,1:00pm-1:59pm,40,40,0,This section IS NOT on the NHS,1,Rural,5,Major Collector,1,State Highway Agency,3,State Highway,SR-39,,0,None,42.51666944,42.51666944,-79.125241670,-79.125241670,0,No Special Jurisdiction,12,Motor Vehicle In-Transport,2,Front-to-Front,0,No,1,Non-Junction,1,Not an Intersection,0,None,,,1,On Roadway,1,Daylight,1,Clear,0,No Additional Atmospheric Conditions,1,Clear,0,No,0000000,Not Applicable,13,1:00pm-1:59pm,40,40,14,2:00pm-2:59pm,31,31,14,2:00pm-2:59pm,45,45,0,None,0,None,0,None,1,0
2018,36,360346,New York,1,1,0,0,0,1,1,1,ALBANY (1),6470,WATERVLIET,3,3,7,July,2018,3,Tuesday,22,10:00pm-10:59pm,52,52,1,This section IS ON the NHS,2,Urban,3,Principal Arterial - Other,4,City or Municipal Highway Agency,3,State Highway,SR-2 19TH ST,,0,None,42.73159444,42.73159444,-73.706813890,-73.706813890,0,No Special Jurisdiction,33,Curb,0,Not a Collision with Motor Vehicle In-Transport,0,No,1,Non-Junction,1,Not an Intersection,0,None,,,4,On Roadside,3,Dark - Lighted,10,Cloudy,0,No Additional Atmospheric Conditions,10,Cloudy,0,No,0000000,Not Applicable,22,10:00pm-10:59pm,52,52,22,10:00pm-10:59pm,59,59,88,Not Applicable (Not Transported),88,Not Applicable (Not Transported),0,None,0,None,0,None,1,1
2018,36,360347,New York,1,1,0,1,1,1,1,47,KINGS (47),4170,NEW YORK-KINGS,30,30,6,June,2018,7,Saturday,20,8:00pm-8:59pm,3,3,0,This section IS NOT on the NHS,2,Urban,7,Local,4,City or Municipal Highway Agency,6,Local Street - Municipality,21ST ST,,0,None,40.66301389,40.66301389,-73.996175000,-73.996175000,0,No Special Jurisdiction,8,Pedestrian,0,Not a Collision with Motor Vehicle In-Transport,0,No,1,Non-Junction,1,Not an Intersection,0,None,,,4,On Roadside,5,Dusk,1,Clear,0,No Additional Atmospheric Conditions,1,Clear,0,No,0000000,Not Applicable,20,8:00pm-8:59pm,10,10,20,8:00pm-8:59pm,16,16,99,Unknown,99,Unknown EMS Hospital Arrival Time,0,None,0,None,0,None,1,1
2018,36,360348,New York,2,2,0,0,0,2,2,47,KINGS (47),4170,NEW YORK-KINGS,18,18,6,June,2018,2,Monday,21,9:00pm-9:59pm,6,6,0,This section IS NOT on the NHS,2,Urban,4,Minor Arterial,4,City or Municipal Highway Agency,6,Local Street - Municipality,BROADWAY,,0,None,40.70278056,40.70278056,-73.945488890,-73.945488890,0,No Special Jurisdiction,12,Motor Vehicle In-Transport,1,Front-to-Rear,0,No,1,Non-Junction,1,Not an Intersection,0,None,,,1,On Roadway,3,Dark - Lighted,2,Rain,0,No Additional Atmospheric Conditions,2,Rain,0,No,0000000,Not Applicable,99,Unknown,99,Unknown,99,Unknown EMS Scene Arrival Hour,99,Unknown EMS Scene Arrival Minutes,99,Unknown,99,Unknown EMS Hospital Arrival Time,0,None,0,None,0,None,1,0
2018,36,360349,New York,1,1,0,0,0,1,1,81,QUEENS (81),4170,NEW YORK -QUEENS,29,29,4,April,2018,1,Sunday,18,6:00pm-6:59pm,2,2,1,This section IS ON the NHS,2,Urban,3,Principal Arterial - Other,4,City or Municipal Highway Agency,6,Local Street - Municipality,N CONDUIT AVE,121ST ST,0,None,40.66569722,40.66569722,-73.820455560,-73.820455560,0,No Special Jurisdiction,42,Tree (Standing Only),0,Not a Collision with Motor Vehicle In-Transport,0,No,3,Intersection-Related,3,T-Intersection,0,None,,,4,On Roadside,1,Daylight,1,Clear,0,No Additional Atmospheric Conditions,1,Clear,0,No,0000000,Not Applicable,18,6:00pm-6:59pm,56,56,19,7:00pm-7:59pm,0,0,19,7:00pm-7:59pm,15,15,0,None,0,None,0,None,1,0
2018,36,360350,New York,2,2,0,0,0,2,2,3,ALLEGANY (3),1046,CENTERVILLE,10,10,6,June,2018,1,Sunday,12,12:00pm-12:59pm,55,55,0,This section IS NOT on the NHS,1,Rural,7,Local,3,Town or Township Highway Agency,4,County Road,CR-36,,0,None,42.51640278,42.51640278,-78.199130560,-78.199130560,0,No Special Jurisdiction,12,Motor Vehicle In-Transport,6,Angle,0,No,1,Non-Junction,1,Not an Intersection,0,None,,,1,On Roadway,1,Daylight,2,Rain,0,No Additional Atmospheric Conditions,2,Rain,0,No,0000000,Not Applicable,12,12:00pm-12:59pm,57,57,13,1:00pm-1:59pm,13,13,99,Unknown,99,Unknown EMS Hospital Arrival Time,0,None,0,None,0,None,1,0