caseyear,state,st_case,statename,ve_total,ve_forms,pvh_invl,peds,pernotmvit,permvit,persons,county,countyname,city,cityname,day,dayname,month,monthname,year,day_week,day_weekname,hour,hourname,minute,minutename,nhs,nhsname,rur_urb,rur_urbname,func_sys,func_sysname,rd_owner,rd_ownername,route,routename,tway_id,tway_id2,milept,mileptname,latitude,latitudename,longitud,longitudname,sp_jur,sp_jurname,harm_ev,harm_evname,man_coll,man_collname,reljct1,reljct1name,reljct2,reljct2name,typ_int,typ_intname,wrk_zone,wrk_zonename,road_fnc,road_fncname,rel_road,rel_roadname,lgt_cond,lgt_condname,weather1,weather1name,weather2,weather2name,weather,weathername,sch_bus,sch_busname,rail,railname,not_hour,not_hourname,not_min,not_minname,arr_hour,arr_hourname,arr_min,arr_minname,hosp_hr,hosp_hrname,hosp_mn,hosp_mnname,cf1,cf1name,cf2,cf2name,cf3,cf3name,fatals,drunk_dr
2018,36,360351,New York,1,1,0,0,0,2,2,59,NASSAU (59),3800,MINEOLA,24,24,4,April,2018,3,Tuesday,13,1:00pm-1:59pm,30,30,0,This section IS NOT on the NHS,2,Urban,7,Local,3,Town or Township Highway Agency,5,Local Street - Township,HORTON HWY,HAUSSNER PL,0,None,40.75113056,40.75113056,-73.648013890,-73.648013890,0,No Special Jurisdiction,42,Tree (Standing Only),0,Not a Collision with Motor Vehicle In-Transport,0,No,3,Intersection-Related,3,T-Intersection,0,None,,,4,On Roadside,1,Daylight,1,Clear,0,No Additional Atmospheric Conditions,1,Clear,0,No,0000000,Not Applicable,13,1:00pm-1:59pm,30,30,13,1:00pm-1:59pm,32,32,14,2:00pm-2:59pm,0,0,0,None,0,None,0,None,1,0
2018,36,360352,New York,1,1,0,0,0,3,3,105,SULLIVAN (105),3850,MONTICELLO,20,20,6,June,2018,4,Wednesday,9,9:00am-9:59am,40,40,0,This section IS NOT on the NHS,2,Urban,4,Minor Arterial,1,State Highway Agency,3,State Highway,SR-17B,,0,None,41.66698611,41.66698611,-74.760055560,-74.760055560,0,No Special Jurisdiction,30,Utility Pole/Light Support,0,Not a Collision with Motor Vehicle In-Transport,0,No,1,Non-Junction,1,Not an Intersection,0,None,,,4,On Roadside,1,Daylight,1,Clear,0,No Additional Atmospheric Conditions,1,Clear,0,No,0000000,Not Applicable,9,9:00am-9:59am,40,40,9,9:00am-9:59am,44,44,9,9:00am-9:59am,55,55,0,None,0,None,0,None,1,0
2018,36,360353,New York,1,1,0,0,0,1,1,117,WAYNE (117),4640,PALMYRA,29,29,6,June,2018,6,Friday,19,7:00pm-7:59pm,8,8,1,This section IS ON the NHS,2,Urban,3,Principal Arterial - Other,1,State Highway Agency,3,State Highway,SR-31,,0,None,43.05543056,43.05543056,-77.172930560,-77.172930560,0,No Special Jurisdiction,42,Tree (Standing Only),0,Not a Collision with Motor Vehicle In-Transport,0,No,1,Non-Junction,1,Not an Intersection,0,None,,,4,On Roadside,1,Daylight,1,Clear,0,No Additional Atmospheric Conditions,1,Clear,0,No,0000000,Not Applicable,19,7:00pm-7:59pm,9,9,19,7:00pm-7:59pm,34,34,20,8:00pm-8:59pm,4,4,0,None,0,None,0,None,1,0
2018,36,360354,New York,2,2,0,0,0,3,3,47,KINGS (47),4170,NEW YORK-KINGS,1,1,7,July,2018,1,Sunday,1,1:00am-1:59am,5,5,1,This section IS ON the NHS,2,Urban,3,Principal Arterial - Other,4,City or Municipal Highway Agency,6,Local Street - Municipality,3RD AVE,45TH ST,0,None,40.65055833,40.65055833,-74.011847220,-74.011847220,0,No Special Jurisdiction,12,Motor Vehicle In-Transport,6,Angle,0,No,2,Intersection,2,Four-Way Intersection,0,None,,,1,On Roadway,3,Dark - Lighted,1,Clear,0,No Additional Atmospheric Conditions,1,Clear,0,No,0000000,Not Applicable,1,1:00am-1:59am,7,7,1,1:00am-1:59am,8,8,1,1:00am-1:59am,27,27,0,None,0,None,0,None,1,1
2018,36,360355,New York,1,1,0,0,0,1,1,103,SUFFOLK (103),705,BROOKHAVEN,3,3,7,July,2018,3,Tuesday,2,2:00am-2:59am,23,23,1,This section IS ON the NHS,2,Urban,1,Interstate,1,State Highway Agency,1,Interstate,I-495,,0,None,40.82254444,40.82254444,-73.029650000,-73.029650000,0,No Special Jurisdiction,24,Guardrail Face,0,Not a Collision with Motor Vehicle In-Transport,0,No,1,Non-Junction,1,Not an Intersection,0,None,,,4,On Roadside,3,Dark - Lighted,10,Cloudy,0,No Additional Atmospheric Conditions,10,Cloudy,0,No,0000000,Not Applicable,99,Unknown,99,Unknown,99,Unknown EMS Scene Arrival Hour,99,Unknown EMS Scene Arrival Minutes,99,Unknown,99,Unknown EMS Hospital Arrival Time,0,None,0,None,0,None,1,1
2018,36,360356,New York,2,2,0,0,0,2,2,5,BRONX (5),4170,NEW YORK -BRONX,1,1,7,July,2018,1,Sunday,13,1:00pm-1:59pm,2,2,0,This section IS NOT on the NHS,2,Urban,4,Minor Arterial,4,City or Municipal Highway Agency,6,Local Street - Municipality,E 149TH ST,PARK AVE,0,None,40.81803611,40.81803611,-73.925175000,-73.925175000,0,No Special Jurisdiction,12,Motor Vehicle In-Transport,6,Angle,0,No,2,Intersection,2,Four-Way Intersection,0,None,,,1,On Roadway,1,Daylight,1,Clear,0,No Additional Atmospheric Conditions,1,Clear,0,No,0000000,Not Applicable,13,1:00pm-1:59pm,2,2,13,1:00pm-1:59pm,4,4,13,1:00pm-1:59pm,28,28,0,None,0,None,0,None,1,0
2018,36,360357,New York,1,1,0,0,0,1,1,103,SUFFOLK (103),705,BROOKHAVEN,4,4,7,July,2018,4,Wednesday,8,8:00am-8:59am,29,29,1,This section IS ON the NHS,2,Urban,2,Principal Arterial - Other Freeways and Expressways,2,County Highway Agency,4,County Road,CR-46,,0,None,40.93471944,40.93471944,-72.878469440,-72.878469440,0,No Special Jurisdiction,24,Guardrail Face,0,Not a Collision with Motor Vehicle In-Transport,0,No,1,Non-Junction,1,Not an Intersection,0,None,,,3,On Median,1,Daylight,1,Clear,0,No Additional Atmospheric Conditions,1,Clear,0,No,0000000,Not Applicable,8,8:00am-8:59am,29,29,8,8:00am-8:59am,34,34,88,Not Applicable (Not Transported),88,Not Applicable (Not Transported),0,None,0,None,0,None,1,0
2018,36,360358,New York,1,1,0,1,1,1,1,47,KINGS (47),4170,NEW YORK-KINGS,5,5,7,July,2018,5,Thursday,4,4:00am-4:59am,2,2,1,This section IS ON the NHS,2,Urban,3,Principal Arterial - Other,4,City or Municipal Highway Agency,6,Local Street - Municipality,ROCKAWAY PKWY,,0,None,40.63155278,40.63155278,-73.887300000,-73.887300000,0,No Special Jurisdiction,8,Pedestrian,0,Not a Collision with Motor Vehicle In-Transport,0,No,1,Non-Junction,1,Not an Intersection,0,None,,,1,On Roadway,3,Dark - Lighted,1,Clear,0,No Additional Atmospheric Conditions,1,Clear,0,No,0000000,Not Applicable,99,Unknown,99,Unknown,99,Unknown EMS Scene Arrival Hour,99,Unknown EMS Scene Arrival Minutes,88,Not Applicable (Not Transported),88,Not Applicable (Not Transported),0,None,0,None,0,None,1,0
2018,36,360359,New York,2,2,0,0,0,2,2,71,ORANGE (71),4060,NEWBURGH,6,6,7,July,2018,6,Friday,23,11:00pm-11:59pm,32,32,0,This section IS NOT on the NHS,2,Urban,5,Major Collector,1,State Highway Agency,8,Other,980P SOUTH ST,LANDER ST,0,None,41.50699444,41.50699444,-74.012455560,-74.012455560,0,No Special Jurisdiction,12,Motor Vehicle In-Transport,6,Angle,0,No,2,Intersection,2,Four-Way Intersection,0,None,,,1,On Roadway,3,Dark - Lighted,1,Clear,0,No Additional Atmospheric Conditions,1,Clear,0,No,0000000,Not Applicable,23,11:00pm-11:59pm,32,32,23,11:00pm-11:59pm,37,37,23,11:00pm-11:59pm,44,44,0,None,0,None,0,None,1,0
2018,36,360360,New York,1,1,0,1,1,1,1,59,NASSAU (59),2600,HEMPSTEAD,7,7,7,July,2018,7,Saturday,21,9:00pm-9:59pm,56,56,0,This section IS NOT on the NHS,2,Urban,4,Minor Arterial,2,County Highway Agency,8,Other,OLD COUNTRY RD,,0,None,40.74740556,40.74740556,-73.590697220,-73.590697220,0,No Special Jurisdiction,8,Pedestrian,0,Not a Collision with Motor Vehicle In-Transport,0,No,1,Non-Junction,1,Not an Intersection,0,None,,,1,On Roadway,3,Dark - Lighted,1,Clear,0,No Additional Atmospheric Conditions,1,Clear,0,No,0000000,Not Applicable,21,9:00pm-9:59pm,56,56,22,10:00pm-10:59pm,1,1,22,10:00pm-10:59pm,11,11,0,None,0,None,0,None,1,0
2018,36,360361,New York,2,2,0,0,0,3,3,103,SUFFOLK (103),160,AMITYVILLE,8,8,7,July,2018,1,Sunday,0,0:00am-0:59am,35,35,0,This section IS NOT on the NHS,2,Urban,4,Minor Arterial,2,County Highway Agency,4,County Road,CR-12,BELMONT ST,0,None,40.67904444,40.67904444,-73.408611110,-73.408611110,0,No Special Jurisdiction,12,Motor Vehicle In-Transport,2,Front-to-Front,0,No,2,Intersection,3,T-Intersection,0,None,,,1,On Roadway,3,Dark - Lighted,1,Clear,0,No Additional Atmospheric Conditions,1,Clear,0,No,0000000,Not Applicable,99,Unknown,99,Unknown,99,Unknown EMS Scene Arrival Hour,99,Unknown EMS Scene Arrival Minutes,88,Not Applicable (Not Transported),88,Not Applicable (Not Transported),0,None,0,None,0,None,3,2
2018,36,360362,New York,1,1,0,0,0,1,1,55,MONROE (55),5230,ROCHESTER,8,8,7,July,2018,1,Sunday,3,3:00am-3:59am,3,3,0,This section IS NOT on the NHS,2,Urban,4,Minor Arterial,4,City or Municipal Highway Agency,6,Local Street - Municipality,UPPER FALLS BLVD,MARTIN ST,0,None,43.16809444,43.16809444,-77.616016670,-77.616016670,0,No Special Jurisdiction,33,Curb,0,Not a Collision with Motor Vehicle In-Transport,0,No,3,Intersection-Related,3,T-Intersection,0,None,,,4,On Roadside,3,Dark - Lighted,1,Clear,0,No Additional Atmospheric Conditions,1,Clear,0,No,0000000,Not Applicable,3,3:00am-3:59am,3,3,3,3:00am-3:59am,8,8,3,3:00am-3:59am,45,45,0,None,0,None,0,None,1,0
2018,36,360363,New York,2,2,0,0,0,6,6,15,CHEMUNG (15),2800,HORSEHEADS,10,10,7,July,2018,3,Tuesday,17,5:00pm-5:59pm,48,48,1,This section IS ON the NHS,2,Urban,3,Principal Arterial - Other,1,State Highway Agency,3,State Highway,SR-14 WESTINGHOUSE RD,WESTLAKE ST,0,None,42.16792778,42.16792778,-76.840188890,-76.840188890,0,No Special Jurisdiction,12,Motor Vehicle In-Transport,2,Front-to-Front,0,No,2,Intersection,3,T-Intersection,0,None,,,1,On Roadway,1,Daylight,1,Clear,0,No Additional Atmospheric Conditions,1,Clear,0,No,0000000,Not Applicable,17,5:00pm-5:59pm,50,50,17,5:00pm-5:59pm,52,52,18,6:00pm-6:59pm,5,5,0,None,0,None,0,None,2,0
2018,36,360364,New York,1,1,0,1,1,1,1,61,NEW YORK (61),4170,NEW YORK NEW YORK,8,8,7,July,2018,1,Sunday,2,2:00am-2:59am,0,0,0,This section IS NOT on the NHS,2,Urban,4,Minor Arterial,4,City or Municipal Highway Agency,6,Local Street - Municipality,7TH AVE,W 127TH ST,0,None,40.81032222,40.81032222,-73.947444440,-73.947444440,0,No Special Jurisdiction,8,Pedestrian,0,Not a Collision with Motor Vehicle In-Transport,0,No,3,Intersection-Related,2,Four-Way Intersection,0,None,,,1,On Roadway,3,Dark - Lighted,1,Clear,0,No Additional Atmospheric Conditions,1,Clear,0,No,0000000,Not Applicable,99,Unknown,99,Unknown,99,Unknown EMS Scene Arrival Hour,99,Unknown EMS Scene Arrival Minutes,99,Unknown,99,Unknown EMS Hospital Arrival Time,0,None,0,None,0,None,1,0
2018,36,360365,New York,1,1,0,1,1,3,3,81,QUEENS (81),4170,NEW YORK -QUEENS,11,11,7,July,2018,4,Wednesday,14,2:00pm-2:59pm,31,31,1,This section IS ON the NHS,2,Urban,3,Principal Arterial - Other,4,City or Municipal Highway Agency,6,Local Street - Municipality,BEACH 73RD ST,ROCKAWAY BEACH BLVD,0,None,40.58913333,40.58913333,-73.800950000,-73.800950000,0,No Special Jurisdiction,8,Pedestrian,0,Not a Collision with Motor Vehicle In-Transport,0,No,3,Intersection-Related,2,Four-Way Intersection,0,None,,,1,On Roadway,1,Daylight,1,Clear,0,No Additional Atmospheric Conditions,1,Clear,0,No,0000000,Not Applicable,99,Unknown,99,Unknown,99,Unknown EMS Scene Arrival Hour,99,Unknown EMS Scene Arrival Minutes,99,Unknown,99,Unknown EMS Hospital Arrival Time,0,None,0,None,0,None,1,0
2018,36,360367,New York,1,1,0,1,1,1,1,5,BRONX (5),4170,NEW YORK -BRONX,8,8,7,July,2018,1,Sunday,15,3:00pm-3:59pm,44,44,0,This section IS NOT on the NHS,2,Urban,7,Local,4,City or Municipal Highway Agency,6,Local Street - Municipality,HOE AVE,,0,None,40.82677222,40.82677222,-73.891280560,-73.891280560,0,No Special Jurisdiction,8,Pedestrian,0,Not a Collision with Motor Vehicle In-Transport,0,No,1,Non-Junction,1,Not an Intersection,0,None,,,1,On Roadway,1,Daylight,1,Clear,0,No Additional Atmospheric Conditions,1,Clear,0,No,0000000,Not Applicable,15,3:00pm-3:59pm,44,44,15,3:00pm-3:59pm,50,50,16,4:00pm-4:59pm,0,0,0,None,0,None,0,None,1,0
2018,36,360368,New York,2,2,0,0,0,4,4,47,KINGS (47),4170,NEW YORK-KINGS,12,12,7,July,2018,5,Thursday,1,1:00am-1:59am,51,51,1,This section IS ON the NHS,2,Urban,2,Principal Arterial - Other Freeways and Expressways,4,City or Municipal Highway Agency,8,Other,907C SHORE PK/LF ERIC DR,,0,None,40.60950000,40.60950000,-74.034786110,-74.034786110,0,No Special Jurisdiction,12,Motor Vehicle In-Transport,2,Front-to-Front,0,No,20,Entrance/Exit Ramp,1,Not an Intersection,0,None,,,1,On Roadway,3,Dark - Lighted,1,Clear,0,No Additional Atmospheric Conditions,1,Clear,0,No,0000000,Not Applicable,99,Unknown,99,Unknown,99,Unknown EMS Scene Arrival Hour,99,Unknown EMS Scene Arrival Minutes,99,Unknown,99,Unknown EMS Hospital Arrival Time,0,None,0,None,0,None,1,1
2018,36,360369,New York,1,1,0,0,0,1,1,59,NASSAU (59),4600,OYSTER BAY,14,14,7,July,2018,7,Saturday,12,12:00pm-12:59pm,7,7,0,This section IS NOT on the NHS,2,Urban,4,Minor Arterial,2,County Highway Agency,8,Other,E OLD COUNTRY LN,,0,None,40.76635833,40.76635833,-73.512111110,-73.512111110,0,No Special Jurisdiction,30,Utility Pole/Light Support,0,Not a Collision with Motor Vehicle In-Transport,0,No,1,Non-Junction,1,Not an Intersection,0,None,,,4,On Roadside,1,Daylight,1,Clear,0,No Additional Atmospheric Conditions,1,Clear,0,No,0000000,Not Applicable,12,12:00pm-12:59pm,11,11,12,12:00pm-12:59pm,13,13,12,12:00pm-12:59pm,35,35,0,None,0,None,0,None,1,0
2018,36,360370,New York,1,1,0,1,1,1,1,115,WASHINGTON (115),2565,HARTFORD,27,27,5,May,2018,1,Sunday,21,9:00pm-9:59pm,20,20,0,This section IS NOT on the NHS,1,Rural,5,Major Collector,1,State Highway Agency,3,State Highway,SR-196,,0,None,43.32238056,43.32238056,-73.468277780,-73.468277780,0,No Special Jurisdiction,8,Pedestrian,0,Not a Collision with Motor Vehicle In-Transport,0,No,1,Non-Junction,1,Not an Intersection,0,None,,,1,On Roadway,2,Dark - Not Lighted,10,Cloudy,0,No Additional Atmospheric Conditions,10,Cloudy,0,No,0000000,Not Applicable,99,Unknown,99,Unknown,99,Unknown EMS Scene Arrival Hour,99,Unknown EMS Scene Arrival Minutes,88,Not Applicable (Not Transported),88,Not Applicable (Not Transported),0,None,0,None,0,None,1,0
2018,36,360371,New York,2,2,0,0,0,2,2,39,GREENE (39),2830,HUNTER,20,20,6,June,2018,4,Wednesday,15,3:00pm-3:59pm,15,15,0,This section IS NOT on the NHS,1,Rural,5,Major Collector,1,State Highway Agency,3,State Highway,SR-214,,0,None,42.13063056,42.13063056,-74.252930560,-74.252930560,0,No Special Jurisdiction,12,Motor Vehicle In-Transport,2,Front-to-Front,0,No,1,Non-Junction,1,Not an Intersection,0,None,,,1,On Roadway,1,Daylight,1,Clear,0,No Additional Atmospheric Conditions,1,Clear,0,No,0000000,Not Applicable,15,3:00pm-3:59pm,15,15,15,3:00pm-3:59pm,20,20,99,Unknown,99,Unknown EMS Hospital Arrival Time,0,None,0,None,0,None,1,0
2018,36,360372,New York,2,2,0,0,0,3,3,29,ERIE (29),611,BOSTON,10,10,6,June,2018,1,Sunday,21,9:00pm-9:59pm,19,19,1,This section IS ON the NHS,1,Rural,2,Principal Arterial - Other Freeways and Expressways,1,State Highway Agency,2,U.S. Highway,US-219,,0,None,42.62384722,42.62384722,-78.764591670,-78.764591670,0,No Special Jurisdiction,11,Live Animal,0,Not a Collision with Motor Vehicle In-Transport,0,No,1,Non-Junction,1,Not an Intersection,0,None,,,1,On Roadway,2,Dark - Not Lighted,10,Cloudy,0,No Additional Atmospheric Conditions,10,Cloudy,0,No,0000000,Not Applicable,21,9:00pm-9:59pm,19,19,21,9:00pm-9:59pm,25,25,22,10:00pm-10:59pm,0,0,0,None,0,None,0,None,1,1
2018,36,360373,New York,2,2,0,0,0,1,1,55,MONROE (55),2395,GREECE,27,27,6,June,2018,4,Wednesday,13,1:00pm-1:59pm,41,41,1,This section IS ON the NHS,2,Urban,2,Principal Arterial - Other Freeways and Expressways,1,State Highway Agency,3,State Highway,SR-390,,0,None,43.19833333,43.19833333,-77.680272220,-77.680272220,0,No Special Jurisdiction,12,Motor Vehicle In-Transport,1,Front-to-Rear,0,No,1,Non-Junction,1,Not an Intersection,0,None,,,1,On Roadway,1,Daylight,10,Cloudy,0,No Additional Atmospheric Conditions,10,Cloudy,0,No,0000000,Not Applicable,13,1:00pm-1:59pm,43,43,13,1:00pm-1:59pm,49,49,88,Not Applicable (Not Transported),88,Not Applicable (Not Transported),23,Indication of a Stalled/Disabled Vehicle,0,None,0,None,1,0
2018,36,360374,New York,2,2,0,0,0,2,2,65,ONEIDA (65),6270,VERNON,9,9,7,July,2018,2,Monday,17,5:00pm-5:59pm,12,12,0,This section IS NOT on the NHS,1,Rural,7,Local,3,Town or Township Highway Agency,5,Local Street - Township,SKINNER RD,,0,None,43.03862222,43.03862222,-75.481741670,-75.481741670,0,No Special Jurisdiction,12,Motor Vehicle In-Transport,2,Front-to-Front,0,No,1,Non-Junction,1,Not an Intersection,0,None,,,1,On Roadway,1,Daylight,1,Clear,0,No Additional Atmospheric Conditions,1,Clear,0,No,0000000,Not Applicable,17,5:00pm-5:59pm,15,15,17,5:00pm-5:59pm,18,18,18,6:00pm-6:59pm,4,4,0,None,0,None,0,None,1,1
2018,36,360375,New York,1,1,0,0,0,4,4,39,GREENE (39),2830,HUNTER,3,3,6,June,2018,1,Sunday,5,5:00am-5:59am,40,40,0,This section IS NOT on the NHS,1,Rural,5,Major Collector,1,State Highway Agency,3,State Highway,SR-23A,,0,None,42.19091389,42.19091389,-74.070594440,-74.070594440,0,No Special Jurisdiction,52,Guardrail End,0,Not a Collision with Motor Vehicle In-Transport,0,No,1,Non-Junction,1,Not an Intersection,0,None,,,4,On Roadside,4,Dawn,1,Clear,0,No Additional Atmospheric Conditions,1,Clear,0,No,0000000,Not Applicable,5,5:00am-5:59am,40,40,5,5:00am-5:59am,54,54,99,Unknown,99,Unknown EMS Hospital Arrival Time,0,None,0,None,0,None,1,1
2018,36,360376,New York,1,1,0,1,1,4,4,103,SUFFOLK (103),705,BROOKHAVEN,5,5,7,July,2018,5,Thursday,23,11:00pm-11:59pm,19,19,1,This section IS ON the NHS,2,Urban,3,Principal Arterial - Other,2,County Highway Agency,3,State Highway,SR-24,PINEHURST BLVD,0,None,40.90544167,40.90544167,-72.718750000,-72.718750000,0,No Special Jurisdiction,8,Pedestrian,0,Not a Collision with Motor Vehicle In-Transport,0,No,3,Intersection-Related,2,Four-Way Intersection,0,None,,,1,On Roadway,2,Dark - Not Lighted,10,Cloudy,0,No Additional Atmospheric Conditions,10,Cloudy,0,No,0000000,Not Applicable,99,Unknown,99,Unknown,99,Unknown EMS Scene Arrival Hour,99,Unknown EMS Scene Arrival Minutes,99,Unknown,99,Unknown EMS Hospital Arrival Time,0,None,0,None,0,None,1,0
2018,36,360377,New York,2,2,0,0,0,5,5,81,QUEENS (81),4170,NEW YORK -QUEENS,12,12,7,July,2018,5,Thursday,1,1:00am-1:59am,0,0,1,This section IS ON the NHS,2,Urban,2,Principal Arterial - Other Freeways and Expressways,4,City or Municipal Highway Agency,8,Other,907B LAURELTON PKWY,,0,None,40.67508056,40.67508056,-73.733263890,-73.733263890,0,No Special Jurisdiction,12,Motor Vehicle In-Transport,6,Angle,0,No,1,Non-Junction,1,Not an Intersection,0,None,,,1,On Roadway,3,Dark - Lighted,1,Clear,0,No Additional Atmospheric Conditions,1,Clear,0,No,0000000,Not Applicable,1,1:00am-1:59am,10,10,1,1:00am-1:59am,20,20,1,1:00am-1:59am,41,41,0,None,0,None,0,None,1,1
2018,36,360378,New York,3,3,0,0,0,4,4,27,DUTCHESS (27),6380,WAPPINGERS FALLS,17,17,2,February,2018,7,Saturday,19,7:00pm-7:59pm,37,37,0,This section IS NOT on the NHS,2,Urban,4,Minor Arterial,1,State Highway Agency,3,State Highway,SR-376,,0,None,41.63774167,41.63774167,-73.877744440,-73.877744440,0,No Special Jurisdiction,12,Motor Vehicle In-Transport,2,Front-to-Front,0,No,1,Non-Junction,1,Not an Intersection,0,None,,,1,On Roadway,2,Dark - Not Lighted,4,Snow,0,No Additional Atmospheric Conditions,4,Snow,0,No,0000000,Not Applicable,19,7:00pm-7:59pm,38,38,19,7:00pm-7:59pm,51,51,21,9:00pm-9:59pm,7,7,0,None,0,None,0,None,1,1
2018,36,360379,New York,1,1,0,0,0,2,2,31,ESSEX (31),6630,WESTPORT,30,30,6,June,2018,7,Saturday,18,6:00pm-6:59pm,20,20,0,This section IS NOT on the NHS,1,Rural,4,Minor Arterial,1,State Highway Agency,3,State Highway,SR-22,,0,None,44.19527222,44.19527222,-73.437866670,-73.437866670,0,No Special Jurisdiction,11,Live Animal,0,Not a Collision with Motor Vehicle In-Transport,0,No,1,Non-Junction,1,Not an Intersection,0,None,,,1,On Roadway,1,Daylight,10,Cloudy,0,No Additional Atmospheric Conditions,10,Cloudy,0,No,0000000,Not Applicable,18,6:00pm-6:59pm,28,28,18,6:00pm-6:59pm,37,37,18,6:00pm-6:59pm,51,51,0,None,0,None,0,None,1,0
2018,36,360380,New York,2,2,0,0,0,3,3,71,ORANGE (71),1169,CIRCLEVILLE,21,21,6,June,2018,5,Thursday,8,8:00am-8:59am,43,43,1,This section IS ON the NHS,2,Urban,2,Principal Arterial - Other Freeways and Expressways,1,State Highway Agency,3,State Highway,SR-17,,0,None,41.52169167,41.52169167,-74.415347220,-74.415347220,0,No Special Jurisdiction,12,Motor Vehicle In-Transport,1,Front-to-Rear,0,No,1,Non-Junction,1,Not an Intersection,0,None,,,1,On Roadway,1,Daylight,1,Clear,0,No Additional Atmospheric Conditions,1,Clear,0,No,0000000,Not Applicable,9,9:00am-9:59am,12,12,9,9:00am-9:59am,14,14,9,9:00am-9:59am,45,45,0,None,0,None,0,None,1,0
2018,36,360381,New York,1,1,0,0,0,1,1,103,SUFFOLK (103),5210,RIVERHEAD,16,16,7,July,2018,2,Monday,22,10:00pm-10:59pm,54,54,1,This section IS ON the NHS,2,Urban,3,Principal Arterial - Other,1,State Highway Agency,3,State Highway,SR-25,EDGAR AVE,0,None,40.94461944,40.94461944,-72.626975000,-72.626975000,0,No Special Jurisdiction,30,Utility Pole/Light Support,0,Not a Collision with Motor Vehicle In-Transport,0,No,3,Intersection-Related,3,T-Intersection,0,None,,,4,On Roadside,3,Dark - Lighted,1,Clear,0,No Additional Atmospheric Conditions,1,Clear,0,No,0000000,Not Applicable,99,Unknown,99,Unknown,99,Unknown EMS Scene Arrival Hour,99,Unknown EMS Scene Arrival Minutes,99,Unknown,99,Unknown EMS Hospital Arrival Time,0,None,0,None,0,None,1,1
2018,36,360382,New York,1,1,0,0,0,1,1,55,MONROE (55),2248,GATES,16,16,7,July,2018,2,Monday,3,3:00am-3:59am,8,8,0,This section IS NOT on the NHS,2,Urban,5,Major Collector,2,County Highway Agency,4,County Road,CR-117,HOWARD RD,0,None,43.16471667,43.16471667,-77.691191670,-77.691191670,0,No Special Jurisdiction,59,Traffic Sign Support,0,Not a Collision with Motor Vehicle In-Transport,0,No,3,Intersection-Related,7,"Five Point, or More",0,None,,,12,Pedestrian Refuge Island or Traffic Island,3,Dark - Lighted,1,Clear,0,No Additional Atmospheric Conditions,1,Clear,0,No,0000000,Not Applicable,3,3:00am-3:59am,9,9,3,3:00am-3:59am,13,13,88,Not Applicable (Not Transported),88,Not Applicable (Not Transported),0,None,0,None,0,None,1,0
2018,36,360383,New York,2,2,0,0,0,2,2,1,ALBANY (1),3066,KNOX,4,4,7,July,2018,4,Wednesday,15,3:00pm-3:59pm,1,1,0,This section IS NOT on the NHS,1,Rural,5,Major Collector,1,State Highway Agency,3,State Highway,SR-156 KNOX CAVE RD,,0,None,42.66998056,42.66998056,-74.117563890,-74.117563890,0,No Special Jurisdiction,12,Motor Vehicle In-Transport,6,Angle,0,No,1,Non-Junction,1,Not an Intersection,0,None,,,1,On Roadway,1,Daylight,1,Clear,0,No Additional Atmospheric Conditions,1,Clear,0,No,0000000,Not Applicable,15,3:00pm-3:59pm,1,1,15,3:00pm-3:59pm,15,15,16,4:00pm-4:59pm,4,4,0,None,0,None,0,None,1,0
2018,36,360384,New York,1,1,0,0,0,1,1,59,NASSAU (59),2600,HEMPSTEAD,14,14,7,July,2018,7,Saturday,9,9:00am-9:59am,3,3,1,This section IS ON the NHS,2,Urban,2,Principal Arterial - Other Freeways and Expressways,1,State Highway Agency,8,Other,908C LOOP PKWY,SR-908E,0,None,40.61105556,40.61105556,-73.548191670,-73.548191670,0,No Special Jurisdiction,24,Guardrail Face,0,Not a Collision with Motor Vehicle In-Transport,1,Yes,5,Entrance/Exit Ramp Related,1,Not an Intersection,0,None,,,4,On Roadside,1,Daylight,1,Clear,0,No Additional Atmospheric Conditions,1,Clear,0,No,0000000,Not Applicable,9,9:00am-9:59am,3,3,9,9:00am-9:59am,14,14,88,Not Applicable (Not Transported),88,Not Applicable (Not Transported),0,None,0,None,0,None,1,1
2018,36,360385,New York,1,1,0,0,0,2,2,69,ONTARIO (69),1640,EAST BLOOMFIELD,18,18,7,July,2018,4,Wednesday,22,10:00pm-10:59pm,33,33,1,This section IS ON the NHS,1,Rural,3,Principal Arterial - Other,1,State Highway Agency,2,U.S. Highway,US-20,SR-64,0,None,42.89749444,42.89749444,-77.444613890,-77.444613890,0,No Special Jurisdiction,35,Embankment,0,Not a Collision with Motor Vehicle In-Transport,0,No,3,Intersection-Related,3,T-Intersection,0,None,,,4,On Roadside,3,Dark - Lighted,10,Cloudy,0,No Additional Atmospheric Conditions,10,Cloudy,0,No,0000000,Not Applicable,22,10:00pm-10:59pm,35,35,22,10:00pm-10:59pm,46,46,23,11:00pm-11:59pm,9,9,0,None,0,None,0,None,1,0
2018,36,360386,New York,2,1,1,1,1,1,1,29,ERIE (29),750,BUFFALO,14,14,7,July,2018,7,Saturday,3,3:00am-3:59am,39,39,1,This section IS ON the NHS,2,Urban,3,Principal Arterial - Other,1,State Highway Agency,3,State Highway,SR-33,,0,None,99.99990000,Unknown,999.999900000,Unknown,0,No Special Jurisdiction,8,Pedestrian,0,Not a Collision with Motor Vehicle In-Transport,0,No,1,Non-Junction,1,Not an Intersection,0,None,,,1,On Roadway,3,Dark - Lighted,1,Clear,0,No Additional Atmospheric Conditions,1,Clear,0,No,0000000,Not Applicable,3,3:00am-3:59am,46,46,99,Unknown EMS Scene Arrival Hour,99,Unknown EMS Scene Arrival Minutes,88,Not Applicable (Not Transported),88,Not Applicable (Not Transported),0,None,0,None,0,None,1,0