caseyear,state,st_case,statename,ve_total,ve_forms,pvh_invl,peds,pernotmvit,permvit,persons,county,countyname,city,cityname,day,dayname,month,monthname,year,day_week,day_weekname,hour,hourname,minute,minutename,nhs,nhsname,rur_urb,rur_urbname,func_sys,func_sysname,rd_owner,rd_ownername,route,routename,tway_id,tway_id2,milept,mileptname,latitude,latitudename,longitud,longitudname,sp_jur,sp_jurname,harm_ev,harm_evname,man_coll,man_collname,reljct1,reljct1name,reljct2,reljct2name,typ_int,typ_intname,wrk_zone,wrk_zonename,road_fnc,road_fncname,rel_road,rel_roadname,lgt_cond,lgt_condname,weather1,weather1name,weather2,weather2name,weather,weathername,sch_bus,sch_busname,rail,railname,not_hour,not_hourname,not_min,not_minname,arr_hour,arr_hourname,arr_min,arr_minname,hosp_hr,hosp_hrname,hosp_mn,hosp_mnname,cf1,cf1name,cf2,cf2name,cf3,cf3name,fatals,drunk_dr
2018,36,360599,New York,3,3,0,0,0,3,3,59,NASSAU (59),2600,HEMPSTEAD,24,24,8,August,2018,6,Friday,16,4:00pm-4:59pm,22,22,1,This section IS ON the NHS,2,Urban,3,Principal Arterial - Other,1,State Highway Agency,3,State Highway,SR-24 HEMPSTEAD TPK,NEWBRIDGE RD,0,None,40.72451667,40.72451667,-73.544172220,-73.544172220,0,No Special Jurisdiction,12,Motor Vehicle In-Transport,1,Front-to-Rear,0,No,2,Intersection,2,Four-Way Intersection,0,None,,,1,On Roadway,1,Daylight,1,Clear,0,No Additional Atmospheric Conditions,1,Clear,0,No,0000000,Not Applicable,99,Unknown,99,Unknown,99,Unknown EMS Scene Arrival Hour,99,Unknown EMS Scene Arrival Minutes,99,Unknown,99,Unknown EMS Hospital Arrival Time,0,None,0,None,0,None,1,0
2018,36,360600,New York,1,1,0,1,1,1,1,61,NEW YORK (61),4170,NEW YORK NEW YORK,5,5,10,October,2018,6,Friday,15,3:00pm-3:59pm,20,20,0,This section IS NOT on the NHS,2,Urban,4,Minor Arterial,4,City or Municipal Highway Agency,6,Local Street - Municipality,MADISON AVE,E 79TH ST,0,None,40.77634444,40.77634444,-73.962144440,-73.962144440,0,No Special Jurisdiction,8,Pedestrian,0,Not a Collision with Motor Vehicle In-Transport,0,No,3,Intersection-Related,2,Four-Way Intersection,0,None,,,1,On Roadway,1,Daylight,1,Clear,0,No Additional Atmospheric Conditions,1,Clear,0,No,0000000,Not Applicable,99,Unknown,99,Unknown,99,Unknown EMS Scene Arrival Hour,99,Unknown EMS Scene Arrival Minutes,88,Not Applicable (Not Transported),88,Not Applicable (Not Transported),0,None,0,None,0,None,1,0
2018,36,360601,New York,1,1,0,0,0,1,1,63,NIAGARA (63),2564,HARTLAND,5,5,10,October,2018,6,Friday,15,3:00pm-3:59pm,13,13,0,This section IS NOT on the NHS,1,Rural,7,Local,2,County Highway Agency,4,County Road,CR-118,,99998,Not Reported,43.22156944,43.22156944,-78.596216670,-78.596216670,0,No Special Jurisdiction,34,Ditch,0,Not a Collision with Motor Vehicle In-Transport,0,No,1,Non-Junction,1,Not an Intersection,0,None,,,4,On Roadside,1,Daylight,1,Clear,0,No Additional Atmospheric Conditions,1,Clear,0,No,0000000,Not Applicable,15,3:00pm-3:59pm,15,15,15,3:00pm-3:59pm,20,20,88,Not Applicable (Not Transported),88,Not Applicable (Not Transported),0,None,0,None,0,None,1,0
2018,36,360602,New York,1,1,0,1,1,3,3,59,NASSAU (59),6250,VALLEY STREAM,21,21,5,May,2018,2,Monday,22,10:00pm-10:59pm,12,12,1,This section IS ON the NHS,2,Urban,3,Principal Arterial - Other,1,State Highway Agency,3,State Highway,SR-27 SUNRISE HWY,SATTERIE AVE,0,None,40.66430556,40.66430556,-73.716344440,-73.716344440,0,No Special Jurisdiction,8,Pedestrian,0,Not a Collision with Motor Vehicle In-Transport,0,No,3,Intersection-Related,2,Four-Way Intersection,0,None,,,1,On Roadway,2,Dark - Not Lighted,1,Clear,0,No Additional Atmospheric Conditions,1,Clear,0,No,0000000,Not Applicable,99,Unknown,99,Unknown,99,Unknown EMS Scene Arrival Hour,99,Unknown EMS Scene Arrival Minutes,88,Not Applicable (Not Transported),88,Not Applicable (Not Transported),0,None,0,None,0,None,1,0
2018,36,360603,New York,1,1,0,1,1,1,1,103,SUFFOLK (103),2920,ISLIP,18,18,6,June,2018,2,Monday,17,5:00pm-5:59pm,1,1,0,This section IS NOT on the NHS,2,Urban,4,Minor Arterial,2,County Highway Agency,4,County Road,CR-17,ADAMS ST,99998,Not Reported,40.74054444,40.74054444,-73.192525000,-73.192525000,0,No Special Jurisdiction,8,Pedestrian,0,Not a Collision with Motor Vehicle In-Transport,0,No,2,Intersection,2,Four-Way Intersection,0,None,,,1,On Roadway,1,Daylight,1,Clear,0,No Additional Atmospheric Conditions,1,Clear,0,No,0000000,Not Applicable,99,Unknown,99,Unknown,99,Unknown EMS Scene Arrival Hour,99,Unknown EMS Scene Arrival Minutes,99,Unknown,99,Unknown EMS Hospital Arrival Time,0,None,0,None,0,None,1,0
2018,36,360604,New York,1,1,0,0,0,1,1,65,ONEIDA (65),4080,NEW HARTFORD,6,6,7,July,2018,6,Friday,21,9:00pm-9:59pm,25,25,0,This section IS NOT on the NHS,2,Urban,5,Major Collector,2,County Highway Agency,8,Other,HIGBY RD,STONE BRIDGE,0,None,43.06420000,43.06420000,-75.260866670,-75.260866670,0,No Special Jurisdiction,32,Culvert,0,Not a Collision with Motor Vehicle In-Transport,0,No,3,Intersection-Related,2,Four-Way Intersection,0,None,,,4,On Roadside,2,Dark - Not Lighted,1,Clear,0,No Additional Atmospheric Conditions,1,Clear,0,No,0000000,Not Applicable,21,9:00pm-9:59pm,25,25,99,Unknown EMS Scene Arrival Hour,99,Unknown EMS Scene Arrival Minutes,88,Not Applicable (Not Transported),88,Not Applicable (Not Transported),0,None,0,None,0,None,1,0
2018,36,360605,New York,1,1,0,0,0,1,1,117,WAYNE (117),6365,WALWORTH,17,17,7,July,2018,3,Tuesday,17,5:00pm-5:59pm,4,4,0,This section IS NOT on the NHS,1,Rural,7,Local,3,Town or Township Highway Agency,5,Local Street - Township,TIFFANY RD,,0,None,43.18016111,43.18016111,-77.320561110,-77.320561110,0,No Special Jurisdiction,34,Ditch,0,Not a Collision with Motor Vehicle In-Transport,0,No,1,Non-Junction,1,Not an Intersection,0,None,,,4,On Roadside,1,Daylight,1,Clear,0,No Additional Atmospheric Conditions,1,Clear,0,No,0000000,Not Applicable,17,5:00pm-5:59pm,4,4,17,5:00pm-5:59pm,9,9,88,Not Applicable (Not Transported),88,Not Applicable (Not Transported),0,None,0,None,0,None,1,1
2018,36,360606,New York,1,1,0,0,0,1,1,65,ONEIDA (65),4080,NEW HARTFORD,7,7,6,June,2018,5,Thursday,19,7:00pm-7:59pm,38,38,1,This section IS ON the NHS,2,Urban,3,Principal Arterial - Other,1,State Highway Agency,3,State Highway,SR-840,,0,None,43.08190833,43.08190833,-75.294575000,-75.294575000,0,No Special Jurisdiction,1,Rollover/Overturn,0,Not a Collision with Motor Vehicle In-Transport,0,No,20,Entrance/Exit Ramp,1,Not an Intersection,0,None,,,1,On Roadway,1,Daylight,1,Clear,0,No Additional Atmospheric Conditions,1,Clear,0,No,0000000,Not Applicable,19,7:00pm-7:59pm,38,38,19,7:00pm-7:59pm,41,41,19,7:00pm-7:59pm,53,53,0,None,0,None,0,None,1,1
2018,36,360607,New York,1,1,0,1,1,1,1,103,SUFFOLK (103),705,BROOKHAVEN,3,3,9,September,2018,2,Monday,16,4:00pm-4:59pm,30,30,0,This section IS NOT on the NHS,2,Urban,5,Major Collector,3,Town or Township Highway Agency,8,Other,RANDALL RD,WILDFLOWER DR,0,None,40.91794722,40.91794722,-72.889858330,-72.889858330,0,No Special Jurisdiction,8,Pedestrian,0,Not a Collision with Motor Vehicle In-Transport,0,No,3,Intersection-Related,3,T-Intersection,0,None,,,1,On Roadway,1,Daylight,1,Clear,0,No Additional Atmospheric Conditions,1,Clear,0,No,0000000,Not Applicable,16,4:00pm-4:59pm,35,35,16,4:00pm-4:59pm,38,38,99,Unknown,99,Unknown EMS Hospital Arrival Time,0,None,0,None,0,None,1,0
2018,36,360608,New York,1,1,0,0,0,1,1,67,ONONDAGA (67),4491,ONONDAGA,29,29,7,July,2018,1,Sunday,4,4:00am-4:59am,5,5,0,This section IS NOT on the NHS,1,Rural,7,Local,3,Town or Township Highway Agency,5,Local Street - Township,TOWNLINE RD,,0,None,42.94085833,42.94085833,-76.285369440,-76.285369440,0,No Special Jurisdiction,42,Tree (Standing Only),0,Not a Collision with Motor Vehicle In-Transport,0,No,1,Non-Junction,1,Not an Intersection,0,None,,,4,On Roadside,2,Dark - Not Lighted,10,Cloudy,0,No Additional Atmospheric Conditions,10,Cloudy,0,No,0000000,Not Applicable,4,4:00am-4:59am,5,5,4,4:00am-4:59am,10,10,88,Not Applicable (Not Transported),88,Not Applicable (Not Transported),0,None,0,None,0,None,1,1
2018,36,360609,New York,2,2,0,1,1,5,5,5,BRONX (5),4170,NEW YORK -BRONX,1,1,9,September,2018,7,Saturday,16,4:00pm-4:59pm,24,24,1,This section IS ON the NHS,2,Urban,3,Principal Arterial - Other,4,City or Municipal Highway Agency,6,Local Street - Municipality,E TREMONT AVE,BATHGATE AVE,99998,Not Reported,40.84682500,40.84682500,-73.897061110,-73.897061110,0,No Special Jurisdiction,9,Pedalcyclist,0,Not a Collision with Motor Vehicle In-Transport,0,No,2,Intersection,2,Four-Way Intersection,0,None,,,1,On Roadway,1,Daylight,1,Clear,0,No Additional Atmospheric Conditions,1,Clear,0,No,0000000,Not Applicable,16,4:00pm-4:59pm,24,24,16,4:00pm-4:59pm,30,30,16,4:00pm-4:59pm,45,45,0,None,0,None,0,None,1,0
2018,36,360610,New York,1,1,0,0,0,2,2,103,SUFFOLK (103),5769,SMITHTOWN,12,12,9,September,2018,4,Wednesday,2,2:00am-2:59am,8,8,1,This section IS ON the NHS,2,Urban,3,Principal Arterial - Other,1,State Highway Agency,3,State Highway,SR-25,,0,None,40.84243333,40.84243333,-73.289008330,-73.289008330,0,No Special Jurisdiction,18,Other Object (not fixed),0,Not a Collision with Motor Vehicle In-Transport,0,No,1,Non-Junction,1,Not an Intersection,0,None,,,4,On Roadside,3,Dark - Lighted,5,"Fog, Smog, Smoke",0,No Additional Atmospheric Conditions,5,"Fog, Smog, Smoke",0,No,0000000,Not Applicable,99,Unknown,99,Unknown,99,Unknown EMS Scene Arrival Hour,99,Unknown EMS Scene Arrival Minutes,88,Not Applicable (Not Transported),88,Not Applicable (Not Transported),0,None,0,None,0,None,2,1
2018,36,360611,New York,2,2,0,0,0,2,2,59,NASSAU (59),6020,SYOSSET,15,15,9,September,2018,7,Saturday,17,5:00pm-5:59pm,24,24,1,This section IS ON the NHS,2,Urban,3,Principal Arterial - Other,1,State Highway Agency,3,State Highway,SR-106,FRANCES DR,0,None,40.81539722,40.81539722,-73.533736110,-73.533736110,0,No Special Jurisdiction,12,Motor Vehicle In-Transport,6,Angle,0,No,2,Intersection,2,Four-Way Intersection,0,None,,,1,On Roadway,1,Daylight,1,Clear,0,No Additional Atmospheric Conditions,1,Clear,0,No,0000000,Not Applicable,17,5:00pm-5:59pm,24,24,17,5:00pm-5:59pm,32,32,17,5:00pm-5:59pm,53,53,0,None,0,None,0,None,1,0
2018,36,360612,New York,1,1,0,0,0,1,1,91,SARATOGA (91),2469,HADLEY,28,28,9,September,2018,6,Friday,23,11:00pm-11:59pm,47,47,0,This section IS NOT on the NHS,1,Rural,7,Local,3,Town or Township Highway Agency,5,Local Street - Township,N SHORE RD,,0,None,43.31047500,43.31047500,-74.014947220,-74.014947220,0,No Special Jurisdiction,30,Utility Pole/Light Support,0,Not a Collision with Motor Vehicle In-Transport,0,No,1,Non-Junction,1,Not an Intersection,0,None,,,4,On Roadside,2,Dark - Not Lighted,1,Clear,0,No Additional Atmospheric Conditions,1,Clear,0,No,0000000,Not Applicable,23,11:00pm-11:59pm,47,47,0,0:00am-0:59am,21,21,88,Not Applicable (Not Transported),88,Not Applicable (Not Transported),0,None,0,None,0,None,1,1
2018,36,360613,New York,1,1,0,0,0,3,3,53,MADISON (53),4769,PETERBORO,27,27,9,September,2018,5,Thursday,21,9:00pm-9:59pm,30,30,0,This section IS NOT on the NHS,1,Rural,7,Local,2,County Highway Agency,4,County Road,CR-54,,0,None,42.97382778,42.97382778,-75.679958330,-75.679958330,0,No Special Jurisdiction,42,Tree (Standing Only),0,Not a Collision with Motor Vehicle In-Transport,0,No,1,Non-Junction,1,Not an Intersection,0,None,,,4,On Roadside,2,Dark - Not Lighted,10,Cloudy,0,No Additional Atmospheric Conditions,10,Cloudy,0,No,0000000,Not Applicable,22,10:00pm-10:59pm,34,34,22,10:00pm-10:59pm,52,52,3,3:00am-3:59am,0,0,0,None,0,None,0,None,1,0
2018,36,360614,New York,2,2,0,0,0,4,4,5,BRONX (5),4170,NEW YORK -BRONX,30,30,9,September,2018,1,Sunday,2,2:00am-2:59am,32,32,1,This section IS ON the NHS,2,Urban,2,Principal Arterial - Other Freeways and Expressways,1,State Highway Agency,8,Other,908A HUTCHINSON RIVER PKWY,,99998,Not Reported,40.88196111,40.88196111,-73.816647220,-73.816647220,0,No Special Jurisdiction,12,Motor Vehicle In-Transport,11,Other,0,No,1,Non-Junction,1,Not an Intersection,0,None,,,1,On Roadway,3,Dark - Lighted,1,Clear,0,No Additional Atmospheric Conditions,1,Clear,0,No,0000000,Not Applicable,2,2:00am-2:59am,32,32,99,Unknown EMS Scene Arrival Hour,99,Unknown EMS Scene Arrival Minutes,3,3:00am-3:59am,23,23,0,None,0,None,0,None,1,0
2018,36,360616,New York,6,5,1,0,0,5,5,5,BRONX (5),4170,NEW YORK -BRONX,30,30,9,September,2018,1,Sunday,20,8:00pm-8:59pm,19,19,1,This section IS ON the NHS,2,Urban,3,Principal Arterial - Other,4,City or Municipal Highway Agency,6,Local Street - Municipality,JEROME AVE,,0,None,40.89156389,40.89156389,-73.879916670,-73.879916670,0,No Special Jurisdiction,12,Motor Vehicle In-Transport,8,Sideswipe - Opposite Direction,0,No,1,Non-Junction,1,Not an Intersection,0,None,,,1,On Roadway,3,Dark - Lighted,1,Clear,0,No Additional Atmospheric Conditions,1,Clear,0,No,0000000,Not Applicable,20,8:00pm-8:59pm,25,25,20,8:00pm-8:59pm,39,39,20,8:00pm-8:59pm,50,50,0,None,0,None,0,None,1,0
2018,36,360617,New York,1,1,0,1,1,1,1,103,SUFFOLK (103),705,BROOKHAVEN,26,26,9,September,2018,4,Wednesday,13,1:00pm-1:59pm,10,10,1,This section IS ON the NHS,2,Urban,3,Principal Arterial - Other,2,County Highway Agency,4,County Road,CR-46,BRUSHWOOD DR,0,None,40.75703056,40.75703056,-72.872183330,-72.872183330,0,No Special Jurisdiction,8,Pedestrian,0,Not a Collision with Motor Vehicle In-Transport,0,No,3,Intersection-Related,3,T-Intersection,0,None,,,1,On Roadway,1,Daylight,10,Cloudy,0,No Additional Atmospheric Conditions,10,Cloudy,0,No,0000000,Not Applicable,13,1:00pm-1:59pm,10,10,13,1:00pm-1:59pm,15,15,13,1:00pm-1:59pm,40,40,0,None,0,None,0,None,1,0
2018,36,360618,New York,1,1,0,0,0,1,1,103,SUFFOLK (103),705,BROOKHAVEN,20,20,9,September,2018,5,Thursday,19,7:00pm-7:59pm,34,34,0,This section IS NOT on the NHS,2,Urban,7,Local,3,Town or Township Highway Agency,5,Local Street - Township,WOODLAND DR,,99998,Not Reported,40.77065556,40.77065556,-72.836613890,-72.836613890,0,No Special Jurisdiction,42,Tree (Standing Only),0,Not a Collision with Motor Vehicle In-Transport,0,No,1,Non-Junction,1,Not an Intersection,0,None,,,4,On Roadside,3,Dark - Lighted,1,Clear,0,No Additional Atmospheric Conditions,1,Clear,0,No,0000000,Not Applicable,19,7:00pm-7:59pm,38,38,19,7:00pm-7:59pm,38,38,20,8:00pm-8:59pm,0,0,0,None,0,None,0,None,1,0
2018,36,360619,New York,1,1,0,1,1,1,1,5,BRONX (5),4170,NEW YORK -BRONX,25,25,9,September,2018,3,Tuesday,5,5:00am-5:59am,55,55,0,This section IS NOT on the NHS,2,Urban,7,Local,4,City or Municipal Highway Agency,6,Local Street - Municipality,RANDALL AVE,ZEREGA AVE,0,None,40.81981667,40.81981667,-73.841988890,-73.841988890,0,No Special Jurisdiction,8,Pedestrian,0,Not a Collision with Motor Vehicle In-Transport,0,No,3,Intersection-Related,3,T-Intersection,0,None,,,1,On Roadway,3,Dark - Lighted,2,Rain,0,No Additional Atmospheric Conditions,2,Rain,0,No,0000000,Not Applicable,6,6:00am-6:59am,10,10,6,6:00am-6:59am,15,15,6,6:00am-6:59am,26,26,0,None,0,None,0,None,1,0
2018,36,360620,New York,2,2,0,0,0,3,3,111,ULSTER (111),4875,PLATTEKILL,16,16,9,September,2018,1,Sunday,15,3:00pm-3:59pm,26,26,0,This section IS NOT on the NHS,2,Urban,5,Major Collector,1,State Highway Agency,2,U.S. Highway,US-44,,0,None,41.69074167,41.69074167,-74.031652780,-74.031652780,0,No Special Jurisdiction,12,Motor Vehicle In-Transport,2,Front-to-Front,0,No,1,Non-Junction,1,Not an Intersection,0,None,,,1,On Roadway,1,Daylight,1,Clear,0,No Additional Atmospheric Conditions,1,Clear,0,No,0000000,Not Applicable,15,3:00pm-3:59pm,26,26,15,3:00pm-3:59pm,36,36,16,4:00pm-4:59pm,32,32,0,None,0,None,0,None,1,1
2018,36,360621,New York,1,1,0,1,1,1,1,81,QUEENS (81),4170,NEW YORK -QUEENS,17,17,9,September,2018,2,Monday,21,9:00pm-9:59pm,20,20,1,This section IS ON the NHS,2,Urban,3,Principal Arterial - Other,4,City or Municipal Highway Agency,6,Local Street - Municipality,ROOSEVELT AVE,,99998,Not Reported,40.74322778,40.74322778,-73.915694440,-73.915694440,0,No Special Jurisdiction,8,Pedestrian,0,Not a Collision with Motor Vehicle In-Transport,0,No,1,Non-Junction,1,Not an Intersection,0,None,,,1,On Roadway,3,Dark - Lighted,1,Clear,0,No Additional Atmospheric Conditions,1,Clear,0,No,0000000,Not Applicable,99,Unknown,99,Unknown,99,Unknown EMS Scene Arrival Hour,99,Unknown EMS Scene Arrival Minutes,99,Unknown,99,Unknown EMS Hospital Arrival Time,0,None,0,None,0,None,1,0
2018,36,360622,New York,2,2,0,0,0,2,2,21,COLUMBIA (21),2705,HILLSDALE,5,5,10,October,2018,6,Friday,13,1:00pm-1:59pm,43,43,1,This section IS ON the NHS,1,Rural,3,Principal Arterial - Other,1,State Highway Agency,3,State Highway,SR-22,CR-21,0,None,42.23452778,42.23452778,-73.507266670,-73.507266670,0,No Special Jurisdiction,12,Motor Vehicle In-Transport,2,Front-to-Front,0,No,2,Intersection,4,Y-Intersection,0,None,,,1,On Roadway,1,Daylight,10,Cloudy,0,No Additional Atmospheric Conditions,10,Cloudy,0,No,0000000,Not Applicable,13,1:00pm-1:59pm,43,43,13,1:00pm-1:59pm,50,50,99,Unknown,99,Unknown EMS Hospital Arrival Time,0,None,0,None,0,None,1,0
2018,36,360623,New York,2,2,0,0,0,4,4,37,GENESEE (37),534,BETHANY,6,6,10,October,2018,7,Saturday,23,11:00pm-11:59pm,55,55,1,This section IS ON the NHS,1,Rural,3,Principal Arterial - Other,1,State Highway Agency,3,State Highway,SR-63,,99998,Not Reported,42.93878611,42.93878611,-78.110325000,-78.110325000,0,No Special Jurisdiction,12,Motor Vehicle In-Transport,2,Front-to-Front,0,No,1,Non-Junction,1,Not an Intersection,0,None,,,1,On Roadway,2,Dark - Not Lighted,2,Rain,0,No Additional Atmospheric Conditions,2,Rain,0,No,0000000,Not Applicable,23,11:00pm-11:59pm,57,57,0,0:00am-0:59am,0,0,99,Unknown,99,Unknown EMS Hospital Arrival Time,0,None,0,None,0,None,1,0
2018,36,360624,New York,1,1,0,0,0,1,1,27,DUTCHESS (27),4885,PLEASANT VALLEY,12,12,8,August,2018,1,Sunday,13,1:00pm-1:59pm,13,13,1,This section IS ON the NHS,1,Rural,2,Principal Arterial - Other Freeways and Expressways,1,State Highway Agency,8,Other,987G TACONIC STATE PKWY,,0,None,41.74413611,41.74413611,-73.772833330,-73.772833330,0,No Special Jurisdiction,42,Tree (Standing Only),0,Not a Collision with Motor Vehicle In-Transport,0,No,1,Non-Junction,1,Not an Intersection,0,None,,,3,On Median,1,Daylight,1,Clear,0,No Additional Atmospheric Conditions,1,Clear,0,No,0000000,Not Applicable,14,2:00pm-2:59pm,1,1,14,2:00pm-2:59pm,35,35,88,Not Applicable (Not Transported),88,Not Applicable (Not Transported),0,None,0,None,0,None,1,0
2018,36,360625,New York,2,2,0,0,0,4,4,47,KINGS (47),4170,NEW YORK-KINGS,17,17,9,September,2018,2,Monday,12,12:00pm-12:59pm,10,10,0,This section IS NOT on the NHS,2,Urban,7,Local,4,City or Municipal Highway Agency,6,Local Street - Municipality,EVERGREEN AVE,GREENE AVE,99998,Not Reported,40.69403056,40.69403056,-73.923500000,-73.923500000,0,No Special Jurisdiction,12,Motor Vehicle In-Transport,6,Angle,0,No,2,Intersection,2,Four-Way Intersection,0,None,,,1,On Roadway,1,Daylight,2,Rain,0,No Additional Atmospheric Conditions,2,Rain,0,No,0000000,Not Applicable,99,Unknown,99,Unknown,99,Unknown EMS Scene Arrival Hour,99,Unknown EMS Scene Arrival Minutes,99,Unknown,99,Unknown EMS Hospital Arrival Time,20,Police Pursuit Involved,0,None,0,None,1,0
2018,36,360626,New York,2,2,0,0,0,3,3,105,SULLIVAN (105),1242,COCHECTON,22,22,9,September,2018,7,Saturday,19,7:00pm-7:59pm,22,22,0,This section IS NOT on the NHS,1,Rural,4,Minor Arterial,2,County Highway Agency,4,County Road,CR-115,,0,None,41.65915833,41.65915833,-74.970241670,-74.970241670,0,No Special Jurisdiction,12,Motor Vehicle In-Transport,2,Front-to-Front,0,No,1,Non-Junction,1,Not an Intersection,0,None,,,1,On Roadway,5,Dusk,10,Cloudy,0,No Additional Atmospheric Conditions,10,Cloudy,0,No,0000000,Not Applicable,19,7:00pm-7:59pm,25,25,19,7:00pm-7:59pm,29,29,20,8:00pm-8:59pm,7,7,0,None,0,None,0,None,1,1
2018,36,360627,New York,1,1,0,0,0,1,1,111,ULSTER (111),3531,MARBLETOWN,7,7,10,October,2018,1,Sunday,1,1:00am-1:59am,44,44,1,This section IS ON the NHS,2,Urban,3,Principal Arterial - Other,1,State Highway Agency,2,U.S. Highway,US-209,,0,None,41.88282778,41.88282778,-74.114138890,-74.114138890,0,No Special Jurisdiction,24,Guardrail Face,0,Not a Collision with Motor Vehicle In-Transport,0,No,1,Non-Junction,1,Not an Intersection,0,None,,,4,On Roadside,2,Dark - Not Lighted,10,Cloudy,0,No Additional Atmospheric Conditions,10,Cloudy,0,No,0000000,Not Applicable,1,1:00am-1:59am,44,44,1,1:00am-1:59am,48,48,88,Not Applicable (Not Transported),88,Not Applicable (Not Transported),0,None,0,None,0,None,1,0
2018,36,360628,New York,3,3,0,0,0,4,4,29,ERIE (29),3568,MARILLA,28,28,9,September,2018,6,Friday,9,9:00am-9:59am,34,34,0,This section IS NOT on the NHS,2,Urban,5,Major Collector,1,State Highway Agency,3,State Highway,SR-354,FOUR ROD RD,99998,Not Reported,42.85765833,42.85765833,-78.537505560,-78.537505560,0,No Special Jurisdiction,12,Motor Vehicle In-Transport,6,Angle,0,No,2,Intersection,2,Four-Way Intersection,0,None,,,1,On Roadway,1,Daylight,1,Clear,0,No Additional Atmospheric Conditions,1,Clear,0,No,0000000,Not Applicable,9,9:00am-9:59am,35,35,9,9:00am-9:59am,39,39,99,Unknown,99,Unknown EMS Hospital Arrival Time,0,None,0,None,0,None,1,0
2018,36,360629,New York,1,1,0,1,1,1,1,11,CAYUGA (11),5633,SENNETT,6,6,10,October,2018,7,Saturday,3,3:00am-3:59am,6,6,1,This section IS ON the NHS,1,Rural,3,Principal Arterial - Other,1,State Highway Agency,3,State Highway,SR-34 NORTH STREET RD,,0,None,42.96697222,42.96697222,-76.560338890,-76.560338890,0,No Special Jurisdiction,8,Pedestrian,0,Not a Collision with Motor Vehicle In-Transport,0,No,1,Non-Junction,1,Not an Intersection,0,None,,,1,On Roadway,2,Dark - Not Lighted,10,Cloudy,0,No Additional Atmospheric Conditions,10,Cloudy,0,No,0000000,Not Applicable,3,3:00am-3:59am,6,6,3,3:00am-3:59am,12,12,99,Unknown,99,Unknown EMS Hospital Arrival Time,0,None,0,None,0,None,1,0
2018,36,360630,New York,2,2,0,0,0,2,2,47,KINGS (47),4170,NEW YORK-KINGS,6,6,10,October,2018,7,Saturday,13,1:00pm-1:59pm,24,24,0,This section IS NOT on the NHS,2,Urban,4,Minor Arterial,4,City or Municipal Highway Agency,6,Local Street - Municipality,BROADWAY,UNION AVE,0,None,40.70546389,40.70546389,-73.950241670,-73.950241670,0,No Special Jurisdiction,12,Motor Vehicle In-Transport,6,Angle,0,No,2,Intersection,2,Four-Way Intersection,0,None,,,1,On Roadway,1,Daylight,10,Cloudy,0,No Additional Atmospheric Conditions,10,Cloudy,0,No,0000000,Not Applicable,99,Unknown,99,Unknown,99,Unknown EMS Scene Arrival Hour,99,Unknown EMS Scene Arrival Minutes,99,Unknown,99,Unknown EMS Hospital Arrival Time,0,None,0,None,0,None,1,0
2018,36,360631,New York,2,2,0,0,0,2,2,9,CATTARAUGUS (9),4460,OLEAN,28,28,9,September,2018,6,Friday,14,2:00pm-2:59pm,40,40,0,This section IS NOT on the NHS,2,Urban,5,Major Collector,1,State Highway Agency,3,State Highway,SR-16,FAIRVIEW AVE,99998,Not Reported,42.12152222,42.12152222,-78.414836110,-78.414836110,0,No Special Jurisdiction,12,Motor Vehicle In-Transport,2,Front-to-Front,0,No,2,Intersection,3,T-Intersection,0,None,,,1,On Roadway,1,Daylight,1,Clear,0,No Additional Atmospheric Conditions,1,Clear,0,No,0000000,Not Applicable,14,2:00pm-2:59pm,40,40,14,2:00pm-2:59pm,50,50,15,3:00pm-3:59pm,11,11,0,None,0,None,0,None,1,0
2018,36,360632,New York,1,1,0,1,1,1,1,103,SUFFOLK (103),3715,MIDDLE ISLAND,22,22,9,September,2018,7,Saturday,4,4:00am-4:59am,22,22,1,This section IS ON the NHS,2,Urban,3,Principal Arterial - Other,1,State Highway Agency,3,State Highway,SR-25,,0,None,40.88586667,40.88586667,-72.924641670,-72.924641670,0,No Special Jurisdiction,9,Pedalcyclist,0,Not a Collision with Motor Vehicle In-Transport,0,No,1,Non-Junction,1,Not an Intersection,0,None,,,2,On Shoulder,3,Dark - Lighted,10,Cloudy,0,No Additional Atmospheric Conditions,10,Cloudy,0,No,0000000,Not Applicable,99,Unknown,99,Unknown,99,Unknown EMS Scene Arrival Hour,99,Unknown EMS Scene Arrival Minutes,99,Unknown,99,Unknown EMS Hospital Arrival Time,0,None,0,None,0,None,1,0