caseyear,state,st_case,statename,ve_total,ve_forms,pvh_invl,peds,pernotmvit,permvit,persons,county,countyname,city,cityname,day,dayname,month,monthname,year,day_week,day_weekname,hour,hourname,minute,minutename,nhs,nhsname,rur_urb,rur_urbname,func_sys,func_sysname,rd_owner,rd_ownername,route,routename,tway_id,tway_id2,milept,mileptname,latitude,latitudename,longitud,longitudname,sp_jur,sp_jurname,harm_ev,harm_evname,man_coll,man_collname,reljct1,reljct1name,reljct2,reljct2name,typ_int,typ_intname,wrk_zone,wrk_zonename,road_fnc,road_fncname,rel_road,rel_roadname,lgt_cond,lgt_condname,weather1,weather1name,weather2,weather2name,weather,weathername,sch_bus,sch_busname,rail,railname,not_hour,not_hourname,not_min,not_minname,arr_hour,arr_hourname,arr_min,arr_minname,hosp_hr,hosp_hrname,hosp_mn,hosp_mnname,cf1,cf1name,cf2,cf2name,cf3,cf3name,fatals,drunk_dr
2018,36,360633,New York,2,2,0,0,0,3,3,59,NASSAU (59),2600,HEMPSTEAD,6,6,10,October,2018,7,Saturday,12,12:00pm-12:59pm,1,1,0,This section IS NOT on the NHS,2,Urban,4,Minor Arterial,2,County Highway Agency,8,Other,N FRANKLIN ST,SMITH ST,0,None,40.71506111,40.71506111,-73.630036110,-73.630036110,0,No Special Jurisdiction,12,Motor Vehicle In-Transport,6,Angle,0,No,2,Intersection,3,T-Intersection,0,None,,,1,On Roadway,1,Daylight,10,Cloudy,0,No Additional Atmospheric Conditions,10,Cloudy,0,No,0000000,Not Applicable,12,12:00pm-12:59pm,1,1,12,12:00pm-12:59pm,4,4,12,12:00pm-12:59pm,20,20,0,None,0,None,0,None,1,0
2018,36,360634,New York,3,3,0,0,0,4,4,81,QUEENS (81),4170,NEW YORK -QUEENS,10,10,10,October,2018,4,Wednesday,17,5:00pm-5:59pm,27,27,1,This section IS ON the NHS,2,Urban,3,Principal Arterial - Other,1,State Highway Agency,3,State Highway,SR-25,,99998,Not Reported,40.75472500,40.75472500,-73.949338890,-73.949338890,0,No Special Jurisdiction,12,Motor Vehicle In-Transport,7,Sideswipe - Same Direction,0,No,1,Non-Junction,1,Not an Intersection,0,None,,,1,On Roadway,1,Daylight,1,Clear,0,No Additional Atmospheric Conditions,1,Clear,0,No,0000000,Not Applicable,99,Unknown,99,Unknown,99,Unknown EMS Scene Arrival Hour,99,Unknown EMS Scene Arrival Minutes,99,Unknown,99,Unknown EMS Hospital Arrival Time,14,"Motor Vehicle struck by falling cargo,or something that came loose from or something that was set in motion by a vehicle",0,None,0,None,1,0
2018,36,360635,New York,1,1,0,1,1,1,1,47,KINGS (47),4170,NEW YORK-KINGS,11,11,10,October,2018,5,Thursday,6,6:00am-6:59am,45,45,1,This section IS ON the NHS,2,Urban,3,Principal Arterial - Other,4,City or Municipal Highway Agency,6,Local Street - Municipality,EASTERN PKWY,BROOKLYN AVE,0,None,40.66977500,40.66977500,-73.944944440,-73.944944440,0,No Special Jurisdiction,8,Pedestrian,0,Not a Collision with Motor Vehicle In-Transport,0,No,3,Intersection-Related,2,Four-Way Intersection,0,None,,,1,On Roadway,4,Dawn,10,Cloudy,0,No Additional Atmospheric Conditions,10,Cloudy,0,No,0000000,Not Applicable,6,6:00am-6:59am,47,47,6,6:00am-6:59am,49,49,88,Not Applicable (Not Transported),88,Not Applicable (Not Transported),0,None,0,None,0,None,1,0
2018,36,360636,New York,1,1,0,1,1,1,1,81,QUEENS (81),4170,NEW YORK -QUEENS,16,16,9,September,2018,1,Sunday,8,8:00am-8:59am,37,37,0,This section IS NOT on the NHS,2,Urban,4,Minor Arterial,4,City or Municipal Highway Agency,6,Local Street - Municipality,PARSONS BLVD,32 AVE,99998,Not Reported,40.76927778,40.76927778,-73.824338890,-73.824338890,0,No Special Jurisdiction,8,Pedestrian,0,Not a Collision with Motor Vehicle In-Transport,0,No,3,Intersection-Related,2,Four-Way Intersection,0,None,,,1,On Roadway,1,Daylight,1,Clear,0,No Additional Atmospheric Conditions,1,Clear,0,No,0000000,Not Applicable,8,8:00am-8:59am,34,34,8,8:00am-8:59am,44,44,99,Unknown,99,Unknown EMS Hospital Arrival Time,0,None,0,None,0,None,1,0
2018,36,360637,New York,3,3,0,0,0,3,3,47,KINGS (47),4170,NEW YORK-KINGS,27,27,9,September,2018,5,Thursday,16,4:00pm-4:59pm,24,24,1,This section IS ON the NHS,2,Urban,2,Principal Arterial - Other Freeways and Expressways,4,City or Municipal Highway Agency,6,Local Street - Municipality,WILLIAMSBURG BRIDGE,,0,None,40.71091389,40.71091389,-73.963761110,-73.963761110,0,No Special Jurisdiction,12,Motor Vehicle In-Transport,1,Front-to-Rear,0,No,1,Non-Junction,1,Not an Intersection,0,None,,,1,On Roadway,1,Daylight,1,Clear,0,No Additional Atmospheric Conditions,1,Clear,0,No,0000000,Not Applicable,99,Unknown,99,Unknown,99,Unknown EMS Scene Arrival Hour,99,Unknown EMS Scene Arrival Minutes,99,Unknown,99,Unknown EMS Hospital Arrival Time,0,None,0,None,0,None,1,0
2018,36,360638,New York,2,2,0,0,0,2,2,103,SUFFOLK (103),5810,SOUTHAMPTON,10,10,10,October,2018,4,Wednesday,6,6:00am-6:59am,50,50,1,This section IS ON the NHS,2,Urban,3,Principal Arterial - Other,2,County Highway Agency,3,State Highway,SR-27,,0,None,40.89624444,40.89624444,-72.416625000,-72.416625000,0,No Special Jurisdiction,12,Motor Vehicle In-Transport,2,Front-to-Front,0,No,8,Driveway Access Related,1,Not an Intersection,0,None,,,1,On Roadway,4,Dawn,1,Clear,0,No Additional Atmospheric Conditions,1,Clear,0,No,0000000,Not Applicable,6,6:00am-6:59am,50,50,6,6:00am-6:59am,58,58,7,7:00am-7:59am,25,25,0,None,0,None,0,None,1,0
2018,36,360639,New York,2,2,0,0,0,1,1,79,PUTNAM (79),900,CARMEL,1,1,10,October,2018,2,Monday,3,3:00am-3:59am,48,48,1,This section IS ON the NHS,2,Urban,1,Interstate,1,State Highway Agency,1,Interstate,I-84,,99998,Not Reported,41.50451667,41.50451667,-73.679986110,-73.679986110,0,No Special Jurisdiction,12,Motor Vehicle In-Transport,11,Other,0,No,1,Non-Junction,1,Not an Intersection,0,None,,,1,On Roadway,2,Dark - Not Lighted,1,Clear,0,No Additional Atmospheric Conditions,1,Clear,0,No,0000000,Not Applicable,3,3:00am-3:59am,51,51,4,4:00am-4:59am,0,0,5,5:00am-5:59am,0,0,23,Indication of a Stalled/Disabled Vehicle,0,None,0,None,1,0
2018,36,360640,New York,1,1,0,0,0,1,1,81,QUEENS (81),4170,NEW YORK -QUEENS,22,22,9,September,2018,7,Saturday,4,4:00am-4:59am,30,30,1,This section IS ON the NHS,2,Urban,1,Interstate,1,State Highway Agency,1,Interstate,I-295 EXIT RAMP,WILLETS POINT BLVD,0,None,40.78804167,40.78804167,-73.790063890,-73.790063890,0,No Special Jurisdiction,46,Traffic Signal Support,0,Not a Collision with Motor Vehicle In-Transport,1,Yes,3,Intersection-Related,3,T-Intersection,0,None,,,4,On Roadside,3,Dark - Lighted,1,Clear,0,No Additional Atmospheric Conditions,1,Clear,0,No,0000000,Not Applicable,99,Unknown,99,Unknown,99,Unknown EMS Scene Arrival Hour,99,Unknown EMS Scene Arrival Minutes,99,Unknown,99,Unknown EMS Hospital Arrival Time,0,None,0,None,0,None,1,1
2018,36,360641,New York,2,1,1,1,2,1,2,63,NIAGARA (63),5323,ROYALTON,15,15,9,September,2018,7,Saturday,18,6:00pm-6:59pm,50,50,0,This section IS NOT on the NHS,2,Urban,5,Major Collector,1,State Highway Agency,3,State Highway,SR-77 CHESTNUT RIDGE RD,,0,None,43.17462778,43.17462778,-78.608561110,-78.608561110,0,No Special Jurisdiction,14,Parked Motor Vehicle,0,Not a Collision with Motor Vehicle In-Transport,0,No,1,Non-Junction,1,Not an Intersection,0,None,,,2,On Shoulder,1,Daylight,1,Clear,0,No Additional Atmospheric Conditions,1,Clear,0,No,0000000,Not Applicable,18,6:00pm-6:59pm,50,50,19,7:00pm-7:59pm,7,7,19,7:00pm-7:59pm,40,40,0,None,0,None,0,None,1,1
2018,36,360642,New York,4,3,1,0,0,3,3,29,ERIE (29),750,BUFFALO,9,9,10,October,2018,3,Tuesday,17,5:00pm-5:59pm,1,1,1,This section IS ON the NHS,2,Urban,3,Principal Arterial - Other,4,City or Municipal Highway Agency,2,U.S. Highway,US-62 BAILEY AVE,WILLIAM ST,99998,Not Reported,42.88472778,42.88472778,-78.814147220,-78.814147220,0,No Special Jurisdiction,12,Motor Vehicle In-Transport,1,Front-to-Rear,0,No,3,Intersection-Related,2,Four-Way Intersection,0,None,,,1,On Roadway,1,Daylight,1,Clear,0,No Additional Atmospheric Conditions,1,Clear,0,No,0000000,Not Applicable,99,Unknown,99,Unknown,99,Unknown EMS Scene Arrival Hour,99,Unknown EMS Scene Arrival Minutes,99,Unknown,99,Unknown EMS Hospital Arrival Time,0,None,0,None,0,None,1,1
2018,36,360643,New York,1,1,0,0,0,1,1,55,MONROE (55),2395,GREECE,30,30,9,September,2018,1,Sunday,2,2:00am-2:59am,14,14,0,This section IS NOT on the NHS,2,Urban,7,Local,3,Town or Township Highway Agency,5,Local Street - Township,STRAUB RD,,99998,Not Reported,43.19792222,43.19792222,-77.727177780,-77.727177780,0,No Special Jurisdiction,42,Tree (Standing Only),0,Not a Collision with Motor Vehicle In-Transport,0,No,1,Non-Junction,1,Not an Intersection,0,None,,,4,On Roadside,3,Dark - Lighted,1,Clear,0,No Additional Atmospheric Conditions,1,Clear,0,No,0000000,Not Applicable,2,2:00am-2:59am,14,14,2,2:00am-2:59am,20,20,88,Not Applicable (Not Transported),88,Not Applicable (Not Transported),0,None,0,None,0,None,1,1
2018,36,360644,New York,2,2,0,0,0,3,3,67,ONONDAGA (67),4903,POMPEY,26,26,7,July,2018,5,Thursday,19,7:00pm-7:59pm,18,18,1,This section IS ON the NHS,2,Urban,3,Principal Arterial - Other,1,State Highway Agency,3,State Highway,SR-92 CAZENOVIA RD,ORAN DELPHI RD,0,None,42.97876111,42.97876111,-75.934244440,-75.934244440,0,No Special Jurisdiction,12,Motor Vehicle In-Transport,2,Front-to-Front,0,No,2,Intersection,3,T-Intersection,0,None,,,1,On Roadway,1,Daylight,10,Cloudy,0,No Additional Atmospheric Conditions,10,Cloudy,0,No,0000000,Not Applicable,99,Unknown,99,Unknown,99,Unknown EMS Scene Arrival Hour,99,Unknown EMS Scene Arrival Minutes,99,Unknown,99,Unknown EMS Hospital Arrival Time,0,None,0,None,0,None,1,0
2018,36,360645,New York,1,1,0,0,0,2,2,35,FULTON (35),5992,STRATFORD,11,11,10,October,2018,5,Thursday,21,9:00pm-9:59pm,31,31,0,This section IS NOT on the NHS,1,Rural,7,Local,2,County Highway Agency,4,County Road,CR-104,,0,None,43.16449722,43.16449722,-74.701294440,-74.701294440,0,No Special Jurisdiction,42,Tree (Standing Only),0,Not a Collision with Motor Vehicle In-Transport,0,No,1,Non-Junction,1,Not an Intersection,0,None,,,4,On Roadside,2,Dark - Not Lighted,10,Cloudy,0,No Additional Atmospheric Conditions,10,Cloudy,0,No,0000000,Not Applicable,21,9:00pm-9:59pm,33,33,21,9:00pm-9:59pm,45,45,5,5:00am-5:59am,0,0,0,None,0,None,0,None,1,1
2018,36,360646,New York,1,1,0,1,1,1,1,47,KINGS (47),4170,NEW YORK-KINGS,11,11,10,October,2018,5,Thursday,20,8:00pm-8:59pm,4,4,1,This section IS ON the NHS,2,Urban,3,Principal Arterial - Other,4,City or Municipal Highway Agency,6,Local Street - Municipality,NOSTRAND AVE,EMMONS AVE,99998,Not Reported,40.58408611,40.58408611,-73.938730560,-73.938730560,0,No Special Jurisdiction,8,Pedestrian,0,Not a Collision with Motor Vehicle In-Transport,0,No,3,Intersection-Related,3,T-Intersection,0,None,,,1,On Roadway,3,Dark - Lighted,2,Rain,0,No Additional Atmospheric Conditions,2,Rain,0,No,0000000,Not Applicable,99,Unknown,99,Unknown,99,Unknown EMS Scene Arrival Hour,99,Unknown EMS Scene Arrival Minutes,99,Unknown,99,Unknown EMS Hospital Arrival Time,0,None,0,None,0,None,1,0
2018,36,360647,New York,1,1,0,0,0,1,1,71,ORANGE (71),5742,SLATE HILL,13,13,10,October,2018,7,Saturday,22,10:00pm-10:59pm,0,0,0,This section IS NOT on the NHS,1,Rural,7,Local,3,Town or Township Highway Agency,5,Local Street - Township,IRIS RD,,0,None,99.99990000,Unknown,999.999900000,Unknown,0,No Special Jurisdiction,3,Immersion or Partial Immersion,0,Not a Collision with Motor Vehicle In-Transport,0,No,1,Non-Junction,1,Not an Intersection,0,None,,,4,On Roadside,2,Dark - Not Lighted,2,Rain,0,No Additional Atmospheric Conditions,2,Rain,0,No,0000000,Not Applicable,99,Unknown,99,Unknown,99,Unknown EMS Scene Arrival Hour,99,Unknown EMS Scene Arrival Minutes,88,Not Applicable (Not Transported),88,Not Applicable (Not Transported),0,None,0,None,0,None,1,1
2018,36,360648,New York,2,2,0,1,1,7,7,29,ERIE (29),750,BUFFALO,11,11,10,October,2018,5,Thursday,17,5:00pm-5:59pm,56,56,0,This section IS NOT on the NHS,2,Urban,4,Minor Arterial,4,City or Municipal Highway Agency,6,Local Street - Municipality,FILLMORE AVE,GENESEE ST,99998,Not Reported,42.90235833,42.90235833,-78.839313890,-78.839313890,0,No Special Jurisdiction,12,Motor Vehicle In-Transport,6,Angle,0,No,3,Intersection-Related,2,Four-Way Intersection,0,None,,,1,On Roadway,1,Daylight,1,Clear,0,No Additional Atmospheric Conditions,1,Clear,0,No,0000000,Not Applicable,99,Unknown,99,Unknown,99,Unknown EMS Scene Arrival Hour,99,Unknown EMS Scene Arrival Minutes,99,Unknown,99,Unknown EMS Hospital Arrival Time,0,None,0,None,0,None,1,0
2018,36,360649,New York,2,2,0,0,0,2,2,101,STEUBEN (101),813,CAMPBELL,14,14,10,October,2018,1,Sunday,16,4:00pm-4:59pm,15,15,0,This section IS NOT on the NHS,1,Rural,5,Major Collector,1,State Highway Agency,3,State Highway,SR-415,,0,None,42.22723889,42.22723889,-77.175822220,-77.175822220,0,No Special Jurisdiction,12,Motor Vehicle In-Transport,2,Front-to-Front,0,No,1,Non-Junction,1,Not an Intersection,0,None,,,1,On Roadway,1,Daylight,1,Clear,0,No Additional Atmospheric Conditions,1,Clear,0,No,0000000,Not Applicable,16,4:00pm-4:59pm,15,15,16,4:00pm-4:59pm,19,19,88,Not Applicable (Not Transported),88,Not Applicable (Not Transported),0,None,0,None,0,None,1,1
2018,36,360650,New York,1,1,0,1,1,2,2,77,OTSEGO (77),4490,ONEONTA,13,13,10,October,2018,7,Saturday,20,8:00pm-8:59pm,18,18,0,This section IS NOT on the NHS,2,Urban,4,Minor Arterial,1,State Highway Agency,3,State Highway,SR-23,,99998,Not Reported,42.44797778,42.44797778,-75.030002780,-75.030002780,0,No Special Jurisdiction,8,Pedestrian,0,Not a Collision with Motor Vehicle In-Transport,0,No,1,Non-Junction,1,Not an Intersection,0,None,,,1,On Roadway,2,Dark - Not Lighted,1,Clear,0,No Additional Atmospheric Conditions,1,Clear,0,No,0000000,Not Applicable,20,8:00pm-8:59pm,20,20,20,8:00pm-8:59pm,25,25,88,Not Applicable (Not Transported),88,Not Applicable (Not Transported),0,None,0,None,0,None,1,0
2018,36,360651,New York,1,1,0,0,0,1,1,29,ERIE (29),2485,HAMBURG,17,17,10,October,2018,4,Wednesday,19,7:00pm-7:59pm,33,33,1,This section IS ON the NHS,2,Urban,3,Principal Arterial - Other,1,State Highway Agency,2,U.S. Highway,US-20,,0,None,42.69965000,42.69965000,-78.931627780,-78.931627780,0,No Special Jurisdiction,34,Ditch,0,Not a Collision with Motor Vehicle In-Transport,0,No,1,Non-Junction,1,Not an Intersection,0,None,,,4,On Roadside,2,Dark - Not Lighted,10,Cloudy,0,No Additional Atmospheric Conditions,10,Cloudy,0,No,0000000,Not Applicable,19,7:00pm-7:59pm,36,36,19,7:00pm-7:59pm,38,38,88,Not Applicable (Not Transported),88,Not Applicable (Not Transported),0,None,0,None,0,None,1,1
2018,36,360653,New York,2,2,0,0,0,2,2,103,SUFFOLK (103),2920,ISLIP,4,4,6,June,2018,2,Monday,8,8:00am-8:59am,33,33,1,This section IS ON the NHS,2,Urban,2,Principal Arterial - Other Freeways and Expressways,1,State Highway Agency,8,Other,908M SOUTHERN STATE PKWY,,99998,Not Reported,40.75427500,40.75427500,-73.231800000,-73.231800000,0,No Special Jurisdiction,12,Motor Vehicle In-Transport,1,Front-to-Rear,0,No,1,Non-Junction,1,Not an Intersection,0,None,,,1,On Roadway,1,Daylight,2,Rain,0,No Additional Atmospheric Conditions,2,Rain,0,No,0000000,Not Applicable,8,8:00am-8:59am,35,35,8,8:00am-8:59am,40,40,99,Unknown,99,Unknown EMS Hospital Arrival Time,0,None,0,None,0,None,1,0
2018,36,360654,New York,1,1,0,0,0,1,1,103,SUFFOLK (103),2920,ISLIP,1,1,8,August,2018,4,Wednesday,13,1:00pm-1:59pm,10,10,0,This section IS NOT on the NHS,2,Urban,4,Minor Arterial,1,State Highway Agency,8,Other,E SUNRISE HWY SERVICE RD,,0,None,40.72924722,40.72924722,-73.278300000,-73.278300000,0,No Special Jurisdiction,33,Curb,0,Not a Collision with Motor Vehicle In-Transport,0,No,1,Non-Junction,1,Not an Intersection,0,None,,,4,On Roadside,1,Daylight,10,Cloudy,0,No Additional Atmospheric Conditions,10,Cloudy,0,No,0000000,Not Applicable,99,Unknown,99,Unknown,99,Unknown EMS Scene Arrival Hour,99,Unknown EMS Scene Arrival Minutes,99,Unknown,99,Unknown EMS Hospital Arrival Time,0,None,0,None,0,None,1,0
2018,36,360655,New York,1,1,0,0,0,1,1,119,WESTCHESTER (119),6670,WHITE PLAINS,8,8,10,October,2018,2,Monday,0,0:00am-0:59am,18,18,1,This section IS ON the NHS,2,Urban,1,Interstate,1,State Highway Agency,1,Interstate,I-287,,99998,Not Reported,41.03249167,41.03249167,-73.752366670,-73.752366670,0,No Special Jurisdiction,52,Guardrail End,0,Not a Collision with Motor Vehicle In-Transport,1,Yes,5,Entrance/Exit Ramp Related,1,Not an Intersection,0,None,,,4,On Roadside,2,Dark - Not Lighted,1,Clear,0,No Additional Atmospheric Conditions,1,Clear,0,No,0000000,Not Applicable,0,0:00am-0:59am,18,18,0,0:00am-0:59am,25,25,0,0:00am-0:59am,49,49,0,None,0,None,0,None,1,1
2018,36,360656,New York,2,2,0,0,0,3,3,1,ALBANY (1),1290,COLONIE,17,17,8,August,2018,6,Friday,16,4:00pm-4:59pm,7,7,1,This section IS ON the NHS,2,Urban,3,Principal Arterial - Other,1,State Highway Agency,8,Other,910B WOLF RD,CR-51 ALBANY SHAKER RD,0,None,42.72874722,42.72874722,-73.796638890,-73.796638890,0,No Special Jurisdiction,12,Motor Vehicle In-Transport,6,Angle,0,No,2,Intersection,2,Four-Way Intersection,0,None,,,1,On Roadway,1,Daylight,10,Cloudy,0,No Additional Atmospheric Conditions,10,Cloudy,0,No,0000000,Not Applicable,16,4:00pm-4:59pm,7,7,16,4:00pm-4:59pm,10,10,16,4:00pm-4:59pm,33,33,0,None,0,None,0,None,1,0
2018,36,360657,New York,3,3,0,0,0,6,6,1,ALBANY (1),1290,COLONIE,23,23,9,September,2018,1,Sunday,10,10:00am-10:59am,19,19,0,This section IS NOT on the NHS,2,Urban,4,Minor Arterial,3,Town or Township Highway Agency,8,Other,SAND CREEK RD,,0,None,42.71244722,42.71244722,-73.807663890,-73.807663890,0,No Special Jurisdiction,12,Motor Vehicle In-Transport,6,Angle,0,No,8,Driveway Access Related,1,Not an Intersection,0,None,,,1,On Roadway,1,Daylight,1,Clear,0,No Additional Atmospheric Conditions,1,Clear,0,No,0000000,Not Applicable,10,10:00am-10:59am,26,26,10,10:00am-10:59am,30,30,11,11:00am-11:59am,12,12,0,None,0,None,0,None,1,0
2018,36,360658,New York,2,2,0,0,0,2,2,55,MONROE (55),2248,GATES,19,19,9,September,2018,4,Wednesday,0,0:00am-0:59am,26,26,0,This section IS NOT on the NHS,2,Urban,4,Minor Arterial,1,State Highway Agency,3,State Highway,SR-33 BUFFALO RD,WEGMAN RD,0,None,43.14711667,43.14711667,-77.711141670,-77.711141670,0,No Special Jurisdiction,12,Motor Vehicle In-Transport,1,Front-to-Rear,0,No,2,Intersection,2,Four-Way Intersection,0,None,,,1,On Roadway,3,Dark - Lighted,1,Clear,0,No Additional Atmospheric Conditions,1,Clear,0,No,0000000,Not Applicable,0,0:00am-0:59am,26,26,0,0:00am-0:59am,28,28,1,1:00am-1:59am,2,2,0,None,0,None,0,None,1,0
2018,36,360659,New York,1,1,0,1,1,1,1,51,LIVINGSTON (51),3320,LIVONIA,13,13,9,September,2018,5,Thursday,20,8:00pm-8:59pm,36,36,0,This section IS NOT on the NHS,1,Rural,4,Minor Arterial,1,State Highway Agency,2,U.S. Highway,US-20,GROVE ST,99998,Not Reported,42.82177222,42.82177222,-77.668363890,-77.668363890,0,No Special Jurisdiction,8,Pedestrian,0,Not a Collision with Motor Vehicle In-Transport,0,No,3,Intersection-Related,3,T-Intersection,0,None,,,1,On Roadway,5,Dusk,10,Cloudy,0,No Additional Atmospheric Conditions,10,Cloudy,0,No,0000000,Not Applicable,20,8:00pm-8:59pm,36,36,20,8:00pm-8:59pm,41,41,88,Not Applicable (Not Transported),88,Not Applicable (Not Transported),0,None,0,None,0,None,1,0
2018,36,360660,New York,2,2,0,0,0,4,4,61,NEW YORK (61),4170,NEW YORK NEW YORK,15,15,10,October,2018,2,Monday,22,10:00pm-10:59pm,29,29,0,This section IS NOT on the NHS,2,Urban,4,Minor Arterial,4,City or Municipal Highway Agency,6,Local Street - Municipality,PARK AVE,E 96TH ST,0,None,40.78659722,40.78659722,-73.952658330,-73.952658330,0,No Special Jurisdiction,12,Motor Vehicle In-Transport,6,Angle,0,No,2,Intersection,2,Four-Way Intersection,0,None,,,1,On Roadway,3,Dark - Lighted,10,Cloudy,0,No Additional Atmospheric Conditions,10,Cloudy,0,No,0000000,Not Applicable,22,10:00pm-10:59pm,29,29,99,Unknown EMS Scene Arrival Hour,99,Unknown EMS Scene Arrival Minutes,23,11:00pm-11:59pm,0,0,0,None,0,None,0,None,1,1
2018,36,360661,New York,1,1,0,1,1,1,1,59,NASSAU (59),2600,HEMPSTEAD,12,12,7,July,2018,5,Thursday,21,9:00pm-9:59pm,0,0,0,This section IS NOT on the NHS,2,Urban,4,Minor Arterial,2,County Highway Agency,8,Other,OCEANSIDE RD,DAVISON AVE,99998,Not Reported,40.64210833,40.64210833,-73.634019440,-73.634019440,0,No Special Jurisdiction,8,Pedestrian,0,Not a Collision with Motor Vehicle In-Transport,0,No,3,Intersection-Related,2,Four-Way Intersection,0,None,,,1,On Roadway,3,Dark - Lighted,1,Clear,0,No Additional Atmospheric Conditions,1,Clear,0,No,0000000,Not Applicable,99,Unknown,99,Unknown,99,Unknown EMS Scene Arrival Hour,99,Unknown EMS Scene Arrival Minutes,99,Unknown,99,Unknown EMS Hospital Arrival Time,0,None,0,None,0,None,1,0
2018,36,360662,New York,1,1,0,1,1,1,1,109,TOMPKINS (109),3146,LANSING,10,10,10,October,2018,4,Wednesday,16,4:00pm-4:59pm,7,7,0,This section IS NOT on the NHS,2,Urban,4,Minor Arterial,2,County Highway Agency,8,Other,N TRIPHAMMER RD,,0,None,42.53166389,42.53166389,-76.492191670,-76.492191670,0,No Special Jurisdiction,9,Pedalcyclist,0,Not a Collision with Motor Vehicle In-Transport,0,No,1,Non-Junction,1,Not an Intersection,0,None,,,1,On Roadway,1,Daylight,1,Clear,0,No Additional Atmospheric Conditions,1,Clear,0,No,0000000,Not Applicable,16,4:00pm-4:59pm,8,8,16,4:00pm-4:59pm,14,14,17,5:00pm-5:59pm,27,27,0,None,0,None,0,None,1,0
2018,36,360663,New York,1,1,0,1,1,1,1,47,KINGS (47),4170,NEW YORK-KINGS,19,19,10,October,2018,6,Friday,10,10:00am-10:59am,45,45,0,This section IS NOT on the NHS,2,Urban,7,Local,4,City or Municipal Highway Agency,6,Local Street - Municipality,19TH AVE,73RD ST,0,None,40.61332222,40.61332222,-73.992777780,-73.992777780,0,No Special Jurisdiction,15,Non-Motorist on Personal Conveyance,0,Not a Collision with Motor Vehicle In-Transport,0,No,3,Intersection-Related,2,Four-Way Intersection,0,None,,,1,On Roadway,1,Daylight,1,Clear,0,No Additional Atmospheric Conditions,1,Clear,0,No,0000000,Not Applicable,99,Unknown,99,Unknown,99,Unknown EMS Scene Arrival Hour,99,Unknown EMS Scene Arrival Minutes,99,Unknown,99,Unknown EMS Hospital Arrival Time,0,None,0,None,0,None,1,0
2018,36,360664,New York,1,1,0,0,0,2,2,123,YATES (123),4740,PENN YAN,4,4,9,September,2018,3,Tuesday,15,3:00pm-3:59pm,51,51,0,This section IS NOT on the NHS,1,Rural,7,Local,3,Town or Township Highway Agency,5,Local Street - Township,BALDWIN RD,,0,None,42.70118333,42.70118333,-77.078805560,-77.078805560,0,No Special Jurisdiction,93,Unknown Fixed Object,0,Not a Collision with Motor Vehicle In-Transport,0,No,1,Non-Junction,1,Not an Intersection,0,None,,,4,On Roadside,1,Daylight,10,Cloudy,0,No Additional Atmospheric Conditions,10,Cloudy,0,No,0000000,Not Applicable,99,Unknown,99,Unknown,99,Unknown EMS Scene Arrival Hour,99,Unknown EMS Scene Arrival Minutes,99,Unknown,99,Unknown EMS Hospital Arrival Time,0,None,0,None,0,None,1,0
2018,36,360665,New York,2,2,0,0,0,2,2,119,WESTCHESTER (119),1379,CORTLANDT,19,19,10,October,2018,6,Friday,17,5:00pm-5:59pm,53,53,1,This section IS ON the NHS,2,Urban,3,Principal Arterial - Other,1,State Highway Agency,2,U.S. Highway,US-6,BEAR MT PKWY RAMP,99998,Not Reported,41.29883889,41.29883889,-73.886430560,-73.886430560,0,No Special Jurisdiction,12,Motor Vehicle In-Transport,6,Angle,0,No,3,Intersection-Related,3,T-Intersection,0,None,,,1,On Roadway,5,Dusk,1,Clear,0,No Additional Atmospheric Conditions,1,Clear,0,No,0000000,Not Applicable,17,5:00pm-5:59pm,59,59,18,6:00pm-6:59pm,0,0,99,Unknown,99,Unknown EMS Hospital Arrival Time,0,None,0,None,0,None,1,0
2018,36,360666,New York,2,2,0,0,0,6,6,45,JEFFERSON (45),1900,EVANS MILLS,20,20,10,October,2018,7,Saturday,11,11:00am-11:59am,45,45,1,This section IS ON the NHS,2,Urban,3,Principal Arterial - Other,1,State Highway Agency,2,U.S. Highway,US-11,,99998,Not Reported,43.99473056,43.99473056,-75.904266670,-75.904266670,0,No Special Jurisdiction,12,Motor Vehicle In-Transport,6,Angle,0,No,8,Driveway Access Related,1,Not an Intersection,0,None,,,1,On Roadway,1,Daylight,10,Cloudy,0,No Additional Atmospheric Conditions,10,Cloudy,0,No,0000000,Not Applicable,11,11:00am-11:59am,46,46,11,11:00am-11:59am,51,51,13,1:00pm-1:59pm,22,22,0,None,0,None,0,None,1,0
2018,36,360668,New York,2,1,1,0,0,1,1,67,ONONDAGA (67),380,BALDWINSVILLE,21,21,8,August,2018,3,Tuesday,1,1:00am-1:59am,7,7,0,This section IS NOT on the NHS,2,Urban,7,Local,3,Town or Township Highway Agency,5,Local Street - Township,TAPPAN ST,,0,None,43.15671111,43.15671111,-76.345230560,-76.345230560,0,No Special Jurisdiction,1,Rollover/Overturn,0,Not a Collision with Motor Vehicle In-Transport,0,No,1,Non-Junction,1,Not an Intersection,0,None,,,4,On Roadside,2,Dark - Not Lighted,1,Clear,0,No Additional Atmospheric Conditions,1,Clear,0,No,0000000,Not Applicable,1,1:00am-1:59am,7,7,1,1:00am-1:59am,11,11,1,1:00am-1:59am,50,50,0,None,0,None,0,None,1,0