caseyear,state,st_case,statename,ve_total,ve_forms,pvh_invl,peds,pernotmvit,permvit,persons,county,countyname,city,cityname,day,dayname,month,monthname,year,day_week,day_weekname,hour,hourname,minute,minutename,nhs,nhsname,rur_urb,rur_urbname,func_sys,func_sysname,rd_owner,rd_ownername,route,routename,tway_id,tway_id2,milept,mileptname,latitude,latitudename,longitud,longitudname,sp_jur,sp_jurname,harm_ev,harm_evname,man_coll,man_collname,reljct1,reljct1name,reljct2,reljct2name,typ_int,typ_intname,wrk_zone,wrk_zonename,road_fnc,road_fncname,rel_road,rel_roadname,lgt_cond,lgt_condname,weather1,weather1name,weather2,weather2name,weather,weathername,sch_bus,sch_busname,rail,railname,not_hour,not_hourname,not_min,not_minname,arr_hour,arr_hourname,arr_min,arr_minname,hosp_hr,hosp_hrname,hosp_mn,hosp_mnname,cf1,cf1name,cf2,cf2name,cf3,cf3name,fatals,drunk_dr
2018,36,360842,New York,3,3,0,0,0,3,3,75,OSWEGO (75),2540,HANNIBAL,27,27,12,December,2018,5,Thursday,14,2:00pm-2:59pm,34,34,1,This section IS ON the NHS,1,Rural,3,Principal Arterial - Other,1,State Highway Agency,3,State Highway,SR-104,,0,None,43.31915000,43.31915000,-76.566963890,-76.566963890,0,No Special Jurisdiction,12,Motor Vehicle In-Transport,2,Front-to-Front,0,No,1,Non-Junction,1,Not an Intersection,0,None,,,1,On Roadway,1,Daylight,1,Clear,0,No Additional Atmospheric Conditions,1,Clear,0,No,0000000,Not Applicable,14,2:00pm-2:59pm,34,34,14,2:00pm-2:59pm,49,49,16,4:00pm-4:59pm,6,6,0,None,0,None,0,None,1,0
2018,36,360843,New York,1,1,0,1,1,1,1,5,BRONX (5),4170,NEW YORK -BRONX,16,16,12,December,2018,1,Sunday,13,1:00pm-1:59pm,5,5,0,This section IS NOT on the NHS,2,Urban,5,Major Collector,4,City or Municipal Highway Agency,6,Local Street - Municipality,E TREMONT AVE,MILES AVE,0,None,40.81903611,40.81903611,-73.817244440,-73.817244440,0,No Special Jurisdiction,8,Pedestrian,0,Not a Collision with Motor Vehicle In-Transport,0,No,3,Intersection-Related,2,Four-Way Intersection,0,None,,,1,On Roadway,1,Daylight,2,Rain,0,No Additional Atmospheric Conditions,2,Rain,0,No,0000000,Not Applicable,99,Unknown,99,Unknown,99,Unknown EMS Scene Arrival Hour,99,Unknown EMS Scene Arrival Minutes,99,Unknown,99,Unknown EMS Hospital Arrival Time,0,None,0,None,0,None,1,0
2018,36,360844,New York,1,1,0,1,1,1,1,47,KINGS (47),4170,NEW YORK-KINGS,31,31,12,December,2018,2,Monday,18,6:00pm-6:59pm,31,31,0,This section IS NOT on the NHS,2,Urban,4,Minor Arterial,4,City or Municipal Highway Agency,6,Local Street - Municipality,NEW UTRECHT AVE,,99998,Not Reported,40.60994722,40.60994722,-74.001577780,-74.001577780,0,No Special Jurisdiction,8,Pedestrian,0,Not a Collision with Motor Vehicle In-Transport,0,No,1,Non-Junction,1,Not an Intersection,0,None,,,1,On Roadway,3,Dark - Lighted,2,Rain,0,No Additional Atmospheric Conditions,2,Rain,0,No,0000000,Not Applicable,99,Unknown,99,Unknown,99,Unknown EMS Scene Arrival Hour,99,Unknown EMS Scene Arrival Minutes,99,Unknown,99,Unknown EMS Hospital Arrival Time,0,None,0,None,0,None,1,0
2018,36,360845,New York,1,1,0,1,1,2,2,61,NEW YORK (61),4170,NEW YORK NEW YORK,18,18,12,December,2018,3,Tuesday,6,6:00am-6:59am,45,45,0,This section IS NOT on the NHS,2,Urban,7,Local,4,City or Municipal Highway Agency,6,Local Street - Municipality,E 72ND ST,,0,None,99.99990000,Unknown,999.999900000,Unknown,0,No Special Jurisdiction,8,Pedestrian,0,Not a Collision with Motor Vehicle In-Transport,0,No,1,Non-Junction,1,Not an Intersection,0,None,,,1,On Roadway,3,Dark - Lighted,1,Clear,0,No Additional Atmospheric Conditions,1,Clear,0,No,0000000,Not Applicable,99,Unknown,99,Unknown,99,Unknown EMS Scene Arrival Hour,99,Unknown EMS Scene Arrival Minutes,99,Unknown,99,Unknown EMS Hospital Arrival Time,0,None,0,None,0,None,1,0
2018,36,360846,New York,1,1,0,0,0,1,1,1,ALBANY (1),1290,COLONIE,22,22,12,December,2018,7,Saturday,18,6:00pm-6:59pm,44,44,1,This section IS ON the NHS,2,Urban,3,Principal Arterial - Other,1,State Highway Agency,3,State Highway,SR-5 CENTRAL AVE,,0,None,42.73806944,42.73806944,-73.856122220,-73.856122220,0,No Special Jurisdiction,31,"Post, Pole or Other Supports",0,Not a Collision with Motor Vehicle In-Transport,0,No,1,Non-Junction,1,Not an Intersection,0,None,,,4,On Roadside,2,Dark - Not Lighted,1,Clear,0,No Additional Atmospheric Conditions,1,Clear,0,No,0000000,Not Applicable,18,6:00pm-6:59pm,44,44,18,6:00pm-6:59pm,51,51,19,7:00pm-7:59pm,34,34,0,None,0,None,0,None,1,0
2018,36,360847,New York,2,2,0,0,0,2,2,87,ROCKLAND (87),5077,RAMAPO,11,11,11,November,2018,1,Sunday,6,6:00am-6:59am,3,3,0,This section IS NOT on the NHS,2,Urban,4,Minor Arterial,1,State Highway Agency,3,State Highway,SR-45,,0,None,41.17803056,41.17803056,-74.032805560,-74.032805560,0,No Special Jurisdiction,12,Motor Vehicle In-Transport,1,Front-to-Rear,0,No,1,Non-Junction,1,Not an Intersection,0,None,,,1,On Roadway,2,Dark - Not Lighted,1,Clear,0,No Additional Atmospheric Conditions,1,Clear,0,No,0000000,Not Applicable,6,6:00am-6:59am,8,8,6,6:00am-6:59am,13,13,99,Unknown,99,Unknown EMS Hospital Arrival Time,0,None,0,None,0,None,1,0
2018,36,360848,New York,2,2,0,0,0,2,2,67,ONONDAGA (67),1539,DE WITT,27,27,10,October,2018,7,Saturday,11,11:00am-11:59am,44,44,0,This section IS NOT on the NHS,2,Urban,4,Minor Arterial,2,County Highway Agency,8,Other,EXETER ST,KINNE ST,99998,Not Reported,43.07540000,43.07540000,-76.077338890,-76.077338890,0,No Special Jurisdiction,12,Motor Vehicle In-Transport,2,Front-to-Front,0,No,2,Intersection,2,Four-Way Intersection,0,None,,,1,On Roadway,1,Daylight,2,Rain,0,No Additional Atmospheric Conditions,2,Rain,0,No,0000000,Not Applicable,99,Unknown,99,Unknown,99,Unknown EMS Scene Arrival Hour,99,Unknown EMS Scene Arrival Minutes,99,Unknown,99,Unknown EMS Hospital Arrival Time,0,None,0,None,0,None,1,0
2018,36,360849,New York,1,1,0,2,2,1,1,47,KINGS (47),4170,NEW YORK-KINGS,4,4,12,December,2018,3,Tuesday,14,2:00pm-2:59pm,22,22,0,This section IS NOT on the NHS,2,Urban,5,Major Collector,4,City or Municipal Highway Agency,6,Local Street - Municipality,AVE Z,BROWN ST,0,None,40.58972778,40.58972778,-73.937988890,-73.937988890,0,No Special Jurisdiction,8,Pedestrian,0,Not a Collision with Motor Vehicle In-Transport,0,No,2,Intersection,3,T-Intersection,0,None,,,1,On Roadway,1,Daylight,1,Clear,0,No Additional Atmospheric Conditions,1,Clear,0,No,0000000,Not Applicable,99,Unknown,99,Unknown,99,Unknown EMS Scene Arrival Hour,99,Unknown EMS Scene Arrival Minutes,99,Unknown,99,Unknown EMS Hospital Arrival Time,0,None,0,None,0,None,1,0
2018,36,360850,New York,2,2,0,0,0,2,2,29,ERIE (29),750,BUFFALO,29,29,11,November,2018,5,Thursday,10,10:00am-10:59am,0,0,0,This section IS NOT on the NHS,2,Urban,4,Minor Arterial,4,City or Municipal Highway Agency,8,Other,CLINTON ST,MICHIGAN AVE,99998,Not Reported,42.88434444,42.88434444,-78.868244440,-78.868244440,0,No Special Jurisdiction,12,Motor Vehicle In-Transport,6,Angle,0,No,2,Intersection,2,Four-Way Intersection,0,None,,,1,On Roadway,1,Daylight,1,Clear,0,No Additional Atmospheric Conditions,1,Clear,0,No,0000000,Not Applicable,99,Unknown,99,Unknown,99,Unknown EMS Scene Arrival Hour,99,Unknown EMS Scene Arrival Minutes,99,Unknown,99,Unknown EMS Hospital Arrival Time,0,None,0,None,0,None,1,0
2018,36,360851,New York,1,1,0,1,1,3,3,5,BRONX (5),4170,NEW YORK -BRONX,30,30,12,December,2018,1,Sunday,21,9:00pm-9:59pm,52,52,1,This section IS ON the NHS,2,Urban,3,Principal Arterial - Other,4,City or Municipal Highway Agency,6,Local Street - Municipality,UNIVERSITY AVE,MORTON PL,0,None,40.85115278,40.85115278,-73.914797220,-73.914797220,0,No Special Jurisdiction,8,Pedestrian,0,Not a Collision with Motor Vehicle In-Transport,0,No,3,Intersection-Related,2,Four-Way Intersection,0,None,,,1,On Roadway,3,Dark - Lighted,1,Clear,0,No Additional Atmospheric Conditions,1,Clear,0,No,0000000,Not Applicable,21,9:00pm-9:59pm,52,52,21,9:00pm-9:59pm,56,56,99,Unknown,99,Unknown EMS Hospital Arrival Time,0,None,0,None,0,None,1,0
2018,36,360852,New York,2,2,0,0,0,3,3,103,SUFFOLK (103),705,BROOKHAVEN,25,25,10,October,2018,5,Thursday,13,1:00pm-1:59pm,52,52,0,This section IS NOT on the NHS,2,Urban,4,Minor Arterial,3,Town or Township Highway Agency,8,Other,WADING RIVER RD,LONG ISLAND EXPY SERVICE RD,99998,Not Reported,40.86216667,40.86216667,-72.821566670,-72.821566670,0,No Special Jurisdiction,12,Motor Vehicle In-Transport,6,Angle,0,No,2,Intersection,2,Four-Way Intersection,0,None,,,1,On Roadway,1,Daylight,1,Clear,0,No Additional Atmospheric Conditions,1,Clear,0,No,0000000,Not Applicable,99,Unknown,99,Unknown,99,Unknown EMS Scene Arrival Hour,99,Unknown EMS Scene Arrival Minutes,99,Unknown,99,Unknown EMS Hospital Arrival Time,0,None,0,None,0,None,1,0
2018,36,360853,New York,2,2,0,0,0,2,2,103,SUFFOLK (103),705,BROOKHAVEN,6,6,11,November,2018,3,Tuesday,12,12:00pm-12:59pm,17,17,1,This section IS ON the NHS,2,Urban,1,Interstate,1,State Highway Agency,1,Interstate,I-495,,99998,Not Reported,40.81343611,40.81343611,-73.111911110,-73.111911110,0,No Special Jurisdiction,12,Motor Vehicle In-Transport,1,Front-to-Rear,0,No,1,Non-Junction,1,Not an Intersection,0,None,,,1,On Roadway,1,Daylight,2,Rain,0,No Additional Atmospheric Conditions,2,Rain,0,No,0000000,Not Applicable,99,Unknown,99,Unknown,99,Unknown EMS Scene Arrival Hour,99,Unknown EMS Scene Arrival Minutes,88,Not Applicable (Not Transported),88,Not Applicable (Not Transported),0,None,0,None,0,None,1,0
2018,36,360854,New York,1,1,0,0,0,1,1,103,SUFFOLK (103),705,BROOKHAVEN,6,6,11,November,2018,3,Tuesday,8,8:00am-8:59am,55,55,0,This section IS NOT on the NHS,2,Urban,5,Major Collector,3,Town or Township Highway Agency,8,Other,CANAL RD,,0,None,40.91793889,40.91793889,-73.019277780,-73.019277780,0,No Special Jurisdiction,53,Mail Box,0,Not a Collision with Motor Vehicle In-Transport,0,No,1,Non-Junction,1,Not an Intersection,0,None,,,4,On Roadside,1,Daylight,10,Cloudy,0,No Additional Atmospheric Conditions,10,Cloudy,0,No,0000000,Not Applicable,99,Unknown,99,Unknown,99,Unknown EMS Scene Arrival Hour,99,Unknown EMS Scene Arrival Minutes,99,Unknown,99,Unknown EMS Hospital Arrival Time,0,None,0,None,0,None,1,0
2018,36,360855,New York,2,2,0,0,0,2,2,103,SUFFOLK (103),2113,FORT SALONGA,6,6,11,November,2018,3,Tuesday,10,10:00am-10:59am,47,47,0,This section IS NOT on the NHS,2,Urban,7,Local,2,County Highway Agency,8,Other,PULASKI RD,MEADOW GLEN RD,0,None,40.88487778,40.88487778,-73.281658330,-73.281658330,0,No Special Jurisdiction,12,Motor Vehicle In-Transport,6,Angle,0,No,2,Intersection,2,Four-Way Intersection,0,None,,,1,On Roadway,1,Daylight,2,Rain,0,No Additional Atmospheric Conditions,2,Rain,0,No,0000000,Not Applicable,10,10:00am-10:59am,47,47,10,10:00am-10:59am,52,52,88,Not Applicable (Not Transported),88,Not Applicable (Not Transported),0,None,0,None,0,None,1,0
2018,36,360856,New York,5,5,0,0,0,8,8,103,SUFFOLK (103),705,BROOKHAVEN,14,14,11,November,2018,4,Wednesday,20,8:00pm-8:59pm,54,54,0,This section IS NOT on the NHS,2,Urban,4,Minor Arterial,3,Town or Township Highway Agency,8,Other,CR-83,,99998,Not Reported,40.77686111,40.77686111,-73.015636110,-73.015636110,0,No Special Jurisdiction,12,Motor Vehicle In-Transport,8,Sideswipe - Opposite Direction,0,No,1,Non-Junction,1,Not an Intersection,0,None,,,1,On Roadway,3,Dark - Lighted,1,Clear,0,No Additional Atmospheric Conditions,1,Clear,0,No,0000000,Not Applicable,20,8:00pm-8:59pm,55,55,20,8:00pm-8:59pm,58,58,99,Unknown,99,Unknown EMS Hospital Arrival Time,0,None,0,None,0,None,1,0
2018,36,360857,New York,1,1,0,1,1,1,1,103,SUFFOLK (103),4670,PATCHOGUE,16,16,11,November,2018,6,Friday,20,8:00pm-8:59pm,50,50,0,This section IS NOT on the NHS,2,Urban,7,Local,3,Town or Township Highway Agency,5,Local Street - Township,OAK ST,,0,None,40.76977500,40.76977500,-73.003833330,-73.003833330,0,No Special Jurisdiction,8,Pedestrian,0,Not a Collision with Motor Vehicle In-Transport,0,No,1,Non-Junction,1,Not an Intersection,0,None,,,1,On Roadway,2,Dark - Not Lighted,1,Clear,0,No Additional Atmospheric Conditions,1,Clear,0,No,0000000,Not Applicable,99,Unknown,99,Unknown,99,Unknown EMS Scene Arrival Hour,99,Unknown EMS Scene Arrival Minutes,99,Unknown,99,Unknown EMS Hospital Arrival Time,0,None,0,None,0,None,1,0
2018,36,360858,New York,1,1,0,1,1,1,1,87,ROCKLAND (87),2580,HAVERSTRAW,17,17,11,November,2018,7,Saturday,4,4:00am-4:59am,50,50,1,This section IS ON the NHS,2,Urban,3,Principal Arterial - Other,1,State Highway Agency,2,U.S. Highway,US-202 W RAMAPO RD,,0,None,41.19363611,41.19363611,-74.014066670,-74.014066670,0,No Special Jurisdiction,8,Pedestrian,0,Not a Collision with Motor Vehicle In-Transport,0,No,1,Non-Junction,1,Not an Intersection,0,None,,,1,On Roadway,2,Dark - Not Lighted,10,Cloudy,0,No Additional Atmospheric Conditions,10,Cloudy,0,No,0000000,Not Applicable,4,4:00am-4:59am,55,55,5,5:00am-5:59am,0,0,5,5:00am-5:59am,30,30,0,None,0,None,0,None,1,0
2018,36,360859,New York,3,3,0,0,0,4,4,67,ONONDAGA (67),6010,SYRACUSE,15,15,11,November,2018,5,Thursday,22,10:00pm-10:59pm,45,45,1,This section IS ON the NHS,2,Urban,1,Interstate,1,State Highway Agency,1,Interstate,I-690,,99998,Not Reported,43.07062222,43.07062222,-76.203438890,-76.203438890,0,No Special Jurisdiction,12,Motor Vehicle In-Transport,2,Front-to-Front,0,No,1,Non-Junction,1,Not an Intersection,0,None,,,1,On Roadway,3,Dark - Lighted,10,Cloudy,0,No Additional Atmospheric Conditions,10,Cloudy,0,No,0000000,Not Applicable,22,10:00pm-10:59pm,47,47,22,10:00pm-10:59pm,50,50,23,11:00pm-11:59pm,33,33,0,None,0,None,0,None,1,0
2018,36,360860,New York,2,2,0,2,2,1,1,87,ROCKLAND (87),5077,RAMAPO,29,29,9,September,2018,7,Saturday,12,12:00pm-12:59pm,5,5,0,This section IS NOT on the NHS,2,Urban,5,Major Collector,4,City or Municipal Highway Agency,6,Local Street - Municipality,SCOTLAND HILL RD,,99998,Not Reported,41.09461111,41.09461111,-74.041430560,-74.041430560,0,No Special Jurisdiction,12,Motor Vehicle In-Transport,1,Front-to-Rear,0,No,1,Non-Junction,1,Not an Intersection,0,None,,,1,On Roadway,1,Daylight,1,Clear,0,No Additional Atmospheric Conditions,1,Clear,0,No,0000000,Not Applicable,12,12:00pm-12:59pm,11,11,12,12:00pm-12:59pm,16,16,12,12:00pm-12:59pm,55,55,0,None,0,None,0,None,1,0
2018,36,360861,New York,1,1,0,0,0,2,2,119,WESTCHESTER (119),4120,NEW ROCHELLE,23,23,6,June,2018,7,Saturday,22,10:00pm-10:59pm,6,6,0,This section IS NOT on the NHS,2,Urban,7,Local,4,City or Municipal Highway Agency,6,Local Street - Municipality,PINEBROOK BLVD,,0,None,40.93510833,40.93510833,-73.778633330,-73.778633330,0,No Special Jurisdiction,30,Utility Pole/Light Support,0,Not a Collision with Motor Vehicle In-Transport,0,No,1,Non-Junction,1,Not an Intersection,0,None,,,4,On Roadside,3,Dark - Lighted,1,Clear,0,No Additional Atmospheric Conditions,1,Clear,0,No,0000000,Not Applicable,22,10:00pm-10:59pm,6,6,22,10:00pm-10:59pm,12,12,99,Unknown,99,Unknown EMS Hospital Arrival Time,0,None,0,None,0,None,1,1
2018,36,360862,New York,2,2,0,0,0,2,2,103,SUFFOLK (103),705,BROOKHAVEN,28,28,11,November,2018,4,Wednesday,14,2:00pm-2:59pm,22,22,0,This section IS NOT on the NHS,2,Urban,4,Minor Arterial,2,County Highway Agency,4,County Road,CR-80,ARTHUR AVE,99998,Not Reported,40.77771111,40.77771111,-72.928233330,-72.928233330,0,No Special Jurisdiction,12,Motor Vehicle In-Transport,6,Angle,0,No,2,Intersection,2,Four-Way Intersection,0,None,,,1,On Roadway,1,Daylight,1,Clear,0,No Additional Atmospheric Conditions,1,Clear,0,No,0000000,Not Applicable,99,Unknown,99,Unknown,99,Unknown EMS Scene Arrival Hour,99,Unknown EMS Scene Arrival Minutes,99,Unknown,99,Unknown EMS Hospital Arrival Time,0,None,0,None,0,None,1,0
2018,36,360863,New York,1,1,0,1,1,1,1,67,ONONDAGA (67),1179,CLAY,10,10,12,December,2018,2,Monday,5,5:00am-5:59am,26,26,1,This section IS ON the NHS,2,Urban,3,Principal Arterial - Other,2,County Highway Agency,4,County Road,CR-45,NORSTAR BLVD,0,None,43.13137500,43.13137500,-76.186655560,-76.186655560,0,No Special Jurisdiction,8,Pedestrian,0,Not a Collision with Motor Vehicle In-Transport,0,No,2,Intersection,3,T-Intersection,0,None,,,1,On Roadway,2,Dark - Not Lighted,10,Cloudy,0,No Additional Atmospheric Conditions,10,Cloudy,0,No,0000000,Not Applicable,5,5:00am-5:59am,26,26,5,5:00am-5:59am,28,28,5,5:00am-5:59am,55,55,0,None,0,None,0,None,1,0
2018,36,360864,New York,2,2,0,1,1,4,4,103,SUFFOLK (103),2840,HUNTINGTON,24,24,11,November,2018,7,Saturday,0,0:00am-0:59am,35,35,1,This section IS ON the NHS,2,Urban,1,Interstate,1,State Highway Agency,1,Interstate,I-495,,0,None,40.78259167,40.78259167,-73.434316670,-73.434316670,0,No Special Jurisdiction,12,Motor Vehicle In-Transport,1,Front-to-Rear,0,No,1,Non-Junction,1,Not an Intersection,0,None,,,1,On Roadway,2,Dark - Not Lighted,1,Clear,0,No Additional Atmospheric Conditions,1,Clear,0,No,0000000,Not Applicable,99,Unknown,99,Unknown,99,Unknown EMS Scene Arrival Hour,99,Unknown EMS Scene Arrival Minutes,99,Unknown,99,Unknown EMS Hospital Arrival Time,23,Indication of a Stalled/Disabled Vehicle,0,None,0,None,1,0
2018,36,360865,New York,2,2,0,0,0,6,6,59,NASSAU (59),4600,OYSTER BAY,7,7,7,July,2018,7,Saturday,19,7:00pm-7:59pm,40,40,0,This section IS NOT on the NHS,2,Urban,4,Minor Arterial,2,County Highway Agency,8,Other,JERUSALEM AVE,SPINDLE RD,0,None,40.74372222,40.74372222,-73.516066670,-73.516066670,0,No Special Jurisdiction,12,Motor Vehicle In-Transport,6,Angle,0,No,2,Intersection,3,T-Intersection,0,None,,,1,On Roadway,1,Daylight,1,Clear,0,No Additional Atmospheric Conditions,1,Clear,0,No,0000000,Not Applicable,99,Unknown,99,Unknown,99,Unknown EMS Scene Arrival Hour,99,Unknown EMS Scene Arrival Minutes,99,Unknown,99,Unknown EMS Hospital Arrival Time,0,None,0,None,0,None,1,0
2018,36,360866,New York,1,1,0,1,1,1,1,103,SUFFOLK (103),2840,HUNTINGTON,3,3,9,September,2018,2,Monday,4,4:00am-4:59am,25,25,0,This section IS NOT on the NHS,2,Urban,4,Minor Arterial,3,Town or Township Highway Agency,8,Other,NEW YORK AVE,E LYONS ST,0,None,40.80630833,40.80630833,-73.405347220,-73.405347220,0,No Special Jurisdiction,9,Pedalcyclist,0,Not a Collision with Motor Vehicle In-Transport,0,No,3,Intersection-Related,3,T-Intersection,0,None,,,1,On Roadway,3,Dark - Lighted,1,Clear,0,No Additional Atmospheric Conditions,1,Clear,0,No,0000000,Not Applicable,99,Unknown,99,Unknown,99,Unknown EMS Scene Arrival Hour,99,Unknown EMS Scene Arrival Minutes,99,Unknown,99,Unknown EMS Hospital Arrival Time,0,None,0,None,0,None,1,0
2018,36,360867,New York,2,2,0,0,0,3,3,113,WARREN (113),5025,POTTERSVILLE,9,9,12,December,2018,1,Sunday,9,9:00am-9:59am,59,59,0,This section IS NOT on the NHS,1,Rural,4,Minor Arterial,1,State Highway Agency,2,U.S. Highway,US-9,,0,None,43.66246944,43.66246944,-73.821383330,-73.821383330,0,No Special Jurisdiction,12,Motor Vehicle In-Transport,6,Angle,0,No,1,Non-Junction,1,Not an Intersection,0,None,,,1,On Roadway,1,Daylight,1,Clear,0,No Additional Atmospheric Conditions,1,Clear,0,No,0000000,Not Applicable,9,9:00am-9:59am,59,59,10,10:00am-10:59am,6,6,99,Unknown,99,Unknown EMS Hospital Arrival Time,0,None,0,None,0,None,2,0
2018,36,360868,New York,1,1,0,1,1,1,1,103,SUFFOLK (103),5769,SMITHTOWN,21,21,12,December,2018,6,Friday,17,5:00pm-5:59pm,40,40,0,This section IS NOT on the NHS,2,Urban,4,Minor Arterial,2,County Highway Agency,8,Other,COMMACK RD,,0,None,40.84270833,40.84270833,-73.293044440,-73.293044440,0,No Special Jurisdiction,8,Pedestrian,0,Not a Collision with Motor Vehicle In-Transport,0,No,1,Non-Junction,1,Not an Intersection,0,None,,,1,On Roadway,2,Dark - Not Lighted,2,Rain,0,No Additional Atmospheric Conditions,2,Rain,0,No,0000000,Not Applicable,99,Unknown,99,Unknown,99,Unknown EMS Scene Arrival Hour,99,Unknown EMS Scene Arrival Minutes,99,Unknown,99,Unknown EMS Hospital Arrival Time,0,None,0,None,0,None,1,0
2018,36,360869,New York,1,1,0,1,1,1,1,95,SCHOHARIE (95),1240,COBLESKILL,9,9,11,November,2018,6,Friday,22,10:00pm-10:59pm,0,0,0,This section IS NOT on the NHS,2,Urban,4,Minor Arterial,1,State Highway Agency,3,State Highway,SR-7,,0,None,42.67963611,42.67963611,-74.475752780,-74.475752780,0,No Special Jurisdiction,8,Pedestrian,0,Not a Collision with Motor Vehicle In-Transport,0,No,1,Non-Junction,1,Not an Intersection,0,None,,,1,On Roadway,3,Dark - Lighted,2,Rain,0,No Additional Atmospheric Conditions,2,Rain,0,No,0000000,Not Applicable,22,10:00pm-10:59pm,1,1,22,10:00pm-10:59pm,6,6,22,10:00pm-10:59pm,16,16,20,Police Pursuit Involved,0,None,0,None,1,0
2018,36,360870,New York,1,1,0,0,0,1,1,103,SUFFOLK (103),5769,SMITHTOWN,7,7,12,December,2018,6,Friday,2,2:00am-2:59am,47,47,1,This section IS ON the NHS,2,Urban,2,Principal Arterial - Other Freeways and Expressways,1,State Highway Agency,8,Other,907K SUNKEN MEADOW PKWY,,0,None,40.83155833,40.83155833,-73.281597220,-73.281597220,0,No Special Jurisdiction,24,Guardrail Face,0,Not a Collision with Motor Vehicle In-Transport,0,No,1,Non-Junction,1,Not an Intersection,0,None,,,4,On Roadside,3,Dark - Lighted,1,Clear,0,No Additional Atmospheric Conditions,1,Clear,0,No,0000000,Not Applicable,4,4:00am-4:59am,29,29,5,5:00am-5:59am,0,0,88,Not Applicable (Not Transported),88,Not Applicable (Not Transported),0,None,0,None,0,None,1,1
2018,36,360872,New York,2,2,0,0,0,3,3,33,FRANKLIN (33),1090,CHATEAUGAY,19,19,12,December,2018,4,Wednesday,14,2:00pm-2:59pm,9,9,1,This section IS ON the NHS,1,Rural,3,Principal Arterial - Other,1,State Highway Agency,2,U.S. Highway,US-11,,0,None,44.92458611,44.92458611,-74.105163890,-74.105163890,0,No Special Jurisdiction,12,Motor Vehicle In-Transport,6,Angle,0,No,8,Driveway Access Related,1,Not an Intersection,0,None,,,1,On Roadway,1,Daylight,1,Clear,0,No Additional Atmospheric Conditions,1,Clear,0,No,0000000,Not Applicable,99,Unknown,99,Unknown,14,2:00pm-2:59pm,18,18,18,6:00pm-6:59pm,0,0,0,None,0,None,0,None,1,0
2018,36,360873,New York,1,1,0,1,1,1,1,55,MONROE (55),2710,HILTON,8,8,12,December,2018,7,Saturday,21,9:00pm-9:59pm,0,0,1,This section IS ON the NHS,2,Urban,3,Principal Arterial - Other,1,State Highway Agency,3,State Highway,SR-104,CR-216,0,None,43.22043056,43.22043056,-77.821916670,-77.821916670,0,No Special Jurisdiction,8,Pedestrian,0,Not a Collision with Motor Vehicle In-Transport,0,No,3,Intersection-Related,2,Four-Way Intersection,0,None,,,1,On Roadway,3,Dark - Lighted,1,Clear,0,No Additional Atmospheric Conditions,1,Clear,0,No,0000000,Not Applicable,21,9:00pm-9:59pm,0,0,21,9:00pm-9:59pm,7,7,88,Not Applicable (Not Transported),88,Not Applicable (Not Transported),0,None,0,None,0,None,1,0
2018,36,360874,New York,1,1,0,1,1,1,1,103,SUFFOLK (103),360,BABYLON,21,21,12,December,2018,6,Friday,20,8:00pm-8:59pm,25,25,1,This section IS ON the NHS,2,Urban,3,Principal Arterial - Other,1,State Highway Agency,3,State Highway,SR-231,AUGUST RD,0,None,40.73455000,40.73455000,-73.320516670,-73.320516670,0,No Special Jurisdiction,8,Pedestrian,0,Not a Collision with Motor Vehicle In-Transport,0,No,3,Intersection-Related,2,Four-Way Intersection,0,None,,,1,On Roadway,3,Dark - Lighted,3,Sleet or Hail,0,No Additional Atmospheric Conditions,3,Sleet or Hail,0,No,0000000,Not Applicable,99,Unknown,99,Unknown,99,Unknown EMS Scene Arrival Hour,99,Unknown EMS Scene Arrival Minutes,99,Unknown,99,Unknown EMS Hospital Arrival Time,0,None,0,None,0,None,1,1
2018,36,360875,New York,1,1,0,1,1,1,1,103,SUFFOLK (103),705,BROOKHAVEN,4,4,12,December,2018,3,Tuesday,10,10:00am-10:59am,50,50,1,This section IS ON the NHS,2,Urban,3,Principal Arterial - Other,2,County Highway Agency,4,County Road,CR-97,SHIRLEY KENNY DR,0,None,40.91412500,40.91412500,-73.116322220,-73.116322220,0,No Special Jurisdiction,8,Pedestrian,0,Not a Collision with Motor Vehicle In-Transport,0,No,3,Intersection-Related,2,Four-Way Intersection,0,None,,,1,On Roadway,1,Daylight,1,Clear,0,No Additional Atmospheric Conditions,1,Clear,0,No,0000000,Not Applicable,99,Unknown,99,Unknown,99,Unknown EMS Scene Arrival Hour,99,Unknown EMS Scene Arrival Minutes,99,Unknown,99,Unknown EMS Hospital Arrival Time,0,None,0,None,0,None,1,0
2018,36,360876,New York,3,2,1,0,0,4,4,103,SUFFOLK (103),705,BROOKHAVEN,22,22,12,December,2018,7,Saturday,22,10:00pm-10:59pm,11,11,0,This section IS NOT on the NHS,2,Urban,7,Local,3,Town or Township Highway Agency,5,Local Street - Township,HUGUENOT DR,FOREST RD W,0,None,40.75396667,40.75396667,-72.857927780,-72.857927780,0,No Special Jurisdiction,12,Motor Vehicle In-Transport,6,Angle,0,No,2,Intersection,2,Four-Way Intersection,0,None,,,1,On Roadway,3,Dark - Lighted,1,Clear,0,No Additional Atmospheric Conditions,1,Clear,0,No,0000000,Not Applicable,99,Unknown,99,Unknown,99,Unknown EMS Scene Arrival Hour,99,Unknown EMS Scene Arrival Minutes,99,Unknown,99,Unknown EMS Hospital Arrival Time,0,None,0,None,0,None,2,1