caseyear,state,st_case,statename,ve_total,ve_forms,pvh_invl,peds,pernotmvit,permvit,persons,county,countyname,city,cityname,day,dayname,month,monthname,year,day_week,day_weekname,hour,hourname,minute,minutename,nhs,nhsname,rur_urb,rur_urbname,func_sys,func_sysname,rd_owner,rd_ownername,route,routename,tway_id,tway_id2,milept,mileptname,latitude,latitudename,longitud,longitudname,sp_jur,sp_jurname,harm_ev,harm_evname,man_coll,man_collname,reljct1,reljct1name,reljct2,reljct2name,typ_int,typ_intname,wrk_zone,wrk_zonename,road_fnc,road_fncname,rel_road,rel_roadname,lgt_cond,lgt_condname,weather1,weather1name,weather2,weather2name,weather,weathername,sch_bus,sch_busname,rail,railname,not_hour,not_hourname,not_min,not_minname,arr_hour,arr_hourname,arr_min,arr_minname,hosp_hr,hosp_hrname,hosp_mn,hosp_mnname,cf1,cf1name,cf2,cf2name,cf3,cf3name,fatals,drunk_dr
2019,36,360110,New York,2,1,1,1,1,1,1,61,NEW YORK (61),4170,NEW YORK,22,22,3,March,2019,6,Friday,21,9:00pm-9:59pm,39,39,1,This section IS ON the NHS,2,Urban,3,Principal Arterial - Other,4,City or Municipal Highway Agency,6,Local Street - Municipality,AMSTERDAM AVE,W 141ST ST,99998,Not Reported,40.82272222,40.82272222,-73.949488890,-73.949488890,0,No Special Jurisdiction,8,Pedestrian,0,The First Harmful Event was Not a Collision with a Motor Vehicle in Transport,0,No,3,Intersection-Related,2,Four-Way Intersection,0,None,,,1,On Roadway,3,Dark - Lighted,1,Clear,0,No Additional Atmospheric Conditions,1,Clear,0,No,0000000,Not Applicable,99,Unknown,99,Unknown,99,Unknown EMS Scene Arrival Hour,99,Unknown EMS Scene Arrival Minutes,99,Unknown,99,Unknown EMS Hospital Arrival Time,0,None,0,None,0,None,1,1
2019,36,360111,New York,2,2,0,0,0,2,2,27,DUTCHESS (27),2870,HYDE PARK,10,10,3,March,2019,1,Sunday,11,11:00am-11:59am,45,45,1,This section IS ON the NHS,1,Rural,3,Principal Arterial - Other,1,State Highway Agency,2,U.S. Highway,US-9,MILLS CROSS RD,99998,Not Reported,41.86543056,41.86543056,-73.915800000,-73.915800000,0,No Special Jurisdiction,48,Snow Bank,0,The First Harmful Event was Not a Collision with a Motor Vehicle in Transport,0,No,3,Intersection-Related,2,Four-Way Intersection,0,None,,,4,On Roadside,1,Daylight,98,Not Reported,0,No Additional Atmospheric Conditions,98,Not Reported,0,No,0000000,Not Applicable,11,11:00am-11:59am,45,45,11,11:00am-11:59am,47,47,14,2:00pm-2:59pm,45,45,0,None,0,None,0,None,1,0
2019,36,360112,New York,2,2,0,0,0,4,4,67,ONONDAGA (67),1750,EAST SYRACUSE,5,5,3,March,2019,3,Tuesday,13,1:00pm-1:59pm,30,30,0,This section IS NOT on the NHS,2,Urban,4,Minor Arterial,1,State Highway Agency,3,State Highway,SR-290,,99998,Not Reported,43.06345556,43.06345556,-76.058938890,-76.058938890,0,No Special Jurisdiction,12,Motor Vehicle In-Transport,6,Angle,0,No,8,Driveway Access Related,1,Not an Intersection,0,None,,,1,On Roadway,1,Daylight,10,Cloudy,0,No Additional Atmospheric Conditions,10,Cloudy,0,No,0000000,Not Applicable,13,1:00pm-1:59pm,33,33,13,1:00pm-1:59pm,42,42,14,2:00pm-2:59pm,6,6,0,None,0,None,0,None,1,0
2019,36,360113,New York,2,2,0,0,0,3,3,23,CORTLAND (23),1380,CORTLAND,4,4,3,March,2019,2,Monday,6,6:00am-6:59am,40,40,1,This section IS ON the NHS,2,Urban,1,Interstate,1,State Highway Agency,1,Interstate,I-81,,99998,Not Reported,42.59295833,42.59295833,-76.134997220,-76.134997220,0,No Special Jurisdiction,12,Motor Vehicle In-Transport,6,Angle,0,No,7,Crossover-Related,1,Not an Intersection,0,None,,,1,On Roadway,4,Dawn,10,Cloudy,0,No Additional Atmospheric Conditions,10,Cloudy,0,No,0000000,Not Applicable,6,6:00am-6:59am,43,43,6,6:00am-6:59am,43,43,7,7:00am-7:59am,23,23,0,None,0,None,0,None,1,1
2019,36,360114,New York,1,1,0,1,1,1,1,47,KINGS (47),4170,NEW YORK CITY,9,9,3,March,2019,7,Saturday,17,5:00pm-5:59pm,37,37,0,This section IS NOT on the NHS,2,Urban,7,Local,4,City or Municipal Highway Agency,6,Local Street - Municipality,MAUJER ST,BUSHWICK AVE,99998,Not Reported,40.71124722,40.71124722,-73.940525000,-73.940525000,0,No Special Jurisdiction,8,Pedestrian,0,The First Harmful Event was Not a Collision with a Motor Vehicle in Transport,0,No,3,Intersection-Related,3,T-Intersection,0,None,,,1,On Roadway,1,Daylight,1,Clear,0,No Additional Atmospheric Conditions,1,Clear,0,No,0000000,Not Applicable,99,Unknown,99,Unknown,99,Unknown EMS Scene Arrival Hour,99,Unknown EMS Scene Arrival Minutes,99,Unknown,99,Unknown EMS Hospital Arrival Time,0,None,0,None,0,None,1,0
2019,36,360115,New York,1,1,0,0,0,1,1,103,SUFFOLK (103),5810,SOUTHAMPTON,12,12,3,March,2019,3,Tuesday,20,8:00pm-8:59pm,29,29,0,This section IS NOT on the NHS,2,Urban,5,Major Collector,3,Town or Township Highway Agency,5,Local Street - Township,BRICK KILN RD,STONEY HILL RD,99998,Not Reported,40.97896111,40.97896111,-72.321158330,-72.321158330,0,No Special Jurisdiction,42,Tree (Standing Only),0,The First Harmful Event was Not a Collision with a Motor Vehicle in Transport,0,No,3,Intersection-Related,3,T-Intersection,0,None,,,4,On Roadside,3,Dark - Lighted,1,Clear,0,No Additional Atmospheric Conditions,1,Clear,0,No,0000000,Not Applicable,20,8:00pm-8:59pm,32,32,99,Unknown EMS Scene Arrival Hour,99,Unknown EMS Scene Arrival Minutes,99,Unknown,99,Unknown EMS Hospital Arrival Time,0,None,0,None,0,None,1,1
2019,36,360116,New York,1,1,0,1,1,1,1,47,KINGS (47),4170,NEW YORK CITY,30,30,3,March,2019,7,Saturday,5,5:00am-5:59am,25,25,1,This section IS ON the NHS,2,Urban,3,Principal Arterial - Other,1,State Highway Agency,3,State Highway,SR-27,VAN SICLEN AVE,99998,Not Reported,40.66065556,40.66065556,-73.885627780,-73.885627780,0,No Special Jurisdiction,8,Pedestrian,0,The First Harmful Event was Not a Collision with a Motor Vehicle in Transport,0,No,3,Intersection-Related,2,Four-Way Intersection,0,None,,,1,On Roadway,3,Dark - Lighted,1,Clear,0,No Additional Atmospheric Conditions,1,Clear,0,No,0000000,Not Applicable,99,Unknown,99,Unknown,99,Unknown EMS Scene Arrival Hour,99,Unknown EMS Scene Arrival Minutes,88,Not Applicable (Not Transported),88,Not Applicable (Not Transported),0,None,0,None,0,None,1,0
2019,36,360117,New York,2,2,0,0,0,2,2,119,WESTCHESTER (119),2555,HARRISON,28,28,3,March,2019,5,Thursday,9,9:00am-9:59am,57,57,0,This section IS NOT on the NHS,2,Urban,4,Minor Arterial,1,State Highway Agency,3,State Highway,SR-120A WESTCHESTER AVE,WEBB AVE,99998,Not Reported,41.00829444,41.00829444,-73.696122220,-73.696122220,0,No Special Jurisdiction,12,Motor Vehicle In-Transport,6,Angle,0,No,2,Intersection,2,Four-Way Intersection,0,None,,,1,On Roadway,1,Daylight,1,Clear,0,No Additional Atmospheric Conditions,1,Clear,0,No,0000000,Not Applicable,9,9:00am-9:59am,57,57,10,10:00am-10:59am,0,0,10,10:00am-10:59am,22,22,0,None,0,None,0,None,1,0
2019,36,360118,New York,3,3,0,0,0,4,4,47,KINGS (47),4170,NEW YORK CITY,30,30,3,March,2019,7,Saturday,16,4:00pm-4:59pm,21,21,0,This section IS NOT on the NHS,2,Urban,7,Local,4,City or Municipal Highway Agency,6,Local Street - Municipality,AVENUE J,E 56 ST,99998,Not Reported,40.62851111,40.62851111,-73.922133330,-73.922133330,0,No Special Jurisdiction,12,Motor Vehicle In-Transport,6,Angle,0,No,2,Intersection,2,Four-Way Intersection,0,None,,,1,On Roadway,1,Daylight,1,Clear,0,No Additional Atmospheric Conditions,1,Clear,0,No,0000000,Not Applicable,99,Unknown,99,Unknown,99,Unknown EMS Scene Arrival Hour,99,Unknown EMS Scene Arrival Minutes,99,Unknown,99,Unknown EMS Hospital Arrival Time,0,None,0,None,0,None,1,1
2019,36,360119,New York,3,1,2,0,0,3,3,47,KINGS (47),4170,NEW YORK CITY,2,2,4,April,2019,3,Tuesday,16,4:00pm-4:59pm,31,31,0,This section IS NOT on the NHS,2,Urban,7,Local,4,City or Municipal Highway Agency,6,Local Street - Municipality,KINGS HWY SVC RD,,99998,Not Reported,40.64336389,40.64336389,-73.925061110,-73.925061110,0,No Special Jurisdiction,42,Tree (Standing Only),0,The First Harmful Event was Not a Collision with a Motor Vehicle in Transport,0,No,1,Non-Junction,1,Not an Intersection,0,None,,,3,On Median,1,Daylight,1,Clear,0,No Additional Atmospheric Conditions,1,Clear,0,No,0000000,Not Applicable,16,4:00pm-4:59pm,31,31,16,4:00pm-4:59pm,35,35,99,Unknown,99,Unknown EMS Hospital Arrival Time,0,None,0,None,0,None,1,0
2019,36,360120,New York,1,1,0,1,1,1,1,61,NEW YORK (61),4170,NEW YORK,25,25,1,January,2019,6,Friday,18,6:00pm-6:59pm,26,26,0,This section IS NOT on the NHS,2,Urban,7,Local,4,City or Municipal Highway Agency,6,Local Street - Municipality,W 116TH ST,CLAREMONT AVE,99998,Not Reported,40.80845278,40.80845278,-73.964880560,-73.964880560,0,No Special Jurisdiction,8,Pedestrian,0,The First Harmful Event was Not a Collision with a Motor Vehicle in Transport,0,No,3,Intersection-Related,2,Four-Way Intersection,0,None,,,1,On Roadway,3,Dark - Lighted,1,Clear,0,No Additional Atmospheric Conditions,1,Clear,0,No,0000000,Not Applicable,99,Unknown,99,Unknown,99,Unknown EMS Scene Arrival Hour,99,Unknown EMS Scene Arrival Minutes,99,Unknown,99,Unknown EMS Hospital Arrival Time,0,None,0,None,0,None,1,0
2019,36,360121,New York,1,1,0,0,0,1,1,13,CHAUTAUQUA (13),2150,FREDONIA,4,4,4,April,2019,5,Thursday,22,10:00pm-10:59pm,20,20,0,This section IS NOT on the NHS,1,Rural,7,Local,2,County Highway Agency,8,Other,ELLICOTT RD,,99998,Not Reported,42.40489444,42.40489444,-79.385394440,-79.385394440,0,No Special Jurisdiction,52,Guardrail End,0,The First Harmful Event was Not a Collision with a Motor Vehicle in Transport,0,No,1,Non-Junction,1,Not an Intersection,0,None,,,4,On Roadside,2,Dark - Not Lighted,1,Clear,0,No Additional Atmospheric Conditions,1,Clear,0,No,0000000,Not Applicable,22,10:00pm-10:59pm,20,20,22,10:00pm-10:59pm,29,29,88,Not Applicable (Not Transported),88,Not Applicable (Not Transported),0,None,0,None,0,None,1,1
2019,36,360122,New York,3,3,0,0,0,3,3,11,CAYUGA (11),5633,SENNETT,4,4,4,April,2019,5,Thursday,14,2:00pm-2:59pm,19,19,1,This section IS ON the NHS,1,Rural,3,Principal Arterial - Other,1,State Highway Agency,3,State Highway,SR-34,,99998,Not Reported,42.98824167,42.98824167,-76.562091670,-76.562091670,0,No Special Jurisdiction,12,Motor Vehicle In-Transport,1,Front-to-Rear,0,No,1,Non-Junction,1,Not an Intersection,0,None,,,1,On Roadway,1,Daylight,1,Clear,0,No Additional Atmospheric Conditions,1,Clear,0,No,0000000,Not Applicable,14,2:00pm-2:59pm,19,19,14,2:00pm-2:59pm,19,19,14,2:00pm-2:59pm,38,38,0,None,0,None,0,None,1,0
2019,36,360123,New York,1,1,0,1,1,1,1,61,NEW YORK (61),4170,NEW YORK,4,4,4,April,2019,5,Thursday,18,6:00pm-6:59pm,53,53,0,This section IS NOT on the NHS,2,Urban,7,Local,4,City or Municipal Highway Agency,6,Local Street - Municipality,SOUTH END AVE,,99998,Not Reported,40.71075000,40.71075000,-74.016055560,-74.016055560,0,No Special Jurisdiction,8,Pedestrian,0,The First Harmful Event was Not a Collision with a Motor Vehicle in Transport,0,No,1,Non-Junction,1,Not an Intersection,0,None,,,1,On Roadway,1,Daylight,1,Clear,0,No Additional Atmospheric Conditions,1,Clear,0,No,0000000,Not Applicable,18,6:00pm-6:59pm,53,53,19,7:00pm-7:59pm,0,0,88,Not Applicable (Not Transported),88,Not Applicable (Not Transported),0,None,0,None,0,None,1,0
2019,36,360124,New York,1,1,0,1,1,1,1,59,NASSAU (59),2600,HEMPSTEAD,23,23,2,February,2019,7,Saturday,19,7:00pm-7:59pm,1,1,0,This section IS NOT on the NHS,2,Urban,4,Minor Arterial,3,Town or Township Highway Agency,5,Local Street - Township,S FRANKLIN ST,STERLING PL,99998,Not Reported,40.69446389,40.69446389,-73.621766670,-73.621766670,0,No Special Jurisdiction,8,Pedestrian,0,The First Harmful Event was Not a Collision with a Motor Vehicle in Transport,0,No,3,Intersection-Related,3,T-Intersection,0,None,,,1,On Roadway,3,Dark - Lighted,1,Clear,0,No Additional Atmospheric Conditions,1,Clear,0,No,0000000,Not Applicable,19,7:00pm-7:59pm,3,3,19,7:00pm-7:59pm,15,15,19,7:00pm-7:59pm,25,25,0,None,0,None,0,None,1,0
2019,36,360125,New York,2,2,0,1,1,2,2,81,QUEENS (81),4170,MIDDLE VILLAGE,4,4,4,April,2019,5,Thursday,22,10:00pm-10:59pm,19,19,0,This section IS NOT on the NHS,2,Urban,4,Minor Arterial,4,City or Municipal Highway Agency,6,Local Street - Municipality,BROOKVILLE BLVD,SUNRISE HWY,99998,Not Reported,40.66564444,40.66564444,-73.739280560,-73.739280560,0,No Special Jurisdiction,8,Pedestrian,0,The First Harmful Event was Not a Collision with a Motor Vehicle in Transport,0,No,3,Intersection-Related,2,Four-Way Intersection,0,None,,,1,On Roadway,3,Dark - Lighted,1,Clear,0,No Additional Atmospheric Conditions,1,Clear,0,No,0000000,Not Applicable,22,10:00pm-10:59pm,19,19,99,Unknown EMS Scene Arrival Hour,99,Unknown EMS Scene Arrival Minutes,99,Unknown,99,Unknown EMS Hospital Arrival Time,0,None,0,None,0,None,1,0
2019,36,360126,New York,1,1,0,2,2,1,1,7,BROOME (7),540,BINGHAMTON,11,11,3,March,2019,2,Monday,15,3:00pm-3:59pm,26,26,0,This section IS NOT on the NHS,2,Urban,5,Major Collector,4,City or Municipal Highway Agency,8,Other,BEETHOVEN ST,,99998,Not Reported,42.09647222,42.09647222,-75.934800000,-75.934800000,0,No Special Jurisdiction,42,Tree (Standing Only),0,The First Harmful Event was Not a Collision with a Motor Vehicle in Transport,0,No,1,Non-Junction,1,Not an Intersection,0,None,,,4,On Roadside,1,Daylight,1,Clear,0,No Additional Atmospheric Conditions,1,Clear,0,No,0000000,Not Applicable,99,Unknown,99,Unknown,99,Unknown EMS Scene Arrival Hour,99,Unknown EMS Scene Arrival Minutes,99,Unknown,99,Unknown EMS Hospital Arrival Time,0,None,0,None,0,None,1,0
2019,36,360127,New York,2,2,0,0,0,2,2,43,HERKIMER (43),3820,MOHAWK,2,2,4,April,2019,3,Tuesday,7,7:00am-7:59am,13,13,1,This section IS ON the NHS,2,Urban,1,Interstate,1,State Highway Agency,1,Interstate,I-90,,99998,Not Reported,99.99990000,Unknown,999.999900000,Unknown,0,No Special Jurisdiction,18,Other Object (not fixed),0,The First Harmful Event was Not a Collision with a Motor Vehicle in Transport,0,No,1,Non-Junction,1,Not an Intersection,0,None,,,1,On Roadway,1,Daylight,1,Clear,0,No Additional Atmospheric Conditions,1,Clear,0,No,0000000,Not Applicable,7,7:00am-7:59am,13,13,7,7:00am-7:59am,20,20,10,10:00am-10:59am,50,50,0,None,0,None,0,None,1,0
2019,36,360128,New York,2,2,0,1,1,3,3,59,NASSAU (59),2600,HEMPSTEAD,2,2,4,April,2019,3,Tuesday,21,9:00pm-9:59pm,6,6,0,This section IS NOT on the NHS,2,Urban,4,Minor Arterial,2,County Highway Agency,8,Other,S FRANKLIN ST,ELM AVE,99998,Not Reported,40.69909167,40.69909167,-73.623172220,-73.623172220,0,No Special Jurisdiction,8,Pedestrian,0,The First Harmful Event was Not a Collision with a Motor Vehicle in Transport,0,No,3,Intersection-Related,3,T-Intersection,0,None,,,1,On Roadway,3,Dark - Lighted,2,Rain,0,No Additional Atmospheric Conditions,2,Rain,0,No,0000000,Not Applicable,21,9:00pm-9:59pm,6,6,21,9:00pm-9:59pm,10,10,99,Unknown,99,Unknown EMS Hospital Arrival Time,0,None,0,None,0,None,1,0
2019,36,360129,New York,1,1,0,0,0,2,2,81,QUEENS (81),4170,MIDDLE VILLAGE,7,7,4,April,2019,1,Sunday,6,6:00am-6:59am,37,37,1,This section IS ON the NHS,2,Urban,3,Principal Arterial - Other,4,City or Municipal Highway Agency,3,State Highway,SR-27 CONDUIT AVE,,14,14,40.66508889,40.66508889,-73.831372220,-73.831372220,0,No Special Jurisdiction,42,Tree (Standing Only),0,The First Harmful Event was Not a Collision with a Motor Vehicle in Transport,0,No,1,Non-Junction,1,Not an Intersection,0,None,,,8,Gore,3,Dark - Lighted,1,Clear,0,No Additional Atmospheric Conditions,1,Clear,0,No,0000000,Not Applicable,6,6:00am-6:59am,39,39,6,6:00am-6:59am,52,52,7,7:00am-7:59am,10,10,0,None,0,None,0,None,1,1
2019,36,360130,New York,1,1,0,0,0,1,1,81,QUEENS (81),4170,MIDDLE VILLAGE,9,9,4,April,2019,3,Tuesday,20,8:00pm-8:59pm,50,50,1,This section IS ON the NHS,2,Urban,2,Principal Arterial - Other Freeways and Expressways,1,State Highway Agency,8,Other,907M GRAND CNTRL PKWY,,99998,Not Reported,40.77168611,40.77168611,-73.875572220,-73.875572220,0,No Special Jurisdiction,1,Rollover/Overturn,0,The First Harmful Event was Not a Collision with a Motor Vehicle in Transport,0,No,1,Non-Junction,1,Not an Intersection,0,None,,,1,On Roadway,3,Dark - Lighted,10,Cloudy,0,No Additional Atmospheric Conditions,10,Cloudy,0,No,0000000,Not Applicable,99,Unknown,99,Unknown,99,Unknown EMS Scene Arrival Hour,99,Unknown EMS Scene Arrival Minutes,99,Unknown,99,Unknown EMS Hospital Arrival Time,0,None,0,None,0,None,1,1
2019,36,360131,New York,2,2,0,1,1,2,2,103,SUFFOLK (103),2920,ISLIP,1,1,1,January,2019,3,Tuesday,1,1:00am-1:59am,30,30,0,This section IS NOT on the NHS,2,Urban,5,Major Collector,3,Town or Township Highway Agency,5,Local Street - Township,LOWELL AVE,CYPRESS ST,99998,Not Reported,40.78428333,40.78428333,-73.190941670,-73.190941670,0,No Special Jurisdiction,8,Pedestrian,0,The First Harmful Event was Not a Collision with a Motor Vehicle in Transport,0,No,3,Intersection-Related,3,T-Intersection,0,None,,,1,On Roadway,3,Dark - Lighted,2,Rain,0,No Additional Atmospheric Conditions,2,Rain,0,No,0000000,Not Applicable,99,Unknown,99,Unknown,99,Unknown EMS Scene Arrival Hour,99,Unknown EMS Scene Arrival Minutes,99,Unknown,99,Unknown EMS Hospital Arrival Time,0,None,0,None,0,None,1,0
2019,36,360132,New York,1,1,0,0,0,1,1,87,ROCKLAND (87),5980,STONY POINT,29,29,3,March,2019,6,Friday,18,6:00pm-6:59pm,10,10,1,This section IS ON the NHS,2,Urban,2,Principal Arterial - Other Freeways and Expressways,1,State Highway Agency,3,State Highway,SR-987C PALISADES INTERST PKWY,,99998,Not Reported,41.23763611,41.23763611,-74.030877780,-74.030877780,0,No Special Jurisdiction,42,Tree (Standing Only),0,The First Harmful Event was Not a Collision with a Motor Vehicle in Transport,0,No,1,Non-Junction,1,Not an Intersection,0,None,,,4,On Roadside,1,Daylight,10,Cloudy,0,No Additional Atmospheric Conditions,10,Cloudy,0,No,0000000,Not Applicable,18,6:00pm-6:59pm,13,13,18,6:00pm-6:59pm,22,22,88,Not Applicable (Not Transported),88,Not Applicable (Not Transported),0,None,0,None,0,None,1,0
2019,36,360133,New York,2,2,0,0,0,2,2,103,SUFFOLK (103),5810,SOUTHAMPTON,19,19,3,March,2019,3,Tuesday,7,7:00am-7:59am,2,2,1,This section IS ON the NHS,2,Urban,3,Principal Arterial - Other,1,State Highway Agency,3,State Highway,SR-24,,99998,Not Reported,40.89110000,40.89110000,-72.564083330,-72.564083330,0,No Special Jurisdiction,12,Motor Vehicle In-Transport,2,Front-to-Front,0,No,1,Non-Junction,1,Not an Intersection,0,None,,,1,On Roadway,1,Daylight,1,Clear,0,No Additional Atmospheric Conditions,1,Clear,0,No,0000000,Not Applicable,8,8:00am-8:59am,32,32,9,9:00am-9:59am,47,47,10,10:00am-10:59am,50,50,0,None,0,None,0,None,1,0
2019,36,360134,New York,2,2,0,0,0,2,2,117,WAYNE (117),3562,MARION,4,4,4,April,2019,5,Thursday,18,6:00pm-6:59pm,21,21,0,This section IS NOT on the NHS,1,Rural,4,Minor Arterial,1,State Highway Agency,3,State Highway,SR-21,,99998,Not Reported,43.12861667,43.12861667,-77.199116670,-77.199116670,0,No Special Jurisdiction,12,Motor Vehicle In-Transport,2,Front-to-Front,0,No,1,Non-Junction,1,Not an Intersection,0,None,,,1,On Roadway,1,Daylight,1,Clear,0,No Additional Atmospheric Conditions,1,Clear,0,No,0000000,Not Applicable,18,6:00pm-6:59pm,21,21,18,6:00pm-6:59pm,25,25,19,7:00pm-7:59pm,14,14,0,None,0,None,0,None,1,1
2019,36,360135,New York,1,1,0,0,0,1,1,69,ONTARIO (69),830,CANANDAIGUA,5,5,4,April,2019,6,Friday,0,0:00am-0:59am,24,24,0,This section IS NOT on the NHS,1,Rural,7,Local,3,Town or Township Highway Agency,5,Local Street - Township,SPANGLE ST,,99998,Not Reported,42.89545556,42.89545556,-77.160980560,-77.160980560,0,No Special Jurisdiction,93,Unknown Fixed Object,0,The First Harmful Event was Not a Collision with a Motor Vehicle in Transport,0,No,1,Non-Junction,1,Not an Intersection,0,None,,,4,On Roadside,2,Dark - Not Lighted,1,Clear,0,No Additional Atmospheric Conditions,1,Clear,0,No,0000000,Not Applicable,0,0:00am-0:59am,24,24,0,0:00am-0:59am,39,39,1,1:00am-1:59am,17,17,0,None,0,None,0,None,1,1
2019,36,360136,New York,1,1,0,0,0,1,1,111,ULSTER (111),3329,LLOYD,5,5,4,April,2019,6,Friday,11,11:00am-11:59am,22,22,1,This section IS ON the NHS,2,Urban,3,Principal Arterial - Other,1,State Highway Agency,2,U.S. Highway,US-9W,,99998,Not Reported,41.71526111,41.71526111,-73.963597220,-73.963597220,0,No Special Jurisdiction,19,Building,0,The First Harmful Event was Not a Collision with a Motor Vehicle in Transport,0,No,1,Non-Junction,1,Not an Intersection,0,None,,,5,Outside Trafficway,1,Daylight,10,Cloudy,0,No Additional Atmospheric Conditions,10,Cloudy,0,No,0000000,Not Applicable,11,11:00am-11:59am,24,24,11,11:00am-11:59am,28,28,11,11:00am-11:59am,40,40,0,None,0,None,0,None,1,0
2019,36,360137,New York,1,1,0,0,0,1,1,105,SULLIVAN (105),3850,MONTICELLO,7,7,4,April,2019,1,Sunday,0,0:00am-0:59am,32,32,0,This section IS NOT on the NHS,2,Urban,5,Major Collector,4,City or Municipal Highway Agency,4,County Road,CR-107 LIBERTY ST,,99998,Not Reported,41.66057222,41.66057222,-74.689475000,-74.689475000,0,No Special Jurisdiction,42,Tree (Standing Only),0,The First Harmful Event was Not a Collision with a Motor Vehicle in Transport,0,No,1,Non-Junction,1,Not an Intersection,0,None,,,4,On Roadside,3,Dark - Lighted,1,Clear,0,No Additional Atmospheric Conditions,1,Clear,0,No,0000000,Not Applicable,0,0:00am-0:59am,32,32,0,0:00am-0:59am,37,37,99,Unknown,99,Unknown EMS Hospital Arrival Time,0,None,0,None,0,None,1,1
2019,36,360139,New York,1,1,0,0,0,3,3,103,SUFFOLK (103),2840,HUNTINGTON,13,13,1,January,2019,1,Sunday,1,1:00am-1:59am,55,55,0,This section IS NOT on the NHS,2,Urban,7,Local,3,Town or Township Highway Agency,5,Local Street - Township,DOVECOTE LN,,99998,Not Reported,40.84631944,40.84631944,-73.295847220,-73.295847220,0,No Special Jurisdiction,33,Curb,0,The First Harmful Event was Not a Collision with a Motor Vehicle in Transport,0,No,1,Non-Junction,1,Not an Intersection,0,None,,,4,On Roadside,3,Dark - Lighted,1,Clear,0,No Additional Atmospheric Conditions,1,Clear,0,No,0000000,Not Applicable,99,Unknown,99,Unknown,99,Unknown EMS Scene Arrival Hour,99,Unknown EMS Scene Arrival Minutes,99,Unknown,99,Unknown EMS Hospital Arrival Time,0,None,0,None,0,None,1,1
2019,36,360140,New York,1,1,0,1,1,2,2,103,SUFFOLK (103),2920,ISLIP,20,20,1,January,2019,1,Sunday,2,2:00am-2:59am,5,5,0,This section IS NOT on the NHS,2,Urban,4,Minor Arterial,2,County Highway Agency,4,County Road,CR-17,JANICE LN,99998,Not Reported,40.79948056,40.79948056,-73.209722220,-73.209722220,0,No Special Jurisdiction,8,Pedestrian,0,The First Harmful Event was Not a Collision with a Motor Vehicle in Transport,0,No,3,Intersection-Related,3,T-Intersection,0,None,,,1,On Roadway,2,Dark - Not Lighted,10,Cloudy,0,No Additional Atmospheric Conditions,10,Cloudy,0,No,0000000,Not Applicable,99,Unknown,99,Unknown,99,Unknown EMS Scene Arrival Hour,99,Unknown EMS Scene Arrival Minutes,88,Not Applicable (Not Transported),88,Not Applicable (Not Transported),0,None,0,None,0,None,1,0
2019,36,360141,New York,1,1,0,0,0,1,1,59,NASSAU (59),2600,HEMPSTEAD,27,27,3,March,2019,4,Wednesday,4,4:00am-4:59am,21,21,1,This section IS ON the NHS,2,Urban,2,Principal Arterial - Other Freeways and Expressways,1,State Highway Agency,3,State Highway,SR-908M,,99998,Not Reported,40.69037500,40.69037500,-73.632561110,-73.632561110,0,No Special Jurisdiction,21,Bridge Pier or Support,0,The First Harmful Event was Not a Collision with a Motor Vehicle in Transport,0,No,1,Non-Junction,1,Not an Intersection,0,None,,,4,On Roadside,3,Dark - Lighted,1,Clear,0,No Additional Atmospheric Conditions,1,Clear,0,No,0000000,Not Applicable,4,4:00am-4:59am,22,22,4,4:00am-4:59am,25,25,4,4:00am-4:59am,45,45,0,None,0,None,0,None,1,0
2019,36,360142,New York,2,2,0,0,0,7,7,103,SUFFOLK (103),360,BABYLON,27,27,1,January,2019,1,Sunday,17,5:00pm-5:59pm,1,1,0,This section IS NOT on the NHS,2,Urban,4,Minor Arterial,2,County Highway Agency,8,Other,BAYSHORE RD,BROOK AVE,99998,Not Reported,40.74255000,40.74255000,-73.308702780,-73.308702780,0,No Special Jurisdiction,12,Motor Vehicle In-Transport,6,Angle,0,No,8,Driveway Access Related,1,Not an Intersection,0,None,,,1,On Roadway,1,Daylight,10,Cloudy,0,No Additional Atmospheric Conditions,10,Cloudy,0,No,0000000,Not Applicable,99,Unknown,99,Unknown,99,Unknown EMS Scene Arrival Hour,99,Unknown EMS Scene Arrival Minutes,99,Unknown,99,Unknown EMS Hospital Arrival Time,0,None,0,None,0,None,1,0
2019,36,360143,New York,1,1,0,1,1,2,2,55,MONROE (55),5230,ROCHESTER,5,5,4,April,2019,6,Friday,14,2:00pm-2:59pm,45,45,1,This section IS ON the NHS,2,Urban,3,Principal Arterial - Other,1,State Highway Agency,3,State Highway,SR-104 W RIDGE RD,,99998,Not Reported,43.19519167,43.19519167,-77.629455560,-77.629455560,0,No Special Jurisdiction,8,Pedestrian,0,The First Harmful Event was Not a Collision with a Motor Vehicle in Transport,0,No,1,Non-Junction,1,Not an Intersection,0,None,,,1,On Roadway,1,Daylight,2,Rain,0,No Additional Atmospheric Conditions,2,Rain,0,No,0000000,Not Applicable,14,2:00pm-2:59pm,46,46,14,2:00pm-2:59pm,53,53,15,3:00pm-3:59pm,21,21,0,None,0,None,0,None,1,0