caseyear,state,st_case,statename,ve_total,ve_forms,pvh_invl,peds,pernotmvit,permvit,persons,county,countyname,city,cityname,day,dayname,month,monthname,year,day_week,day_weekname,hour,hourname,minute,minutename,nhs,nhsname,rur_urb,rur_urbname,func_sys,func_sysname,rd_owner,rd_ownername,route,routename,tway_id,tway_id2,milept,mileptname,latitude,latitudename,longitud,longitudname,sp_jur,sp_jurname,harm_ev,harm_evname,man_coll,man_collname,reljct1,reljct1name,reljct2,reljct2name,typ_int,typ_intname,wrk_zone,wrk_zonename,road_fnc,road_fncname,rel_road,rel_roadname,lgt_cond,lgt_condname,weather1,weather1name,weather2,weather2name,weather,weathername,sch_bus,sch_busname,rail,railname,not_hour,not_hourname,not_min,not_minname,arr_hour,arr_hourname,arr_min,arr_minname,hosp_hr,hosp_hrname,hosp_mn,hosp_mnname,cf1,cf1name,cf2,cf2name,cf3,cf3name,fatals,drunk_dr
2019,36,360144,New York,2,2,0,0,0,2,2,81,QUEENS (81),4170,MIDDLE VILLAGE,11,11,4,April,2019,5,Thursday,5,5:00am-5:59am,28,28,1,This section IS ON the NHS,2,Urban,2,Principal Arterial - Other Freeways and Expressways,1,State Highway Agency,3,State Highway,SR-907B,,99998,Not Reported,40.68163611,40.68163611,-73.727936110,-73.727936110,0,No Special Jurisdiction,1,Rollover/Overturn,0,The First Harmful Event was Not a Collision with a Motor Vehicle in Transport,0,No,1,Non-Junction,1,Not an Intersection,0,None,,,1,On Roadway,3,Dark - Lighted,1,Clear,0,No Additional Atmospheric Conditions,1,Clear,0,No,0000000,Not Applicable,99,Unknown,99,Unknown,99,Unknown EMS Scene Arrival Hour,99,Unknown EMS Scene Arrival Minutes,99,Unknown,99,Unknown EMS Hospital Arrival Time,14,"Motor Vehicle struck by falling cargo,or something that came loose from or something that was set in motion by a vehicle",0,None,0,None,1,0
2019,36,360145,New York,2,2,0,1,1,2,2,103,SUFFOLK (103),705,BROOKHAVEN,2,2,2,February,2019,7,Saturday,23,11:00pm-11:59pm,53,53,0,This section IS NOT on the NHS,2,Urban,4,Minor Arterial,3,Town or Township Highway Agency,5,Local Street - Township,MASTIC RD,SOUTHAVEN AVE,99998,Not Reported,40.79833333,40.79833333,-72.840644440,-72.840644440,0,No Special Jurisdiction,8,Pedestrian,0,The First Harmful Event was Not a Collision with a Motor Vehicle in Transport,0,No,2,Intersection,2,Four-Way Intersection,0,None,,,1,On Roadway,3,Dark - Lighted,1,Clear,0,No Additional Atmospheric Conditions,1,Clear,0,No,0000000,Not Applicable,99,Unknown,99,Unknown,99,Unknown EMS Scene Arrival Hour,99,Unknown EMS Scene Arrival Minutes,99,Unknown,99,Unknown EMS Hospital Arrival Time,0,None,0,None,0,None,1,0
2019,36,360146,New York,2,2,0,0,0,2,2,79,PUTNAM (79),1280,COLD SPRING,13,13,4,April,2019,7,Saturday,6,6:00am-6:59am,21,21,1,This section IS ON the NHS,1,Rural,3,Principal Arterial - Other,1,State Highway Agency,2,U.S. Highway,US-9,,99998,Not Reported,41.44214167,41.44214167,-73.916577780,-73.916577780,0,No Special Jurisdiction,12,Motor Vehicle In-Transport,6,Angle,0,No,1,Non-Junction,1,Not an Intersection,0,None,,,1,On Roadway,4,Dawn,2,Rain,0,No Additional Atmospheric Conditions,2,Rain,0,No,0000000,Not Applicable,6,6:00am-6:59am,21,21,99,Unknown EMS Scene Arrival Hour,99,Unknown EMS Scene Arrival Minutes,99,Unknown,99,Unknown EMS Hospital Arrival Time,0,None,0,None,0,None,1,1
2019,36,360147,New York,1,1,0,0,0,1,1,103,SUFFOLK (103),5981,STONY BROOK,8,8,2,February,2019,6,Friday,11,11:00am-11:59am,23,23,1,This section IS ON the NHS,2,Urban,3,Principal Arterial - Other,2,County Highway Agency,4,County Road,CR-97 NICOLLS RD,,99998,Not Reported,40.90528889,40.90528889,-73.117080560,-73.117080560,0,No Special Jurisdiction,42,Tree (Standing Only),0,The First Harmful Event was Not a Collision with a Motor Vehicle in Transport,0,No,1,Non-Junction,1,Not an Intersection,0,None,,,4,On Roadside,1,Daylight,10,Cloudy,0,No Additional Atmospheric Conditions,10,Cloudy,0,No,0000000,Not Applicable,99,Unknown,99,Unknown,99,Unknown EMS Scene Arrival Hour,99,Unknown EMS Scene Arrival Minutes,99,Unknown,99,Unknown EMS Hospital Arrival Time,0,None,0,None,0,None,1,1
2019,36,360148,New York,2,2,0,0,0,2,2,103,SUFFOLK (103),5675,SHIRLEY,10,10,2,February,2019,1,Sunday,0,0:00am-0:59am,50,50,1,This section IS ON the NHS,2,Urban,2,Principal Arterial - Other Freeways and Expressways,2,County Highway Agency,8,Other,WILLIAM FLOYD PKWY,DAWN DR,99998,Not Reported,40.81280000,40.81280000,-72.875238890,-72.875238890,0,No Special Jurisdiction,12,Motor Vehicle In-Transport,1,Front-to-Rear,0,No,2,Intersection,2,Four-Way Intersection,0,None,,,1,On Roadway,3,Dark - Lighted,1,Clear,0,No Additional Atmospheric Conditions,1,Clear,0,No,0000000,Not Applicable,99,Unknown,99,Unknown,99,Unknown EMS Scene Arrival Hour,99,Unknown EMS Scene Arrival Minutes,99,Unknown,99,Unknown EMS Hospital Arrival Time,0,None,0,None,0,None,1,1
2019,36,360149,New York,2,2,0,0,0,5,5,103,SUFFOLK (103),705,BROOKHAVEN,9,9,2,February,2019,7,Saturday,23,11:00pm-11:59pm,51,51,1,This section IS ON the NHS,2,Urban,3,Principal Arterial - Other,1,State Highway Agency,3,State Highway,SR-25,BIRCHWOOD PARK DR,99998,Not Reported,40.88054167,40.88054167,-72.955994440,-72.955994440,0,No Special Jurisdiction,12,Motor Vehicle In-Transport,98,Not Reported,0,No,2,Intersection,3,T-Intersection,0,None,,,1,On Roadway,3,Dark - Lighted,1,Clear,0,No Additional Atmospheric Conditions,1,Clear,0,No,0000000,Not Applicable,99,Unknown,99,Unknown,99,Unknown EMS Scene Arrival Hour,99,Unknown EMS Scene Arrival Minutes,99,Unknown,99,Unknown EMS Hospital Arrival Time,0,None,0,None,0,None,3,1
2019,36,360150,New York,1,1,0,0,0,1,1,103,SUFFOLK (103),2920,ISLIP,11,11,2,February,2019,2,Monday,12,12:00pm-12:59pm,39,39,0,This section IS NOT on the NHS,2,Urban,5,Major Collector,3,Town or Township Highway Agency,5,Local Street - Township,HAWTHORNE AVE,HALF MILE RD,99998,Not Reported,40.79937222,40.79937222,-73.196525000,-73.196525000,0,No Special Jurisdiction,30,Utility Pole/Light Support,0,The First Harmful Event was Not a Collision with a Motor Vehicle in Transport,0,No,3,Intersection-Related,3,T-Intersection,0,None,,,4,On Roadside,1,Daylight,1,Clear,0,No Additional Atmospheric Conditions,1,Clear,0,No,0000000,Not Applicable,99,Unknown,99,Unknown,99,Unknown EMS Scene Arrival Hour,99,Unknown EMS Scene Arrival Minutes,99,Unknown,99,Unknown EMS Hospital Arrival Time,0,None,0,None,0,None,1,0
2019,36,360151,New York,1,1,0,0,0,3,3,103,SUFFOLK (103),705,BROOKHAVEN,10,10,2,February,2019,1,Sunday,4,4:00am-4:59am,0,0,1,This section IS ON the NHS,2,Urban,3,Principal Arterial - Other,1,State Highway Agency,3,State Highway,SR-25 MIDDLE COUNTRY RD,HOMESTEAD DR,99998,Not Reported,40.87357778,40.87357778,-72.982033330,-72.982033330,0,No Special Jurisdiction,30,Utility Pole/Light Support,0,The First Harmful Event was Not a Collision with a Motor Vehicle in Transport,0,No,3,Intersection-Related,3,T-Intersection,0,None,,,4,On Roadside,3,Dark - Lighted,1,Clear,0,No Additional Atmospheric Conditions,1,Clear,0,No,0000000,Not Applicable,99,Unknown,99,Unknown,99,Unknown EMS Scene Arrival Hour,99,Unknown EMS Scene Arrival Minutes,99,Unknown,99,Unknown EMS Hospital Arrival Time,0,None,0,None,0,None,1,0
2019,36,360152,New York,1,1,0,1,1,1,1,103,SUFFOLK (103),2920,ISLIP,14,14,2,February,2019,5,Thursday,19,7:00pm-7:59pm,20,20,0,This section IS NOT on the NHS,2,Urban,4,Minor Arterial,2,County Highway Agency,4,County Road,CR-93,,99998,Not Reported,40.82668333,40.82668333,-73.133233330,-73.133233330,0,No Special Jurisdiction,8,Pedestrian,0,The First Harmful Event was Not a Collision with a Motor Vehicle in Transport,0,No,1,Non-Junction,1,Not an Intersection,0,None,,,1,On Roadway,3,Dark - Lighted,1,Clear,0,No Additional Atmospheric Conditions,1,Clear,0,No,0000000,Not Applicable,99,Unknown,99,Unknown,99,Unknown EMS Scene Arrival Hour,99,Unknown EMS Scene Arrival Minutes,88,Not Applicable (Not Transported),88,Not Applicable (Not Transported),0,None,0,None,0,None,1,0
2019,36,360153,New York,2,2,0,0,0,3,3,103,SUFFOLK (103),705,BROOKHAVEN,20,20,2,February,2019,4,Wednesday,19,7:00pm-7:59pm,8,8,0,This section IS NOT on the NHS,2,Urban,4,Minor Arterial,2,County Highway Agency,4,County Road,CR-80 MONTAUK HWY,,99998,Not Reported,40.80104167,40.80104167,-72.882691670,-72.882691670,0,No Special Jurisdiction,12,Motor Vehicle In-Transport,6,Angle,0,No,1,Non-Junction,1,Not an Intersection,0,None,,,1,On Roadway,3,Dark - Lighted,98,Not Reported,0,No Additional Atmospheric Conditions,98,Not Reported,0,No,0000000,Not Applicable,99,Unknown,99,Unknown,99,Unknown EMS Scene Arrival Hour,99,Unknown EMS Scene Arrival Minutes,99,Unknown,99,Unknown EMS Hospital Arrival Time,0,None,0,None,0,None,1,0
2019,36,360154,New York,1,1,0,0,0,1,1,103,SUFFOLK (103),2920,ISLIP,22,22,2,February,2019,6,Friday,4,4:00am-4:59am,14,14,1,This section IS ON the NHS,2,Urban,3,Principal Arterial - Other,1,State Highway Agency,3,State Highway,SR-111 WHEELER RD,,99998,Not Reported,40.81110556,40.81110556,-73.217650000,-73.217650000,0,No Special Jurisdiction,39,Wall,0,The First Harmful Event was Not a Collision with a Motor Vehicle in Transport,0,No,1,Non-Junction,1,Not an Intersection,0,None,,,4,On Roadside,3,Dark - Lighted,10,Cloudy,0,No Additional Atmospheric Conditions,10,Cloudy,0,No,0000000,Not Applicable,99,Unknown,99,Unknown,99,Unknown EMS Scene Arrival Hour,99,Unknown EMS Scene Arrival Minutes,88,Not Applicable (Not Transported),88,Not Applicable (Not Transported),0,None,0,None,0,None,1,1
2019,36,360155,New York,1,1,0,2,2,1,1,103,SUFFOLK (103),705,BROOKHAVEN,24,24,2,February,2019,1,Sunday,2,2:00am-2:59am,30,30,0,This section IS NOT on the NHS,2,Urban,4,Minor Arterial,2,County Highway Agency,4,County Road,CR-80 MONTAUK HWY,ORCHARD RD,99998,Not Reported,40.76926389,40.76926389,-72.971188890,-72.971188890,0,No Special Jurisdiction,8,Pedestrian,0,The First Harmful Event was Not a Collision with a Motor Vehicle in Transport,0,No,3,Intersection-Related,3,T-Intersection,0,None,,,1,On Roadway,3,Dark - Lighted,2,Rain,0,No Additional Atmospheric Conditions,2,Rain,0,No,0000000,Not Applicable,99,Unknown,99,Unknown,99,Unknown EMS Scene Arrival Hour,99,Unknown EMS Scene Arrival Minutes,99,Unknown,99,Unknown EMS Hospital Arrival Time,0,None,0,None,0,None,1,0
2019,36,360156,New York,1,1,0,1,1,1,1,87,ROCKLAND (87),5077,RAMAPO,3,3,1,January,2019,5,Thursday,20,8:00pm-8:59pm,5,5,0,This section IS NOT on the NHS,2,Urban,4,Minor Arterial,2,County Highway Agency,8,Other,W ECKERSON RD,,99998,Not Reported,41.12782500,41.12782500,-74.041716670,-74.041716670,0,No Special Jurisdiction,8,Pedestrian,0,The First Harmful Event was Not a Collision with a Motor Vehicle in Transport,0,No,1,Non-Junction,1,Not an Intersection,0,None,,,1,On Roadway,3,Dark - Lighted,10,Cloudy,0,No Additional Atmospheric Conditions,10,Cloudy,0,No,0000000,Not Applicable,20,8:00pm-8:59pm,3,3,20,8:00pm-8:59pm,5,5,20,8:00pm-8:59pm,35,35,0,None,0,None,0,None,1,0
2019,36,360157,New York,2,2,0,1,1,2,2,91,SARATOGA (91),389,BALLSTON LAKE,3,3,3,March,2019,1,Sunday,19,7:00pm-7:59pm,39,39,1,This section IS ON the NHS,2,Urban,3,Principal Arterial - Other,1,State Highway Agency,3,State Highway,SR-50,,99998,Not Reported,42.98027222,42.98027222,-73.858752780,-73.858752780,0,No Special Jurisdiction,8,Pedestrian,0,The First Harmful Event was Not a Collision with a Motor Vehicle in Transport,0,No,1,Non-Junction,1,Not an Intersection,0,None,,,1,On Roadway,2,Dark - Not Lighted,4,Snow,0,No Additional Atmospheric Conditions,4,Snow,0,No,0000000,Not Applicable,19,7:00pm-7:59pm,36,36,19,7:00pm-7:59pm,42,42,88,Not Applicable (Not Transported),88,Not Applicable (Not Transported),0,None,0,None,0,None,1,0
2019,36,360158,New York,1,1,0,0,0,1,1,71,ORANGE (71),6410,WARWICK,9,9,4,April,2019,3,Tuesday,7,7:00am-7:59am,30,30,0,This section IS NOT on the NHS,2,Urban,5,Major Collector,2,County Highway Agency,4,County Road,CR-21,,99998,Not Reported,41.23392778,41.23392778,-74.380188890,-74.380188890,0,No Special Jurisdiction,35,Embankment,0,The First Harmful Event was Not a Collision with a Motor Vehicle in Transport,0,No,1,Non-Junction,1,Not an Intersection,0,None,,,4,On Roadside,1,Daylight,1,Clear,0,No Additional Atmospheric Conditions,1,Clear,0,No,0000000,Not Applicable,7,7:00am-7:59am,30,30,7,7:00am-7:59am,43,43,88,Not Applicable (Not Transported),88,Not Applicable (Not Transported),0,None,0,None,0,None,1,0
2019,36,360159,New York,5,3,2,0,0,4,4,29,ERIE (29),750,BUFFALO,6,6,3,March,2019,4,Wednesday,18,6:00pm-6:59pm,30,30,1,This section IS ON the NHS,2,Urban,3,Principal Arterial - Other,4,City or Municipal Highway Agency,2,U.S. Highway,US-62 S PARK AVE,MARILLA ST,99998,Not Reported,42.83721111,42.83721111,-78.823827780,-78.823827780,0,No Special Jurisdiction,12,Motor Vehicle In-Transport,6,Angle,0,No,3,Intersection-Related,3,T-Intersection,0,None,,,1,On Roadway,3,Dark - Lighted,10,Cloudy,0,No Additional Atmospheric Conditions,10,Cloudy,0,No,0000000,Not Applicable,99,Unknown,99,Unknown,99,Unknown EMS Scene Arrival Hour,99,Unknown EMS Scene Arrival Minutes,99,Unknown,99,Unknown EMS Hospital Arrival Time,14,"Motor Vehicle struck by falling cargo,or something that came loose from or something that was set in motion by a vehicle",0,None,0,None,1,0
2019,36,360160,New York,2,2,0,0,0,2,2,75,OSWEGO (75),6712,WILLIAMSTOWN,30,30,3,March,2019,7,Saturday,11,11:00am-11:59am,45,45,0,This section IS NOT on the NHS,1,Rural,4,Minor Arterial,1,State Highway Agency,3,State Highway,SR-13,CR-19,99998,Not Reported,43.42212778,43.42212778,-75.885827780,-75.885827780,0,No Special Jurisdiction,12,Motor Vehicle In-Transport,2,Front-to-Front,0,No,2,Intersection,3,T-Intersection,0,None,,,1,On Roadway,1,Daylight,2,Rain,0,No Additional Atmospheric Conditions,2,Rain,0,No,0000000,Not Applicable,11,11:00am-11:59am,45,45,11,11:00am-11:59am,53,53,99,Unknown,99,Unknown EMS Hospital Arrival Time,0,None,0,None,0,None,1,0
2019,36,360161,New York,1,1,0,1,1,1,1,15,CHEMUNG (15),1850,ELMIRA,9,9,4,April,2019,3,Tuesday,14,2:00pm-2:59pm,2,2,0,This section IS NOT on the NHS,2,Urban,4,Minor Arterial,4,City or Municipal Highway Agency,8,Other,GRAND CENTRAL AVE,,99998,Not Reported,42.11594722,42.11594722,-76.814280560,-76.814280560,0,No Special Jurisdiction,9,Pedalcyclist,0,The First Harmful Event was Not a Collision with a Motor Vehicle in Transport,0,No,16,Shared-Use Path Crossing,1,Not an Intersection,0,None,,,1,On Roadway,1,Daylight,1,Clear,0,No Additional Atmospheric Conditions,1,Clear,0,No,0000000,Not Applicable,14,2:00pm-2:59pm,6,6,14,2:00pm-2:59pm,7,7,14,2:00pm-2:59pm,14,14,0,None,0,None,0,None,1,1
2019,36,360162,New York,1,1,0,0,0,2,2,9,CATTARAUGUS (9),5410,SALAMANCA,13,13,4,April,2019,7,Saturday,17,5:00pm-5:59pm,38,38,0,This section IS NOT on the NHS,1,Rural,5,Major Collector,1,State Highway Agency,3,State Highway,SR-950A W BANK PERIMETER LN,,99998,Not Reported,42.00043889,42.00043889,-78.982658330,-78.982658330,0,No Special Jurisdiction,24,Guardrail Face,0,The First Harmful Event was Not a Collision with a Motor Vehicle in Transport,0,No,1,Non-Junction,1,Not an Intersection,0,None,,,4,On Roadside,1,Daylight,10,Cloudy,0,No Additional Atmospheric Conditions,10,Cloudy,0,No,0000000,Not Applicable,17,5:00pm-5:59pm,40,40,17,5:00pm-5:59pm,54,54,88,Not Applicable (Not Transported),88,Not Applicable (Not Transported),0,None,0,None,0,None,2,1
2019,36,360163,New York,4,4,0,0,0,4,4,109,TOMPKINS (109),3146,LANSING,12,12,4,April,2019,6,Friday,14,2:00pm-2:59pm,1,1,1,This section IS ON the NHS,2,Urban,2,Principal Arterial - Other Freeways and Expressways,1,State Highway Agency,3,State Highway,SR-13,,99998,Not Reported,42.48160833,42.48160833,-76.475613890,-76.475613890,0,No Special Jurisdiction,12,Motor Vehicle In-Transport,6,Angle,0,No,1,Non-Junction,1,Not an Intersection,0,None,,,1,On Roadway,1,Daylight,10,Cloudy,0,No Additional Atmospheric Conditions,10,Cloudy,0,No,0000000,Not Applicable,14,2:00pm-2:59pm,1,1,14,2:00pm-2:59pm,14,14,15,3:00pm-3:59pm,43,43,0,None,0,None,0,None,1,0
2019,36,360164,New York,1,1,0,0,0,1,1,117,WAYNE (117),4030,NEWARK,1,1,4,April,2019,2,Monday,12,12:00pm-12:59pm,8,8,0,This section IS NOT on the NHS,1,Rural,5,Major Collector,1,State Highway Agency,3,State Highway,SR-88,,99998,Not Reported,43.10133889,43.10133889,-77.076252780,-77.076252780,0,No Special Jurisdiction,42,Tree (Standing Only),0,The First Harmful Event was Not a Collision with a Motor Vehicle in Transport,0,No,1,Non-Junction,1,Not an Intersection,0,None,,,4,On Roadside,1,Daylight,10,Cloudy,0,No Additional Atmospheric Conditions,10,Cloudy,0,No,0000000,Not Applicable,12,12:00pm-12:59pm,9,9,12,12:00pm-12:59pm,14,14,13,1:00pm-1:59pm,0,0,0,None,0,None,0,None,1,0
2019,36,360165,New York,3,1,2,0,0,1,1,81,QUEENS (81),4170,MIDDLE VILLAGE,14,14,4,April,2019,1,Sunday,13,1:00pm-1:59pm,45,45,1,This section IS ON the NHS,2,Urban,3,Principal Arterial - Other,4,City or Municipal Highway Agency,6,Local Street - Municipality,UTOPIA PARKWAY,,99998,Not Reported,40.77731389,40.77731389,-73.793322220,-73.793322220,0,No Special Jurisdiction,1,Rollover/Overturn,0,The First Harmful Event was Not a Collision with a Motor Vehicle in Transport,0,No,1,Non-Junction,1,Not an Intersection,0,None,,,7,In Parking Lane/Zone,1,Daylight,1,Clear,0,No Additional Atmospheric Conditions,1,Clear,0,No,0000000,Not Applicable,99,Unknown,99,Unknown,99,Unknown EMS Scene Arrival Hour,99,Unknown EMS Scene Arrival Minutes,99,Unknown,99,Unknown EMS Hospital Arrival Time,14,"Motor Vehicle struck by falling cargo,or something that came loose from or something that was set in motion by a vehicle",0,None,0,None,1,0
2019,36,360166,New York,1,1,0,1,1,1,1,61,NEW YORK (61),4170,NEW YORK,16,16,4,April,2019,3,Tuesday,8,8:00am-8:59am,41,41,1,This section IS ON the NHS,2,Urban,3,Principal Arterial - Other,4,City or Municipal Highway Agency,6,Local Street - Municipality,BROADWAY,W 149TH ST,99998,Not Reported,40.82885000,40.82885000,-73.948491670,-73.948491670,0,No Special Jurisdiction,8,Pedestrian,0,The First Harmful Event was Not a Collision with a Motor Vehicle in Transport,0,No,3,Intersection-Related,3,T-Intersection,0,None,,,1,On Roadway,1,Daylight,1,Clear,0,No Additional Atmospheric Conditions,1,Clear,0,No,0000000,Not Applicable,8,8:00am-8:59am,41,41,8,8:00am-8:59am,50,50,9,9:00am-9:59am,7,7,0,None,0,None,0,None,1,0
2019,36,360167,New York,1,1,0,1,1,1,1,47,KINGS (47),4170,NEW YORK CITY,3,3,4,April,2019,4,Wednesday,4,4:00am-4:59am,46,46,1,This section IS ON the NHS,2,Urban,3,Principal Arterial - Other,4,City or Municipal Highway Agency,6,Local Street - Municipality,FLATBUSH AVE,NOSTRAND AVE,99998,Not Reported,40.63276667,40.63276667,-73.947541670,-73.947541670,0,No Special Jurisdiction,8,Pedestrian,0,The First Harmful Event was Not a Collision with a Motor Vehicle in Transport,0,No,3,Intersection-Related,2,Four-Way Intersection,0,None,,,1,On Roadway,3,Dark - Lighted,10,Cloudy,0,No Additional Atmospheric Conditions,10,Cloudy,0,No,0000000,Not Applicable,4,4:00am-4:59am,99,Unknown,4,4:00am-4:59am,52,52,88,Not Applicable (Not Transported),88,Not Applicable (Not Transported),0,None,0,None,0,None,1,0
2019,36,360168,New York,3,1,2,0,1,2,3,61,NEW YORK (61),4170,NEW YORK,16,16,4,April,2019,3,Tuesday,1,1:00am-1:59am,4,4,0,This section IS NOT on the NHS,2,Urban,4,Minor Arterial,4,City or Municipal Highway Agency,6,Local Street - Municipality,ST NICHOLAS AVE,W 190TH ST,99998,Not Reported,40.85495278,40.85495278,-73.929522220,-73.929522220,0,No Special Jurisdiction,14,Parked Motor Vehicle,0,The First Harmful Event was Not a Collision with a Motor Vehicle in Transport,0,No,3,Intersection-Related,2,Four-Way Intersection,0,None,,,7,In Parking Lane/Zone,3,Dark - Lighted,1,Clear,0,No Additional Atmospheric Conditions,1,Clear,0,No,0000000,Not Applicable,99,Unknown,99,Unknown,99,Unknown EMS Scene Arrival Hour,99,Unknown EMS Scene Arrival Minutes,99,Unknown,99,Unknown EMS Hospital Arrival Time,0,None,0,None,0,None,1,0
2019,36,360169,New York,1,1,0,1,1,2,2,63,NIAGARA (63),4210,NIAGARA FALLS,23,23,1,January,2019,4,Wednesday,19,7:00pm-7:59pm,56,56,0,This section IS NOT on the NHS,2,Urban,4,Minor Arterial,1,State Highway Agency,3,State Highway,SR-384 BUFFALO AVE,,99998,Not Reported,43.07803611,43.07803611,-78.961911110,-78.961911110,0,No Special Jurisdiction,8,Pedestrian,0,The First Harmful Event was Not a Collision with a Motor Vehicle in Transport,0,No,1,Non-Junction,1,Not an Intersection,0,None,,,1,On Roadway,3,Dark - Lighted,2,Rain,0,No Additional Atmospheric Conditions,2,Rain,0,No,0000000,Not Applicable,99,Unknown,99,Unknown,99,Unknown EMS Scene Arrival Hour,99,Unknown EMS Scene Arrival Minutes,99,Unknown,99,Unknown EMS Hospital Arrival Time,0,None,0,None,0,None,1,0
2019,36,360171,New York,1,1,0,1,1,1,1,47,KINGS (47),4170,NEW YORK CITY,17,17,4,April,2019,4,Wednesday,17,5:00pm-5:59pm,31,31,0,This section IS NOT on the NHS,2,Urban,7,Local,4,City or Municipal Highway Agency,6,Local Street - Municipality,47TH ST,,99998,Not Reported,40.63054167,40.63054167,-73.981669440,-73.981669440,0,No Special Jurisdiction,9,Pedalcyclist,0,The First Harmful Event was Not a Collision with a Motor Vehicle in Transport,0,No,1,Non-Junction,1,Not an Intersection,0,None,,,1,On Roadway,1,Daylight,1,Clear,0,No Additional Atmospheric Conditions,1,Clear,0,No,0000000,Not Applicable,99,Unknown,99,Unknown,99,Unknown EMS Scene Arrival Hour,99,Unknown EMS Scene Arrival Minutes,99,Unknown,99,Unknown EMS Hospital Arrival Time,0,None,0,None,0,None,1,0
2019,36,360172,New York,2,2,0,1,1,2,2,81,QUEENS (81),4170,MIDDLE VILLAGE,17,17,4,April,2019,4,Wednesday,14,2:00pm-2:59pm,56,56,0,This section IS NOT on the NHS,2,Urban,7,Local,4,City or Municipal Highway Agency,6,Local Street - Municipality,GIPSON ST,,99998,Not Reported,40.60408333,40.60408333,-73.759188890,-73.759188890,0,No Special Jurisdiction,8,Pedestrian,0,The First Harmful Event was Not a Collision with a Motor Vehicle in Transport,0,No,1,Non-Junction,1,Not an Intersection,0,None,,,1,On Roadway,1,Daylight,1,Clear,0,No Additional Atmospheric Conditions,1,Clear,1,Yes,0000000,Not Applicable,99,Unknown,99,Unknown,99,Unknown EMS Scene Arrival Hour,99,Unknown EMS Scene Arrival Minutes,99,Unknown,99,Unknown EMS Hospital Arrival Time,0,None,0,None,0,None,1,0
2019,36,360173,New York,1,1,0,1,1,1,1,85,RICHMOND (85),4170,NEW YORK CITY,20,20,4,April,2019,7,Saturday,22,10:00pm-10:59pm,30,30,1,This section IS ON the NHS,2,Urban,3,Principal Arterial - Other,4,City or Municipal Highway Agency,6,Local Street - Municipality,BRADLEY AVE,PURDY AVE,99998,Not Reported,40.61020556,40.61020556,-74.132305560,-74.132305560,0,No Special Jurisdiction,8,Pedestrian,0,The First Harmful Event was Not a Collision with a Motor Vehicle in Transport,0,No,3,Intersection-Related,2,Four-Way Intersection,0,None,,,1,On Roadway,3,Dark - Lighted,1,Clear,0,No Additional Atmospheric Conditions,1,Clear,0,No,0000000,Not Applicable,22,10:00pm-10:59pm,30,30,99,Unknown EMS Scene Arrival Hour,99,Unknown EMS Scene Arrival Minutes,99,Unknown,99,Unknown EMS Hospital Arrival Time,0,None,0,None,0,None,1,0
2019,36,360174,New York,1,1,0,1,1,1,1,59,NASSAU (59),2600,HEMPSTEAD,20,20,4,April,2019,7,Saturday,23,11:00pm-11:59pm,55,55,1,This section IS ON the NHS,2,Urban,3,Principal Arterial - Other,1,State Highway Agency,3,State Highway,SR-27,WANTAGH AVE,99998,Not Reported,40.67188889,40.67188889,-73.510436110,-73.510436110,0,No Special Jurisdiction,8,Pedestrian,0,The First Harmful Event was Not a Collision with a Motor Vehicle in Transport,0,No,3,Intersection-Related,2,Four-Way Intersection,0,None,,,1,On Roadway,3,Dark - Lighted,1,Clear,0,No Additional Atmospheric Conditions,1,Clear,0,No,0000000,Not Applicable,23,11:00pm-11:59pm,55,55,23,11:00pm-11:59pm,57,57,0,0:00am-0:59am,24,24,0,None,0,None,0,None,1,0
2019,36,360175,New York,3,3,0,0,0,4,4,97,SCHUYLER (97),1003,CAYUTA,18,18,4,April,2019,5,Thursday,12,12:00pm-12:59pm,56,56,1,This section IS ON the NHS,1,Rural,3,Principal Arterial - Other,1,State Highway Agency,3,State Highway,SR-13,SWARTWOOD RD,99998,Not Reported,42.29244444,42.29244444,-76.706447220,-76.706447220,0,No Special Jurisdiction,12,Motor Vehicle In-Transport,6,Angle,0,No,1,Non-Junction,1,Not an Intersection,0,None,,,1,On Roadway,1,Daylight,1,Clear,0,No Additional Atmospheric Conditions,1,Clear,0,No,0000000,Not Applicable,12,12:00pm-12:59pm,56,56,13,1:00pm-1:59pm,7,7,99,Unknown,99,Unknown EMS Hospital Arrival Time,0,None,0,None,0,None,1,0