caseyear,state,st_case,statename,ve_total,ve_forms,pvh_invl,peds,pernotmvit,permvit,persons,county,countyname,city,cityname,day,dayname,month,monthname,year,day_week,day_weekname,hour,hourname,minute,minutename,nhs,nhsname,rur_urb,rur_urbname,func_sys,func_sysname,rd_owner,rd_ownername,route,routename,tway_id,tway_id2,milept,mileptname,latitude,latitudename,longitud,longitudname,sp_jur,sp_jurname,harm_ev,harm_evname,man_coll,man_collname,reljct1,reljct1name,reljct2,reljct2name,typ_int,typ_intname,wrk_zone,wrk_zonename,road_fnc,road_fncname,rel_road,rel_roadname,lgt_cond,lgt_condname,weather1,weather1name,weather2,weather2name,weather,weathername,sch_bus,sch_busname,rail,railname,not_hour,not_hourname,not_min,not_minname,arr_hour,arr_hourname,arr_min,arr_minname,hosp_hr,hosp_hrname,hosp_mn,hosp_mnname,cf1,cf1name,cf2,cf2name,cf3,cf3name,fatals,drunk_dr
2019,36,360242,New York,2,2,0,0,0,2,2,59,NASSAU (59),4090,NEW HYDE PARK,24,24,5,May,2019,6,Friday,11,11:00am-11:59am,10,10,0,This section IS NOT on the NHS,2,Urban,4,Minor Arterial,3,Town or Township Highway Agency,5,Local Street - Township,IU WILLETS RD,ALBERTSON AVE,99998,Not Reported,40.77092500,40.77092500,-73.642105560,-73.642105560,0,No Special Jurisdiction,12,Motor Vehicle In-Transport,6,Angle,0,No,2,Intersection,2,Four-Way Intersection,0,None,,,1,On Roadway,1,Daylight,1,Clear,0,No Additional Atmospheric Conditions,1,Clear,0,No,0000000,Not Applicable,11,11:00am-11:59am,20,20,11,11:00am-11:59am,25,25,88,Not Applicable (Not Transported),88,Not Applicable (Not Transported),0,None,0,None,0,None,1,0
2019,36,360243,New York,1,1,0,0,0,1,1,1,ALBANY (1),50,ALBANY,26,26,5,May,2019,1,Sunday,18,6:00pm-6:59pm,58,58,1,This section IS ON the NHS,2,Urban,2,Principal Arterial - Other Freeways and Expressways,1,State Highway Agency,3,State Highway,SR-85,,99998,Not Reported,42.67737778,42.67737778,-73.802194440,-73.802194440,0,No Special Jurisdiction,24,Guardrail Face,0,The First Harmful Event was Not a Collision with a Motor Vehicle in Transport,0,No,1,Non-Junction,1,Not an Intersection,0,None,,,4,On Roadside,1,Daylight,1,Clear,0,No Additional Atmospheric Conditions,1,Clear,0,No,0000000,Not Applicable,19,7:00pm-7:59pm,0,0,19,7:00pm-7:59pm,2,2,88,Not Applicable (Not Transported),88,Not Applicable (Not Transported),0,None,0,None,0,None,1,1
2019,36,360245,New York,2,1,1,1,2,4,5,93,SCHENECTADY (93),5590,SCOTIA,22,22,5,May,2019,4,Wednesday,18,6:00pm-6:59pm,58,58,0,This section IS NOT on the NHS,2,Urban,7,Local,3,Town or Township Highway Agency,5,Local Street - Township,HAWK ST,,99998,Not Reported,42.82920556,42.82920556,-73.971405560,-73.971405560,0,No Special Jurisdiction,8,Pedestrian,0,The First Harmful Event was Not a Collision with a Motor Vehicle in Transport,0,No,1,Non-Junction,1,Not an Intersection,0,None,,,1,On Roadway,1,Daylight,1,Clear,0,No Additional Atmospheric Conditions,1,Clear,0,No,0000000,Not Applicable,18,6:00pm-6:59pm,58,58,18,6:00pm-6:59pm,58,58,19,7:00pm-7:59pm,27,27,0,None,0,None,0,None,1,0
2019,36,360246,New York,1,1,0,0,0,1,1,103,SUFFOLK (103),360,BABYLON,27,27,5,May,2019,2,Monday,2,2:00am-2:59am,10,10,1,This section IS ON the NHS,2,Urban,3,Principal Arterial - Other,1,State Highway Agency,3,State Highway,SR-27,ALBANY AVE,99998,Not Reported,40.68776667,40.68776667,-73.413594440,-73.413594440,0,No Special Jurisdiction,30,Utility Pole/Light Support,0,The First Harmful Event was Not a Collision with a Motor Vehicle in Transport,0,No,3,Intersection-Related,2,Four-Way Intersection,0,None,,,4,On Roadside,3,Dark - Lighted,1,Clear,0,No Additional Atmospheric Conditions,1,Clear,0,No,0000000,Not Applicable,2,2:00am-2:59am,13,13,2,2:00am-2:59am,21,21,88,Not Applicable (Not Transported),88,Not Applicable (Not Transported),0,None,0,None,0,None,1,0
2019,36,360247,New York,1,1,0,0,0,1,1,57,MONTGOMERY (57),170,AMSTERDAM,28,28,5,May,2019,3,Tuesday,7,7:00am-7:59am,32,32,0,This section IS NOT on the NHS,1,Rural,6,Minor Collector,2,County Highway Agency,4,County Road,CR-145,,99998,Not Reported,42.93632778,42.93632778,-74.272258330,-74.272258330,0,No Special Jurisdiction,42,Tree (Standing Only),0,The First Harmful Event was Not a Collision with a Motor Vehicle in Transport,0,No,1,Non-Junction,1,Not an Intersection,0,None,,,4,On Roadside,1,Daylight,1,Clear,0,No Additional Atmospheric Conditions,1,Clear,0,No,0000000,Not Applicable,7,7:00am-7:59am,36,36,7,7:00am-7:59am,38,38,88,Not Applicable (Not Transported),88,Not Applicable (Not Transported),0,None,0,None,0,None,1,0
2019,36,360248,New York,2,2,0,0,0,5,5,47,KINGS (47),4170,NEW YORK CITY,27,27,5,May,2019,2,Monday,3,3:00am-3:59am,55,55,1,This section IS ON the NHS,2,Urban,3,Principal Arterial - Other,4,City or Municipal Highway Agency,6,Local Street - Municipality,OCEAN PKWY,BEVERLEY RD,0,None,40.64332222,40.64332222,-73.974113890,-73.974113890,0,No Special Jurisdiction,12,Motor Vehicle In-Transport,6,Angle,0,No,2,Intersection,2,Four-Way Intersection,0,None,,,1,On Roadway,3,Dark - Lighted,1,Clear,0,No Additional Atmospheric Conditions,1,Clear,0,No,0000000,Not Applicable,99,Unknown,99,Unknown,99,Unknown EMS Scene Arrival Hour,99,Unknown EMS Scene Arrival Minutes,99,Unknown,99,Unknown EMS Hospital Arrival Time,0,None,0,None,0,None,1,1
2019,36,360249,New York,1,1,0,0,0,1,1,1,ALBANY (1),1290,COLONIE,29,29,5,May,2019,4,Wednesday,10,10:00am-10:59am,19,19,1,This section IS ON the NHS,2,Urban,1,Interstate,1,State Highway Agency,1,Interstate,I-87,,99998,Not Reported,99.99990000,Unknown,999.999900000,Unknown,0,No Special Jurisdiction,59,Traffic Sign Support,0,The First Harmful Event was Not a Collision with a Motor Vehicle in Transport,0,No,1,Non-Junction,1,Not an Intersection,1,Construction,,,4,On Roadside,1,Daylight,10,Cloudy,0,No Additional Atmospheric Conditions,10,Cloudy,0,No,0000000,Not Applicable,10,10:00am-10:59am,19,19,10,10:00am-10:59am,35,35,99,Unknown,99,Unknown EMS Hospital Arrival Time,0,None,0,None,0,None,1,0
2019,36,360250,New York,1,1,0,0,0,2,2,7,BROOME (7),6277,VESTAL,29,29,5,May,2019,4,Wednesday,15,3:00pm-3:59pm,43,43,0,This section IS NOT on the NHS,1,Rural,6,Minor Collector,3,Town or Township Highway Agency,5,Local Street - Township,RIDGE RD,,99998,Not Reported,42.01397778,42.01397778,-76.054152780,-76.054152780,0,No Special Jurisdiction,42,Tree (Standing Only),0,The First Harmful Event was Not a Collision with a Motor Vehicle in Transport,0,No,1,Non-Junction,1,Not an Intersection,0,None,,,4,On Roadside,1,Daylight,10,Cloudy,0,No Additional Atmospheric Conditions,10,Cloudy,0,No,0000000,Not Applicable,99,Unknown,99,Unknown,99,Unknown EMS Scene Arrival Hour,99,Unknown EMS Scene Arrival Minutes,99,Unknown,99,Unknown EMS Hospital Arrival Time,0,None,0,None,0,None,1,1
2019,36,360251,New York,1,1,0,0,0,1,1,103,SUFFOLK (103),5810,SOUTHAMPTON,1,1,6,June,2019,7,Saturday,9,9:00am-9:59am,25,25,0,This section IS NOT on the NHS,2,Urban,5,Major Collector,4,City or Municipal Highway Agency,8,Other,OLD COUNTRY RD,,99998,Not Reported,40.83835000,40.83835000,-72.606175000,-72.606175000,0,No Special Jurisdiction,42,Tree (Standing Only),0,The First Harmful Event was Not a Collision with a Motor Vehicle in Transport,0,No,1,Non-Junction,1,Not an Intersection,0,None,,,4,On Roadside,1,Daylight,1,Clear,0,No Additional Atmospheric Conditions,1,Clear,0,No,0000000,Not Applicable,9,9:00am-9:59am,25,25,9,9:00am-9:59am,31,31,10,10:00am-10:59am,34,34,0,None,0,None,0,None,1,1
2019,36,360252,New York,2,2,0,0,0,4,4,81,QUEENS (81),4170,MIDDLE VILLAGE,2,2,6,June,2019,1,Sunday,2,2:00am-2:59am,34,34,1,This section IS ON the NHS,2,Urban,3,Principal Arterial - Other,4,City or Municipal Highway Agency,6,Local Street - Municipality,SPRINGFIELD BLVD,114TH RD,99998,Not Reported,40.70140278,40.70140278,-73.741300000,-73.741300000,0,No Special Jurisdiction,12,Motor Vehicle In-Transport,6,Angle,0,No,2,Intersection,3,T-Intersection,0,None,,,1,On Roadway,3,Dark - Lighted,1,Clear,0,No Additional Atmospheric Conditions,1,Clear,0,No,0000000,Not Applicable,99,Unknown,99,Unknown,99,Unknown EMS Scene Arrival Hour,99,Unknown EMS Scene Arrival Minutes,99,Unknown,99,Unknown EMS Hospital Arrival Time,0,None,0,None,0,None,1,0
2019,36,360253,New York,2,2,0,0,0,10,10,121,WYOMING (121),5994,STRYKERSVILLE,26,26,5,May,2019,1,Sunday,6,6:00am-6:59am,32,32,0,This section IS NOT on the NHS,1,Rural,4,Minor Arterial,1,State Highway Agency,2,U.S. Highway,US-20A VARYSBURG RD,MAXON RD,99998,Not Reported,42.77041667,42.77041667,-78.337050000,-78.337050000,0,No Special Jurisdiction,12,Motor Vehicle In-Transport,6,Angle,0,No,2,Intersection,2,Four-Way Intersection,0,None,,,1,On Roadway,4,Dawn,10,Cloudy,0,No Additional Atmospheric Conditions,10,Cloudy,0,No,0000000,Not Applicable,6,6:00am-6:59am,32,32,6,6:00am-6:59am,48,48,99,Unknown,99,Unknown EMS Hospital Arrival Time,0,None,0,None,0,None,3,1
2019,36,360254,New York,1,1,0,0,0,3,3,117,WAYNE (117),5500,SAVANNAH,26,26,5,May,2019,1,Sunday,23,11:00pm-11:59pm,9,9,0,This section IS NOT on the NHS,1,Rural,7,Local,2,County Highway Agency,4,County Road,CR-274 SAVANNAH SPG LK RD,,99998,Not Reported,43.07368611,43.07368611,-76.742808330,-76.742808330,0,No Special Jurisdiction,24,Guardrail Face,0,The First Harmful Event was Not a Collision with a Motor Vehicle in Transport,0,No,1,Non-Junction,1,Not an Intersection,0,None,,,4,On Roadside,3,Dark - Lighted,1,Clear,0,No Additional Atmospheric Conditions,1,Clear,0,No,0000000,Not Applicable,23,11:00pm-11:59pm,9,9,23,11:00pm-11:59pm,21,21,99,Unknown,99,Unknown EMS Hospital Arrival Time,0,None,0,None,0,None,2,1
2019,36,360255,New York,1,1,0,1,1,1,1,55,MONROE (55),2710,HILTON,25,25,5,May,2019,7,Saturday,11,11:00am-11:59am,14,14,0,This section IS NOT on the NHS,2,Urban,4,Minor Arterial,1,State Highway Agency,3,State Highway,SR-18 MAIN ST,SOUTH AVE,99998,Not Reported,43.28811111,43.28811111,-77.791625000,-77.791625000,0,No Special Jurisdiction,8,Pedestrian,0,The First Harmful Event was Not a Collision with a Motor Vehicle in Transport,0,No,3,Intersection-Related,2,Four-Way Intersection,0,None,,,1,On Roadway,1,Daylight,2,Rain,0,No Additional Atmospheric Conditions,2,Rain,0,No,0000000,Not Applicable,11,11:00am-11:59am,14,14,11,11:00am-11:59am,20,20,12,12:00pm-12:59pm,0,0,0,None,0,None,0,None,1,0
2019,36,360256,New York,1,1,0,0,0,2,2,119,WESTCHESTER (119),6820,YONKERS,31,31,5,May,2019,6,Friday,16,4:00pm-4:59pm,46,46,1,This section IS ON the NHS,2,Urban,2,Principal Arterial - Other Freeways and Expressways,1,State Highway Agency,3,State Highway,SR-907M BRONX RIVER PKWY,,99998,Not Reported,40.93599722,40.93599722,-73.836377780,-73.836377780,0,No Special Jurisdiction,24,Guardrail Face,0,The First Harmful Event was Not a Collision with a Motor Vehicle in Transport,0,No,1,Non-Junction,1,Not an Intersection,0,None,,,4,On Roadside,1,Daylight,1,Clear,0,No Additional Atmospheric Conditions,1,Clear,0,No,0000000,Not Applicable,16,4:00pm-4:59pm,46,46,17,5:00pm-5:59pm,35,35,17,5:00pm-5:59pm,54,54,0,None,0,None,0,None,1,0
2019,36,360257,New York,1,1,0,0,0,1,1,59,NASSAU (59),2600,HEMPSTEAD,1,1,5,May,2019,4,Wednesday,4,4:00am-4:59am,38,38,1,This section IS ON the NHS,2,Urban,2,Principal Arterial - Other Freeways and Expressways,1,State Highway Agency,3,State Highway,SR-908M SOUTHERN STATE PKWY,,99998,Not Reported,40.67903611,40.67903611,-73.698508330,-73.698508330,0,No Special Jurisdiction,25,Concrete Traffic Barrier,0,The First Harmful Event was Not a Collision with a Motor Vehicle in Transport,0,No,1,Non-Junction,1,Not an Intersection,0,None,,,3,On Median,3,Dark - Lighted,2,Rain,0,No Additional Atmospheric Conditions,2,Rain,0,No,0000000,Not Applicable,4,4:00am-4:59am,25,25,5,5:00am-5:59am,50,50,88,Not Applicable (Not Transported),88,Not Applicable (Not Transported),0,None,0,None,0,None,1,1
2019,36,360258,New York,1,1,0,1,1,1,1,103,SUFFOLK (103),4971,PORT JEFFERSON STA,13,13,4,April,2019,7,Saturday,5,5:00am-5:59am,25,25,1,This section IS ON the NHS,2,Urban,3,Principal Arterial - Other,1,State Highway Agency,3,State Highway,SR-347,WILLIAM ST,99998,Not Reported,40.92747778,40.92747778,-73.043522220,-73.043522220,0,No Special Jurisdiction,8,Pedestrian,0,The First Harmful Event was Not a Collision with a Motor Vehicle in Transport,0,No,3,Intersection-Related,3,T-Intersection,0,None,,,1,On Roadway,2,Dark - Not Lighted,2,Rain,0,No Additional Atmospheric Conditions,2,Rain,0,No,0000000,Not Applicable,5,5:00am-5:59am,29,29,5,5:00am-5:59am,36,36,6,6:00am-6:59am,7,7,0,None,0,None,0,None,1,0
2019,36,360259,New York,1,1,0,1,1,3,3,103,SUFFOLK (103),2920,ISLIP,15,15,4,April,2019,2,Monday,20,8:00pm-8:59pm,49,49,1,This section IS ON the NHS,2,Urban,3,Principal Arterial - Other,1,State Highway Agency,3,State Highway,SR-454 VETERANS MEMORIAL HWY,,99998,Not Reported,40.77376111,40.77376111,-73.066091670,-73.066091670,0,No Special Jurisdiction,8,Pedestrian,0,The First Harmful Event was Not a Collision with a Motor Vehicle in Transport,0,No,1,Non-Junction,1,Not an Intersection,0,None,,,1,On Roadway,3,Dark - Lighted,1,Clear,0,No Additional Atmospheric Conditions,1,Clear,0,No,0000000,Not Applicable,20,8:00pm-8:59pm,49,49,99,Unknown EMS Scene Arrival Hour,99,Unknown EMS Scene Arrival Minutes,21,9:00pm-9:59pm,13,13,0,None,0,None,0,None,1,0
2019,36,360260,New York,1,1,0,1,1,1,1,103,SUFFOLK (103),705,BROOKHAVEN,28,28,4,April,2019,1,Sunday,4,4:00am-4:59am,30,30,0,This section IS NOT on the NHS,2,Urban,4,Minor Arterial,2,County Highway Agency,4,County Road,CR-80 MONTAUK HWY,,99998,Not Reported,40.76856944,40.76856944,-72.973911110,-72.973911110,0,No Special Jurisdiction,9,Pedalcyclist,0,The First Harmful Event was Not a Collision with a Motor Vehicle in Transport,0,No,1,Non-Junction,1,Not an Intersection,0,None,,,1,On Roadway,2,Dark - Not Lighted,1,Clear,0,No Additional Atmospheric Conditions,1,Clear,0,No,0000000,Not Applicable,99,Unknown,99,Unknown,99,Unknown EMS Scene Arrival Hour,99,Unknown EMS Scene Arrival Minutes,88,Not Applicable (Not Transported),88,Not Applicable (Not Transported),0,None,0,None,0,None,1,0
2019,36,360261,New York,2,2,0,0,0,6,6,91,SARATOGA (91),1209,CLIFTON PARK,25,25,5,May,2019,7,Saturday,14,2:00pm-2:59pm,53,53,0,This section IS NOT on the NHS,2,Urban,4,Minor Arterial,1,State Highway Agency,8,Other,911T USHERS RD,SR-9,99998,Not Reported,42.90512778,42.90512778,-73.778322220,-73.778322220,0,No Special Jurisdiction,12,Motor Vehicle In-Transport,6,Angle,0,No,2,Intersection,2,Four-Way Intersection,0,None,,,1,On Roadway,1,Daylight,10,Cloudy,0,No Additional Atmospheric Conditions,10,Cloudy,0,No,0000000,Not Applicable,14,2:00pm-2:59pm,53,53,14,2:00pm-2:59pm,54,54,99,Unknown,99,Unknown EMS Hospital Arrival Time,0,None,0,None,0,None,2,1
2019,36,360262,New York,1,1,0,0,0,1,1,119,WESTCHESTER (119),4530,OSSINING,8,8,6,June,2019,7,Saturday,7,7:00am-7:59am,38,38,1,This section IS ON the NHS,2,Urban,2,Principal Arterial - Other Freeways and Expressways,1,State Highway Agency,2,U.S. Highway,US-9A,,99998,Not Reported,41.18663333,41.18663333,-73.873033330,-73.873033330,0,No Special Jurisdiction,24,Guardrail Face,0,The First Harmful Event was Not a Collision with a Motor Vehicle in Transport,0,No,1,Non-Junction,1,Not an Intersection,0,None,,,4,On Roadside,1,Daylight,1,Clear,0,No Additional Atmospheric Conditions,1,Clear,0,No,0000000,Not Applicable,7,7:00am-7:59am,38,38,7,7:00am-7:59am,40,40,88,Not Applicable (Not Transported),88,Not Applicable (Not Transported),0,None,0,None,0,None,1,0
2019,36,360263,New York,1,1,0,1,1,1,1,67,ONONDAGA (67),3310,LIVERPOOL,1,1,6,June,2019,7,Saturday,13,1:00pm-1:59pm,47,47,0,This section IS NOT on the NHS,2,Urban,7,Local,3,Town or Township Highway Agency,5,Local Street - Township,MOHAWK DR,PLYMOUTH AVE S,99998,Not Reported,43.09389444,43.09389444,-76.134152780,-76.134152780,0,No Special Jurisdiction,19,Building,0,The First Harmful Event was Not a Collision with a Motor Vehicle in Transport,0,No,3,Intersection-Related,3,T-Intersection,0,None,,,5,Outside Trafficway,1,Daylight,1,Clear,0,No Additional Atmospheric Conditions,1,Clear,0,No,0000000,Not Applicable,13,1:00pm-1:59pm,47,47,13,1:00pm-1:59pm,53,53,99,Unknown,99,Unknown EMS Hospital Arrival Time,0,None,0,None,0,None,1,0
2019,36,360264,New York,1,1,0,0,0,2,2,87,ROCKLAND (87),5980,STONY POINT,25,25,5,May,2019,7,Saturday,3,3:00am-3:59am,41,41,0,This section IS NOT on the NHS,2,Urban,5,Major Collector,2,County Highway Agency,8,Other,BEACH RD,E MAIN ST,99998,Not Reported,41.22664722,41.22664722,-73.974527780,-73.974527780,0,No Special Jurisdiction,1,Rollover/Overturn,0,The First Harmful Event was Not a Collision with a Motor Vehicle in Transport,0,No,3,Intersection-Related,3,T-Intersection,0,None,,,1,On Roadway,3,Dark - Lighted,1,Clear,0,No Additional Atmospheric Conditions,1,Clear,0,No,0000000,Not Applicable,3,3:00am-3:59am,41,41,3,3:00am-3:59am,49,49,4,4:00am-4:59am,45,45,0,None,0,None,0,None,1,1
2019,36,360265,New York,2,2,0,0,0,4,4,47,KINGS (47),4170,NEW YORK CITY,8,8,6,June,2019,7,Saturday,0,0:00am-0:59am,7,7,1,This section IS ON the NHS,2,Urban,3,Principal Arterial - Other,4,City or Municipal Highway Agency,6,Local Street - Municipality,FLATBUSH AVE,AVE V,99998,Not Reported,40.60811944,40.60811944,-73.920575000,-73.920575000,0,No Special Jurisdiction,12,Motor Vehicle In-Transport,7,Sideswipe - Same Direction,0,No,2,Intersection,2,Four-Way Intersection,0,None,,,1,On Roadway,3,Dark - Lighted,1,Clear,0,No Additional Atmospheric Conditions,1,Clear,0,No,0000000,Not Applicable,99,Unknown,99,Unknown,99,Unknown EMS Scene Arrival Hour,99,Unknown EMS Scene Arrival Minutes,88,Not Applicable (Not Transported),88,Not Applicable (Not Transported),0,None,0,None,0,None,2,1
2019,36,360266,New York,1,1,0,0,0,1,1,29,ERIE (29),750,BUFFALO,2,2,6,June,2019,1,Sunday,20,8:00pm-8:59pm,10,10,0,This section IS NOT on the NHS,2,Urban,7,Local,4,City or Municipal Highway Agency,6,Local Street - Municipality,NEVADA AVE,GENESEE ST,99998,Not Reported,42.90936944,42.90936944,-78.821527780,-78.821527780,0,No Special Jurisdiction,33,Curb,0,The First Harmful Event was Not a Collision with a Motor Vehicle in Transport,0,No,3,Intersection-Related,2,Four-Way Intersection,0,None,,,4,On Roadside,1,Daylight,1,Clear,0,No Additional Atmospheric Conditions,1,Clear,0,No,0000000,Not Applicable,20,8:00pm-8:59pm,10,10,99,Unknown EMS Scene Arrival Hour,99,Unknown EMS Scene Arrival Minutes,99,Unknown,99,Unknown EMS Hospital Arrival Time,0,None,0,None,0,None,1,0
2019,36,360267,New York,1,1,0,1,1,2,2,47,KINGS (47),4170,NEW YORK CITY,9,9,6,June,2019,1,Sunday,15,3:00pm-3:59pm,59,59,1,This section IS ON the NHS,2,Urban,3,Principal Arterial - Other,4,City or Municipal Highway Agency,6,Local Street - Municipality,CROPSEY AVE,16TH AVE,99998,Not Reported,40.60520833,40.60520833,-74.012241670,-74.012241670,0,No Special Jurisdiction,8,Pedestrian,0,The First Harmful Event was Not a Collision with a Motor Vehicle in Transport,0,No,3,Intersection-Related,2,Four-Way Intersection,0,None,,,1,On Roadway,1,Daylight,1,Clear,0,No Additional Atmospheric Conditions,1,Clear,0,No,0000000,Not Applicable,15,3:00pm-3:59pm,59,59,99,Unknown EMS Scene Arrival Hour,99,Unknown EMS Scene Arrival Minutes,99,Unknown,99,Unknown EMS Hospital Arrival Time,0,None,0,None,0,None,1,0
2019,36,360268,New York,4,1,3,0,0,2,2,85,RICHMOND (85),4170,NEW YORK CITY,8,8,6,June,2019,7,Saturday,5,5:00am-5:59am,41,41,1,This section IS ON the NHS,2,Urban,3,Principal Arterial - Other,4,City or Municipal Highway Agency,6,Local Street - Municipality,HYLAN BLVD,,99998,Not Reported,40.51892778,40.51892778,-74.198294440,-74.198294440,0,No Special Jurisdiction,30,Utility Pole/Light Support,0,The First Harmful Event was Not a Collision with a Motor Vehicle in Transport,0,No,1,Non-Junction,1,Not an Intersection,0,None,,,4,On Roadside,1,Daylight,1,Clear,0,No Additional Atmospheric Conditions,1,Clear,0,No,0000000,Not Applicable,99,Unknown,99,Unknown,99,Unknown EMS Scene Arrival Hour,99,Unknown EMS Scene Arrival Minutes,99,Unknown,99,Unknown EMS Hospital Arrival Time,0,None,0,None,0,None,1,1
2019,36,360269,New York,2,2,0,0,0,3,3,47,KINGS (47),4170,NEW YORK CITY,9,9,6,June,2019,1,Sunday,23,11:00pm-11:59pm,37,37,0,This section IS NOT on the NHS,2,Urban,4,Minor Arterial,4,City or Municipal Highway Agency,6,Local Street - Municipality,AVENUE D,,99998,Not Reported,40.65341111,40.65341111,-73.902225000,-73.902225000,0,No Special Jurisdiction,12,Motor Vehicle In-Transport,2,Front-to-Front,0,No,1,Non-Junction,1,Not an Intersection,0,None,,,1,On Roadway,3,Dark - Lighted,1,Clear,0,No Additional Atmospheric Conditions,1,Clear,0,No,0000000,Not Applicable,99,Unknown,99,Unknown,99,Unknown EMS Scene Arrival Hour,99,Unknown EMS Scene Arrival Minutes,99,Unknown,99,Unknown EMS Hospital Arrival Time,0,None,0,None,0,None,1,1
2019,36,360271,New York,1,1,0,0,0,1,1,103,SUFFOLK (103),2920,ISLIP,1,1,2,February,2019,6,Friday,10,10:00am-10:59am,11,11,1,This section IS ON the NHS,2,Urban,2,Principal Arterial - Other Freeways and Expressways,1,State Highway Agency,3,State Highway,SR-908J,,99998,Not Reported,40.65064444,40.65064444,-73.263361110,-73.263361110,0,No Special Jurisdiction,42,Tree (Standing Only),0,The First Harmful Event was Not a Collision with a Motor Vehicle in Transport,0,No,1,Non-Junction,1,Not an Intersection,0,None,,,3,On Median,1,Daylight,1,Clear,0,No Additional Atmospheric Conditions,1,Clear,0,No,0000000,Not Applicable,10,10:00am-10:59am,12,12,10,10:00am-10:59am,14,14,88,Not Applicable (Not Transported),88,Not Applicable (Not Transported),0,None,0,None,0,None,1,0
2019,36,360272,New York,1,1,0,1,1,1,1,71,ORANGE (71),3919,MOUNT HOPE,30,30,3,March,2019,7,Saturday,23,11:00pm-11:59pm,15,15,0,This section IS NOT on the NHS,2,Urban,5,Major Collector,1,State Highway Agency,3,State Highway,SR-211,,99998,Not Reported,41.47387500,41.47387500,-74.531933330,-74.531933330,0,No Special Jurisdiction,8,Pedestrian,0,The First Harmful Event was Not a Collision with a Motor Vehicle in Transport,0,No,1,Non-Junction,1,Not an Intersection,0,None,,,1,On Roadway,3,Dark - Lighted,10,Cloudy,0,No Additional Atmospheric Conditions,10,Cloudy,0,No,0000000,Not Applicable,7,7:00am-7:59am,5,5,7,7:00am-7:59am,13,13,88,Not Applicable (Not Transported),88,Not Applicable (Not Transported),0,None,0,None,0,None,1,0
2019,36,360274,New York,1,1,0,1,1,1,1,47,KINGS (47),4170,NEW YORK CITY,11,11,5,May,2019,7,Saturday,17,5:00pm-5:59pm,25,25,0,This section IS NOT on the NHS,2,Urban,5,Major Collector,4,City or Municipal Highway Agency,6,Local Street - Municipality,DEAN ST,BROOKLYN AVE,99998,Not Reported,40.67656944,40.67656944,-73.944286110,-73.944286110,0,No Special Jurisdiction,9,Pedalcyclist,0,The First Harmful Event was Not a Collision with a Motor Vehicle in Transport,0,No,3,Intersection-Related,2,Four-Way Intersection,0,None,,,1,On Roadway,1,Daylight,10,Cloudy,0,No Additional Atmospheric Conditions,10,Cloudy,0,No,0000000,Not Applicable,99,Unknown,99,Unknown,99,Unknown EMS Scene Arrival Hour,99,Unknown EMS Scene Arrival Minutes,99,Unknown,99,Unknown EMS Hospital Arrival Time,0,None,0,None,0,None,1,0
2019,36,360275,New York,1,1,0,0,0,2,2,71,ORANGE (71),3840,MONTGOMERY,17,17,5,May,2019,6,Friday,6,6:00am-6:59am,50,50,1,This section IS ON the NHS,2,Urban,1,Interstate,1,State Highway Agency,1,Interstate,I-84,,310,310,41.51588611,41.51588611,-74.163116670,-74.163116670,0,No Special Jurisdiction,31,"Post, Pole or Other Supports",0,The First Harmful Event was Not a Collision with a Motor Vehicle in Transport,0,No,1,Non-Junction,1,Not an Intersection,0,None,,,3,On Median,1,Daylight,1,Clear,0,No Additional Atmospheric Conditions,1,Clear,0,No,0000000,Not Applicable,6,6:00am-6:59am,50,50,7,7:00am-7:59am,5,5,7,7:00am-7:59am,34,34,0,None,0,None,0,None,2,0
2019,36,360276,New York,1,1,0,1,1,1,1,11,CAYUGA (11),3880,MORAVIA,24,24,5,May,2019,6,Friday,10,10:00am-10:59am,0,0,0,This section IS NOT on the NHS,1,Rural,7,Local,3,Town or Township Highway Agency,5,Local Street - Township,MORAVIA-VENICE TOWNLINE RD,,99998,Not Reported,42.70307500,42.70307500,-76.463230560,-76.463230560,0,No Special Jurisdiction,8,Pedestrian,0,The First Harmful Event was Not a Collision with a Motor Vehicle in Transport,0,No,1,Non-Junction,1,Not an Intersection,0,None,,,1,On Roadway,1,Daylight,10,Cloudy,0,No Additional Atmospheric Conditions,10,Cloudy,0,No,0000000,Not Applicable,10,10:00am-10:59am,15,15,10,10:00am-10:59am,26,26,99,Unknown,99,Unknown EMS Hospital Arrival Time,0,None,0,None,0,None,1,0