caseyear,state,st_case,statename,ve_total,ve_forms,pvh_invl,peds,pernotmvit,permvit,persons,county,countyname,city,cityname,day,dayname,month,monthname,year,day_week,day_weekname,hour,hourname,minute,minutename,nhs,nhsname,rur_urb,rur_urbname,func_sys,func_sysname,rd_owner,rd_ownername,route,routename,tway_id,tway_id2,milept,mileptname,latitude,latitudename,longitud,longitudname,sp_jur,sp_jurname,harm_ev,harm_evname,man_coll,man_collname,reljct1,reljct1name,reljct2,reljct2name,typ_int,typ_intname,wrk_zone,wrk_zonename,road_fnc,road_fncname,rel_road,rel_roadname,lgt_cond,lgt_condname,weather1,weather1name,weather2,weather2name,weather,weathername,sch_bus,sch_busname,rail,railname,not_hour,not_hourname,not_min,not_minname,arr_hour,arr_hourname,arr_min,arr_minname,hosp_hr,hosp_hrname,hosp_mn,hosp_mnname,cf1,cf1name,cf2,cf2name,cf3,cf3name,fatals,drunk_dr
2019,36,360312,New York,1,1,0,1,1,1,1,59,NASSAU (59),2600,HEMPSTEAD,21,21,6,June,2019,6,Friday,21,9:00pm-9:59pm,48,48,0,This section IS NOT on the NHS,2,Urban,4,Minor Arterial,2,County Highway Agency,4,County Road,CR-55,BROOKLYN AVE,99998,Not Reported,40.65680556,40.65680556,-73.608994440,-73.608994440,0,No Special Jurisdiction,8,Pedestrian,0,The First Harmful Event was Not a Collision with a Motor Vehicle in Transport,0,No,3,Intersection-Related,2,Four-Way Intersection,0,None,,,1,On Roadway,3,Dark - Lighted,1,Clear,0,No Additional Atmospheric Conditions,1,Clear,0,No,0000000,Not Applicable,21,9:00pm-9:59pm,49,49,22,10:00pm-10:59pm,3,3,22,10:00pm-10:59pm,14,14,0,None,0,None,0,None,1,0
2019,36,360313,New York,1,1,0,1,1,1,1,47,KINGS (47),4170,NEW YORK CITY,27,27,6,June,2019,5,Thursday,20,8:00pm-8:59pm,59,59,0,This section IS NOT on the NHS,2,Urban,5,Major Collector,4,City or Municipal Highway Agency,8,Other,CHESTER ST,SUTTER AVE,99998,Not Reported,40.66703611,40.66703611,-73.911030560,-73.911030560,0,No Special Jurisdiction,9,Pedalcyclist,0,The First Harmful Event was Not a Collision with a Motor Vehicle in Transport,0,No,3,Intersection-Related,2,Four-Way Intersection,0,None,,,1,On Roadway,3,Dark - Lighted,1,Clear,0,No Additional Atmospheric Conditions,1,Clear,0,No,0000000,Not Applicable,99,Unknown,99,Unknown,99,Unknown EMS Scene Arrival Hour,99,Unknown EMS Scene Arrival Minutes,99,Unknown,99,Unknown EMS Hospital Arrival Time,0,None,0,None,0,None,1,0
2019,36,360314,New York,2,2,0,1,1,3,3,5,BRONX (5),4170,NEW YORK CITY,27,27,6,June,2019,5,Thursday,23,11:00pm-11:59pm,38,38,1,This section IS ON the NHS,2,Urban,1,Interstate,1,State Highway Agency,1,Interstate,I-87,,99998,Not Reported,40.88856111,40.88856111,-73.891513890,-73.891513890,0,No Special Jurisdiction,8,Pedestrian,0,The First Harmful Event was Not a Collision with a Motor Vehicle in Transport,0,No,1,Non-Junction,1,Not an Intersection,0,None,,,1,On Roadway,3,Dark - Lighted,1,Clear,0,No Additional Atmospheric Conditions,1,Clear,0,No,0000000,Not Applicable,99,Unknown,99,Unknown,99,Unknown EMS Scene Arrival Hour,99,Unknown EMS Scene Arrival Minutes,88,Not Applicable (Not Transported),88,Not Applicable (Not Transported),0,None,0,None,0,None,1,0
2019,36,360315,New York,1,1,0,0,0,4,4,73,ORLEANS (73),60,ALBION,18,18,6,June,2019,3,Tuesday,0,0:00am-0:59am,13,13,0,This section IS NOT on the NHS,1,Rural,7,Local,2,County Highway Agency,4,County Road,CR-30 EAGLE HARBOR RD,,99998,Not Reported,43.25017222,43.25017222,-78.253250000,-78.253250000,0,No Special Jurisdiction,34,Ditch,0,The First Harmful Event was Not a Collision with a Motor Vehicle in Transport,0,No,1,Non-Junction,1,Not an Intersection,0,None,,,4,On Roadside,2,Dark - Not Lighted,10,Cloudy,0,No Additional Atmospheric Conditions,10,Cloudy,0,No,0000000,Not Applicable,0,0:00am-0:59am,13,13,0,0:00am-0:59am,19,19,99,Unknown,99,Unknown EMS Hospital Arrival Time,0,None,0,None,0,None,1,0
2019,36,360316,New York,1,1,0,0,0,1,1,101,STEUBEN (101),1360,CORNING,23,23,6,June,2019,1,Sunday,20,8:00pm-8:59pm,8,8,1,This section IS ON the NHS,2,Urban,1,Interstate,1,State Highway Agency,1,Interstate,I-86,,99998,Not Reported,42.15317778,42.15317778,-77.083350000,-77.083350000,0,No Special Jurisdiction,24,Guardrail Face,0,The First Harmful Event was Not a Collision with a Motor Vehicle in Transport,0,No,1,Non-Junction,1,Not an Intersection,0,None,,,4,On Roadside,5,Dusk,1,Clear,0,No Additional Atmospheric Conditions,1,Clear,0,No,0000000,Not Applicable,18,6:00pm-6:59pm,12,12,18,6:00pm-6:59pm,15,15,99,Unknown,99,Unknown EMS Hospital Arrival Time,0,None,0,None,0,None,1,1
2019,36,360317,New York,1,1,0,0,0,2,2,63,NIAGARA (63),4070,NEWFANE,22,22,6,June,2019,7,Saturday,21,9:00pm-9:59pm,55,55,1,This section IS ON the NHS,1,Rural,3,Principal Arterial - Other,1,State Highway Agency,3,State Highway,SR-104 RIDGE RD,,99998,Not Reported,43.23351389,43.23351389,-78.669438890,-78.669438890,0,No Special Jurisdiction,11,Live Animal,0,The First Harmful Event was Not a Collision with a Motor Vehicle in Transport,0,No,1,Non-Junction,1,Not an Intersection,0,None,,,1,On Roadway,2,Dark - Not Lighted,1,Clear,0,No Additional Atmospheric Conditions,1,Clear,0,No,0000000,Not Applicable,21,9:00pm-9:59pm,56,56,21,9:00pm-9:59pm,56,56,22,10:00pm-10:59pm,30,30,0,None,0,None,0,None,1,0
2019,36,360318,New York,1,1,0,0,0,1,1,91,SARATOGA (91),2469,HADLEY,29,29,6,June,2019,7,Saturday,2,2:00am-2:59am,43,43,0,This section IS NOT on the NHS,1,Rural,7,Local,3,Town or Township Highway Agency,5,Local Street - Township,ANTONE MTN RD,,99998,Not Reported,43.28273889,43.28273889,-73.858205560,-73.858205560,0,No Special Jurisdiction,42,Tree (Standing Only),0,The First Harmful Event was Not a Collision with a Motor Vehicle in Transport,0,No,1,Non-Junction,1,Not an Intersection,0,None,,,4,On Roadside,2,Dark - Not Lighted,10,Cloudy,0,No Additional Atmospheric Conditions,10,Cloudy,0,No,0000000,Not Applicable,2,2:00am-2:59am,43,43,99,Unknown EMS Scene Arrival Hour,99,Unknown EMS Scene Arrival Minutes,88,Not Applicable (Not Transported),88,Not Applicable (Not Transported),0,None,0,None,0,None,1,1
2019,36,360319,New York,5,5,0,0,0,6,6,81,QUEENS (81),4170,MIDDLE VILLAGE,27,27,6,June,2019,5,Thursday,13,1:00pm-1:59pm,24,24,1,This section IS ON the NHS,2,Urban,1,Interstate,1,State Highway Agency,1,Interstate,I-495,,99998,Not Reported,40.72665000,40.72665000,-73.905466670,-73.905466670,0,No Special Jurisdiction,12,Motor Vehicle In-Transport,1,Front-to-Rear,0,No,1,Non-Junction,1,Not an Intersection,0,None,,,1,On Roadway,1,Daylight,1,Clear,0,No Additional Atmospheric Conditions,1,Clear,0,No,0000000,Not Applicable,99,Unknown,99,Unknown,99,Unknown EMS Scene Arrival Hour,99,Unknown EMS Scene Arrival Minutes,99,Unknown,99,Unknown EMS Hospital Arrival Time,0,None,0,None,0,None,1,0
2019,36,360320,New York,1,1,0,0,0,1,1,59,NASSAU (59),2240,GARDEN CITY,4,4,4,April,2019,5,Thursday,22,10:00pm-10:59pm,24,24,1,This section IS ON the NHS,2,Urban,3,Principal Arterial - Other,2,County Highway Agency,4,County Road,CR-1,GARDEN ST,99998,Not Reported,40.72222500,40.72222500,-73.620602780,-73.620602780,0,No Special Jurisdiction,33,Curb,0,The First Harmful Event was Not a Collision with a Motor Vehicle in Transport,0,No,3,Intersection-Related,2,Four-Way Intersection,0,None,,,4,On Roadside,3,Dark - Lighted,10,Cloudy,0,No Additional Atmospheric Conditions,10,Cloudy,0,No,0000000,Not Applicable,99,Unknown,99,Unknown,99,Unknown EMS Scene Arrival Hour,99,Unknown EMS Scene Arrival Minutes,99,Unknown,99,Unknown EMS Hospital Arrival Time,0,None,0,None,0,None,1,0
2019,36,360321,New York,2,2,0,0,0,2,2,103,SUFFOLK (103),705,BROOKHAVEN,7,7,5,May,2019,3,Tuesday,0,0:00am-0:59am,10,10,1,This section IS ON the NHS,2,Urban,3,Principal Arterial - Other,1,State Highway Agency,3,State Highway,SR-25,WADING RIVER HOLLOW RD,99998,Not Reported,40.88728611,40.88728611,-72.917844440,-72.917844440,0,No Special Jurisdiction,12,Motor Vehicle In-Transport,6,Angle,0,No,2,Intersection,2,Four-Way Intersection,0,None,,,1,On Roadway,3,Dark - Lighted,1,Clear,0,No Additional Atmospheric Conditions,1,Clear,0,No,0000000,Not Applicable,99,Unknown,99,Unknown,99,Unknown EMS Scene Arrival Hour,99,Unknown EMS Scene Arrival Minutes,99,Unknown,99,Unknown EMS Hospital Arrival Time,0,None,0,None,0,None,1,0
2019,36,360322,New York,2,2,0,1,1,2,2,103,SUFFOLK (103),705,BROOKHAVEN,4,4,5,May,2019,7,Saturday,20,8:00pm-8:59pm,52,52,0,This section IS NOT on the NHS,2,Urban,7,Local,3,Town or Township Highway Agency,5,Local Street - Township,HERKIMER ST,CARLTON ST,99998,Not Reported,40.80475000,40.80475000,-72.840555560,-72.840555560,0,No Special Jurisdiction,8,Pedestrian,0,The First Harmful Event was Not a Collision with a Motor Vehicle in Transport,0,No,3,Intersection-Related,2,Four-Way Intersection,0,None,,,1,On Roadway,3,Dark - Lighted,1,Clear,0,No Additional Atmospheric Conditions,1,Clear,0,No,0000000,Not Applicable,99,Unknown,99,Unknown,99,Unknown EMS Scene Arrival Hour,99,Unknown EMS Scene Arrival Minutes,99,Unknown,99,Unknown EMS Hospital Arrival Time,0,None,0,None,0,None,1,0
2019,36,360323,New York,2,2,0,0,0,3,3,103,SUFFOLK (103),705,BROOKHAVEN,25,25,5,May,2019,7,Saturday,11,11:00am-11:59am,33,33,1,This section IS ON the NHS,2,Urban,3,Principal Arterial - Other,1,State Highway Agency,3,State Highway,SR-25 MIDDLE COUNTRY RD,PINE BARK RD,99998,Not Reported,40.89957222,40.89957222,-72.871400000,-72.871400000,0,No Special Jurisdiction,12,Motor Vehicle In-Transport,6,Angle,0,No,3,Intersection-Related,3,T-Intersection,0,None,,,1,On Roadway,1,Daylight,1,Clear,0,No Additional Atmospheric Conditions,1,Clear,0,No,0000000,Not Applicable,99,Unknown,99,Unknown,11,11:00am-11:59am,40,40,12,12:00pm-12:59pm,10,10,0,None,0,None,0,None,1,0
2019,36,360324,New York,2,2,0,0,0,3,3,103,SUFFOLK (103),5194,RIDGE,16,16,5,May,2019,5,Thursday,12,12:00pm-12:59pm,20,20,1,This section IS ON the NHS,2,Urban,3,Principal Arterial - Other,1,State Highway Agency,3,State Highway,SR-25,,99998,Not Reported,40.89805556,40.89805556,-72.877716670,-72.877716670,0,No Special Jurisdiction,12,Motor Vehicle In-Transport,1,Front-to-Rear,0,No,1,Non-Junction,1,Not an Intersection,0,None,,,1,On Roadway,1,Daylight,1,Clear,0,No Additional Atmospheric Conditions,1,Clear,0,No,0000000,Not Applicable,99,Unknown,99,Unknown,99,Unknown EMS Scene Arrival Hour,99,Unknown EMS Scene Arrival Minutes,99,Unknown,99,Unknown EMS Hospital Arrival Time,0,None,0,None,0,None,1,0
2019,36,360325,New York,2,2,0,0,0,2,2,57,MONTGOMERY (57),170,AMSTERDAM,31,31,5,May,2019,6,Friday,18,6:00pm-6:59pm,22,22,0,This section IS NOT on the NHS,2,Urban,4,Minor Arterial,1,State Highway Agency,3,State Highway,SR-5,SR-30N,99998,Not Reported,42.93775556,42.93775556,-74.190236110,-74.190236110,0,No Special Jurisdiction,12,Motor Vehicle In-Transport,6,Angle,0,No,2,Intersection,2,Four-Way Intersection,0,None,,,1,On Roadway,1,Daylight,1,Clear,0,No Additional Atmospheric Conditions,1,Clear,0,No,0000000,Not Applicable,99,Unknown,99,Unknown,99,Unknown EMS Scene Arrival Hour,99,Unknown EMS Scene Arrival Minutes,99,Unknown,99,Unknown EMS Hospital Arrival Time,0,None,0,None,0,None,1,0
2019,36,360326,New York,2,2,0,0,0,2,2,91,SARATOGA (91),6731,WILTON,29,29,5,May,2019,4,Wednesday,9,9:00am-9:59am,9,9,0,This section IS NOT on the NHS,2,Urban,5,Major Collector,2,County Highway Agency,4,County Road,CR-33 BALLARD RD,EDIE RD,99998,Not Reported,43.16835833,43.16835833,-73.710936110,-73.710936110,0,No Special Jurisdiction,12,Motor Vehicle In-Transport,6,Angle,0,No,2,Intersection,2,Four-Way Intersection,0,None,,,1,On Roadway,1,Daylight,10,Cloudy,0,No Additional Atmospheric Conditions,10,Cloudy,0,No,0000000,Not Applicable,9,9:00am-9:59am,11,11,9,9:00am-9:59am,16,16,10,10:00am-10:59am,16,16,0,None,0,None,0,None,1,0
2019,36,360327,New York,1,1,0,0,0,2,2,11,CAYUGA (11),310,AUBURN,4,4,6,June,2019,3,Tuesday,2,2:00am-2:59am,23,23,0,This section IS NOT on the NHS,2,Urban,5,Major Collector,4,City or Municipal Highway Agency,6,Local Street - Municipality,OSBORNE ST,,99998,Not Reported,42.92658611,42.92658611,-76.556486110,-76.556486110,0,No Special Jurisdiction,42,Tree (Standing Only),0,The First Harmful Event was Not a Collision with a Motor Vehicle in Transport,0,No,1,Non-Junction,1,Not an Intersection,0,None,,,4,On Roadside,3,Dark - Lighted,1,Clear,0,No Additional Atmospheric Conditions,1,Clear,0,No,0000000,Not Applicable,3,3:00am-3:59am,20,20,3,3:00am-3:59am,25,25,88,Not Applicable (Not Transported),88,Not Applicable (Not Transported),0,None,0,None,0,None,1,1
2019,36,360328,New York,3,3,0,0,0,4,4,107,TIOGA (107),5172,RICHFORD,9,9,6,June,2019,1,Sunday,16,4:00pm-4:59pm,40,40,1,This section IS ON the NHS,1,Rural,3,Principal Arterial - Other,1,State Highway Agency,3,State Highway,SR-79,,99998,Not Reported,42.36806944,42.36806944,-76.140097220,-76.140097220,0,No Special Jurisdiction,12,Motor Vehicle In-Transport,6,Angle,0,No,1,Non-Junction,1,Not an Intersection,0,None,,,1,On Roadway,1,Daylight,1,Clear,0,No Additional Atmospheric Conditions,1,Clear,0,No,0000000,Not Applicable,99,Unknown,99,Unknown,17,5:00pm-5:59pm,0,0,17,5:00pm-5:59pm,56,56,0,None,0,None,0,None,1,0
2019,36,360329,New York,1,1,0,0,0,1,1,69,ONTARIO (69),666,BRISTOL,9,9,6,June,2019,1,Sunday,12,12:00pm-12:59pm,34,34,0,This section IS NOT on the NHS,1,Rural,5,Major Collector,1,State Highway Agency,2,U.S. Highway,US-20A,,99998,Not Reported,42.80932500,42.80932500,-77.468738890,-77.468738890,0,No Special Jurisdiction,11,Live Animal,0,The First Harmful Event was Not a Collision with a Motor Vehicle in Transport,0,No,1,Non-Junction,1,Not an Intersection,0,None,,,1,On Roadway,1,Daylight,1,Clear,0,No Additional Atmospheric Conditions,1,Clear,0,No,0000000,Not Applicable,12,12:00pm-12:59pm,34,34,12,12:00pm-12:59pm,38,38,13,1:00pm-1:59pm,21,21,0,None,0,None,0,None,1,0
2019,36,360330,New York,1,1,0,0,0,1,1,107,TIOGA (107),9997,Other,4,4,6,June,2019,3,Tuesday,7,7:00am-7:59am,56,56,0,This section IS NOT on the NHS,1,Rural,7,Local,3,Town or Township Highway Agency,5,Local Street - Township,E BERKSHIRE RD,,99998,Not Reported,42.30783611,42.30783611,-76.169627780,-76.169627780,0,No Special Jurisdiction,1,Rollover/Overturn,0,The First Harmful Event was Not a Collision with a Motor Vehicle in Transport,0,No,1,Non-Junction,1,Not an Intersection,0,None,,,1,On Roadway,1,Daylight,1,Clear,0,No Additional Atmospheric Conditions,1,Clear,0,No,0000000,Not Applicable,7,7:00am-7:59am,56,56,8,8:00am-8:59am,4,4,88,Not Applicable (Not Transported),88,Not Applicable (Not Transported),0,None,0,None,0,None,1,0
2019,36,360331,New York,2,2,0,0,0,2,2,67,ONONDAGA (67),6010,SYRACUSE,10,10,6,June,2019,2,Monday,11,11:00am-11:59am,57,57,1,This section IS ON the NHS,2,Urban,3,Principal Arterial - Other,1,State Highway Agency,3,State Highway,SR-290,LODI ST,99998,Not Reported,43.05636944,43.05636944,-76.140408330,-76.140408330,0,No Special Jurisdiction,12,Motor Vehicle In-Transport,2,Front-to-Front,0,No,2,Intersection,2,Four-Way Intersection,0,None,,,1,On Roadway,1,Daylight,10,Cloudy,0,No Additional Atmospheric Conditions,10,Cloudy,0,No,0000000,Not Applicable,11,11:00am-11:59am,57,57,12,12:00pm-12:59pm,1,1,99,Unknown,99,Unknown EMS Hospital Arrival Time,0,None,0,None,0,None,1,0
2019,36,360332,New York,2,2,0,0,0,7,7,111,ULSTER (111),3329,LLOYD,18,18,6,June,2019,3,Tuesday,7,7:00am-7:59am,59,59,1,This section IS ON the NHS,2,Urban,3,Principal Arterial - Other,1,State Highway Agency,2,U.S. Highway,US-9W,,99998,Not Reported,41.70037500,41.70037500,-73.967661110,-73.967661110,0,No Special Jurisdiction,12,Motor Vehicle In-Transport,6,Angle,0,No,1,Non-Junction,1,Not an Intersection,0,None,,,1,On Roadway,1,Daylight,2,Rain,0,No Additional Atmospheric Conditions,2,Rain,0,No,0000000,Not Applicable,8,8:00am-8:59am,1,1,8,8:00am-8:59am,4,4,8,8:00am-8:59am,26,26,0,None,0,None,0,None,2,0
2019,36,360333,New York,1,1,0,1,1,1,1,103,SUFFOLK (103),2920,ISLIP,5,5,5,May,2019,1,Sunday,12,12:00pm-12:59pm,7,7,1,This section IS ON the NHS,2,Urban,2,Principal Arterial - Other Freeways and Expressways,1,State Highway Agency,3,State Highway,SR-27 SUNRISE HWY,,99998,Not Reported,40.74876944,40.74876944,-73.139961110,-73.139961110,0,No Special Jurisdiction,8,Pedestrian,0,The First Harmful Event was Not a Collision with a Motor Vehicle in Transport,0,No,1,Non-Junction,1,Not an Intersection,0,None,,,1,On Roadway,1,Daylight,2,Rain,0,No Additional Atmospheric Conditions,2,Rain,0,No,0000000,Not Applicable,99,Unknown,99,Unknown,99,Unknown EMS Scene Arrival Hour,99,Unknown EMS Scene Arrival Minutes,88,Not Applicable (Not Transported),88,Not Applicable (Not Transported),0,None,0,None,0,None,1,0
2019,36,360334,New York,1,1,0,0,0,1,1,9,CATTARAUGUS (9),5000,PORTVILLE,27,27,6,June,2019,5,Thursday,3,3:00am-3:59am,53,53,0,This section IS NOT on the NHS,2,Urban,4,Minor Arterial,2,County Highway Agency,8,Other,HASKELL RD,,99998,Not Reported,42.06743889,42.06743889,-78.384327780,-78.384327780,0,No Special Jurisdiction,42,Tree (Standing Only),0,The First Harmful Event was Not a Collision with a Motor Vehicle in Transport,0,No,1,Non-Junction,1,Not an Intersection,0,None,,,4,On Roadside,3,Dark - Lighted,1,Clear,0,No Additional Atmospheric Conditions,1,Clear,0,No,0000000,Not Applicable,3,3:00am-3:59am,53,53,4,4:00am-4:59am,6,6,88,Not Applicable (Not Transported),88,Not Applicable (Not Transported),0,None,0,None,0,None,1,0
2019,36,360335,New York,2,2,0,0,0,2,2,37,GENESEE (37),42,ALABAMA,28,28,6,June,2019,6,Friday,15,3:00pm-3:59pm,16,16,0,This section IS NOT on the NHS,1,Rural,6,Minor Collector,3,Town or Township Highway Agency,5,Local Street - Township,BLOOMINGDALE RD,TESNOW RD,99998,Not Reported,43.04582500,43.04582500,-78.456019440,-78.456019440,0,No Special Jurisdiction,12,Motor Vehicle In-Transport,2,Front-to-Front,0,No,3,Intersection-Related,4,Y-Intersection,0,None,,,1,On Roadway,1,Daylight,1,Clear,0,No Additional Atmospheric Conditions,1,Clear,0,No,0000000,Not Applicable,15,3:00pm-3:59pm,17,17,15,3:00pm-3:59pm,33,33,99,Unknown,99,Unknown EMS Hospital Arrival Time,0,None,0,None,0,None,1,0
2019,36,360336,New York,1,1,0,1,1,1,1,47,KINGS (47),4170,NEW YORK CITY,20,20,6,June,2019,5,Thursday,21,9:00pm-9:59pm,39,39,0,This section IS NOT on the NHS,2,Urban,4,Minor Arterial,4,City or Municipal Highway Agency,6,Local Street - Municipality,RALPH AVE,STERLING PL,99998,Not Reported,40.67084444,40.67084444,-73.922388890,-73.922388890,0,No Special Jurisdiction,8,Pedestrian,0,The First Harmful Event was Not a Collision with a Motor Vehicle in Transport,0,No,3,Intersection-Related,2,Four-Way Intersection,0,None,,,1,On Roadway,3,Dark - Lighted,1,Clear,0,No Additional Atmospheric Conditions,1,Clear,0,No,0000000,Not Applicable,99,Unknown,99,Unknown,99,Unknown EMS Scene Arrival Hour,99,Unknown EMS Scene Arrival Minutes,99,Unknown,99,Unknown EMS Hospital Arrival Time,0,None,0,None,0,None,1,0
2019,36,360337,New York,1,1,0,1,1,1,1,85,RICHMOND (85),4170,NEW YORK CITY,18,18,6,June,2019,3,Tuesday,9,9:00am-9:59am,7,7,1,This section IS ON the NHS,2,Urban,3,Principal Arterial - Other,4,City or Municipal Highway Agency,6,Local Street - Municipality,RICHMOND AVE,,99998,Not Reported,40.62454722,40.62454722,-74.148802780,-74.148802780,1,National Park Service,8,Pedestrian,0,The First Harmful Event was Not a Collision with a Motor Vehicle in Transport,0,No,1,Non-Junction,1,Not an Intersection,0,None,,,1,On Roadway,1,Daylight,2,Rain,0,No Additional Atmospheric Conditions,2,Rain,0,No,0000000,Not Applicable,99,Unknown,99,Unknown,9,9:00am-9:59am,13,13,9,9:00am-9:59am,27,27,0,None,0,None,0,None,1,0
2019,36,360338,New York,2,2,0,0,0,2,2,27,DUTCHESS (27),4690,PAWLING,29,29,6,June,2019,7,Saturday,14,2:00pm-2:59pm,19,19,1,This section IS ON the NHS,2,Urban,3,Principal Arterial - Other,1,State Highway Agency,3,State Highway,SR-55,,99998,Not Reported,41.55041111,41.55041111,-73.593383330,-73.593383330,0,No Special Jurisdiction,12,Motor Vehicle In-Transport,6,Angle,1,Yes,18,Through Roadway,1,Not an Intersection,0,None,,,1,On Roadway,1,Daylight,1,Clear,0,No Additional Atmospheric Conditions,1,Clear,0,No,0000000,Not Applicable,14,2:00pm-2:59pm,22,22,14,2:00pm-2:59pm,26,26,15,3:00pm-3:59pm,10,10,0,None,0,None,0,None,1,0
2019,36,360339,New York,5,5,0,0,0,11,11,5,BRONX (5),4170,NEW YORK CITY,29,29,6,June,2019,7,Saturday,23,11:00pm-11:59pm,40,40,1,This section IS ON the NHS,2,Urban,1,Interstate,1,State Highway Agency,1,Interstate,I-87,,99998,Not Reported,40.84655833,40.84655833,-73.925936110,-73.925936110,0,No Special Jurisdiction,12,Motor Vehicle In-Transport,1,Front-to-Rear,0,No,1,Non-Junction,1,Not an Intersection,0,None,,,1,On Roadway,3,Dark - Lighted,1,Clear,0,No Additional Atmospheric Conditions,1,Clear,0,No,0000000,Not Applicable,99,Unknown,99,Unknown,99,Unknown EMS Scene Arrival Hour,99,Unknown EMS Scene Arrival Minutes,99,Unknown,99,Unknown EMS Hospital Arrival Time,0,None,0,None,0,None,1,0
2019,36,360340,New York,2,2,0,0,0,4,4,65,ONEIDA (65),6308,VIENNA,29,29,6,June,2019,7,Saturday,15,3:00pm-3:59pm,55,55,0,This section IS NOT on the NHS,1,Rural,4,Minor Arterial,1,State Highway Agency,3,State Highway,SR-49,HERDER RD,99998,Not Reported,43.24243333,43.24243333,-75.637941670,-75.637941670,0,No Special Jurisdiction,12,Motor Vehicle In-Transport,6,Angle,0,No,3,Intersection-Related,3,T-Intersection,0,None,,,1,On Roadway,1,Daylight,1,Clear,0,No Additional Atmospheric Conditions,1,Clear,0,No,0000000,Not Applicable,15,3:00pm-3:59pm,55,55,16,4:00pm-4:59pm,3,3,16,4:00pm-4:59pm,25,25,0,None,0,None,0,None,1,0
2019,36,360341,New York,1,1,0,1,1,1,1,81,QUEENS (81),4170,MIDDLE VILLAGE,29,29,6,June,2019,7,Saturday,8,8:00am-8:59am,20,20,1,This section IS ON the NHS,2,Urban,3,Principal Arterial - Other,4,City or Municipal Highway Agency,8,Other,108TH ST,,99998,Not Reported,40.73802222,40.73802222,-73.852144440,-73.852144440,0,No Special Jurisdiction,8,Pedestrian,0,The First Harmful Event was Not a Collision with a Motor Vehicle in Transport,0,No,1,Non-Junction,1,Not an Intersection,0,None,,,1,On Roadway,1,Daylight,1,Clear,0,No Additional Atmospheric Conditions,1,Clear,0,No,0000000,Not Applicable,99,Unknown,99,Unknown,99,Unknown EMS Scene Arrival Hour,99,Unknown EMS Scene Arrival Minutes,99,Unknown,99,Unknown EMS Hospital Arrival Time,0,None,0,None,0,None,1,0
2019,36,360342,New York,1,1,0,1,1,1,1,59,NASSAU (59),2600,HEMPSTEAD,30,30,6,June,2019,1,Sunday,18,6:00pm-6:59pm,5,5,1,This section IS ON the NHS,2,Urban,3,Principal Arterial - Other,1,State Highway Agency,3,State Highway,SR-24,,99998,Not Reported,40.72564444,40.72564444,-73.494002780,-73.494002780,0,No Special Jurisdiction,9,Pedalcyclist,0,The First Harmful Event was Not a Collision with a Motor Vehicle in Transport,0,No,1,Non-Junction,1,Not an Intersection,0,None,,,1,On Roadway,1,Daylight,1,Clear,0,No Additional Atmospheric Conditions,1,Clear,0,No,0000000,Not Applicable,18,6:00pm-6:59pm,7,7,18,6:00pm-6:59pm,9,9,18,6:00pm-6:59pm,13,13,0,None,0,None,0,None,1,0
2019,36,360343,New York,2,2,0,0,0,4,4,103,SUFFOLK (103),5870,SOUTHOLD,30,30,6,June,2019,1,Sunday,20,8:00pm-8:59pm,4,4,1,This section IS ON the NHS,2,Urban,3,Principal Arterial - Other,1,State Highway Agency,3,State Highway,SR-25,BAILEY AVE,99998,Not Reported,41.11497222,41.11497222,-72.365408330,-72.365408330,0,No Special Jurisdiction,12,Motor Vehicle In-Transport,7,Sideswipe - Same Direction,0,No,2,Intersection,3,T-Intersection,0,None,,,1,On Roadway,1,Daylight,1,Clear,0,No Additional Atmospheric Conditions,1,Clear,0,No,0000000,Not Applicable,20,8:00pm-8:59pm,4,4,20,8:00pm-8:59pm,6,6,20,8:00pm-8:59pm,35,35,0,None,0,None,0,None,1,0
2019,36,360344,New York,2,2,0,0,0,3,3,91,SARATOGA (91),2469,HADLEY,1,1,7,July,2019,2,Monday,19,7:00pm-7:59pm,17,17,0,This section IS NOT on the NHS,1,Rural,4,Minor Arterial,1,State Highway Agency,3,State Highway,SR-4 N SHORE RD,,99998,Not Reported,43.29058889,43.29058889,-73.984902780,-73.984902780,0,No Special Jurisdiction,12,Motor Vehicle In-Transport,2,Front-to-Front,0,No,1,Non-Junction,1,Not an Intersection,0,None,,,1,On Roadway,1,Daylight,1,Clear,0,No Additional Atmospheric Conditions,1,Clear,0,No,0000000,Not Applicable,19,7:00pm-7:59pm,19,19,19,7:00pm-7:59pm,40,40,99,Unknown,99,Unknown EMS Hospital Arrival Time,0,None,0,None,0,None,1,0