caseyear,state,st_case,statename,ve_total,ve_forms,pvh_invl,peds,pernotmvit,permvit,persons,county,countyname,city,cityname,day,dayname,month,monthname,year,day_week,day_weekname,hour,hourname,minute,minutename,nhs,nhsname,rur_urb,rur_urbname,func_sys,func_sysname,rd_owner,rd_ownername,route,routename,tway_id,tway_id2,milept,mileptname,latitude,latitudename,longitud,longitudname,sp_jur,sp_jurname,harm_ev,harm_evname,man_coll,man_collname,reljct1,reljct1name,reljct2,reljct2name,typ_int,typ_intname,wrk_zone,wrk_zonename,road_fnc,road_fncname,rel_road,rel_roadname,lgt_cond,lgt_condname,weather1,weather1name,weather2,weather2name,weather,weathername,sch_bus,sch_busname,rail,railname,not_hour,not_hourname,not_min,not_minname,arr_hour,arr_hourname,arr_min,arr_minname,hosp_hr,hosp_hrname,hosp_mn,hosp_mnname,cf1,cf1name,cf2,cf2name,cf3,cf3name,fatals,drunk_dr
2019,36,360345,New York,1,1,0,0,0,2,2,19,CLINTON (19),3870,MOOERS,1,1,7,July,2019,2,Monday,11,11:00am-11:59am,31,31,1,This section IS ON the NHS,1,Rural,3,Principal Arterial - Other,1,State Highway Agency,2,U.S. Highway,US-11,,99998,Not Reported,44.91842778,44.91842778,-73.741152780,-73.741152780,0,No Special Jurisdiction,11,Live Animal,0,The First Harmful Event was Not a Collision with a Motor Vehicle in Transport,0,No,1,Non-Junction,1,Not an Intersection,0,None,,,1,On Roadway,1,Daylight,1,Clear,0,No Additional Atmospheric Conditions,1,Clear,0,No,0000000,Not Applicable,11,11:00am-11:59am,31,31,11,11:00am-11:59am,38,38,99,Unknown,99,Unknown EMS Hospital Arrival Time,0,None,0,None,0,None,1,0
2019,36,360346,New York,1,1,0,1,1,1,1,47,KINGS (47),4170,NEW YORK CITY,1,1,7,July,2019,2,Monday,12,12:00pm-12:59pm,23,23,0,This section IS NOT on the NHS,2,Urban,7,Local,4,City or Municipal Highway Agency,6,Local Street - Municipality,BOERUM ST,BUSHWICK AVE,99998,Not Reported,40.70618056,40.70618056,-73.939694440,-73.939694440,0,No Special Jurisdiction,9,Pedalcyclist,0,The First Harmful Event was Not a Collision with a Motor Vehicle in Transport,0,No,3,Intersection-Related,2,Four-Way Intersection,0,None,,,1,On Roadway,1,Daylight,1,Clear,0,No Additional Atmospheric Conditions,1,Clear,0,No,0000000,Not Applicable,12,12:00pm-12:59pm,23,23,12,12:00pm-12:59pm,28,28,88,Not Applicable (Not Transported),88,Not Applicable (Not Transported),0,None,0,None,0,None,1,0
2019,36,360347,New York,1,1,0,0,0,1,1,81,QUEENS (81),4170,MIDDLE VILLAGE,2,2,7,July,2019,3,Tuesday,23,11:00pm-11:59pm,55,55,1,This section IS ON the NHS,2,Urban,1,Interstate,1,State Highway Agency,1,Interstate,I-295 CLEARVIEW EXPY,,99998,Not Reported,40.74001667,40.74001667,-73.769650000,-73.769650000,0,No Special Jurisdiction,30,Utility Pole/Light Support,0,The First Harmful Event was Not a Collision with a Motor Vehicle in Transport,0,No,1,Non-Junction,1,Not an Intersection,0,None,,,4,On Roadside,3,Dark - Lighted,1,Clear,0,No Additional Atmospheric Conditions,1,Clear,0,No,0000000,Not Applicable,99,Unknown,99,Unknown,99,Unknown EMS Scene Arrival Hour,99,Unknown EMS Scene Arrival Minutes,99,Unknown,99,Unknown EMS Hospital Arrival Time,0,None,0,None,0,None,1,1
2019,36,360348,New York,1,1,0,1,1,1,1,27,DUTCHESS (27),3760,MILLBROOK,6,6,6,June,2019,5,Thursday,21,9:00pm-9:59pm,14,14,0,This section IS NOT on the NHS,1,Rural,5,Major Collector,1,State Highway Agency,3,State Highway,SR-82,,99998,Not Reported,41.76463056,41.76463056,-73.706336110,-73.706336110,0,No Special Jurisdiction,8,Pedestrian,0,The First Harmful Event was Not a Collision with a Motor Vehicle in Transport,0,No,1,Non-Junction,1,Not an Intersection,0,None,,,1,On Roadway,2,Dark - Not Lighted,1,Clear,0,No Additional Atmospheric Conditions,1,Clear,0,No,0000000,Not Applicable,21,9:00pm-9:59pm,12,12,21,9:00pm-9:59pm,17,17,88,Not Applicable (Not Transported),88,Not Applicable (Not Transported),0,None,0,None,0,None,1,0
2019,36,360349,New York,2,2,0,0,0,2,2,71,ORANGE (71),4060,NEWBURGH,31,31,5,May,2019,6,Friday,23,11:00pm-11:59pm,12,12,1,This section IS ON the NHS,2,Urban,3,Principal Arterial - Other,1,State Highway Agency,3,State Highway,SR-300,STEWART AVE,99998,Not Reported,41.51060833,41.51060833,-74.067022220,-74.067022220,0,No Special Jurisdiction,12,Motor Vehicle In-Transport,2,Front-to-Front,0,No,2,Intersection,2,Four-Way Intersection,0,None,,,1,On Roadway,3,Dark - Lighted,1,Clear,0,No Additional Atmospheric Conditions,1,Clear,0,No,0000000,Not Applicable,23,11:00pm-11:59pm,12,12,23,11:00pm-11:59pm,20,20,23,11:00pm-11:59pm,47,47,0,None,0,None,0,None,1,1
2019,36,360350,New York,2,2,0,0,0,3,3,71,ORANGE (71),1140,CHESTER,27,27,6,June,2019,5,Thursday,12,12:00pm-12:59pm,59,59,0,This section IS NOT on the NHS,2,Urban,4,Minor Arterial,1,State Highway Agency,3,State Highway,SR-94,,99998,Not Reported,41.36379722,41.36379722,-74.272205560,-74.272205560,0,No Special Jurisdiction,12,Motor Vehicle In-Transport,9,Rear-to-Side,0,No,8,Driveway Access Related,1,Not an Intersection,0,None,,,1,On Roadway,1,Daylight,1,Clear,0,No Additional Atmospheric Conditions,1,Clear,0,No,0000000,Not Applicable,13,1:00pm-1:59pm,2,2,13,1:00pm-1:59pm,6,6,13,1:00pm-1:59pm,35,35,0,None,0,None,0,None,1,0
2019,36,360351,New York,2,2,0,0,0,2,2,1,ALBANY (1),1290,COLONIE,30,30,4,April,2019,3,Tuesday,14,2:00pm-2:59pm,41,41,1,This section IS ON the NHS,2,Urban,3,Principal Arterial - Other,1,State Highway Agency,2,U.S. Highway,US-9,TURNER LN,99998,Not Reported,42.71071667,42.71071667,-73.755438890,-73.755438890,0,No Special Jurisdiction,12,Motor Vehicle In-Transport,2,Front-to-Front,0,No,3,Intersection-Related,3,T-Intersection,0,None,,,1,On Roadway,1,Daylight,10,Cloudy,0,No Additional Atmospheric Conditions,10,Cloudy,0,No,0000000,Not Applicable,14,2:00pm-2:59pm,42,42,14,2:00pm-2:59pm,50,50,99,Unknown,99,Unknown EMS Hospital Arrival Time,0,None,0,None,0,None,1,0
2019,36,360352,New York,1,1,0,1,1,2,2,47,KINGS (47),4170,NEW YORK CITY,27,27,6,June,2019,5,Thursday,6,6:00am-6:59am,53,53,1,This section IS ON the NHS,2,Urban,3,Principal Arterial - Other,4,City or Municipal Highway Agency,6,Local Street - Municipality,UTICA AVE,AVE L,99998,Not Reported,40.62367500,40.62367500,-73.927491670,-73.927491670,0,No Special Jurisdiction,8,Pedestrian,0,The First Harmful Event was Not a Collision with a Motor Vehicle in Transport,0,No,3,Intersection-Related,2,Four-Way Intersection,0,None,,,1,On Roadway,1,Daylight,1,Clear,0,No Additional Atmospheric Conditions,1,Clear,0,No,0000000,Not Applicable,6,6:00am-6:59am,54,54,7,7:00am-7:59am,2,2,99,Unknown,99,Unknown EMS Hospital Arrival Time,0,None,0,None,0,None,1,0
2019,36,360353,New York,1,1,0,0,0,1,1,103,SUFFOLK (103),5210,RIVERHEAD,2,2,7,July,2019,3,Tuesday,8,8:00am-8:59am,41,41,1,This section IS ON the NHS,2,Urban,3,Principal Arterial - Other,2,County Highway Agency,4,County Road,CR-105,,99998,Not Reported,40.93836667,40.93836667,-72.640802780,-72.640802780,0,No Special Jurisdiction,41,Shrubbery,0,The First Harmful Event was Not a Collision with a Motor Vehicle in Transport,0,No,1,Non-Junction,1,Not an Intersection,0,None,,,4,On Roadside,1,Daylight,1,Clear,0,No Additional Atmospheric Conditions,1,Clear,0,No,0000000,Not Applicable,8,8:00am-8:59am,41,41,99,Unknown EMS Scene Arrival Hour,99,Unknown EMS Scene Arrival Minutes,99,Unknown,99,Unknown EMS Hospital Arrival Time,0,None,0,None,0,None,1,0
2019,36,360354,New York,1,1,0,0,0,1,1,65,ONEIDA (65),800,CAMDEN,3,3,7,July,2019,4,Wednesday,22,10:00pm-10:59pm,15,15,0,This section IS NOT on the NHS,1,Rural,5,Major Collector,2,County Highway Agency,4,County Road,CR-70,,99998,Not Reported,43.38148611,43.38148611,-75.702063890,-75.702063890,0,No Special Jurisdiction,42,Tree (Standing Only),0,The First Harmful Event was Not a Collision with a Motor Vehicle in Transport,0,No,1,Non-Junction,1,Not an Intersection,0,None,,,4,On Roadside,2,Dark - Not Lighted,1,Clear,0,No Additional Atmospheric Conditions,1,Clear,0,No,0000000,Not Applicable,13,1:00pm-1:59pm,11,11,13,1:00pm-1:59pm,20,20,88,Not Applicable (Not Transported),88,Not Applicable (Not Transported),0,None,0,None,0,None,1,1
2019,36,360355,New York,2,2,0,0,0,3,3,45,JEFFERSON (45),6450,WATERTOWN,3,3,7,July,2019,4,Wednesday,15,3:00pm-3:59pm,15,15,0,This section IS NOT on the NHS,2,Urban,4,Minor Arterial,1,State Highway Agency,3,State Highway,SR-3 ARSENAL ST,TOWNE CENTER DR,99998,Not Reported,43.97402222,43.97402222,-75.959652780,-75.959652780,0,No Special Jurisdiction,12,Motor Vehicle In-Transport,6,Angle,0,No,2,Intersection,2,Four-Way Intersection,0,None,,,1,On Roadway,1,Daylight,1,Clear,0,No Additional Atmospheric Conditions,1,Clear,0,No,0000000,Not Applicable,15,3:00pm-3:59pm,15,15,15,3:00pm-3:59pm,19,19,15,3:00pm-3:59pm,30,30,0,None,0,None,0,None,1,0
2019,36,360356,New York,2,2,0,0,0,2,2,51,LIVINGSTON (51),5932,SPRINGWATER,4,4,7,July,2019,5,Thursday,13,1:00pm-1:59pm,55,55,0,This section IS NOT on the NHS,1,Rural,6,Minor Collector,2,County Highway Agency,4,County Road,CR-60,MEAD HILL RD,99998,Not Reported,42.62756111,42.62756111,-77.632577780,-77.632577780,0,No Special Jurisdiction,12,Motor Vehicle In-Transport,6,Angle,0,No,2,Intersection,2,Four-Way Intersection,0,None,,,1,On Roadway,1,Daylight,10,Cloudy,0,No Additional Atmospheric Conditions,10,Cloudy,0,No,0000000,Not Applicable,13,1:00pm-1:59pm,55,55,13,1:00pm-1:59pm,58,58,14,2:00pm-2:59pm,57,57,0,None,0,None,0,None,1,0
2019,36,360357,New York,2,2,0,0,0,2,2,47,KINGS (47),4170,NEW YORK CITY,4,4,7,July,2019,5,Thursday,1,1:00am-1:59am,0,0,1,This section IS ON the NHS,2,Urban,1,Interstate,1,State Highway Agency,1,Interstate,I-278,,99998,Not Reported,40.69581389,40.69581389,-73.964561110,-73.964561110,0,No Special Jurisdiction,1,Rollover/Overturn,0,The First Harmful Event was Not a Collision with a Motor Vehicle in Transport,0,No,1,Non-Junction,1,Not an Intersection,0,None,,,1,On Roadway,3,Dark - Lighted,1,Clear,0,No Additional Atmospheric Conditions,1,Clear,0,No,0000000,Not Applicable,99,Unknown,99,Unknown,99,Unknown EMS Scene Arrival Hour,99,Unknown EMS Scene Arrival Minutes,88,Not Applicable (Not Transported),88,Not Applicable (Not Transported),0,None,0,None,0,None,1,0
2019,36,360358,New York,1,1,0,2,2,1,1,87,ROCKLAND (87),5760,SLOATSBURG,19,19,5,May,2019,1,Sunday,20,8:00pm-8:59pm,47,47,0,This section IS NOT on the NHS,2,Urban,4,Minor Arterial,1,State Highway Agency,3,State Highway,SR-17 ORANGE TPK,WASHINGTON AVE,99998,Not Reported,41.16799167,41.16799167,-74.191650000,-74.191650000,0,No Special Jurisdiction,15,Non-Motorist on Personal Conveyance,0,The First Harmful Event was Not a Collision with a Motor Vehicle in Transport,0,No,3,Intersection-Related,3,T-Intersection,0,None,,,1,On Roadway,5,Dusk,1,Clear,0,No Additional Atmospheric Conditions,1,Clear,0,No,0000000,Not Applicable,20,8:00pm-8:59pm,47,47,20,8:00pm-8:59pm,53,53,21,9:00pm-9:59pm,47,47,0,None,0,None,0,None,1,0
2019,36,360359,New York,1,1,0,0,0,1,1,61,NEW YORK (61),4170,NEW YORK,5,5,7,July,2019,6,Friday,19,7:00pm-7:59pm,31,31,0,This section IS NOT on the NHS,2,Urban,4,Minor Arterial,4,City or Municipal Highway Agency,8,Other,E 58TH ST,PARK AVE,99998,Not Reported,40.76172500,40.76172500,-73.971011110,-73.971011110,0,No Special Jurisdiction,1,Rollover/Overturn,0,The First Harmful Event was Not a Collision with a Motor Vehicle in Transport,0,No,3,Intersection-Related,2,Four-Way Intersection,0,None,,,1,On Roadway,3,Dark - Lighted,1,Clear,0,No Additional Atmospheric Conditions,1,Clear,0,No,0000000,Not Applicable,99,Unknown,99,Unknown,99,Unknown EMS Scene Arrival Hour,99,Unknown EMS Scene Arrival Minutes,99,Unknown,99,Unknown EMS Hospital Arrival Time,0,None,0,None,0,None,1,0
2019,36,360360,New York,2,2,0,0,0,2,2,91,SARATOGA (91),6731,WILTON,5,5,7,July,2019,6,Friday,15,3:00pm-3:59pm,21,21,0,This section IS NOT on the NHS,1,Rural,5,Major Collector,2,County Highway Agency,4,County Road,CR-33,,99998,Not Reported,43.15646944,43.15646944,-73.685513890,-73.685513890,0,No Special Jurisdiction,12,Motor Vehicle In-Transport,1,Front-to-Rear,0,No,1,Non-Junction,1,Not an Intersection,0,None,,,1,On Roadway,1,Daylight,1,Clear,0,No Additional Atmospheric Conditions,1,Clear,0,No,0000000,Not Applicable,15,3:00pm-3:59pm,21,21,15,3:00pm-3:59pm,28,28,16,4:00pm-4:59pm,1,1,0,None,0,None,0,None,1,0
2019,36,360361,New York,1,1,0,0,0,1,1,119,WESTCHESTER (119),6825,YORKTOWN HEIGHTS,5,5,7,July,2019,6,Friday,18,6:00pm-6:59pm,43,43,1,This section IS ON the NHS,2,Urban,2,Principal Arterial - Other Freeways and Expressways,1,State Highway Agency,3,State Highway,SR-987G TACONIC STATE PKWY,,99998,Not Reported,41.27228056,41.27228056,-73.807586110,-73.807586110,0,No Special Jurisdiction,11,Live Animal,0,The First Harmful Event was Not a Collision with a Motor Vehicle in Transport,0,No,1,Non-Junction,1,Not an Intersection,0,None,,,1,On Roadway,1,Daylight,1,Clear,0,No Additional Atmospheric Conditions,1,Clear,0,No,0000000,Not Applicable,18,6:00pm-6:59pm,41,41,18,6:00pm-6:59pm,57,57,19,7:00pm-7:59pm,19,19,0,None,0,None,0,None,1,0
2019,36,360362,New York,2,2,0,0,0,3,3,49,LEWIS (49),2560,HARRISVILLE,5,5,7,July,2019,6,Friday,12,12:00pm-12:59pm,53,53,0,This section IS NOT on the NHS,1,Rural,6,Minor Collector,3,Town or Township Highway Agency,5,Local Street - Township,N BONAPARTE RD,,99998,Not Reported,44.15033611,44.15033611,-75.343780560,-75.343780560,0,No Special Jurisdiction,1,Rollover/Overturn,0,The First Harmful Event was Not a Collision with a Motor Vehicle in Transport,0,No,1,Non-Junction,1,Not an Intersection,0,None,,,1,On Roadway,1,Daylight,10,Cloudy,0,No Additional Atmospheric Conditions,10,Cloudy,0,No,0000000,Not Applicable,99,Unknown,99,Unknown,99,Unknown EMS Scene Arrival Hour,99,Unknown EMS Scene Arrival Minutes,99,Unknown,99,Unknown EMS Hospital Arrival Time,0,None,0,None,0,None,1,1
2019,36,360363,New York,2,2,0,0,0,2,2,119,WESTCHESTER (119),1379,CORTLANDT,27,27,6,June,2019,5,Thursday,16,4:00pm-4:59pm,34,34,0,This section IS NOT on the NHS,2,Urban,4,Minor Arterial,3,Town or Township Highway Agency,5,Local Street - Township,KINGS FERRY RD,HUNT AVE,99998,Not Reported,41.25077500,41.25077500,-73.934555560,-73.934555560,0,No Special Jurisdiction,12,Motor Vehicle In-Transport,2,Front-to-Front,0,No,2,Intersection,3,T-Intersection,0,None,,,1,On Roadway,1,Daylight,1,Clear,0,No Additional Atmospheric Conditions,1,Clear,0,No,0000000,Not Applicable,16,4:00pm-4:59pm,34,34,99,Unknown EMS Scene Arrival Hour,99,Unknown EMS Scene Arrival Minutes,16,4:00pm-4:59pm,55,55,0,None,0,None,0,None,1,0
2019,36,360364,New York,2,2,0,0,0,2,2,37,GENESEE (37),4686,PAVILION,6,6,7,July,2019,7,Saturday,11,11:00am-11:59am,59,59,0,This section IS NOT on the NHS,1,Rural,4,Minor Arterial,1,State Highway Agency,3,State Highway,SR-19,SR-63,99998,Not Reported,42.87611111,42.87611111,-78.022730560,-78.022730560,0,No Special Jurisdiction,12,Motor Vehicle In-Transport,6,Angle,0,No,2,Intersection,2,Four-Way Intersection,0,None,,,1,On Roadway,1,Daylight,2,Rain,0,No Additional Atmospheric Conditions,2,Rain,0,No,0000000,Not Applicable,11,11:00am-11:59am,59,59,12,12:00pm-12:59pm,3,3,88,Not Applicable (Not Transported),88,Not Applicable (Not Transported),0,None,0,None,0,None,1,0
2019,36,360365,New York,4,2,2,1,1,2,2,61,NEW YORK (61),4170,NEW YORK,7,7,7,July,2019,1,Sunday,12,12:00pm-12:59pm,59,59,1,This section IS ON the NHS,2,Urban,3,Principal Arterial - Other,4,City or Municipal Highway Agency,6,Local Street - Municipality,8TH AVE,W 128TH ST,99998,Not Reported,40.81214444,40.81214444,-73.949722220,-73.949722220,0,No Special Jurisdiction,12,Motor Vehicle In-Transport,2,Front-to-Front,0,No,2,Intersection,3,T-Intersection,0,None,,,1,On Roadway,1,Daylight,1,Clear,0,No Additional Atmospheric Conditions,1,Clear,0,No,0000000,Not Applicable,99,Unknown,99,Unknown,99,Unknown EMS Scene Arrival Hour,99,Unknown EMS Scene Arrival Minutes,99,Unknown,99,Unknown EMS Hospital Arrival Time,0,None,0,None,0,None,1,0
2019,36,360366,New York,1,1,0,0,0,1,1,37,GENESEE (37),4686,PAVILION,24,24,6,June,2019,2,Monday,15,3:00pm-3:59pm,35,35,1,This section IS ON the NHS,1,Rural,3,Principal Arterial - Other,1,State Highway Agency,2,U.S. Highway,US-20,,99998,Not Reported,42.91225278,42.91225278,-77.982047220,-77.982047220,0,No Special Jurisdiction,42,Tree (Standing Only),0,The First Harmful Event was Not a Collision with a Motor Vehicle in Transport,0,No,1,Non-Junction,1,Not an Intersection,0,None,,,4,On Roadside,1,Daylight,1,Clear,0,No Additional Atmospheric Conditions,1,Clear,0,No,0000000,Not Applicable,15,3:00pm-3:59pm,37,37,15,3:00pm-3:59pm,44,44,16,4:00pm-4:59pm,49,49,0,None,0,None,0,None,1,1
2019,36,360367,New York,2,2,0,0,0,3,3,19,CLINTON (19),3000,KEESEVILLE,7,7,7,July,2019,1,Sunday,9,9:00am-9:59am,46,46,0,This section IS NOT on the NHS,1,Rural,5,Major Collector,1,State Highway Agency,3,State Highway,SR-9,SR-22,99998,Not Reported,44.44373056,44.44373056,-73.488961110,-73.488961110,0,No Special Jurisdiction,12,Motor Vehicle In-Transport,6,Angle,0,No,2,Intersection,2,Four-Way Intersection,0,None,,,1,On Roadway,1,Daylight,1,Clear,0,No Additional Atmospheric Conditions,1,Clear,0,No,0000000,Not Applicable,9,9:00am-9:59am,48,48,9,9:00am-9:59am,59,59,88,Not Applicable (Not Transported),88,Not Applicable (Not Transported),0,None,0,None,0,None,1,0
2019,36,360368,New York,2,2,0,0,0,2,2,87,ROCKLAND (87),4063,NEW CITY,7,7,7,July,2019,1,Sunday,1,1:00am-1:59am,0,0,1,This section IS ON the NHS,2,Urban,3,Principal Arterial - Other,1,State Highway Agency,3,State Highway,SR-304,GERMONDS RD,99998,Not Reported,41.12070556,41.12070556,-73.992891670,-73.992891670,0,No Special Jurisdiction,12,Motor Vehicle In-Transport,6,Angle,0,No,2,Intersection,2,Four-Way Intersection,0,None,,,1,On Roadway,3,Dark - Lighted,10,Cloudy,0,No Additional Atmospheric Conditions,10,Cloudy,0,No,0000000,Not Applicable,1,1:00am-1:59am,0,0,1,1:00am-1:59am,8,8,1,1:00am-1:59am,35,35,0,None,0,None,0,None,1,1
2019,36,360369,New York,1,1,0,0,0,1,1,47,KINGS (47),4170,NEW YORK CITY,8,8,7,July,2019,2,Monday,23,11:00pm-11:59pm,53,53,1,This section IS ON the NHS,2,Urban,1,Interstate,1,State Highway Agency,1,Interstate,I-278 BROOKLYN QUEENS EXPY,,99998,Not Reported,40.68992222,40.68992222,-73.998652780,-73.998652780,0,No Special Jurisdiction,33,Curb,0,The First Harmful Event was Not a Collision with a Motor Vehicle in Transport,0,No,1,Non-Junction,1,Not an Intersection,0,None,,,4,On Roadside,3,Dark - Lighted,1,Clear,0,No Additional Atmospheric Conditions,1,Clear,0,No,0000000,Not Applicable,23,11:00pm-11:59pm,53,53,99,Unknown EMS Scene Arrival Hour,99,Unknown EMS Scene Arrival Minutes,99,Unknown,99,Unknown EMS Hospital Arrival Time,0,None,0,None,0,None,1,0
2019,36,360370,New York,2,2,0,1,1,2,2,47,KINGS (47),4170,NEW YORK CITY,8,8,7,July,2019,2,Monday,9,9:00am-9:59am,10,10,1,This section IS ON the NHS,2,Urban,3,Principal Arterial - Other,4,City or Municipal Highway Agency,6,Local Street - Municipality,CONEY ISLAND AVE,CHURCH AVE,99998,Not Reported,40.64650556,40.64650556,-73.970791670,-73.970791670,0,No Special Jurisdiction,8,Pedestrian,0,The First Harmful Event was Not a Collision with a Motor Vehicle in Transport,0,No,3,Intersection-Related,2,Four-Way Intersection,0,None,,,1,On Roadway,1,Daylight,2,Rain,0,No Additional Atmospheric Conditions,2,Rain,0,No,0000000,Not Applicable,9,9:00am-9:59am,23,23,9,9:00am-9:59am,30,30,9,9:00am-9:59am,56,56,0,None,0,None,0,None,1,0
2019,36,360371,New York,1,1,0,1,1,1,1,59,NASSAU (59),2600,HEMPSTEAD,8,8,7,July,2019,2,Monday,21,9:00pm-9:59pm,55,55,0,This section IS NOT on the NHS,2,Urban,7,Local,3,Town or Township Highway Agency,5,Local Street - Township,AUSTIN BLVD,EMERSON PL,99998,Not Reported,40.59898056,40.59898056,-73.655550000,-73.655550000,0,No Special Jurisdiction,9,Pedalcyclist,0,The First Harmful Event was Not a Collision with a Motor Vehicle in Transport,0,No,3,Intersection-Related,3,T-Intersection,0,None,,,1,On Roadway,3,Dark - Lighted,1,Clear,0,No Additional Atmospheric Conditions,1,Clear,0,No,0000000,Not Applicable,22,10:00pm-10:59pm,0,0,22,10:00pm-10:59pm,9,9,22,10:00pm-10:59pm,21,21,0,None,0,None,0,None,1,0
2019,36,360372,New York,2,2,0,0,0,3,3,55,MONROE (55),4840,PITTSFORD,6,6,7,July,2019,7,Saturday,21,9:00pm-9:59pm,8,8,0,This section IS NOT on the NHS,2,Urban,4,Minor Arterial,1,State Highway Agency,3,State Highway,SR-64,MANDALAY RIDGE,99998,Not Reported,43.03743333,43.03743333,-77.516319440,-77.516319440,0,No Special Jurisdiction,12,Motor Vehicle In-Transport,2,Front-to-Front,0,No,3,Intersection-Related,3,T-Intersection,0,None,,,1,On Roadway,5,Dusk,1,Clear,0,No Additional Atmospheric Conditions,1,Clear,0,No,0000000,Not Applicable,20,8:00pm-8:59pm,42,42,20,8:00pm-8:59pm,55,55,21,9:00pm-9:59pm,35,35,0,None,0,None,0,None,2,0
2019,36,360373,New York,1,1,0,0,0,2,2,83,RENSSELAER (83),2779,HOOSICK,9,9,7,July,2019,3,Tuesday,20,8:00pm-8:59pm,15,15,0,This section IS NOT on the NHS,1,Rural,7,Local,3,Town or Township Highway Agency,5,Local Street - Township,CLAY HILL RD,,99998,Not Reported,42.90258889,42.90258889,-73.417975000,-73.417975000,0,No Special Jurisdiction,11,Live Animal,0,The First Harmful Event was Not a Collision with a Motor Vehicle in Transport,0,No,1,Non-Junction,1,Not an Intersection,0,None,,,1,On Roadway,1,Daylight,1,Clear,0,No Additional Atmospheric Conditions,1,Clear,0,No,0000000,Not Applicable,20,8:00pm-8:59pm,15,15,20,8:00pm-8:59pm,32,32,23,11:00pm-11:59pm,45,45,0,None,0,None,0,None,1,0
2019,36,360374,New York,1,1,0,1,1,1,1,89,ST. LAWRENCE (89),3276,LISBON,9,9,7,July,2019,3,Tuesday,18,6:00pm-6:59pm,22,22,0,This section IS NOT on the NHS,1,Rural,7,Local,3,Town or Township Highway Agency,5,Local Street - Township,BULL RUN RD,,99998,Not Reported,44.77502778,44.77502778,-75.321872220,-75.321872220,0,No Special Jurisdiction,8,Pedestrian,0,The First Harmful Event was Not a Collision with a Motor Vehicle in Transport,0,No,1,Non-Junction,1,Not an Intersection,0,None,,,1,On Roadway,1,Daylight,1,Clear,0,No Additional Atmospheric Conditions,1,Clear,0,No,0000000,Not Applicable,18,6:00pm-6:59pm,22,22,18,6:00pm-6:59pm,39,39,99,Unknown,99,Unknown EMS Hospital Arrival Time,0,None,0,None,0,None,1,0
2019,36,360375,New York,2,2,0,0,0,2,2,1,ALBANY (1),50,ALBANY,9,9,7,July,2019,3,Tuesday,20,8:00pm-8:59pm,3,3,0,This section IS NOT on the NHS,2,Urban,4,Minor Arterial,4,City or Municipal Highway Agency,2,U.S. Highway,US-9,DOVE ST,99998,Not Reported,42.65871389,42.65871389,-73.757900000,-73.757900000,0,No Special Jurisdiction,12,Motor Vehicle In-Transport,6,Angle,0,No,2,Intersection,3,T-Intersection,0,None,,,1,On Roadway,5,Dusk,1,Clear,0,No Additional Atmospheric Conditions,1,Clear,0,No,0000000,Not Applicable,20,8:00pm-8:59pm,7,7,20,8:00pm-8:59pm,9,9,88,Not Applicable (Not Transported),88,Not Applicable (Not Transported),0,None,0,None,0,None,1,1
2019,36,360376,New York,1,1,0,0,0,1,1,119,WESTCHESTER (119),5802,SOMERS,23,23,6,June,2019,1,Sunday,13,1:00pm-1:59pm,41,41,0,This section IS NOT on the NHS,2,Urban,4,Minor Arterial,1,State Highway Agency,2,U.S. Highway,US-202,,99998,Not Reported,41.30540278,41.30540278,-73.742869440,-73.742869440,0,No Special Jurisdiction,34,Ditch,0,The First Harmful Event was Not a Collision with a Motor Vehicle in Transport,0,No,1,Non-Junction,1,Not an Intersection,0,None,,,4,On Roadside,1,Daylight,1,Clear,0,No Additional Atmospheric Conditions,1,Clear,0,No,0000000,Not Applicable,13,1:00pm-1:59pm,42,42,13,1:00pm-1:59pm,55,55,14,2:00pm-2:59pm,30,30,0,None,0,None,0,None,1,0
2019,36,360377,New York,2,2,0,0,0,4,4,55,MONROE (55),2606,HENRIETTA,20,20,6,June,2019,5,Thursday,8,8:00am-8:59am,26,26,0,This section IS NOT on the NHS,2,Urban,4,Minor Arterial,1,State Highway Agency,3,State Highway,SR-15 W HENRIETTA RD,,99998,Not Reported,43.06403333,43.06403333,-77.649172220,-77.649172220,0,No Special Jurisdiction,12,Motor Vehicle In-Transport,2,Front-to-Front,0,No,1,Non-Junction,1,Not an Intersection,0,None,,,1,On Roadway,1,Daylight,2,Rain,0,No Additional Atmospheric Conditions,2,Rain,0,No,0000000,Not Applicable,99,Unknown,99,Unknown,8,8:00am-8:59am,30,30,8,8:00am-8:59am,56,56,0,None,0,None,0,None,1,0
2019,36,360378,New York,1,1,0,1,1,2,2,59,NASSAU (59),4600,OYSTER BAY,11,11,7,July,2019,5,Thursday,16,4:00pm-4:59pm,45,45,0,This section IS NOT on the NHS,2,Urban,4,Minor Arterial,2,County Highway Agency,8,Other,OLD COUNTRY RD,,99998,Not Reported,40.77841944,40.77841944,-73.456063890,-73.456063890,0,No Special Jurisdiction,9,Pedalcyclist,0,The First Harmful Event was Not a Collision with a Motor Vehicle in Transport,0,No,1,Non-Junction,1,Not an Intersection,0,None,,,1,On Roadway,1,Daylight,10,Cloudy,0,No Additional Atmospheric Conditions,10,Cloudy,0,No,0000000,Not Applicable,16,4:00pm-4:59pm,48,48,16,4:00pm-4:59pm,59,59,88,Not Applicable (Not Transported),88,Not Applicable (Not Transported),0,None,0,None,0,None,1,0