caseyear,state,st_case,statename,ve_total,ve_forms,pvh_invl,peds,pernotmvit,permvit,persons,county,countyname,city,cityname,day,dayname,month,monthname,year,day_week,day_weekname,hour,hourname,minute,minutename,nhs,nhsname,rur_urb,rur_urbname,func_sys,func_sysname,rd_owner,rd_ownername,route,routename,tway_id,tway_id2,milept,mileptname,latitude,latitudename,longitud,longitudname,sp_jur,sp_jurname,harm_ev,harm_evname,man_coll,man_collname,reljct1,reljct1name,reljct2,reljct2name,typ_int,typ_intname,wrk_zone,wrk_zonename,road_fnc,road_fncname,rel_road,rel_roadname,lgt_cond,lgt_condname,weather1,weather1name,weather2,weather2name,weather,weathername,sch_bus,sch_busname,rail,railname,not_hour,not_hourname,not_min,not_minname,arr_hour,arr_hourname,arr_min,arr_minname,hosp_hr,hosp_hrname,hosp_mn,hosp_mnname,cf1,cf1name,cf2,cf2name,cf3,cf3name,fatals,drunk_dr
2019,36,360379,New York,2,2,0,0,0,4,4,63,NIAGARA (63),3340,LOCKPORT,10,10,7,July,2019,4,Wednesday,17,5:00pm-5:59pm,38,38,0,This section IS NOT on the NHS,1,Rural,5,Major Collector,1,State Highway Agency,3,State Highway,SR-425,,99998,Not Reported,43.17732500,43.17732500,-78.823450000,-78.823450000,0,No Special Jurisdiction,12,Motor Vehicle In-Transport,6,Angle,0,No,8,Driveway Access Related,1,Not an Intersection,0,None,,,1,On Roadway,1,Daylight,1,Clear,0,No Additional Atmospheric Conditions,1,Clear,0,No,0000000,Not Applicable,17,5:00pm-5:59pm,39,39,17,5:00pm-5:59pm,47,47,18,6:00pm-6:59pm,23,23,0,None,0,None,0,None,1,0
2019,36,360381,New York,2,2,0,0,0,2,2,63,NIAGARA (63),4210,NIAGARA FALLS,8,8,6,June,2019,7,Saturday,17,5:00pm-5:59pm,3,3,1,This section IS ON the NHS,2,Urban,3,Principal Arterial - Other,1,State Highway Agency,3,State Highway,SR-104,NIAGARA AVE,99998,Not Reported,43.10776111,43.10776111,-79.053900000,-79.053900000,0,No Special Jurisdiction,12,Motor Vehicle In-Transport,2,Front-to-Front,0,No,2,Intersection,2,Four-Way Intersection,0,None,,,1,On Roadway,1,Daylight,10,Cloudy,0,No Additional Atmospheric Conditions,10,Cloudy,0,No,0000000,Not Applicable,99,Unknown,99,Unknown,99,Unknown EMS Scene Arrival Hour,99,Unknown EMS Scene Arrival Minutes,99,Unknown,99,Unknown EMS Hospital Arrival Time,0,None,0,None,0,None,1,0
2019,36,360382,New York,1,1,0,1,1,1,1,27,DUTCHESS (27),2870,HYDE PARK,25,25,4,April,2019,5,Thursday,15,3:00pm-3:59pm,1,1,0,This section IS NOT on the NHS,2,Urban,5,Major Collector,1,State Highway Agency,3,State Highway,SR-9G,,99998,Not Reported,41.81988056,41.81988056,-73.902180560,-73.902180560,0,No Special Jurisdiction,9,Pedalcyclist,0,The First Harmful Event was Not a Collision with a Motor Vehicle in Transport,0,No,1,Non-Junction,1,Not an Intersection,0,None,,,1,On Roadway,1,Daylight,1,Clear,0,No Additional Atmospheric Conditions,1,Clear,0,No,0000000,Not Applicable,99,Unknown,99,Unknown,99,Unknown EMS Scene Arrival Hour,99,Unknown EMS Scene Arrival Minutes,99,Unknown,99,Unknown EMS Hospital Arrival Time,0,None,0,None,0,None,1,0
2019,36,360383,New York,1,1,0,0,0,2,2,67,ONONDAGA (67),6140,TULLY,26,26,5,May,2019,1,Sunday,22,10:00pm-10:59pm,43,43,0,This section IS NOT on the NHS,1,Rural,7,Local,3,Town or Township Highway Agency,6,Local Street - Municipality,KINYON RD,,99998,Not Reported,42.89001389,42.89001389,-76.273552780,-76.273552780,0,No Special Jurisdiction,32,Culvert,0,The First Harmful Event was Not a Collision with a Motor Vehicle in Transport,0,No,1,Non-Junction,1,Not an Intersection,0,None,,,4,On Roadside,2,Dark - Not Lighted,1,Clear,0,No Additional Atmospheric Conditions,1,Clear,0,No,0000000,Not Applicable,22,10:00pm-10:59pm,43,43,22,10:00pm-10:59pm,46,46,99,Unknown,99,Unknown EMS Hospital Arrival Time,0,None,0,None,0,None,1,1
2019,36,360384,New York,2,2,0,1,1,2,2,87,ROCKLAND (87),5930,SPRING VALLEY,4,4,7,July,2019,5,Thursday,21,9:00pm-9:59pm,55,55,0,This section IS NOT on the NHS,2,Urban,4,Minor Arterial,4,City or Municipal Highway Agency,6,Local Street - Municipality,MAPLE AVE,MYRTLE AVE,99998,Not Reported,41.11730556,41.11730556,-74.046925000,-74.046925000,0,No Special Jurisdiction,8,Pedestrian,0,The First Harmful Event was Not a Collision with a Motor Vehicle in Transport,0,No,3,Intersection-Related,2,Four-Way Intersection,0,None,,,1,On Roadway,3,Dark - Lighted,1,Clear,0,No Additional Atmospheric Conditions,1,Clear,0,No,0000000,Not Applicable,99,Unknown,99,Unknown,99,Unknown EMS Scene Arrival Hour,99,Unknown EMS Scene Arrival Minutes,99,Unknown,99,Unknown EMS Hospital Arrival Time,0,None,0,None,0,None,1,0
2019,36,360385,New York,1,1,0,0,0,1,1,107,TIOGA (107),5910,SPENCER,11,11,7,July,2019,5,Thursday,21,9:00pm-9:59pm,17,17,0,This section IS NOT on the NHS,1,Rural,4,Minor Arterial,1,State Highway Agency,3,State Highway,SR-34,,99998,Not Reported,42.26378889,42.26378889,-76.509630560,-76.509630560,0,No Special Jurisdiction,21,Bridge Pier or Support,0,The First Harmful Event was Not a Collision with a Motor Vehicle in Transport,0,No,1,Non-Junction,1,Not an Intersection,0,None,,,4,On Roadside,2,Dark - Not Lighted,10,Cloudy,0,No Additional Atmospheric Conditions,10,Cloudy,0,No,0000000,Not Applicable,21,9:00pm-9:59pm,17,17,21,9:00pm-9:59pm,24,24,88,Not Applicable (Not Transported),88,Not Applicable (Not Transported),0,None,0,None,0,None,1,1
2019,36,360386,New York,1,1,0,1,1,1,1,29,ERIE (29),1117,CHEEKTOWAGA,12,12,7,July,2019,6,Friday,3,3:00am-3:59am,9,9,1,This section IS ON the NHS,2,Urban,1,Interstate,1,State Highway Agency,1,Interstate,I-90,,99998,Not Reported,42.91390833,42.91390833,-78.766336110,-78.766336110,0,No Special Jurisdiction,8,Pedestrian,0,The First Harmful Event was Not a Collision with a Motor Vehicle in Transport,0,No,1,Non-Junction,1,Not an Intersection,0,None,,,1,On Roadway,2,Dark - Not Lighted,10,Cloudy,0,No Additional Atmospheric Conditions,10,Cloudy,0,No,0000000,Not Applicable,3,3:00am-3:59am,9,9,3,3:00am-3:59am,14,14,88,Not Applicable (Not Transported),88,Not Applicable (Not Transported),0,None,0,None,0,None,1,0
2019,36,360387,New York,2,2,0,0,0,2,2,13,CHAUTAUQUA (13),1832,ELLINGTON,12,12,7,July,2019,6,Friday,1,1:00am-1:59am,36,36,0,This section IS NOT on the NHS,1,Rural,5,Major Collector,1,State Highway Agency,3,State Highway,SR-83,,99998,Not Reported,42.24564444,42.24564444,-79.065111110,-79.065111110,0,No Special Jurisdiction,12,Motor Vehicle In-Transport,2,Front-to-Front,0,No,1,Non-Junction,1,Not an Intersection,0,None,,,1,On Roadway,3,Dark - Lighted,10,Cloudy,0,No Additional Atmospheric Conditions,10,Cloudy,0,No,0000000,Not Applicable,1,1:00am-1:59am,37,37,1,1:00am-1:59am,45,45,7,7:00am-7:59am,25,25,0,None,0,None,0,None,1,0
2019,36,360388,New York,4,4,0,0,0,4,4,71,ORANGE (71),4060,NEWBURGH,19,19,6,June,2019,4,Wednesday,13,1:00pm-1:59pm,40,40,1,This section IS ON the NHS,2,Urban,3,Principal Arterial - Other,1,State Highway Agency,2,U.S. Highway,US-9W,,99998,Not Reported,41.56462778,41.56462778,-74.000161110,-74.000161110,0,No Special Jurisdiction,12,Motor Vehicle In-Transport,2,Front-to-Front,0,No,1,Non-Junction,1,Not an Intersection,0,None,,,1,On Roadway,1,Daylight,1,Clear,0,No Additional Atmospheric Conditions,1,Clear,0,No,0000000,Not Applicable,13,1:00pm-1:59pm,40,40,13,1:00pm-1:59pm,52,52,99,Unknown,99,Unknown EMS Hospital Arrival Time,0,None,0,None,0,None,1,0
2019,36,360389,New York,1,1,0,0,0,1,1,1,ALBANY (1),1290,COLONIE,12,12,7,July,2019,6,Friday,16,4:00pm-4:59pm,11,11,1,This section IS ON the NHS,2,Urban,1,Interstate,1,State Highway Agency,1,Interstate,I-787,,99998,Not Reported,42.74406389,42.74406389,-73.696641670,-73.696641670,0,No Special Jurisdiction,24,Guardrail Face,0,The First Harmful Event was Not a Collision with a Motor Vehicle in Transport,1,Yes,5,Entrance/Exit Ramp Related,1,Not an Intersection,0,None,,,4,On Roadside,1,Daylight,10,Cloudy,0,No Additional Atmospheric Conditions,10,Cloudy,0,No,0000000,Not Applicable,16,4:00pm-4:59pm,13,13,16,4:00pm-4:59pm,30,30,88,Not Applicable (Not Transported),88,Not Applicable (Not Transported),0,None,0,None,0,None,1,0
2019,36,360390,New York,1,1,0,1,1,1,1,81,QUEENS (81),4170,MIDDLE VILLAGE,14,14,7,July,2019,1,Sunday,23,11:00pm-11:59pm,15,15,1,This section IS ON the NHS,2,Urban,2,Principal Arterial - Other Freeways and Expressways,1,State Highway Agency,3,State Highway,SR-907D,,99998,Not Reported,40.66636667,40.66636667,-73.804563890,-73.804563890,0,No Special Jurisdiction,8,Pedestrian,0,The First Harmful Event was Not a Collision with a Motor Vehicle in Transport,0,No,1,Non-Junction,1,Not an Intersection,0,None,,,1,On Roadway,3,Dark - Lighted,1,Clear,0,No Additional Atmospheric Conditions,1,Clear,0,No,0000000,Not Applicable,99,Unknown,99,Unknown,99,Unknown EMS Scene Arrival Hour,99,Unknown EMS Scene Arrival Minutes,99,Unknown,99,Unknown EMS Hospital Arrival Time,0,None,0,None,0,None,1,0
2019,36,360391,New York,2,2,0,0,0,2,2,77,OTSEGO (77),5931,SPRINGFIELD CENTER,21,21,5,May,2019,3,Tuesday,14,2:00pm-2:59pm,40,40,1,This section IS ON the NHS,1,Rural,3,Principal Arterial - Other,1,State Highway Agency,2,U.S. Highway,US-20,SR-80,99998,Not Reported,42.83776111,42.83776111,-74.869822220,-74.869822220,0,No Special Jurisdiction,12,Motor Vehicle In-Transport,2,Front-to-Front,0,No,2,Intersection,2,Four-Way Intersection,0,None,,,1,On Roadway,1,Daylight,1,Clear,0,No Additional Atmospheric Conditions,1,Clear,0,No,0000000,Not Applicable,14,2:00pm-2:59pm,40,40,99,Unknown EMS Scene Arrival Hour,99,Unknown EMS Scene Arrival Minutes,99,Unknown,99,Unknown EMS Hospital Arrival Time,20,Police Pursuit Involved,0,None,0,None,1,0
2019,36,360392,New York,1,1,0,0,0,2,2,71,ORANGE (71),2690,HIGHLAND FALLS,12,12,7,July,2019,6,Friday,17,5:00pm-5:59pm,18,18,1,This section IS ON the NHS,1,Rural,2,Principal Arterial - Other Freeways and Expressways,1,State Highway Agency,2,U.S. Highway,US-6 PALISADES PKWY,,99998,Not Reported,41.32184167,41.32184167,-74.009469440,-74.009469440,0,No Special Jurisdiction,17,Boulder,0,The First Harmful Event was Not a Collision with a Motor Vehicle in Transport,0,No,1,Non-Junction,1,Not an Intersection,0,None,,,4,On Roadside,1,Daylight,1,Clear,0,No Additional Atmospheric Conditions,1,Clear,0,No,0000000,Not Applicable,17,5:00pm-5:59pm,21,21,17,5:00pm-5:59pm,36,36,99,Unknown,99,Unknown EMS Hospital Arrival Time,0,None,0,None,0,None,1,0
2019,36,360393,New York,2,2,0,0,0,4,4,91,SARATOGA (91),3462,MALTA,14,14,7,July,2019,1,Sunday,15,3:00pm-3:59pm,40,40,1,This section IS ON the NHS,2,Urban,3,Principal Arterial - Other,1,State Highway Agency,2,U.S. Highway,US-9,,99998,Not Reported,43.00854167,43.00854167,-73.789808330,-73.789808330,0,No Special Jurisdiction,12,Motor Vehicle In-Transport,2,Front-to-Front,0,No,1,Non-Junction,1,Not an Intersection,0,None,,,1,On Roadway,1,Daylight,1,Clear,0,No Additional Atmospheric Conditions,1,Clear,0,No,0000000,Not Applicable,15,3:00pm-3:59pm,40,40,15,3:00pm-3:59pm,46,46,99,Unknown,99,Unknown EMS Hospital Arrival Time,0,None,0,None,0,None,1,0
2019,36,360394,New York,1,1,0,0,0,1,1,25,DELAWARE (25),584,BLOOMVILLE,14,14,7,July,2019,1,Sunday,21,9:00pm-9:59pm,30,30,0,This section IS NOT on the NHS,1,Rural,7,Local,3,Town or Township Highway Agency,5,Local Street - Township,SCOTT RD,,99998,Not Reported,42.36457778,42.36457778,-74.738900000,-74.738900000,0,No Special Jurisdiction,11,Live Animal,0,The First Harmful Event was Not a Collision with a Motor Vehicle in Transport,0,No,1,Non-Junction,1,Not an Intersection,0,None,,,1,On Roadway,2,Dark - Not Lighted,1,Clear,0,No Additional Atmospheric Conditions,1,Clear,0,No,0000000,Not Applicable,21,9:00pm-9:59pm,32,32,21,9:00pm-9:59pm,54,54,23,11:00pm-11:59pm,9,9,0,None,0,None,0,None,1,0
2019,36,360395,New York,2,2,0,0,0,4,4,103,SUFFOLK (103),2920,ISLIP,4,4,5,May,2019,7,Saturday,20,8:00pm-8:59pm,52,52,1,This section IS ON the NHS,2,Urban,2,Principal Arterial - Other Freeways and Expressways,1,State Highway Agency,3,State Highway,SR-908M,,99998,Not Reported,40.74087778,40.74087778,-73.282675000,-73.282675000,0,No Special Jurisdiction,12,Motor Vehicle In-Transport,7,Sideswipe - Same Direction,1,Yes,5,Entrance/Exit Ramp Related,1,Not an Intersection,0,None,,,1,On Roadway,3,Dark - Lighted,10,Cloudy,0,No Additional Atmospheric Conditions,10,Cloudy,0,No,0000000,Not Applicable,21,9:00pm-9:59pm,52,52,22,10:00pm-10:59pm,0,0,22,10:00pm-10:59pm,15,15,0,None,0,None,0,None,1,1
2019,36,360396,New York,1,1,0,0,0,2,2,67,ONONDAGA (67),6010,SYRACUSE,15,15,7,July,2019,2,Monday,22,10:00pm-10:59pm,47,47,1,This section IS ON the NHS,2,Urban,3,Principal Arterial - Other,1,State Highway Agency,3,State Highway,SR-5 ERIE BLVD,LODI ST,99998,Not Reported,43.05061944,43.05061944,-76.130652780,-76.130652780,0,No Special Jurisdiction,42,Tree (Standing Only),0,The First Harmful Event was Not a Collision with a Motor Vehicle in Transport,0,No,3,Intersection-Related,2,Four-Way Intersection,0,None,,,4,On Roadside,3,Dark - Lighted,1,Clear,0,No Additional Atmospheric Conditions,1,Clear,0,No,0000000,Not Applicable,22,10:00pm-10:59pm,48,48,22,10:00pm-10:59pm,49,49,88,Not Applicable (Not Transported),88,Not Applicable (Not Transported),0,None,0,None,0,None,2,1
2019,36,360397,New York,2,2,0,0,0,3,3,47,KINGS (47),4170,NEW YORK CITY,16,16,7,July,2019,3,Tuesday,23,11:00pm-11:59pm,51,51,1,This section IS ON the NHS,2,Urban,3,Principal Arterial - Other,4,City or Municipal Highway Agency,6,Local Street - Municipality,ROCKAWAY PKWY,AVENUE K,99998,Not Reported,40.64037778,40.64037778,-73.897019440,-73.897019440,0,No Special Jurisdiction,12,Motor Vehicle In-Transport,6,Angle,0,No,2,Intersection,2,Four-Way Intersection,0,None,,,1,On Roadway,3,Dark - Lighted,1,Clear,0,No Additional Atmospheric Conditions,1,Clear,0,No,0000000,Not Applicable,23,11:00pm-11:59pm,51,51,99,Unknown EMS Scene Arrival Hour,99,Unknown EMS Scene Arrival Minutes,99,Unknown,99,Unknown EMS Hospital Arrival Time,0,None,0,None,0,None,1,1
2019,36,360398,New York,1,1,0,1,1,1,1,87,ROCKLAND (87),4063,NEW CITY,16,16,7,July,2019,3,Tuesday,22,10:00pm-10:59pm,43,43,1,This section IS ON the NHS,1,Rural,1,Interstate,1,State Highway Agency,1,Interstate,I-87,,99998,Not Reported,99.99990000,Unknown,999.999900000,Unknown,0,No Special Jurisdiction,8,Pedestrian,0,The First Harmful Event was Not a Collision with a Motor Vehicle in Transport,0,No,1,Non-Junction,1,Not an Intersection,0,None,,,1,On Roadway,2,Dark - Not Lighted,1,Clear,0,No Additional Atmospheric Conditions,1,Clear,0,No,0000000,Not Applicable,22,10:00pm-10:59pm,45,45,22,10:00pm-10:59pm,46,46,23,11:00pm-11:59pm,19,19,23,Indication of a Stalled/Disabled Vehicle,0,None,0,None,1,0
2019,36,360399,New York,1,1,0,0,0,1,1,93,SCHENECTADY (93),5550,SCHENECTADY,16,16,7,July,2019,3,Tuesday,10,10:00am-10:59am,30,30,0,This section IS NOT on the NHS,2,Urban,4,Minor Arterial,4,City or Municipal Highway Agency,6,Local Street - Municipality,CRANE ST,,99998,Not Reported,42.79808333,42.79808333,-73.947277780,-73.947277780,0,No Special Jurisdiction,25,Concrete Traffic Barrier,0,The First Harmful Event was Not a Collision with a Motor Vehicle in Transport,0,No,1,Non-Junction,1,Not an Intersection,0,None,,,4,On Roadside,1,Daylight,1,Clear,0,No Additional Atmospheric Conditions,1,Clear,0,No,0000000,Not Applicable,10,10:00am-10:59am,31,31,10,10:00am-10:59am,35,35,10,10:00am-10:59am,57,57,0,None,0,None,0,None,1,0
2019,36,360400,New York,1,1,0,0,0,1,1,77,OTSEGO (77),4490,ONEONTA,17,17,7,July,2019,4,Wednesday,15,3:00pm-3:59pm,33,33,0,This section IS NOT on the NHS,1,Rural,7,Local,3,Town or Township Highway Agency,5,Local Street - Township,PEBBLES HILL RD,,99998,Not Reported,42.50482500,42.50482500,-75.043236110,-75.043236110,0,No Special Jurisdiction,42,Tree (Standing Only),0,The First Harmful Event was Not a Collision with a Motor Vehicle in Transport,0,No,1,Non-Junction,1,Not an Intersection,0,None,,,4,On Roadside,1,Daylight,2,Rain,0,No Additional Atmospheric Conditions,2,Rain,0,No,0000000,Not Applicable,15,3:00pm-3:59pm,33,33,15,3:00pm-3:59pm,58,58,16,4:00pm-4:59pm,53,53,0,None,0,None,0,None,1,0
2019,36,360401,New York,2,2,0,0,0,2,2,59,NASSAU (59),4090,NEW HYDE PARK,18,18,7,July,2019,5,Thursday,17,5:00pm-5:59pm,0,0,0,This section IS NOT on the NHS,2,Urban,4,Minor Arterial,2,County Highway Agency,4,County Road,CR-101,,99998,Not Reported,40.76091944,40.76091944,-73.658480560,-73.658480560,0,No Special Jurisdiction,12,Motor Vehicle In-Transport,2,Front-to-Front,0,No,1,Non-Junction,1,Not an Intersection,0,None,,,1,On Roadway,1,Daylight,10,Cloudy,0,No Additional Atmospheric Conditions,10,Cloudy,0,No,0000000,Not Applicable,17,5:00pm-5:59pm,7,7,17,5:00pm-5:59pm,13,13,17,5:00pm-5:59pm,35,35,0,None,0,None,0,None,1,0
2019,36,360403,New York,2,2,0,0,0,2,2,65,ONEIDA (65),5260,ROME,9,9,7,July,2019,3,Tuesday,15,3:00pm-3:59pm,34,34,0,This section IS NOT on the NHS,2,Urban,4,Minor Arterial,1,State Highway Agency,3,State Highway,SR-46,,99998,Not Reported,43.27856667,43.27856667,-75.423330560,-75.423330560,0,No Special Jurisdiction,12,Motor Vehicle In-Transport,2,Front-to-Front,0,No,1,Non-Junction,1,Not an Intersection,0,None,,,1,On Roadway,1,Daylight,1,Clear,0,No Additional Atmospheric Conditions,1,Clear,0,No,0000000,Not Applicable,15,3:00pm-3:59pm,39,39,15,3:00pm-3:59pm,39,39,16,4:00pm-4:59pm,13,13,0,None,0,None,0,None,1,0
2019,36,360404,New York,2,2,0,0,0,4,4,15,CHEMUNG (15),2800,HORSEHEADS,18,18,7,July,2019,5,Thursday,18,6:00pm-6:59pm,36,36,1,This section IS ON the NHS,2,Urban,1,Interstate,1,State Highway Agency,1,Interstate,I-86,,99998,Not Reported,42.16090000,42.16090000,-76.839652780,-76.839652780,0,No Special Jurisdiction,12,Motor Vehicle In-Transport,7,Sideswipe - Same Direction,0,No,1,Non-Junction,1,Not an Intersection,0,None,,,1,On Roadway,1,Daylight,1,Clear,0,No Additional Atmospheric Conditions,1,Clear,0,No,0000000,Not Applicable,18,6:00pm-6:59pm,40,40,18,6:00pm-6:59pm,45,45,88,Not Applicable (Not Transported),88,Not Applicable (Not Transported),0,None,0,None,0,None,1,1
2019,36,360405,New York,2,2,0,0,0,3,3,107,TIOGA (107),860,CANDOR,21,21,7,July,2019,1,Sunday,11,11:00am-11:59am,58,58,0,This section IS NOT on the NHS,1,Rural,5,Major Collector,1,State Highway Agency,3,State Highway,SR-96B,GRIDLEYVILLE CROSSING RD,99998,Not Reported,42.24530278,42.24530278,-76.372522220,-76.372522220,0,No Special Jurisdiction,12,Motor Vehicle In-Transport,6,Angle,0,No,2,Intersection,3,T-Intersection,0,None,,,1,On Roadway,1,Daylight,1,Clear,0,No Additional Atmospheric Conditions,1,Clear,0,No,0000000,Not Applicable,12,12:00pm-12:59pm,1,1,12,12:00pm-12:59pm,6,6,12,12:00pm-12:59pm,41,41,0,None,0,None,0,None,1,0
2019,36,360406,New York,2,2,0,0,0,2,2,119,WESTCHESTER (119),2570,HASTINGS-ON-HUDSON,21,21,7,July,2019,1,Sunday,0,0:00am-0:59am,18,18,1,This section IS ON the NHS,2,Urban,2,Principal Arterial - Other Freeways and Expressways,1,State Highway Agency,3,State Highway,SR-987D,,99998,Not Reported,40.98858889,40.98858889,-73.864827780,-73.864827780,0,No Special Jurisdiction,12,Motor Vehicle In-Transport,1,Front-to-Rear,0,No,1,Non-Junction,1,Not an Intersection,0,None,,,1,On Roadway,3,Dark - Lighted,1,Clear,0,No Additional Atmospheric Conditions,1,Clear,0,No,0000000,Not Applicable,0,0:00am-0:59am,18,18,0,0:00am-0:59am,29,29,99,Unknown,99,Unknown EMS Hospital Arrival Time,0,None,0,None,0,None,1,0
2019,36,360407,New York,1,1,0,1,1,1,1,103,SUFFOLK (103),705,BROOKHAVEN,22,22,7,July,2019,2,Monday,22,10:00pm-10:59pm,50,50,1,This section IS ON the NHS,2,Urban,3,Principal Arterial - Other,1,State Highway Agency,3,State Highway,SR-112 MEDFORD AVE,,99998,Not Reported,40.81388056,40.81388056,-73.000830560,-73.000830560,0,No Special Jurisdiction,8,Pedestrian,0,The First Harmful Event was Not a Collision with a Motor Vehicle in Transport,0,No,1,Non-Junction,1,Not an Intersection,0,None,,,1,On Roadway,3,Dark - Lighted,10,Cloudy,0,No Additional Atmospheric Conditions,10,Cloudy,0,No,0000000,Not Applicable,22,10:00pm-10:59pm,52,52,23,11:00pm-11:59pm,1,1,23,11:00pm-11:59pm,23,23,0,None,0,None,0,None,1,0
2019,36,360408,New York,1,1,0,1,1,1,1,65,ONEIDA (65),5260,ROME,23,23,1,January,2019,4,Wednesday,18,6:00pm-6:59pm,30,30,1,This section IS ON the NHS,2,Urban,3,Principal Arterial - Other,1,State Highway Agency,3,State Highway,SR-46 ERIE BLVD,,99998,Not Reported,43.22546389,43.22546389,-75.487030560,-75.487030560,0,No Special Jurisdiction,8,Pedestrian,0,The First Harmful Event was Not a Collision with a Motor Vehicle in Transport,0,No,1,Non-Junction,1,Not an Intersection,0,None,,,1,On Roadway,3,Dark - Lighted,2,Rain,0,No Additional Atmospheric Conditions,2,Rain,0,No,0000000,Not Applicable,18,6:00pm-6:59pm,33,33,18,6:00pm-6:59pm,34,34,18,6:00pm-6:59pm,50,50,0,None,0,None,0,None,1,0
2019,36,360409,New York,2,2,0,0,0,4,4,61,NEW YORK (61),4170,NEW YORK,6,6,6,June,2019,5,Thursday,12,12:00pm-12:59pm,15,15,1,This section IS ON the NHS,2,Urban,3,Principal Arterial - Other,1,State Highway Agency,3,State Highway,SR-9A,FULTON ST,99998,Not Reported,40.71309722,40.71309722,-74.014108330,-74.014108330,0,No Special Jurisdiction,12,Motor Vehicle In-Transport,7,Sideswipe - Same Direction,0,No,3,Intersection-Related,3,T-Intersection,0,None,,,1,On Roadway,1,Daylight,1,Clear,0,No Additional Atmospheric Conditions,1,Clear,0,No,0000000,Not Applicable,99,Unknown,99,Unknown,99,Unknown EMS Scene Arrival Hour,99,Unknown EMS Scene Arrival Minutes,99,Unknown,99,Unknown EMS Hospital Arrival Time,0,None,0,None,0,None,1,0
2019,36,360410,New York,1,1,0,2,2,1,1,61,NEW YORK (61),4170,NEW YORK,19,19,7,July,2019,6,Friday,15,3:00pm-3:59pm,32,32,0,This section IS NOT on the NHS,2,Urban,4,Minor Arterial,4,City or Municipal Highway Agency,6,Local Street - Municipality,WEST END AVE,W 98TH ST,99998,Not Reported,40.79657500,40.79657500,-73.972283330,-73.972283330,0,No Special Jurisdiction,8,Pedestrian,0,The First Harmful Event was Not a Collision with a Motor Vehicle in Transport,0,No,2,Intersection,2,Four-Way Intersection,0,None,,,1,On Roadway,1,Daylight,1,Clear,0,No Additional Atmospheric Conditions,1,Clear,0,No,0000000,Not Applicable,99,Unknown,99,Unknown,99,Unknown EMS Scene Arrival Hour,99,Unknown EMS Scene Arrival Minutes,99,Unknown,99,Unknown EMS Hospital Arrival Time,0,None,0,None,0,None,1,0
2019,36,360411,New York,2,2,0,0,0,2,2,59,NASSAU (59),6060,THOMASTON,22,22,7,July,2019,2,Monday,15,3:00pm-3:59pm,8,8,0,This section IS NOT on the NHS,2,Urban,4,Minor Arterial,2,County Highway Agency,4,County Road,CR-96,,99999,Unknown,40.79174167,40.79174167,-73.714502780,-73.714502780,0,No Special Jurisdiction,12,Motor Vehicle In-Transport,2,Front-to-Front,0,No,1,Non-Junction,1,Not an Intersection,0,None,,,1,On Roadway,1,Daylight,1,Clear,0,No Additional Atmospheric Conditions,1,Clear,0,No,0000000,Not Applicable,15,3:00pm-3:59pm,9,9,99,Unknown EMS Scene Arrival Hour,99,Unknown EMS Scene Arrival Minutes,15,3:00pm-3:59pm,32,32,0,None,0,None,0,None,1,0
2019,36,360412,New York,1,1,0,1,1,1,1,103,SUFFOLK (103),360,BABYLON,22,22,7,July,2019,2,Monday,22,10:00pm-10:59pm,45,45,1,This section IS ON the NHS,2,Urban,3,Principal Arterial - Other,1,State Highway Agency,3,State Highway,SR-110 BROADHOLLOW RD,CONKLIN ST,0,None,40.73852778,40.73852778,-73.423269440,-73.423269440,0,No Special Jurisdiction,8,Pedestrian,0,The First Harmful Event was Not a Collision with a Motor Vehicle in Transport,0,No,3,Intersection-Related,2,Four-Way Intersection,0,None,,,1,On Roadway,3,Dark - Lighted,10,Cloudy,0,No Additional Atmospheric Conditions,10,Cloudy,0,No,0000000,Not Applicable,22,10:00pm-10:59pm,46,46,22,10:00pm-10:59pm,50,50,23,11:00pm-11:59pm,14,14,0,None,0,None,0,None,1,0
2019,36,360413,New York,2,2,0,0,0,4,4,29,ERIE (29),2485,HAMBURG,22,22,7,July,2019,2,Monday,13,1:00pm-1:59pm,40,40,1,This section IS ON the NHS,2,Urban,3,Principal Arterial - Other,1,State Highway Agency,3,State Highway,SR-179,I-90 EXIT 56 ACCESS RD,99999,Unknown,42.78958611,42.78958611,-78.820094440,-78.820094440,0,No Special Jurisdiction,12,Motor Vehicle In-Transport,6,Angle,0,No,2,Intersection,3,T-Intersection,0,None,,,1,On Roadway,1,Daylight,1,Clear,0,No Additional Atmospheric Conditions,1,Clear,0,No,0000000,Not Applicable,13,1:00pm-1:59pm,40,40,13,1:00pm-1:59pm,42,42,14,2:00pm-2:59pm,8,8,0,None,0,None,0,None,1,0