caseyear,state,st_case,statename,ve_total,ve_forms,pvh_invl,peds,pernotmvit,permvit,persons,county,countyname,city,cityname,day,dayname,month,monthname,year,day_week,day_weekname,hour,hourname,minute,minutename,nhs,nhsname,rur_urb,rur_urbname,func_sys,func_sysname,rd_owner,rd_ownername,route,routename,tway_id,tway_id2,milept,mileptname,latitude,latitudename,longitud,longitudname,sp_jur,sp_jurname,harm_ev,harm_evname,man_coll,man_collname,reljct1,reljct1name,reljct2,reljct2name,typ_int,typ_intname,wrk_zone,wrk_zonename,road_fnc,road_fncname,rel_road,rel_roadname,lgt_cond,lgt_condname,weather1,weather1name,weather2,weather2name,weather,weathername,sch_bus,sch_busname,rail,railname,not_hour,not_hourname,not_min,not_minname,arr_hour,arr_hourname,arr_min,arr_minname,hosp_hr,hosp_hrname,hosp_mn,hosp_mnname,cf1,cf1name,cf2,cf2name,cf3,cf3name,fatals,drunk_dr
2019,36,360449,New York,1,1,0,0,0,1,1,105,SULLIVAN (105),4905,POND EDDY,2,2,8,August,2019,6,Friday,15,3:00pm-3:59pm,42,42,0,This section IS NOT on the NHS,1,Rural,5,Major Collector,1,State Highway Agency,3,State Highway,SR-97,,0,None,41.44730556,41.44730556,-74.890505560,-74.890505560,0,No Special Jurisdiction,1,Rollover/Overturn,0,The First Harmful Event was Not a Collision with a Motor Vehicle in Transport,0,No,1,Non-Junction,1,Not an Intersection,0,None,,,1,On Roadway,1,Daylight,1,Clear,0,No Additional Atmospheric Conditions,1,Clear,0,No,0000000,Not Applicable,15,3:00pm-3:59pm,42,42,16,4:00pm-4:59pm,0,0,99,Unknown,99,Unknown EMS Hospital Arrival Time,0,None,0,None,0,None,1,0
2019,36,360450,New York,1,1,0,1,1,2,2,81,QUEENS (81),4170,MIDDLE VILLAGE,2,2,8,August,2019,6,Friday,10,10:00am-10:59am,25,25,1,This section IS ON the NHS,2,Urban,3,Principal Arterial - Other,4,City or Municipal Highway Agency,8,Other,GRAND AVE,69TH ST,0,None,40.72593611,40.72593611,-73.895325000,-73.895325000,0,No Special Jurisdiction,8,Pedestrian,0,The First Harmful Event was Not a Collision with a Motor Vehicle in Transport,0,No,3,Intersection-Related,2,Four-Way Intersection,0,None,,,1,On Roadway,1,Daylight,1,Clear,0,No Additional Atmospheric Conditions,1,Clear,0,No,0000000,Not Applicable,99,Unknown,99,Unknown,99,Unknown EMS Scene Arrival Hour,99,Unknown EMS Scene Arrival Minutes,99,Unknown,99,Unknown EMS Hospital Arrival Time,0,None,0,None,0,None,1,0
2019,36,360451,New York,2,2,0,0,0,2,2,111,ULSTER (111),3560,MARLBORO,2,2,8,August,2019,6,Friday,11,11:00am-11:59am,30,30,0,This section IS NOT on the NHS,1,Rural,7,Local,3,Town or Township Highway Agency,5,Local Street - Township,MT ZION RD,,99999,Unknown,41.62516944,41.62516944,-73.997022220,-73.997022220,0,No Special Jurisdiction,12,Motor Vehicle In-Transport,2,Front-to-Front,0,No,1,Non-Junction,1,Not an Intersection,0,None,,,1,On Roadway,1,Daylight,1,Clear,0,No Additional Atmospheric Conditions,1,Clear,0,No,0000000,Not Applicable,99,Unknown,99,Unknown,99,Unknown EMS Scene Arrival Hour,99,Unknown EMS Scene Arrival Minutes,99,Unknown,99,Unknown EMS Hospital Arrival Time,0,None,0,None,0,None,1,0
2019,36,360452,New York,1,1,0,1,1,1,1,45,JEFFERSON (45),6450,WATERTOWN,3,3,8,August,2019,7,Saturday,21,9:00pm-9:59pm,1,1,1,This section IS ON the NHS,2,Urban,3,Principal Arterial - Other,1,State Highway Agency,3,State Highway,SR-3,PIONEER PLAZA DR,0,None,43.97630278,43.97630278,-75.945700000,-75.945700000,0,No Special Jurisdiction,8,Pedestrian,0,The First Harmful Event was Not a Collision with a Motor Vehicle in Transport,0,No,3,Intersection-Related,2,Four-Way Intersection,0,None,,,1,On Roadway,3,Dark - Lighted,2,Rain,0,No Additional Atmospheric Conditions,2,Rain,0,No,0000000,Not Applicable,21,9:00pm-9:59pm,2,2,21,9:00pm-9:59pm,7,7,21,9:00pm-9:59pm,26,26,0,None,0,None,0,None,1,0
2019,36,360453,New York,1,1,0,0,0,1,1,81,QUEENS (81),4170,MIDDLE VILLAGE,4,4,8,August,2019,1,Sunday,4,4:00am-4:59am,1,1,1,This section IS ON the NHS,2,Urban,3,Principal Arterial - Other,4,City or Municipal Highway Agency,6,Local Street - Municipality,S CONDUIT AVE,,0,None,40.67246389,40.67246389,-73.855494440,-73.855494440,0,No Special Jurisdiction,42,Tree (Standing Only),0,The First Harmful Event was Not a Collision with a Motor Vehicle in Transport,0,No,1,Non-Junction,1,Not an Intersection,0,None,,,3,On Median,3,Dark - Lighted,1,Clear,0,No Additional Atmospheric Conditions,1,Clear,0,No,0000000,Not Applicable,4,4:00am-4:59am,1,1,4,4:00am-4:59am,9,9,88,Not Applicable (Not Transported),88,Not Applicable (Not Transported),0,None,0,None,0,None,1,0
2019,36,360454,New York,2,2,0,0,0,3,3,35,FULTON (35),1560,DOLGEVILLE,4,4,8,August,2019,1,Sunday,16,4:00pm-4:59pm,12,12,0,This section IS NOT on the NHS,1,Rural,5,Major Collector,1,State Highway Agency,3,State Highway,SR-10,,99999,Unknown,43.04327778,43.04327778,-74.522577780,-74.522577780,0,No Special Jurisdiction,12,Motor Vehicle In-Transport,6,Angle,0,No,8,Driveway Access Related,1,Not an Intersection,0,None,,,1,On Roadway,1,Daylight,1,Clear,0,No Additional Atmospheric Conditions,1,Clear,0,No,0000000,Not Applicable,16,4:00pm-4:59pm,12,12,16,4:00pm-4:59pm,25,25,88,Not Applicable (Not Transported),88,Not Applicable (Not Transported),0,None,0,None,0,None,1,0
2019,36,360455,New York,2,2,0,0,0,4,4,7,BROOME (7),1880,ENDICOTT,4,4,8,August,2019,1,Sunday,17,5:00pm-5:59pm,13,13,1,This section IS ON the NHS,2,Urban,2,Principal Arterial - Other Freeways and Expressways,1,State Highway Agency,3,State Highway,SR-17,,0,None,42.11067778,42.11067778,-76.007447220,-76.007447220,0,No Special Jurisdiction,12,Motor Vehicle In-Transport,1,Front-to-Rear,0,No,1,Non-Junction,1,Not an Intersection,0,None,,,1,On Roadway,1,Daylight,1,Clear,0,No Additional Atmospheric Conditions,1,Clear,0,No,0000000,Not Applicable,17,5:00pm-5:59pm,16,16,17,5:00pm-5:59pm,22,22,88,Not Applicable (Not Transported),88,Not Applicable (Not Transported),0,None,0,None,0,None,1,0
2019,36,360456,New York,1,1,0,0,0,1,1,103,SUFFOLK (103),5810,SOUTHAMPTON,4,4,8,August,2019,1,Sunday,23,11:00pm-11:59pm,33,33,1,This section IS ON the NHS,2,Urban,3,Principal Arterial - Other,1,State Highway Agency,3,State Highway,SR-24,LONGNECK BLVD,99999,Unknown,40.90380278,40.90380278,-72.604602780,-72.604602780,0,No Special Jurisdiction,46,Traffic Signal Support,0,The First Harmful Event was Not a Collision with a Motor Vehicle in Transport,0,No,3,Intersection-Related,3,T-Intersection,0,None,,,4,On Roadside,3,Dark - Lighted,1,Clear,0,No Additional Atmospheric Conditions,1,Clear,0,No,0000000,Not Applicable,23,11:00pm-11:59pm,33,33,23,11:00pm-11:59pm,41,41,0,0:00am-0:59am,45,45,0,None,0,None,0,None,1,1
2019,36,360457,New York,1,1,0,1,1,2,2,5,BRONX (5),4170,NEW YORK CITY,5,5,8,August,2019,2,Monday,4,4:00am-4:59am,54,54,1,This section IS ON the NHS,2,Urban,3,Principal Arterial - Other,4,City or Municipal Highway Agency,6,Local Street - Municipality,GRAND CONCOURSE,E 192ND ST,0,None,40.86427500,40.86427500,-73.895958330,-73.895958330,0,No Special Jurisdiction,8,Pedestrian,0,The First Harmful Event was Not a Collision with a Motor Vehicle in Transport,0,No,3,Intersection-Related,2,Four-Way Intersection,0,None,,,1,On Roadway,3,Dark - Lighted,1,Clear,0,No Additional Atmospheric Conditions,1,Clear,0,No,0000000,Not Applicable,99,Unknown,99,Unknown,99,Unknown EMS Scene Arrival Hour,99,Unknown EMS Scene Arrival Minutes,99,Unknown,99,Unknown EMS Hospital Arrival Time,0,None,0,None,0,None,1,0
2019,36,360458,New York,1,1,0,0,0,2,2,63,NIAGARA (63),3340,LOCKPORT,5,5,8,August,2019,2,Monday,4,4:00am-4:59am,38,38,1,This section IS ON the NHS,2,Urban,3,Principal Arterial - Other,1,State Highway Agency,3,State Highway,SR-78,,99999,Unknown,43.16368611,43.16368611,-78.696933330,-78.696933330,0,No Special Jurisdiction,42,Tree (Standing Only),0,The First Harmful Event was Not a Collision with a Motor Vehicle in Transport,0,No,1,Non-Junction,1,Not an Intersection,0,None,,,4,On Roadside,3,Dark - Lighted,1,Clear,0,No Additional Atmospheric Conditions,1,Clear,0,No,0000000,Not Applicable,4,4:00am-4:59am,33,33,4,4:00am-4:59am,35,35,5,5:00am-5:59am,1,1,0,None,0,None,0,None,1,0
2019,36,360459,New York,2,2,0,0,0,3,3,89,ST. LAWRENCE (89),1993,FINE,7,7,7,July,2019,1,Sunday,12,12:00pm-12:59pm,37,37,1,This section IS ON the NHS,1,Rural,3,Principal Arterial - Other,1,State Highway Agency,3,State Highway,SR-3,OSWEGATCHIE TRAIL RD,99999,Unknown,44.16288889,44.16288889,-75.043127780,-75.043127780,0,No Special Jurisdiction,12,Motor Vehicle In-Transport,1,Front-to-Rear,0,No,3,Intersection-Related,3,T-Intersection,0,None,,,1,On Roadway,1,Daylight,1,Clear,0,No Additional Atmospheric Conditions,1,Clear,0,No,0000000,Not Applicable,12,12:00pm-12:59pm,37,37,12,12:00pm-12:59pm,40,40,12,12:00pm-12:59pm,47,47,0,None,0,None,0,None,1,0
2019,36,360460,New York,1,1,0,1,1,1,1,47,KINGS (47),4170,NEW YORK CITY,5,5,8,August,2019,2,Monday,8,8:00am-8:59am,43,43,1,This section IS ON the NHS,2,Urban,3,Principal Arterial - Other,4,City or Municipal Highway Agency,8,Other,ROCKAWAY AVE,BELMONT AVE,0,None,40.66842778,40.66842778,-73.910408330,-73.910408330,0,No Special Jurisdiction,8,Pedestrian,0,The First Harmful Event was Not a Collision with a Motor Vehicle in Transport,0,No,3,Intersection-Related,3,T-Intersection,0,None,,,1,On Roadway,1,Daylight,1,Clear,0,No Additional Atmospheric Conditions,1,Clear,0,No,0000000,Not Applicable,8,8:00am-8:59am,43,43,8,8:00am-8:59am,50,50,9,9:00am-9:59am,0,0,0,None,0,None,0,None,1,0
2019,36,360461,New York,1,1,0,1,1,1,1,47,KINGS (47),4170,NEW YORK CITY,7,7,8,August,2019,4,Wednesday,21,9:00pm-9:59pm,30,30,0,This section IS NOT on the NHS,2,Urban,5,Major Collector,4,City or Municipal Highway Agency,6,Local Street - Municipality,CORTELYOU RD,,0,None,40.64094722,40.64094722,-73.964994440,-73.964994440,0,No Special Jurisdiction,8,Pedestrian,0,The First Harmful Event was Not a Collision with a Motor Vehicle in Transport,0,No,1,Non-Junction,1,Not an Intersection,0,None,,,1,On Roadway,3,Dark - Lighted,2,Rain,0,No Additional Atmospheric Conditions,2,Rain,0,No,0000000,Not Applicable,99,Unknown,99,Unknown,99,Unknown EMS Scene Arrival Hour,99,Unknown EMS Scene Arrival Minutes,99,Unknown,99,Unknown EMS Hospital Arrival Time,0,None,0,None,0,None,1,0
2019,36,360462,New York,1,1,0,0,0,1,1,105,SULLIVAN (105),3850,MONTICELLO,8,8,8,August,2019,5,Thursday,16,4:00pm-4:59pm,50,50,0,This section IS NOT on the NHS,1,Rural,7,Local,3,Town or Township Highway Agency,5,Local Street - Township,SACKETT LAKE RD,,0,None,41.59883889,41.59883889,-74.750022220,-74.750022220,0,No Special Jurisdiction,5,Fell/Jumped from Vehicle,0,The First Harmful Event was Not a Collision with a Motor Vehicle in Transport,0,No,1,Non-Junction,1,Not an Intersection,0,None,,,1,On Roadway,1,Daylight,1,Clear,0,No Additional Atmospheric Conditions,1,Clear,0,No,0000000,Not Applicable,17,5:00pm-5:59pm,0,0,17,5:00pm-5:59pm,18,18,88,Not Applicable (Not Transported),88,Not Applicable (Not Transported),0,None,0,None,0,None,1,0
2019,36,360463,New York,1,1,0,1,1,2,2,1,ALBANY (1),50,ALBANY,8,8,8,August,2019,5,Thursday,12,12:00pm-12:59pm,37,37,1,This section IS ON the NHS,2,Urban,3,Principal Arterial - Other,1,State Highway Agency,2,U.S. Highway,US-20 MADISON AVE,DOVE ST,0,None,42.65124167,42.65124167,-73.765577780,-73.765577780,0,No Special Jurisdiction,8,Pedestrian,0,The First Harmful Event was Not a Collision with a Motor Vehicle in Transport,0,No,3,Intersection-Related,2,Four-Way Intersection,0,None,,,1,On Roadway,1,Daylight,1,Clear,0,No Additional Atmospheric Conditions,1,Clear,0,No,0000000,Not Applicable,12,12:00pm-12:59pm,37,37,12,12:00pm-12:59pm,42,42,12,12:00pm-12:59pm,50,50,0,None,0,None,0,None,1,0
2019,36,360464,New York,1,1,0,1,1,1,1,61,NEW YORK (61),4170,NEW YORK,8,8,8,August,2019,5,Thursday,13,1:00pm-1:59pm,2,2,1,This section IS ON the NHS,2,Urban,3,Principal Arterial - Other,4,City or Municipal Highway Agency,6,Local Street - Municipality,8TH AVE,W 22 ST,99999,Unknown,40.74469722,40.74469722,-73.998941670,-73.998941670,0,No Special Jurisdiction,8,Pedestrian,0,The First Harmful Event was Not a Collision with a Motor Vehicle in Transport,0,No,3,Intersection-Related,2,Four-Way Intersection,0,None,,,1,On Roadway,1,Daylight,1,Clear,0,No Additional Atmospheric Conditions,1,Clear,0,No,0000000,Not Applicable,13,1:00pm-1:59pm,2,2,13,1:00pm-1:59pm,2,2,13,1:00pm-1:59pm,10,10,0,None,0,None,0,None,1,0
2019,36,360465,New York,1,1,0,1,1,4,4,17,CHENANGO (17),4050,NEW BERLIN,9,9,8,August,2019,6,Friday,20,8:00pm-8:59pm,53,53,1,This section IS ON the NHS,1,Rural,3,Principal Arterial - Other,1,State Highway Agency,3,State Highway,SR-8,,99999,Unknown,42.70131944,42.70131944,-75.320950000,-75.320950000,0,No Special Jurisdiction,8,Pedestrian,0,The First Harmful Event was Not a Collision with a Motor Vehicle in Transport,0,No,1,Non-Junction,1,Not an Intersection,0,None,,,1,On Roadway,2,Dark - Not Lighted,2,Rain,0,No Additional Atmospheric Conditions,2,Rain,0,No,0000000,Not Applicable,20,8:00pm-8:59pm,56,56,21,9:00pm-9:59pm,14,14,22,10:00pm-10:59pm,33,33,0,None,0,None,0,None,1,0
2019,36,360466,New York,2,2,0,0,0,2,2,65,ONEIDA (65),5453,SANGERFIELD,9,9,8,August,2019,6,Friday,10,10:00am-10:59am,10,10,1,This section IS ON the NHS,1,Rural,3,Principal Arterial - Other,1,State Highway Agency,2,U.S. Highway,US-20,,0,None,42.91410000,42.91410000,-75.375772220,-75.375772220,0,No Special Jurisdiction,12,Motor Vehicle In-Transport,2,Front-to-Front,0,No,1,Non-Junction,1,Not an Intersection,0,None,,,1,On Roadway,1,Daylight,1,Clear,0,No Additional Atmospheric Conditions,1,Clear,0,No,0000000,Not Applicable,10,10:00am-10:59am,14,14,10,10:00am-10:59am,16,16,88,Not Applicable (Not Transported),88,Not Applicable (Not Transported),0,None,0,None,0,None,1,0
2019,36,360467,New York,2,2,0,0,0,4,4,117,WAYNE (117),6710,WILLIAMSON,9,9,8,August,2019,6,Friday,21,9:00pm-9:59pm,35,35,0,This section IS NOT on the NHS,1,Rural,7,Local,2,County Highway Agency,4,County Road,CR-118,,99999,Unknown,43.25890278,43.25890278,-77.143341670,-77.143341670,0,No Special Jurisdiction,12,Motor Vehicle In-Transport,1,Front-to-Rear,0,No,1,Non-Junction,1,Not an Intersection,0,None,,,1,On Roadway,2,Dark - Not Lighted,1,Clear,0,No Additional Atmospheric Conditions,1,Clear,0,No,0000000,Not Applicable,21,9:00pm-9:59pm,35,35,21,9:00pm-9:59pm,45,45,22,10:00pm-10:59pm,42,42,0,None,0,None,0,None,1,0
2019,36,360468,New York,1,1,0,2,2,3,3,61,NEW YORK (61),4170,NEW YORK,10,10,8,August,2019,7,Saturday,21,9:00pm-9:59pm,7,7,0,This section IS NOT on the NHS,2,Urban,5,Major Collector,4,City or Municipal Highway Agency,6,Local Street - Municipality,W 15TH ST,6TH AVE,99999,Unknown,40.73810556,40.73810556,-73.996469440,-73.996469440,0,No Special Jurisdiction,8,Pedestrian,0,The First Harmful Event was Not a Collision with a Motor Vehicle in Transport,0,No,3,Intersection-Related,2,Four-Way Intersection,0,None,,,1,On Roadway,3,Dark - Lighted,1,Clear,0,No Additional Atmospheric Conditions,1,Clear,0,No,0000000,Not Applicable,99,Unknown,99,Unknown,99,Unknown EMS Scene Arrival Hour,99,Unknown EMS Scene Arrival Minutes,99,Unknown,99,Unknown EMS Hospital Arrival Time,0,None,0,None,0,None,1,0
2019,36,360469,New York,2,2,0,0,0,4,4,61,NEW YORK (61),4170,NEW YORK,10,10,8,August,2019,7,Saturday,14,2:00pm-2:59pm,41,41,1,This section IS ON the NHS,2,Urban,2,Principal Arterial - Other Freeways and Expressways,1,State Highway Agency,3,State Highway,SR-907P HARLEM RIVER DR,,0,None,40.81995556,40.81995556,-73.934400000,-73.934400000,0,No Special Jurisdiction,25,Concrete Traffic Barrier,0,The First Harmful Event was Not a Collision with a Motor Vehicle in Transport,0,No,1,Non-Junction,1,Not an Intersection,0,None,,,3,On Median,1,Daylight,1,Clear,0,No Additional Atmospheric Conditions,1,Clear,0,No,0000000,Not Applicable,99,Unknown,99,Unknown,99,Unknown EMS Scene Arrival Hour,99,Unknown EMS Scene Arrival Minutes,88,Not Applicable (Not Transported),88,Not Applicable (Not Transported),0,None,0,None,0,None,1,0
2019,36,360470,New York,1,1,0,0,0,2,2,61,NEW YORK (61),4170,NEW YORK,11,11,8,August,2019,1,Sunday,3,3:00am-3:59am,45,45,1,This section IS ON the NHS,2,Urban,2,Principal Arterial - Other Freeways and Expressways,4,City or Municipal Highway Agency,3,State Highway,SR-907V,,99999,Unknown,40.79755278,40.79755278,-73.975675000,-73.975675000,0,No Special Jurisdiction,33,Curb,0,The First Harmful Event was Not a Collision with a Motor Vehicle in Transport,0,No,1,Non-Junction,1,Not an Intersection,0,None,,,3,On Median,3,Dark - Lighted,1,Clear,0,No Additional Atmospheric Conditions,1,Clear,0,No,0000000,Not Applicable,3,3:00am-3:59am,45,45,99,Unknown EMS Scene Arrival Hour,99,Unknown EMS Scene Arrival Minutes,88,Not Applicable (Not Transported),88,Not Applicable (Not Transported),0,None,0,None,0,None,2,1
2019,36,360471,New York,2,2,0,1,1,2,2,47,KINGS (47),4170,NEW YORK CITY,11,11,8,August,2019,1,Sunday,12,12:00pm-12:59pm,27,27,1,This section IS ON the NHS,2,Urban,3,Principal Arterial - Other,4,City or Municipal Highway Agency,6,Local Street - Municipality,CONEY ISLAND AVE,AVE L,0,None,40.62000000,40.62000000,-73.964266670,-73.964266670,0,No Special Jurisdiction,12,Motor Vehicle In-Transport,6,Angle,0,No,2,Intersection,2,Four-Way Intersection,0,None,,,1,On Roadway,1,Daylight,1,Clear,0,No Additional Atmospheric Conditions,1,Clear,0,No,0000000,Not Applicable,12,12:00pm-12:59pm,29,29,12,12:00pm-12:59pm,49,49,12,12:00pm-12:59pm,52,52,0,None,0,None,0,None,1,0
2019,36,360472,New York,1,1,0,1,1,1,1,55,MONROE (55),1930,FAIRPORT,9,9,8,August,2019,6,Friday,16,4:00pm-4:59pm,43,43,0,This section IS NOT on the NHS,2,Urban,4,Minor Arterial,1,State Highway Agency,3,State Highway,SR-31F,OCONNOR RD,99999,Unknown,43.10133611,43.10133611,-77.461719440,-77.461719440,0,No Special Jurisdiction,15,Non-Motorist on Personal Conveyance,0,The First Harmful Event was Not a Collision with a Motor Vehicle in Transport,0,No,3,Intersection-Related,2,Four-Way Intersection,0,None,,,1,On Roadway,1,Daylight,10,Cloudy,0,No Additional Atmospheric Conditions,10,Cloudy,0,No,0000000,Not Applicable,16,4:00pm-4:59pm,43,43,16,4:00pm-4:59pm,52,52,17,5:00pm-5:59pm,20,20,0,None,0,None,0,None,1,0
2019,36,360473,New York,1,1,0,2,2,1,1,5,BRONX (5),4170,NEW YORK CITY,11,11,8,August,2019,1,Sunday,21,9:00pm-9:59pm,20,20,1,This section IS ON the NHS,2,Urban,3,Principal Arterial - Other,4,City or Municipal Highway Agency,6,Local Street - Municipality,JEROME AVE,,99999,Unknown,40.88667222,40.88667222,-73.878175000,-73.878175000,0,No Special Jurisdiction,46,Traffic Signal Support,0,The First Harmful Event was Not a Collision with a Motor Vehicle in Transport,0,No,1,Non-Junction,1,Not an Intersection,0,None,,,4,On Roadside,3,Dark - Lighted,1,Clear,0,No Additional Atmospheric Conditions,1,Clear,0,No,0000000,Not Applicable,99,Unknown,99,Unknown,99,Unknown EMS Scene Arrival Hour,99,Unknown EMS Scene Arrival Minutes,99,Unknown,99,Unknown EMS Hospital Arrival Time,31,Related to a Bus Stop,0,None,0,None,1,1
2019,36,360474,New York,2,2,0,0,0,3,3,31,ESSEX (31),5575,SCHROON LAKE,5,5,8,August,2019,2,Monday,17,5:00pm-5:59pm,9,9,0,This section IS NOT on the NHS,1,Rural,4,Minor Arterial,1,State Highway Agency,3,State Highway,SR-74,,99999,Unknown,43.87575556,43.87575556,-73.719025000,-73.719025000,0,No Special Jurisdiction,12,Motor Vehicle In-Transport,2,Front-to-Front,0,No,1,Non-Junction,1,Not an Intersection,0,None,,,1,On Roadway,1,Daylight,1,Clear,0,No Additional Atmospheric Conditions,1,Clear,0,No,0000000,Not Applicable,17,5:00pm-5:59pm,9,9,17,5:00pm-5:59pm,27,27,88,Not Applicable (Not Transported),88,Not Applicable (Not Transported),0,None,0,None,0,None,1,0
2019,36,360475,New York,2,2,0,0,0,4,4,5,BRONX (5),4170,NEW YORK CITY,11,11,8,August,2019,1,Sunday,22,10:00pm-10:59pm,23,23,1,This section IS ON the NHS,2,Urban,1,Interstate,1,State Highway Agency,1,Interstate,I-87,,99999,Unknown,40.85820000,40.85820000,-73.916783330,-73.916783330,0,No Special Jurisdiction,12,Motor Vehicle In-Transport,1,Front-to-Rear,0,No,1,Non-Junction,1,Not an Intersection,0,None,,,1,On Roadway,2,Dark - Not Lighted,1,Clear,0,No Additional Atmospheric Conditions,1,Clear,0,No,0000000,Not Applicable,99,Unknown,99,Unknown,99,Unknown EMS Scene Arrival Hour,99,Unknown EMS Scene Arrival Minutes,99,Unknown,99,Unknown EMS Hospital Arrival Time,0,None,0,None,0,None,1,0
2019,36,360476,New York,2,2,0,0,0,3,3,89,ST. LAWRENCE (89),4420,OGDENSBURG,11,11,8,August,2019,1,Sunday,2,2:00am-2:59am,28,28,1,This section IS ON the NHS,2,Urban,3,Principal Arterial - Other,1,State Highway Agency,3,State Highway,SR-37,,0,None,44.71397500,44.71397500,-75.448991670,-75.448991670,0,No Special Jurisdiction,12,Motor Vehicle In-Transport,2,Front-to-Front,0,No,1,Non-Junction,1,Not an Intersection,0,None,,,1,On Roadway,2,Dark - Not Lighted,1,Clear,0,No Additional Atmospheric Conditions,1,Clear,0,No,0000000,Not Applicable,2,2:00am-2:59am,28,28,2,2:00am-2:59am,38,38,99,Unknown,99,Unknown EMS Hospital Arrival Time,0,None,0,None,0,None,1,1
2019,36,360477,New York,1,1,0,1,1,4,4,27,DUTCHESS (27),5030,POUGHKEEPSIE,12,12,8,August,2019,2,Monday,18,6:00pm-6:59pm,35,35,0,This section IS NOT on the NHS,2,Urban,4,Minor Arterial,2,County Highway Agency,4,County Road,CR-77,,99999,Unknown,41.63368611,41.63368611,-73.890791670,-73.890791670,0,No Special Jurisdiction,9,Pedalcyclist,0,The First Harmful Event was Not a Collision with a Motor Vehicle in Transport,0,No,1,Non-Junction,1,Not an Intersection,0,None,,,1,On Roadway,1,Daylight,1,Clear,0,No Additional Atmospheric Conditions,1,Clear,0,No,0000000,Not Applicable,18,6:00pm-6:59pm,36,36,18,6:00pm-6:59pm,41,41,88,Not Applicable (Not Transported),88,Not Applicable (Not Transported),0,None,0,None,0,None,1,0
2019,36,360478,New York,1,1,0,0,0,1,1,1,ALBANY (1),1290,COLONIE,2,2,6,June,2019,1,Sunday,21,9:00pm-9:59pm,1,1,1,This section IS ON the NHS,2,Urban,3,Principal Arterial - Other,1,State Highway Agency,3,State Highway,SR-2,,99999,Unknown,42.74330278,42.74330278,-73.745541670,-73.745541670,0,No Special Jurisdiction,30,Utility Pole/Light Support,0,The First Harmful Event was Not a Collision with a Motor Vehicle in Transport,0,No,1,Non-Junction,1,Not an Intersection,0,None,,,4,On Roadside,3,Dark - Lighted,1,Clear,0,No Additional Atmospheric Conditions,1,Clear,0,No,0000000,Not Applicable,21,9:00pm-9:59pm,1,1,21,9:00pm-9:59pm,6,6,88,Not Applicable (Not Transported),88,Not Applicable (Not Transported),0,None,0,None,0,None,1,1
2019,36,360479,New York,2,2,0,0,0,2,2,29,ERIE (29),1117,CHEEKTOWAGA,28,28,6,June,2019,6,Friday,18,6:00pm-6:59pm,53,53,0,This section IS NOT on the NHS,2,Urban,7,Local,3,Town or Township Highway Agency,5,Local Street - Township,COLUMBUS ST,STANDARD PKWY,99999,Unknown,42.88623056,42.88623056,-78.772422220,-78.772422220,0,No Special Jurisdiction,1,Rollover/Overturn,0,The First Harmful Event was Not a Collision with a Motor Vehicle in Transport,0,No,3,Intersection-Related,3,T-Intersection,0,None,,,1,On Roadway,1,Daylight,1,Clear,0,No Additional Atmospheric Conditions,1,Clear,0,No,0000000,Not Applicable,18,6:00pm-6:59pm,53,53,18,6:00pm-6:59pm,56,56,19,7:00pm-7:59pm,23,23,0,None,0,None,0,None,1,0
2019,36,360480,New York,1,1,0,0,0,1,1,89,ST. LAWRENCE (89),4538,OSWEGATCHIE,12,12,8,August,2019,2,Monday,12,12:00pm-12:59pm,29,29,0,This section IS NOT on the NHS,1,Rural,7,Local,3,Town or Township Highway Agency,5,Local Street - Township,IRISH SETTLEMENT RD,,0,None,44.62786944,44.62786944,-75.401805560,-75.401805560,0,No Special Jurisdiction,42,Tree (Standing Only),0,The First Harmful Event was Not a Collision with a Motor Vehicle in Transport,0,No,1,Non-Junction,1,Not an Intersection,0,None,,,4,On Roadside,1,Daylight,1,Clear,0,No Additional Atmospheric Conditions,1,Clear,0,No,0000000,Not Applicable,12,12:00pm-12:59pm,34,34,12,12:00pm-12:59pm,40,40,13,1:00pm-1:59pm,4,4,0,None,0,None,0,None,1,0
2019,36,360481,New York,2,2,0,0,0,4,4,67,ONONDAGA (67),4491,ONONDAGA HILL,16,16,7,July,2019,3,Tuesday,16,4:00pm-4:59pm,32,32,0,This section IS NOT on the NHS,2,Urban,6,Minor Collector,2,County Highway Agency,8,Other,CEDARVALE RD,,0,None,42.97928333,42.97928333,-76.254144440,-76.254144440,0,No Special Jurisdiction,12,Motor Vehicle In-Transport,2,Front-to-Front,0,No,1,Non-Junction,1,Not an Intersection,0,None,,,1,On Roadway,1,Daylight,10,Cloudy,0,No Additional Atmospheric Conditions,10,Cloudy,0,No,0000000,Not Applicable,16,4:00pm-4:59pm,32,32,16,4:00pm-4:59pm,38,38,17,5:00pm-5:59pm,2,2,0,None,0,None,0,None,1,0