caseyear,state,st_case,statename,ve_total,ve_forms,pvh_invl,peds,pernotmvit,permvit,persons,county,countyname,city,cityname,day,dayname,month,monthname,year,day_week,day_weekname,hour,hourname,minute,minutename,nhs,nhsname,rur_urb,rur_urbname,func_sys,func_sysname,rd_owner,rd_ownername,route,routename,tway_id,tway_id2,milept,mileptname,latitude,latitudename,longitud,longitudname,sp_jur,sp_jurname,harm_ev,harm_evname,man_coll,man_collname,reljct1,reljct1name,reljct2,reljct2name,typ_int,typ_intname,wrk_zone,wrk_zonename,road_fnc,road_fncname,rel_road,rel_roadname,lgt_cond,lgt_condname,weather1,weather1name,weather2,weather2name,weather,weathername,sch_bus,sch_busname,rail,railname,not_hour,not_hourname,not_min,not_minname,arr_hour,arr_hourname,arr_min,arr_minname,hosp_hr,hosp_hrname,hosp_mn,hosp_mnname,cf1,cf1name,cf2,cf2name,cf3,cf3name,fatals,drunk_dr
2019,36,360753,New York,1,1,0,1,1,1,1,47,KINGS (47),4170,NEW YORK CITY,16,16,11,November,2019,7,Saturday,18,6:00pm-6:59pm,45,45,0,This section IS NOT on the NHS,2,Urban,4,Minor Arterial,4,City or Municipal Highway Agency,8,Other,ROCKAWAY AVE,,99999,Unknown,40.67904167,40.67904167,-73.910963890,-73.910963890,0,No Special Jurisdiction,8,Pedestrian,0,The First Harmful Event was Not a Collision with a Motor Vehicle in Transport,0,No,1,Non-Junction,1,Not an Intersection,0,None,,,1,On Roadway,3,Dark - Lighted,1,Clear,0,No Additional Atmospheric Conditions,1,Clear,0,No,0000000,Not Applicable,99,Unknown,99,Unknown,99,Unknown EMS Scene Arrival Hour,99,Unknown EMS Scene Arrival Minutes,99,Unknown,99,Unknown EMS Hospital Arrival Time,0,None,0,None,0,None,1,0
2019,36,360754,New York,2,2,0,0,0,2,2,55,MONROE (55),5920,SPENCERPORT,18,18,11,November,2019,2,Monday,8,8:00am-8:59am,26,26,0,This section IS NOT on the NHS,2,Urban,7,Local,2,County Highway Agency,4,County Road,CR-210,GOLDEN POND TRAIL,99999,Unknown,43.19840000,43.19840000,-77.773144440,-77.773144440,0,No Special Jurisdiction,12,Motor Vehicle In-Transport,6,Angle,0,No,2,Intersection,3,T-Intersection,0,None,,,1,On Roadway,1,Daylight,1,Clear,0,No Additional Atmospheric Conditions,1,Clear,0,No,0000000,Not Applicable,8,8:00am-8:59am,24,24,8,8:00am-8:59am,31,31,9,9:00am-9:59am,18,18,0,None,0,None,0,None,1,0
2019,36,360755,New York,1,1,0,0,0,2,2,59,NASSAU (59),2600,HEMPSTEAD,19,19,11,November,2019,3,Tuesday,12,12:00pm-12:59pm,46,46,1,This section IS ON the NHS,2,Urban,3,Principal Arterial - Other,2,County Highway Agency,4,County Road,CR-2,,99999,Unknown,40.64090556,40.64090556,-73.712180560,-73.712180560,0,No Special Jurisdiction,42,Tree (Standing Only),0,The First Harmful Event was Not a Collision with a Motor Vehicle in Transport,0,No,1,Non-Junction,1,Not an Intersection,0,None,,,4,On Roadside,1,Daylight,10,Cloudy,0,No Additional Atmospheric Conditions,10,Cloudy,0,No,0000000,Not Applicable,12,12:00pm-12:59pm,49,49,12,12:00pm-12:59pm,51,51,99,Unknown,99,Unknown EMS Hospital Arrival Time,0,None,0,None,0,None,1,0
2019,36,360756,New York,1,1,0,1,1,1,1,59,NASSAU (59),2600,HEMPSTEAD,21,21,11,November,2019,5,Thursday,8,8:00am-8:59am,0,0,1,This section IS ON the NHS,2,Urban,3,Principal Arterial - Other,1,State Highway Agency,3,State Highway,SR-24,,99999,Unknown,40.70830556,40.70830556,-73.710016670,-73.710016670,0,No Special Jurisdiction,8,Pedestrian,0,The First Harmful Event was Not a Collision with a Motor Vehicle in Transport,0,No,1,Non-Junction,1,Not an Intersection,0,None,,,1,On Roadway,1,Daylight,1,Clear,0,No Additional Atmospheric Conditions,1,Clear,0,No,0000000,Not Applicable,8,8:00am-8:59am,5,5,8,8:00am-8:59am,7,7,8,8:00am-8:59am,32,32,0,None,0,None,0,None,1,0
2019,36,360757,New York,1,1,0,1,1,1,1,91,SARATOGA (91),3650,MECHANICVILLE,2,2,11,November,2019,7,Saturday,6,6:00am-6:59am,56,56,0,This section IS NOT on the NHS,2,Urban,4,Minor Arterial,1,State Highway Agency,2,U.S. Highway,US-4 S CENTRAL AVE,,99999,Unknown,42.89244167,42.89244167,-73.689850000,-73.689850000,0,No Special Jurisdiction,8,Pedestrian,0,The First Harmful Event was Not a Collision with a Motor Vehicle in Transport,0,No,1,Non-Junction,1,Not an Intersection,0,None,,,1,On Roadway,4,Dawn,1,Clear,0,No Additional Atmospheric Conditions,1,Clear,0,No,0000000,Not Applicable,6,6:00am-6:59am,57,57,7,7:00am-7:59am,0,0,99,Unknown,99,Unknown EMS Hospital Arrival Time,0,None,0,None,0,None,1,0
2019,36,360758,New York,2,2,0,0,0,5,5,7,BROOME (7),540,BINGHAMTON,21,21,11,November,2019,5,Thursday,14,2:00pm-2:59pm,44,44,0,This section IS NOT on the NHS,2,Urban,5,Major Collector,4,City or Municipal Highway Agency,6,Local Street - Municipality,LEROY ST,CHAPIN ST,99999,Unknown,42.09562500,42.09562500,-75.923694440,-75.923694440,0,No Special Jurisdiction,12,Motor Vehicle In-Transport,6,Angle,0,No,2,Intersection,2,Four-Way Intersection,0,None,,,1,On Roadway,1,Daylight,10,Cloudy,0,No Additional Atmospheric Conditions,10,Cloudy,0,No,0000000,Not Applicable,14,2:00pm-2:59pm,45,45,14,2:00pm-2:59pm,49,49,14,2:00pm-2:59pm,59,59,0,None,0,None,0,None,1,0
2019,36,360759,New York,1,1,0,1,1,1,1,55,MONROE (55),5230,ROCHESTER,29,29,9,September,2019,1,Sunday,19,7:00pm-7:59pm,9,9,1,This section IS ON the NHS,2,Urban,3,Principal Arterial - Other,4,City or Municipal Highway Agency,6,Local Street - Municipality,E MAIN ST,N FRANKLIN ST,99999,Unknown,43.15761667,43.15761667,-77.604566670,-77.604566670,0,No Special Jurisdiction,8,Pedestrian,0,The First Harmful Event was Not a Collision with a Motor Vehicle in Transport,0,No,3,Intersection-Related,2,Four-Way Intersection,0,None,,,1,On Roadway,3,Dark - Lighted,1,Clear,0,No Additional Atmospheric Conditions,1,Clear,0,No,0000000,Not Applicable,99,Unknown,99,Unknown,99,Unknown EMS Scene Arrival Hour,99,Unknown EMS Scene Arrival Minutes,99,Unknown,99,Unknown EMS Hospital Arrival Time,0,None,0,None,0,None,1,0
2019,36,360760,New York,1,1,0,0,0,6,6,67,ONONDAGA (67),6010,SYRACUSE,17,17,11,November,2019,1,Sunday,0,0:00am-0:59am,54,54,0,This section IS NOT on the NHS,2,Urban,5,Major Collector,4,City or Municipal Highway Agency,8,Other,HIAWATHA BLVD,SPRING ST,0,None,43.07396944,43.07396944,-76.164266670,-76.164266670,0,No Special Jurisdiction,18,Other Object (not fixed),0,The First Harmful Event was Not a Collision with a Motor Vehicle in Transport,0,No,3,Intersection-Related,3,T-Intersection,0,None,,,4,On Roadside,3,Dark - Lighted,1,Clear,0,No Additional Atmospheric Conditions,1,Clear,0,No,0000000,Not Applicable,0,0:00am-0:59am,53,53,0,0:00am-0:59am,59,59,99,Unknown,99,Unknown EMS Hospital Arrival Time,0,None,0,None,0,None,2,1
2019,36,360761,New York,1,1,0,1,1,2,2,81,QUEENS (81),4170,MIDDLE VILLAGE,22,22,11,November,2019,6,Friday,12,12:00pm-12:59pm,35,35,0,This section IS NOT on the NHS,2,Urban,7,Local,4,City or Municipal Highway Agency,6,Local Street - Municipality,41 AVE,,99999,Unknown,40.76313611,40.76313611,-73.812783330,-73.812783330,0,No Special Jurisdiction,8,Pedestrian,0,The First Harmful Event was Not a Collision with a Motor Vehicle in Transport,0,No,1,Non-Junction,1,Not an Intersection,0,None,,,1,On Roadway,1,Daylight,10,Cloudy,0,No Additional Atmospheric Conditions,10,Cloudy,0,No,0000000,Not Applicable,12,12:00pm-12:59pm,36,36,12,12:00pm-12:59pm,45,45,13,1:00pm-1:59pm,0,0,0,None,0,None,0,None,1,0
2019,36,360762,New York,1,1,0,1,1,3,3,119,WESTCHESTER (119),6040,TARRYTOWN,22,22,11,November,2019,6,Friday,18,6:00pm-6:59pm,7,7,0,This section IS NOT on the NHS,2,Urban,5,Major Collector,3,Town or Township Highway Agency,8,Other,FORT HILL RD,UNDERHILL RD,0,None,41.00199167,41.00199167,-73.814844440,-73.814844440,0,No Special Jurisdiction,8,Pedestrian,0,The First Harmful Event was Not a Collision with a Motor Vehicle in Transport,0,No,3,Intersection-Related,2,Four-Way Intersection,0,None,,,1,On Roadway,2,Dark - Not Lighted,10,Cloudy,0,No Additional Atmospheric Conditions,10,Cloudy,0,No,0000000,Not Applicable,18,6:00pm-6:59pm,10,10,18,6:00pm-6:59pm,13,13,18,6:00pm-6:59pm,54,54,0,None,0,None,0,None,1,0
2019,36,360763,New York,1,1,0,0,0,2,2,85,RICHMOND (85),4170,NEW YORK CITY,23,23,11,November,2019,7,Saturday,21,9:00pm-9:59pm,25,25,0,This section IS NOT on the NHS,2,Urban,5,Major Collector,4,City or Municipal Highway Agency,6,Local Street - Municipality,MILL RD,,99999,Unknown,40.56001389,40.56001389,-74.113250000,-74.113250000,0,No Special Jurisdiction,42,Tree (Standing Only),0,The First Harmful Event was Not a Collision with a Motor Vehicle in Transport,0,No,1,Non-Junction,1,Not an Intersection,0,None,,,4,On Roadside,3,Dark - Lighted,2,Rain,0,No Additional Atmospheric Conditions,2,Rain,0,No,0000000,Not Applicable,20,8:00pm-8:59pm,30,30,20,8:00pm-8:59pm,41,41,20,8:00pm-8:59pm,55,55,0,None,0,None,0,None,1,0
2019,36,360764,New York,1,1,0,0,0,1,1,9,CATTARAUGUS (9),2393,GREAT VALLEY,23,23,11,November,2019,7,Saturday,7,7:00am-7:59am,3,3,1,This section IS ON the NHS,2,Urban,3,Principal Arterial - Other,1,State Highway Agency,2,U.S. Highway,US-219,,99999,Unknown,42.18810000,42.18810000,-78.677500000,-78.677500000,0,No Special Jurisdiction,35,Embankment,0,The First Harmful Event was Not a Collision with a Motor Vehicle in Transport,0,No,1,Non-Junction,1,Not an Intersection,0,None,,,4,On Roadside,1,Daylight,10,Cloudy,0,No Additional Atmospheric Conditions,10,Cloudy,0,No,0000000,Not Applicable,7,7:00am-7:59am,3,3,7,7:00am-7:59am,12,12,88,Not Applicable (Not Transported),88,Not Applicable (Not Transported),0,None,0,None,0,None,1,0
2019,36,360765,New York,1,1,0,1,1,2,2,61,NEW YORK (61),4170,NEW YORK,23,23,11,November,2019,7,Saturday,3,3:00am-3:59am,52,52,1,This section IS ON the NHS,2,Urban,2,Principal Arterial - Other Freeways and Expressways,1,State Highway Agency,3,State Highway,SR-907L FDR DR,,0,None,40.72010000,40.72010000,-73.974702780,-73.974702780,0,No Special Jurisdiction,8,Pedestrian,0,The First Harmful Event was Not a Collision with a Motor Vehicle in Transport,1,Yes,18,Through Roadway,1,Not an Intersection,0,None,,,1,On Roadway,3,Dark - Lighted,1,Clear,0,No Additional Atmospheric Conditions,1,Clear,0,No,0000000,Not Applicable,99,Unknown,99,Unknown,99,Unknown EMS Scene Arrival Hour,99,Unknown EMS Scene Arrival Minutes,99,Unknown,99,Unknown EMS Hospital Arrival Time,0,None,0,None,0,None,1,0
2019,36,360766,New York,1,1,0,1,1,1,1,81,QUEENS (81),4170,MIDDLE VILLAGE,25,25,11,November,2019,2,Monday,17,5:00pm-5:59pm,15,15,0,This section IS NOT on the NHS,2,Urban,7,Local,4,City or Municipal Highway Agency,6,Local Street - Municipality,162 ST,,99999,Unknown,40.75537500,40.75537500,-73.804650000,-73.804650000,0,No Special Jurisdiction,8,Pedestrian,0,The First Harmful Event was Not a Collision with a Motor Vehicle in Transport,0,No,1,Non-Junction,1,Not an Intersection,0,None,,,1,On Roadway,3,Dark - Lighted,1,Clear,0,No Additional Atmospheric Conditions,1,Clear,0,No,0000000,Not Applicable,99,Unknown,99,Unknown,99,Unknown EMS Scene Arrival Hour,99,Unknown EMS Scene Arrival Minutes,99,Unknown,99,Unknown EMS Hospital Arrival Time,0,None,0,None,0,None,1,0
2019,36,360767,New York,1,1,0,0,0,1,1,89,ST. LAWRENCE (89),1502,DE PEYSTER,27,27,11,November,2019,4,Wednesday,22,10:00pm-10:59pm,34,34,0,This section IS NOT on the NHS,1,Rural,7,Local,3,Town or Township Highway Agency,5,Local Street - Township,EAST RD,,99999,Unknown,44.57709722,44.57709722,-75.402858330,-75.402858330,0,No Special Jurisdiction,42,Tree (Standing Only),0,The First Harmful Event was Not a Collision with a Motor Vehicle in Transport,0,No,1,Non-Junction,1,Not an Intersection,0,None,,,4,On Roadside,2,Dark - Not Lighted,2,Rain,0,No Additional Atmospheric Conditions,2,Rain,0,No,0000000,Not Applicable,22,10:00pm-10:59pm,36,36,22,10:00pm-10:59pm,50,50,88,Not Applicable (Not Transported),88,Not Applicable (Not Transported),0,None,0,None,0,None,1,1
2019,36,360768,New York,3,2,1,0,0,2,2,63,NIAGARA (63),4210,NIAGARA FALLS,27,27,11,November,2019,4,Wednesday,18,6:00pm-6:59pm,41,41,0,This section IS NOT on the NHS,2,Urban,7,Local,4,City or Municipal Highway Agency,6,Local Street - Municipality,MICHIGAN AVE,24TH ST,0,None,43.10440833,43.10440833,-79.033541670,-79.033541670,0,No Special Jurisdiction,12,Motor Vehicle In-Transport,6,Angle,0,No,2,Intersection,2,Four-Way Intersection,0,None,,,1,On Roadway,3,Dark - Lighted,1,Clear,0,No Additional Atmospheric Conditions,1,Clear,0,No,0000000,Not Applicable,18,6:00pm-6:59pm,42,42,18,6:00pm-6:59pm,46,46,99,Unknown,99,Unknown EMS Hospital Arrival Time,0,None,0,None,0,None,1,1
2019,36,360769,New York,1,1,0,3,3,2,2,55,MONROE (55),652,BRIGHTON,27,27,11,November,2019,4,Wednesday,10,10:00am-10:59am,24,24,0,This section IS NOT on the NHS,2,Urban,5,Major Collector,2,County Highway Agency,4,County Road,CR-102 EDGEWOOD AVE,,99999,Unknown,43.11123889,43.11123889,-77.560083330,-77.560083330,0,No Special Jurisdiction,30,Utility Pole/Light Support,0,The First Harmful Event was Not a Collision with a Motor Vehicle in Transport,0,No,1,Non-Junction,1,Not an Intersection,0,None,,,4,On Roadside,1,Daylight,10,Cloudy,0,No Additional Atmospheric Conditions,10,Cloudy,0,No,0000000,Not Applicable,10,10:00am-10:59am,23,23,10,10:00am-10:59am,28,28,99,Unknown,99,Unknown EMS Hospital Arrival Time,0,None,0,None,0,None,2,0
2019,36,360770,New York,1,1,0,1,1,1,1,81,QUEENS (81),4170,MIDDLE VILLAGE,29,29,11,November,2019,6,Friday,8,8:00am-8:59am,45,45,1,This section IS ON the NHS,2,Urban,3,Principal Arterial - Other,4,City or Municipal Highway Agency,6,Local Street - Municipality,ROOSEVELT AVE,65 ST,99999,Unknown,40.74605833,40.74605833,-73.898977780,-73.898977780,0,No Special Jurisdiction,8,Pedestrian,0,The First Harmful Event was Not a Collision with a Motor Vehicle in Transport,0,No,3,Intersection-Related,2,Four-Way Intersection,0,None,,,1,On Roadway,1,Daylight,1,Clear,0,No Additional Atmospheric Conditions,1,Clear,0,No,0000000,Not Applicable,8,8:00am-8:59am,45,45,8,8:00am-8:59am,55,55,9,9:00am-9:59am,10,10,0,None,0,None,0,None,1,0
2019,36,360771,New York,2,2,0,0,0,4,4,27,DUTCHESS (27),5031,POUGHQUAG,29,29,11,November,2019,6,Friday,8,8:00am-8:59am,27,27,1,This section IS ON the NHS,2,Urban,3,Principal Arterial - Other,1,State Highway Agency,3,State Highway,SR-55,,99999,Unknown,41.61290000,41.61290000,-73.676483330,-73.676483330,0,No Special Jurisdiction,12,Motor Vehicle In-Transport,2,Front-to-Front,0,No,1,Non-Junction,1,Not an Intersection,0,None,,,1,On Roadway,1,Daylight,10,Cloudy,0,No Additional Atmospheric Conditions,10,Cloudy,0,No,0000000,Not Applicable,9,9:00am-9:59am,30,30,10,10:00am-10:59am,5,5,12,12:00pm-12:59pm,10,10,0,None,0,None,0,None,1,0
2019,36,360772,New York,1,1,0,1,1,2,2,47,KINGS (47),4170,NEW YORK CITY,30,30,11,November,2019,7,Saturday,4,4:00am-4:59am,36,36,1,This section IS ON the NHS,2,Urban,3,Principal Arterial - Other,4,City or Municipal Highway Agency,6,Local Street - Municipality,PENNSYLVANIA AVE,,99999,Unknown,40.67548333,40.67548333,-73.896841670,-73.896841670,0,No Special Jurisdiction,8,Pedestrian,0,The First Harmful Event was Not a Collision with a Motor Vehicle in Transport,0,No,1,Non-Junction,1,Not an Intersection,0,None,,,1,On Roadway,3,Dark - Lighted,1,Clear,0,No Additional Atmospheric Conditions,1,Clear,0,No,0000000,Not Applicable,99,Unknown,99,Unknown,99,Unknown EMS Scene Arrival Hour,99,Unknown EMS Scene Arrival Minutes,99,Unknown,99,Unknown EMS Hospital Arrival Time,0,None,0,None,0,None,1,0
2019,36,360773,New York,1,1,0,0,0,1,1,71,ORANGE (71),4060,NEWBURGH,30,30,11,November,2019,7,Saturday,21,9:00pm-9:59pm,34,34,0,This section IS NOT on the NHS,2,Urban,5,Major Collector,4,City or Municipal Highway Agency,8,Other,WASHINGTON ST,,0,None,41.49923611,41.49923611,-74.023780560,-74.023780560,0,No Special Jurisdiction,30,Utility Pole/Light Support,0,The First Harmful Event was Not a Collision with a Motor Vehicle in Transport,0,No,1,Non-Junction,1,Not an Intersection,0,None,,,4,On Roadside,3,Dark - Lighted,1,Clear,0,No Additional Atmospheric Conditions,1,Clear,0,No,0000000,Not Applicable,99,Unknown,99,Unknown,99,Unknown EMS Scene Arrival Hour,99,Unknown EMS Scene Arrival Minutes,99,Unknown,99,Unknown EMS Hospital Arrival Time,0,None,0,None,0,None,1,0
2019,36,360775,New York,1,1,0,0,0,3,3,55,MONROE (55),2248,GATES,2,2,12,December,2019,2,Monday,12,12:00pm-12:59pm,33,33,1,This section IS ON the NHS,2,Urban,2,Principal Arterial - Other Freeways and Expressways,1,State Highway Agency,3,State Highway,SR-531,,99999,Unknown,43.15755556,43.15755556,-77.727172220,-77.727172220,0,No Special Jurisdiction,42,Tree (Standing Only),0,The First Harmful Event was Not a Collision with a Motor Vehicle in Transport,0,No,1,Non-Junction,1,Not an Intersection,0,None,,,3,On Median,1,Daylight,10,Cloudy,0,No Additional Atmospheric Conditions,10,Cloudy,0,No,0000000,Not Applicable,12,12:00pm-12:59pm,33,33,12,12:00pm-12:59pm,45,45,99,Unknown,99,Unknown EMS Hospital Arrival Time,0,None,0,None,0,None,1,0
2019,36,360776,New York,1,1,0,1,1,1,1,47,KINGS (47),4170,NEW YORK CITY,4,4,12,December,2019,4,Wednesday,9,9:00am-9:59am,25,25,0,This section IS NOT on the NHS,2,Urban,7,Local,4,City or Municipal Highway Agency,6,Local Street - Municipality,PEARL ST,,99999,Unknown,40.69289722,40.69289722,-73.988205560,-73.988205560,0,No Special Jurisdiction,8,Pedestrian,0,The First Harmful Event was Not a Collision with a Motor Vehicle in Transport,0,No,1,Non-Junction,1,Not an Intersection,0,None,,,1,On Roadway,1,Daylight,1,Clear,0,No Additional Atmospheric Conditions,1,Clear,0,No,0000000,Not Applicable,99,Unknown,99,Unknown,99,Unknown EMS Scene Arrival Hour,99,Unknown EMS Scene Arrival Minutes,99,Unknown,99,Unknown EMS Hospital Arrival Time,0,None,0,None,0,None,1,0
2019,36,360777,New York,1,1,0,1,1,2,2,103,SUFFOLK (103),360,BABYLON,4,4,12,December,2019,4,Wednesday,21,9:00pm-9:59pm,30,30,1,This section IS ON the NHS,2,Urban,3,Principal Arterial - Other,1,State Highway Agency,3,State Highway,SR-27 SUNRISE HWY,ALBANY AVE,99999,Unknown,40.68812500,40.68812500,-73.413630560,-73.413630560,0,No Special Jurisdiction,8,Pedestrian,0,The First Harmful Event was Not a Collision with a Motor Vehicle in Transport,0,No,3,Intersection-Related,2,Four-Way Intersection,0,None,,,1,On Roadway,3,Dark - Lighted,10,Cloudy,0,No Additional Atmospheric Conditions,10,Cloudy,0,No,0000000,Not Applicable,21,9:00pm-9:59pm,15,15,21,9:00pm-9:59pm,25,25,21,9:00pm-9:59pm,55,55,0,None,0,None,0,None,1,0
2019,36,360778,New York,1,1,0,1,1,1,1,47,KINGS (47),4170,NEW YORK CITY,2,2,12,December,2019,2,Monday,19,7:00pm-7:59pm,19,19,0,This section IS NOT on the NHS,2,Urban,7,Local,4,City or Municipal Highway Agency,6,Local Street - Municipality,AVE V,W 11TH ST,0,None,40.59385556,40.59385556,-73.981969440,-73.981969440,0,No Special Jurisdiction,8,Pedestrian,0,The First Harmful Event was Not a Collision with a Motor Vehicle in Transport,0,No,3,Intersection-Related,2,Four-Way Intersection,0,None,,,1,On Roadway,3,Dark - Lighted,4,Snow,0,No Additional Atmospheric Conditions,4,Snow,0,No,0000000,Not Applicable,99,Unknown,99,Unknown,99,Unknown EMS Scene Arrival Hour,99,Unknown EMS Scene Arrival Minutes,99,Unknown,99,Unknown EMS Hospital Arrival Time,0,None,0,None,0,None,1,0
2019,36,360780,New York,1,1,0,0,0,1,1,29,ERIE (29),1117,CHEEKTOWAGA,5,5,12,December,2019,5,Thursday,11,11:00am-11:59am,54,54,0,This section IS NOT on the NHS,2,Urban,4,Minor Arterial,2,County Highway Agency,4,County Road,CR-208 KENSINGTON AVE,,99999,Unknown,42.94849722,42.94849722,-78.787538890,-78.787538890,0,No Special Jurisdiction,42,Tree (Standing Only),0,The First Harmful Event was Not a Collision with a Motor Vehicle in Transport,0,No,1,Non-Junction,1,Not an Intersection,0,None,,,4,On Roadside,1,Daylight,4,Snow,0,No Additional Atmospheric Conditions,4,Snow,0,No,0000000,Not Applicable,11,11:00am-11:59am,55,55,12,12:00pm-12:59pm,0,0,12,12:00pm-12:59pm,24,24,0,None,0,None,0,None,1,0
2019,36,360781,New York,3,3,0,0,0,4,4,19,CLINTON (19),4880,PLATTSBURGH,5,5,12,December,2019,5,Thursday,13,1:00pm-1:59pm,33,33,0,This section IS NOT on the NHS,2,Urban,7,Local,4,City or Municipal Highway Agency,6,Local Street - Municipality,SMITHFIELD BLVD,BANK ST,0,None,44.69753333,44.69753333,-73.493286110,-73.493286110,0,No Special Jurisdiction,12,Motor Vehicle In-Transport,6,Angle,0,No,2,Intersection,2,Four-Way Intersection,0,None,,,1,On Roadway,1,Daylight,1,Clear,0,No Additional Atmospheric Conditions,1,Clear,0,No,0000000,Not Applicable,13,1:00pm-1:59pm,35,35,13,1:00pm-1:59pm,39,39,14,2:00pm-2:59pm,1,1,0,None,0,None,0,None,1,0
2019,36,360782,New York,2,2,0,0,0,2,2,81,QUEENS (81),4170,MIDDLE VILLAGE,5,5,12,December,2019,5,Thursday,10,10:00am-10:59am,11,11,1,This section IS ON the NHS,2,Urban,3,Principal Arterial - Other,1,State Highway Agency,3,State Highway,SR-25 QUEENS BLVD,,99999,Unknown,40.74661944,40.74661944,-73.935008330,-73.935008330,0,No Special Jurisdiction,12,Motor Vehicle In-Transport,1,Front-to-Rear,0,No,1,Non-Junction,1,Not an Intersection,0,None,,,1,On Roadway,1,Daylight,1,Clear,0,No Additional Atmospheric Conditions,1,Clear,0,No,0000000,Not Applicable,10,10:00am-10:59am,12,12,10,10:00am-10:59am,20,20,88,Not Applicable (Not Transported),88,Not Applicable (Not Transported),0,None,0,None,0,None,1,0
2019,36,360783,New York,2,2,0,0,0,2,2,121,WYOMING (121),4919,PORTAGEVILLE,6,6,12,December,2019,6,Friday,5,5:00am-5:59am,24,24,0,This section IS NOT on the NHS,1,Rural,4,Minor Arterial,1,State Highway Agency,3,State Highway,SR-19A,DENTON CORNERS RD,0,None,42.59113611,42.59113611,-78.068650000,-78.068650000,0,No Special Jurisdiction,12,Motor Vehicle In-Transport,6,Angle,0,No,2,Intersection,2,Four-Way Intersection,0,None,,,1,On Roadway,2,Dark - Not Lighted,4,Snow,0,No Additional Atmospheric Conditions,4,Snow,0,No,0000000,Not Applicable,5,5:00am-5:59am,26,26,5,5:00am-5:59am,36,36,99,Unknown,99,Unknown EMS Hospital Arrival Time,0,None,0,None,0,None,1,0
2019,36,360784,New York,2,2,0,1,1,2,2,103,SUFFOLK (103),5210,RIVERHEAD,2,2,12,December,2019,2,Monday,17,5:00pm-5:59pm,6,6,0,This section IS NOT on the NHS,2,Urban,4,Minor Arterial,1,State Highway Agency,3,State Highway,SR-25 W MAIN ST,,99999,Unknown,40.91813611,40.91813611,-72.672580560,-72.672580560,0,No Special Jurisdiction,8,Pedestrian,0,The First Harmful Event was Not a Collision with a Motor Vehicle in Transport,0,No,1,Non-Junction,1,Not an Intersection,0,None,,,1,On Roadway,3,Dark - Lighted,2,Rain,0,No Additional Atmospheric Conditions,2,Rain,0,No,0000000,Not Applicable,17,5:00pm-5:59pm,7,7,17,5:00pm-5:59pm,11,11,17,5:00pm-5:59pm,25,25,0,None,0,None,0,None,1,0
2019,36,360785,New York,1,1,0,1,1,0,0,81,QUEENS (81),4170,MIDDLE VILLAGE,6,6,12,December,2019,6,Friday,21,9:00pm-9:59pm,49,49,0,This section IS NOT on the NHS,2,Urban,7,Local,4,City or Municipal Highway Agency,6,Local Street - Municipality,148TH ST,,0,None,40.68133333,40.68133333,-73.793194440,-73.793194440,0,No Special Jurisdiction,8,Pedestrian,0,The First Harmful Event was Not a Collision with a Motor Vehicle in Transport,0,No,1,Non-Junction,1,Not an Intersection,0,None,,,7,In Parking Lane/Zone,3,Dark - Lighted,1,Clear,0,No Additional Atmospheric Conditions,1,Clear,0,No,0000000,Not Applicable,99,Unknown,99,Unknown,99,Unknown EMS Scene Arrival Hour,99,Unknown EMS Scene Arrival Minutes,99,Unknown,99,Unknown EMS Hospital Arrival Time,0,None,0,None,0,None,1,0
2019,36,360786,New York,1,1,0,0,0,1,1,103,SUFFOLK (103),2920,ISLIP,5,5,10,October,2019,7,Saturday,2,2:00am-2:59am,25,25,1,This section IS ON the NHS,2,Urban,3,Principal Arterial - Other,1,State Highway Agency,8,Other,906B EXPRESS DR N,,0,None,40.80500278,40.80500278,-73.266227780,-73.266227780,0,No Special Jurisdiction,19,Building,0,The First Harmful Event was Not a Collision with a Motor Vehicle in Transport,0,No,1,Non-Junction,1,Not an Intersection,0,None,,,5,Outside Trafficway,3,Dark - Lighted,1,Clear,0,No Additional Atmospheric Conditions,1,Clear,0,No,0000000,Not Applicable,99,Unknown,99,Unknown,99,Unknown EMS Scene Arrival Hour,99,Unknown EMS Scene Arrival Minutes,88,Not Applicable (Not Transported),88,Not Applicable (Not Transported),0,None,0,None,0,None,1,1