caseyear,state,st_case,statename,ve_total,ve_forms,pvh_invl,peds,pernotmvit,permvit,persons,county,countyname,city,cityname,day,dayname,month,monthname,year,day_week,day_weekname,hour,hourname,minute,minutename,nhs,nhsname,rur_urb,rur_urbname,func_sys,func_sysname,rd_owner,rd_ownername,route,routename,tway_id,tway_id2,milept,mileptname,latitude,latitudename,longitud,longitudname,sp_jur,sp_jurname,harm_ev,harm_evname,man_coll,man_collname,reljct1,reljct1name,reljct2,reljct2name,typ_int,typ_intname,wrk_zone,wrk_zonename,road_fnc,road_fncname,rel_road,rel_roadname,lgt_cond,lgt_condname,weather1,weather1name,weather2,weather2name,weather,weathername,sch_bus,sch_busname,rail,railname,not_hour,not_hourname,not_min,not_minname,arr_hour,arr_hourname,arr_min,arr_minname,hosp_hr,hosp_hrname,hosp_mn,hosp_mnname,cf1,cf1name,cf2,cf2name,cf3,cf3name,fatals,drunk_dr
2019,36,360787,New York,1,1,0,0,0,1,1,103,SUFFOLK (103),705,BROOKHAVEN,15,15,10,October,2019,3,Tuesday,6,6:00am-6:59am,3,3,0,This section IS NOT on the NHS,2,Urban,4,Minor Arterial,3,Town or Township Highway Agency,8,Other,OLD TOWN RD,,0,None,40.90471944,40.90471944,-73.056927780,-73.056927780,0,No Special Jurisdiction,42,Tree (Standing Only),0,The First Harmful Event was Not a Collision with a Motor Vehicle in Transport,0,No,1,Non-Junction,1,Not an Intersection,0,None,,,4,On Roadside,3,Dark - Lighted,1,Clear,0,No Additional Atmospheric Conditions,1,Clear,0,No,0000000,Not Applicable,99,Unknown,99,Unknown,99,Unknown EMS Scene Arrival Hour,99,Unknown EMS Scene Arrival Minutes,99,Unknown,99,Unknown EMS Hospital Arrival Time,0,None,0,None,0,None,1,0
2019,36,360788,New York,1,1,0,0,0,1,1,103,SUFFOLK (103),705,BROOKHAVEN,20,20,10,October,2019,1,Sunday,9,9:00am-9:59am,6,6,0,This section IS NOT on the NHS,2,Urban,5,Major Collector,2,County Highway Agency,4,County Road,CR-83,,0,None,40.93006667,40.93006667,-73.004563890,-73.004563890,0,No Special Jurisdiction,42,Tree (Standing Only),0,The First Harmful Event was Not a Collision with a Motor Vehicle in Transport,0,No,1,Non-Junction,1,Not an Intersection,0,None,,,4,On Roadside,1,Daylight,1,Clear,0,No Additional Atmospheric Conditions,1,Clear,0,No,0000000,Not Applicable,99,Unknown,99,Unknown,99,Unknown EMS Scene Arrival Hour,99,Unknown EMS Scene Arrival Minutes,99,Unknown,99,Unknown EMS Hospital Arrival Time,0,None,0,None,0,None,1,0
2019,36,360789,New York,1,1,0,1,1,1,1,103,SUFFOLK (103),360,BABYLON,25,25,9,September,2019,4,Wednesday,20,8:00pm-8:59pm,38,38,0,This section IS NOT on the NHS,2,Urban,4,Minor Arterial,1,State Highway Agency,3,State Highway,SR-27A MONTAUK HWY,,99999,Unknown,40.66764444,40.66764444,-73.401919440,-73.401919440,0,No Special Jurisdiction,8,Pedestrian,0,The First Harmful Event was Not a Collision with a Motor Vehicle in Transport,0,No,1,Non-Junction,1,Not an Intersection,0,None,,,1,On Roadway,3,Dark - Lighted,1,Clear,0,No Additional Atmospheric Conditions,1,Clear,0,No,0000000,Not Applicable,99,Unknown,99,Unknown,99,Unknown EMS Scene Arrival Hour,99,Unknown EMS Scene Arrival Minutes,99,Unknown,99,Unknown EMS Hospital Arrival Time,0,None,0,None,0,None,1,0
2019,36,360790,New York,1,1,0,1,1,1,1,103,SUFFOLK (103),360,BABYLON,28,28,10,October,2019,2,Monday,14,2:00pm-2:59pm,50,50,1,This section IS ON the NHS,2,Urban,3,Principal Arterial - Other,1,State Highway Agency,3,State Highway,SR-231 DEER PARK AVE,GRAND BLVD,0,None,40.75725000,40.75725000,-73.327552780,-73.327552780,0,No Special Jurisdiction,8,Pedestrian,0,The First Harmful Event was Not a Collision with a Motor Vehicle in Transport,0,No,3,Intersection-Related,2,Four-Way Intersection,0,None,,,1,On Roadway,1,Daylight,1,Clear,0,No Additional Atmospheric Conditions,1,Clear,0,No,0000000,Not Applicable,99,Unknown,99,Unknown,99,Unknown EMS Scene Arrival Hour,99,Unknown EMS Scene Arrival Minutes,99,Unknown,99,Unknown EMS Hospital Arrival Time,0,None,0,None,0,None,1,0
2019,36,360791,New York,1,1,0,1,1,1,1,59,NASSAU (59),2600,HEMPSTEAD,31,31,10,October,2019,5,Thursday,6,6:00am-6:59am,51,51,0,This section IS NOT on the NHS,2,Urban,3,Principal Arterial - Other,2,County Highway Agency,3,State Highway,SR-24 FULTON AVE,,99999,Unknown,40.70953889,40.70953889,-73.618447220,-73.618447220,0,No Special Jurisdiction,8,Pedestrian,0,The First Harmful Event was Not a Collision with a Motor Vehicle in Transport,0,No,1,Non-Junction,1,Not an Intersection,0,None,,,1,On Roadway,4,Dawn,2,Rain,0,No Additional Atmospheric Conditions,2,Rain,0,No,0000000,Not Applicable,99,Unknown,99,Unknown,99,Unknown EMS Scene Arrival Hour,99,Unknown EMS Scene Arrival Minutes,99,Unknown,99,Unknown EMS Hospital Arrival Time,0,None,0,None,0,None,1,0
2019,36,360792,New York,1,1,0,1,1,1,1,29,ERIE (29),2485,HAMBURG,6,6,12,December,2019,6,Friday,17,5:00pm-5:59pm,28,28,0,This section IS NOT on the NHS,2,Urban,4,Minor Arterial,2,County Highway Agency,4,County Road,CR-200 LAKE AVE,,99999,Unknown,42.79711111,42.79711111,-78.819866670,-78.819866670,0,No Special Jurisdiction,8,Pedestrian,0,The First Harmful Event was Not a Collision with a Motor Vehicle in Transport,0,No,1,Non-Junction,1,Not an Intersection,0,None,,,1,On Roadway,3,Dark - Lighted,10,Cloudy,0,No Additional Atmospheric Conditions,10,Cloudy,0,No,0000000,Not Applicable,17,5:00pm-5:59pm,29,29,17,5:00pm-5:59pm,36,36,18,6:00pm-6:59pm,4,4,0,None,0,None,0,None,1,0
2019,36,360793,New York,1,1,0,1,1,1,1,119,WESTCHESTER (119),6820,YONKERS,28,28,11,November,2019,5,Thursday,17,5:00pm-5:59pm,20,20,1,This section IS ON the NHS,2,Urban,3,Principal Arterial - Other,1,State Highway Agency,8,Other,983C YONKERS AVE,OAK ST,0,None,40.93551389,40.93551389,-73.888522220,-73.888522220,0,No Special Jurisdiction,8,Pedestrian,0,The First Harmful Event was Not a Collision with a Motor Vehicle in Transport,0,No,3,Intersection-Related,3,T-Intersection,0,None,,,1,On Roadway,5,Dusk,1,Clear,0,No Additional Atmospheric Conditions,1,Clear,0,No,0000000,Not Applicable,99,Unknown,99,Unknown,99,Unknown EMS Scene Arrival Hour,99,Unknown EMS Scene Arrival Minutes,99,Unknown,99,Unknown EMS Hospital Arrival Time,0,None,0,None,0,None,1,0
2019,36,360794,New York,1,1,0,1,1,2,2,61,NEW YORK (61),4170,NEW YORK,7,7,12,December,2019,7,Saturday,15,3:00pm-3:59pm,5,5,0,This section IS NOT on the NHS,2,Urban,5,Major Collector,4,City or Municipal Highway Agency,8,Other,W 61 ST,BROADWAY,99999,Unknown,40.76978056,40.76978056,-73.982013890,-73.982013890,0,No Special Jurisdiction,8,Pedestrian,0,The First Harmful Event was Not a Collision with a Motor Vehicle in Transport,0,No,3,Intersection-Related,2,Four-Way Intersection,0,None,,,1,On Roadway,1,Daylight,1,Clear,0,No Additional Atmospheric Conditions,1,Clear,0,No,0000000,Not Applicable,99,Unknown,99,Unknown,99,Unknown EMS Scene Arrival Hour,99,Unknown EMS Scene Arrival Minutes,99,Unknown,99,Unknown EMS Hospital Arrival Time,0,None,0,None,0,None,1,0
2019,36,360795,New York,2,2,0,0,0,2,2,111,ULSTER (111),5280,ROSENDALE,27,27,11,November,2019,4,Wednesday,16,4:00pm-4:59pm,24,24,0,This section IS NOT on the NHS,2,Urban,4,Minor Arterial,1,State Highway Agency,3,State Highway,SR-32,,99999,Unknown,41.87985833,41.87985833,-74.048625000,-74.048625000,0,No Special Jurisdiction,12,Motor Vehicle In-Transport,2,Front-to-Front,0,No,1,Non-Junction,1,Not an Intersection,0,None,,,1,On Roadway,2,Dark - Not Lighted,2,Rain,0,No Additional Atmospheric Conditions,2,Rain,0,No,0000000,Not Applicable,16,4:00pm-4:59pm,43,43,16,4:00pm-4:59pm,57,57,17,5:00pm-5:59pm,27,27,0,None,0,None,0,None,2,0
2019,36,360796,New York,2,2,0,0,0,4,4,47,KINGS (47),4170,NEW YORK CITY,8,8,12,December,2019,1,Sunday,4,4:00am-4:59am,56,56,0,This section IS NOT on the NHS,2,Urban,4,Minor Arterial,4,City or Municipal Highway Agency,6,Local Street - Municipality,FOSTER AVE,E 55 ST,99999,Unknown,40.63736944,40.63736944,-73.924022220,-73.924022220,0,No Special Jurisdiction,12,Motor Vehicle In-Transport,6,Angle,0,No,2,Intersection,3,T-Intersection,0,None,,,1,On Roadway,3,Dark - Lighted,1,Clear,0,No Additional Atmospheric Conditions,1,Clear,0,No,0000000,Not Applicable,4,4:00am-4:59am,56,56,99,Unknown EMS Scene Arrival Hour,99,Unknown EMS Scene Arrival Minutes,99,Unknown,99,Unknown EMS Hospital Arrival Time,0,None,0,None,0,None,1,1
2019,36,360797,New York,1,1,0,1,1,1,1,79,PUTNAM (79),900,CARMEL,9,9,12,December,2019,2,Monday,19,7:00pm-7:59pm,6,6,0,This section IS NOT on the NHS,2,Urban,7,Local,2,County Highway Agency,4,County Road,CR-73 OLD ROUTE 6,,99999,Unknown,41.41201389,41.41201389,-73.658413890,-73.658413890,0,No Special Jurisdiction,8,Pedestrian,0,The First Harmful Event was Not a Collision with a Motor Vehicle in Transport,0,No,1,Non-Junction,1,Not an Intersection,0,None,,,1,On Roadway,2,Dark - Not Lighted,2,Rain,0,No Additional Atmospheric Conditions,2,Rain,0,No,0000000,Not Applicable,19,7:00pm-7:59pm,6,6,19,7:00pm-7:59pm,12,12,19,7:00pm-7:59pm,19,19,0,None,0,None,0,None,1,0
2019,36,360798,New York,1,1,0,2,2,1,1,61,NEW YORK (61),4170,NEW YORK,9,9,12,December,2019,2,Monday,9,9:00am-9:59am,35,35,0,This section IS NOT on the NHS,2,Urban,4,Minor Arterial,4,City or Municipal Highway Agency,6,Local Street - Municipality,E 116TH ST,1ST AVE,99999,Unknown,40.79609444,40.79609444,-73.935325000,-73.935325000,0,No Special Jurisdiction,15,Non-Motorist on Personal Conveyance,0,The First Harmful Event was Not a Collision with a Motor Vehicle in Transport,0,No,3,Intersection-Related,2,Four-Way Intersection,0,None,,,1,On Roadway,1,Daylight,2,Rain,0,No Additional Atmospheric Conditions,2,Rain,0,No,0000000,Not Applicable,9,9:00am-9:59am,38,38,9,9:00am-9:59am,41,41,9,9:00am-9:59am,48,48,0,None,0,None,0,None,1,0
2019,36,360799,New York,1,1,0,0,0,1,1,21,COLUMBIA (21),2269,GHENT,9,9,12,December,2019,2,Monday,10,10:00am-10:59am,14,14,0,This section IS NOT on the NHS,1,Rural,7,Local,2,County Highway Agency,4,County Road,CR-21B,,99999,Unknown,42.36242222,42.36242222,-73.635769440,-73.635769440,0,No Special Jurisdiction,42,Tree (Standing Only),0,The First Harmful Event was Not a Collision with a Motor Vehicle in Transport,0,No,1,Non-Junction,1,Not an Intersection,0,None,,,4,On Roadside,1,Daylight,2,Rain,0,No Additional Atmospheric Conditions,2,Rain,0,No,0000000,Not Applicable,10,10:00am-10:59am,14,14,10,10:00am-10:59am,16,16,88,Not Applicable (Not Transported),88,Not Applicable (Not Transported),0,None,0,None,0,None,1,0
2019,36,360800,New York,1,1,0,0,0,1,1,91,SARATOGA (91),2402,GREENFIELD CENTER,11,11,11,November,2019,2,Monday,20,8:00pm-8:59pm,53,53,0,This section IS NOT on the NHS,1,Rural,6,Minor Collector,2,County Highway Agency,4,County Road,CR-19 N GREENFIELD RD,,99999,Unknown,43.14968611,43.14968611,-73.883311110,-73.883311110,0,No Special Jurisdiction,19,Building,0,The First Harmful Event was Not a Collision with a Motor Vehicle in Transport,0,No,1,Non-Junction,1,Not an Intersection,0,None,,,5,Outside Trafficway,2,Dark - Not Lighted,98,Not Reported,0,No Additional Atmospheric Conditions,98,Not Reported,0,No,0000000,Not Applicable,20,8:00pm-8:59pm,53,53,21,9:00pm-9:59pm,10,10,88,Not Applicable (Not Transported),88,Not Applicable (Not Transported),0,None,0,None,0,None,1,1
2019,36,360801,New York,1,1,0,1,1,1,1,29,ERIE (29),750,BUFFALO,7,7,12,December,2019,7,Saturday,22,10:00pm-10:59pm,13,13,0,This section IS NOT on the NHS,2,Urban,4,Minor Arterial,4,City or Municipal Highway Agency,3,State Highway,SR-265 MILITARY RD,,0,None,42.95581944,42.95581944,-78.889644440,-78.889644440,0,No Special Jurisdiction,8,Pedestrian,0,The First Harmful Event was Not a Collision with a Motor Vehicle in Transport,0,No,1,Non-Junction,1,Not an Intersection,0,None,,,1,On Roadway,3,Dark - Lighted,10,Cloudy,0,No Additional Atmospheric Conditions,10,Cloudy,0,No,0000000,Not Applicable,22,10:00pm-10:59pm,13,13,99,Unknown EMS Scene Arrival Hour,99,Unknown EMS Scene Arrival Minutes,22,10:00pm-10:59pm,45,45,0,None,0,None,0,None,1,1
2019,36,360802,New York,2,2,0,0,0,2,2,19,CLINTON (19),1080,CHAMPLAIN,9,9,12,December,2019,2,Monday,6,6:00am-6:59am,50,50,1,This section IS ON the NHS,1,Rural,3,Principal Arterial - Other,1,State Highway Agency,3,State Highway,SR-11,,99999,Unknown,44.97848889,44.97848889,-73.438336110,-73.438336110,0,No Special Jurisdiction,12,Motor Vehicle In-Transport,2,Front-to-Front,0,No,1,Non-Junction,1,Not an Intersection,0,None,,,1,On Roadway,4,Dawn,2,Rain,0,No Additional Atmospheric Conditions,2,Rain,0,No,0000000,Not Applicable,6,6:00am-6:59am,50,50,7,7:00am-7:59am,0,0,88,Not Applicable (Not Transported),88,Not Applicable (Not Transported),0,None,0,None,0,None,1,0
2019,36,360803,New York,1,1,0,1,1,1,1,81,QUEENS (81),4170,MIDDLE VILLAGE,9,9,12,December,2019,2,Monday,16,4:00pm-4:59pm,57,57,0,This section IS NOT on the NHS,2,Urban,7,Local,4,City or Municipal Highway Agency,6,Local Street - Municipality,STANHOPE ST,FAIRVIEW AVE,99999,Unknown,40.70990000,40.70990000,-73.911130560,-73.911130560,0,No Special Jurisdiction,8,Pedestrian,0,The First Harmful Event was Not a Collision with a Motor Vehicle in Transport,0,No,3,Intersection-Related,3,T-Intersection,0,None,,,1,On Roadway,3,Dark - Lighted,2,Rain,0,No Additional Atmospheric Conditions,2,Rain,0,No,0000000,Not Applicable,16,4:00pm-4:59pm,57,57,17,5:00pm-5:59pm,3,3,99,Unknown,99,Unknown EMS Hospital Arrival Time,0,None,0,None,0,None,1,0
2019,36,360804,New York,1,1,0,0,0,1,1,41,HAMILTON (41),3364,LONG LAKE,26,26,10,October,2019,7,Saturday,11,11:00am-11:59am,36,36,0,This section IS NOT on the NHS,1,Rural,7,Local,3,Town or Township Highway Agency,5,Local Street - Township,MINERVA CLUB RD,,0,None,43.97059722,43.97059722,-74.355216670,-74.355216670,0,No Special Jurisdiction,17,Boulder,0,The First Harmful Event was Not a Collision with a Motor Vehicle in Transport,0,No,1,Non-Junction,1,Not an Intersection,0,None,,,4,On Roadside,1,Daylight,1,Clear,0,No Additional Atmospheric Conditions,1,Clear,0,No,0000000,Not Applicable,11,11:00am-11:59am,38,38,11,11:00am-11:59am,49,49,14,2:00pm-2:59pm,51,51,0,None,0,None,0,None,1,0
2019,36,360805,New York,1,1,0,0,0,1,1,9,CATTARAUGUS (9),110,ALLEGANY,10,10,12,December,2019,3,Tuesday,9,9:00am-9:59am,34,34,0,This section IS NOT on the NHS,2,Urban,4,Minor Arterial,2,County Highway Agency,4,County Road,CR-83 BUFALO RD,,99999,Unknown,42.09113056,42.09113056,-78.464250000,-78.464250000,0,No Special Jurisdiction,34,Ditch,0,The First Harmful Event was Not a Collision with a Motor Vehicle in Transport,0,No,1,Non-Junction,1,Not an Intersection,0,None,,,4,On Roadside,1,Daylight,10,Cloudy,0,No Additional Atmospheric Conditions,10,Cloudy,0,No,0000000,Not Applicable,9,9:00am-9:59am,34,34,9,9:00am-9:59am,41,41,10,10:00am-10:59am,22,22,0,None,0,None,0,None,1,1
2019,36,360806,New York,1,1,0,1,1,1,1,29,ERIE (29),750,BUFFALO,9,9,12,December,2019,2,Monday,21,9:00pm-9:59pm,39,39,1,This section IS ON the NHS,2,Urban,3,Principal Arterial - Other,1,State Highway Agency,2,U.S. Highway,US-62 SOUTH PARK AVE,GOOD AVE,0,None,42.85574722,42.85574722,-78.828225000,-78.828225000,0,No Special Jurisdiction,8,Pedestrian,0,The First Harmful Event was Not a Collision with a Motor Vehicle in Transport,0,No,3,Intersection-Related,2,Four-Way Intersection,0,None,,,1,On Roadway,3,Dark - Lighted,1,Clear,0,No Additional Atmospheric Conditions,1,Clear,0,No,0000000,Not Applicable,21,9:00pm-9:59pm,39,39,99,Unknown EMS Scene Arrival Hour,99,Unknown EMS Scene Arrival Minutes,99,Unknown,99,Unknown EMS Hospital Arrival Time,0,None,0,None,0,None,1,0
2019,36,360807,New York,3,3,0,0,0,4,4,1,ALBANY (1),50,ALBANY,11,11,12,December,2019,4,Wednesday,16,4:00pm-4:59pm,43,43,1,This section IS ON the NHS,2,Urban,3,Principal Arterial - Other,4,City or Municipal Highway Agency,2,U.S. Highway,US-20 WESTERN AVE,,99999,Unknown,42.66437500,42.66437500,-73.785175000,-73.785175000,0,No Special Jurisdiction,12,Motor Vehicle In-Transport,2,Front-to-Front,0,No,1,Non-Junction,1,Not an Intersection,0,None,,,1,On Roadway,3,Dark - Lighted,1,Clear,0,No Additional Atmospheric Conditions,1,Clear,0,No,0000000,Not Applicable,16,4:00pm-4:59pm,44,44,16,4:00pm-4:59pm,50,50,17,5:00pm-5:59pm,5,5,0,None,0,None,0,None,1,0
2019,36,360808,New York,1,1,0,1,1,1,1,81,QUEENS (81),4170,MIDDLE VILLAGE,11,11,12,December,2019,4,Wednesday,15,3:00pm-3:59pm,17,17,0,This section IS NOT on the NHS,2,Urban,7,Local,4,City or Municipal Highway Agency,6,Local Street - Municipality,ONDERDONK AVE,GATES AVE,99999,Unknown,40.70411944,40.70411944,-73.907575000,-73.907575000,0,No Special Jurisdiction,8,Pedestrian,0,The First Harmful Event was Not a Collision with a Motor Vehicle in Transport,0,No,3,Intersection-Related,2,Four-Way Intersection,0,None,,,1,On Roadway,1,Daylight,1,Clear,0,No Additional Atmospheric Conditions,1,Clear,0,No,0000000,Not Applicable,99,Unknown,99,Unknown,99,Unknown EMS Scene Arrival Hour,99,Unknown EMS Scene Arrival Minutes,99,Unknown,99,Unknown EMS Hospital Arrival Time,0,None,0,None,0,None,1,0
2019,36,360809,New York,2,2,0,0,0,3,3,27,DUTCHESS (27),6380,WAPPINGERS FALLS,12,12,12,December,2019,5,Thursday,11,11:00am-11:59am,53,53,1,This section IS ON the NHS,2,Urban,3,Principal Arterial - Other,1,State Highway Agency,3,State Highway,SR-9D,,99999,Unknown,41.57750833,41.57750833,-73.931908330,-73.931908330,0,No Special Jurisdiction,12,Motor Vehicle In-Transport,2,Front-to-Front,0,No,1,Non-Junction,1,Not an Intersection,0,None,,,1,On Roadway,1,Daylight,1,Clear,0,No Additional Atmospheric Conditions,1,Clear,0,No,0000000,Not Applicable,11,11:00am-11:59am,53,53,11,11:00am-11:59am,54,54,12,12:00pm-12:59pm,15,15,0,None,0,None,0,None,1,0
2019,36,360810,New York,4,4,0,1,1,4,4,81,QUEENS (81),4170,MIDDLE VILLAGE,11,11,12,December,2019,4,Wednesday,20,8:00pm-8:59pm,18,18,1,This section IS ON the NHS,2,Urban,3,Principal Arterial - Other,4,City or Municipal Highway Agency,6,Local Street - Municipality,BROADWAY,60TH ST,0,None,40.75120278,40.75120278,-73.902052780,-73.902052780,0,No Special Jurisdiction,8,Pedestrian,0,The First Harmful Event was Not a Collision with a Motor Vehicle in Transport,0,No,3,Intersection-Related,2,Four-Way Intersection,0,None,,,1,On Roadway,3,Dark - Lighted,1,Clear,0,No Additional Atmospheric Conditions,1,Clear,0,No,0000000,Not Applicable,99,Unknown,99,Unknown,99,Unknown EMS Scene Arrival Hour,99,Unknown EMS Scene Arrival Minutes,99,Unknown,99,Unknown EMS Hospital Arrival Time,0,None,0,None,0,None,1,1
2019,36,360811,New York,1,1,0,1,1,1,1,47,KINGS (47),4170,NEW YORK CITY,13,13,12,December,2019,6,Friday,22,10:00pm-10:59pm,26,26,0,This section IS NOT on the NHS,2,Urban,7,Local,4,City or Municipal Highway Agency,6,Local Street - Municipality,HARING ST,VOORHIES AVE,99999,Unknown,40.58741111,40.58741111,-73.938455560,-73.938455560,0,No Special Jurisdiction,8,Pedestrian,0,The First Harmful Event was Not a Collision with a Motor Vehicle in Transport,0,No,3,Intersection-Related,2,Four-Way Intersection,0,None,,,1,On Roadway,3,Dark - Lighted,2,Rain,0,No Additional Atmospheric Conditions,2,Rain,0,No,0000000,Not Applicable,99,Unknown,99,Unknown,99,Unknown EMS Scene Arrival Hour,99,Unknown EMS Scene Arrival Minutes,99,Unknown,99,Unknown EMS Hospital Arrival Time,0,None,0,None,0,None,1,0
2019,36,360812,New York,1,1,0,0,0,1,1,89,ST. LAWRENCE (89),4661,PARISHVILLE,13,13,12,December,2019,6,Friday,22,10:00pm-10:59pm,10,10,0,This section IS NOT on the NHS,1,Rural,7,Local,3,Town or Township Highway Agency,5,Local Street - Township,OLD POTSDAM PARISHVILLE RD,,99999,Unknown,44.63442500,44.63442500,-74.858188890,-74.858188890,0,No Special Jurisdiction,42,Tree (Standing Only),0,The First Harmful Event was Not a Collision with a Motor Vehicle in Transport,0,No,1,Non-Junction,1,Not an Intersection,0,None,,,4,On Roadside,2,Dark - Not Lighted,2,Rain,0,No Additional Atmospheric Conditions,2,Rain,0,No,0000000,Not Applicable,22,10:00pm-10:59pm,10,10,22,10:00pm-10:59pm,12,12,88,Not Applicable (Not Transported),88,Not Applicable (Not Transported),0,None,0,None,0,None,1,0
2019,36,360813,New York,1,1,0,1,1,2,2,59,NASSAU (59),3570,MASSAPEQUA PARK,13,13,12,December,2019,6,Friday,22,10:00pm-10:59pm,48,48,1,This section IS ON the NHS,2,Urban,3,Principal Arterial - Other,1,State Highway Agency,3,State Highway,SR-27 SUNRISE HWY,CAROL DR,99999,Unknown,40.67748611,40.67748611,-73.453119440,-73.453119440,0,No Special Jurisdiction,8,Pedestrian,0,The First Harmful Event was Not a Collision with a Motor Vehicle in Transport,0,No,3,Intersection-Related,3,T-Intersection,0,None,,,1,On Roadway,3,Dark - Lighted,2,Rain,0,No Additional Atmospheric Conditions,2,Rain,0,No,0000000,Not Applicable,22,10:00pm-10:59pm,48,48,22,10:00pm-10:59pm,51,51,23,11:00pm-11:59pm,15,15,0,None,0,None,0,None,1,0
2019,36,360814,New York,1,1,0,0,0,1,1,59,NASSAU (59),2600,HEMPSTEAD,13,13,12,December,2019,6,Friday,5,5:00am-5:59am,47,47,1,This section IS ON the NHS,2,Urban,2,Principal Arterial - Other Freeways and Expressways,1,State Highway Agency,3,State Highway,SR-908M SOUTHERN STATE PKWY,,0,None,40.68317222,40.68317222,-73.676236110,-73.676236110,0,No Special Jurisdiction,42,Tree (Standing Only),0,The First Harmful Event was Not a Collision with a Motor Vehicle in Transport,0,No,1,Non-Junction,1,Not an Intersection,0,None,,,4,On Roadside,3,Dark - Lighted,1,Clear,0,No Additional Atmospheric Conditions,1,Clear,0,No,0000000,Not Applicable,5,5:00am-5:59am,47,47,5,5:00am-5:59am,52,52,99,Unknown,99,Unknown EMS Hospital Arrival Time,0,None,0,None,0,None,1,1
2019,36,360815,New York,2,2,0,0,0,3,3,55,MONROE (55),5230,ROCHESTER,17,17,12,December,2019,3,Tuesday,19,7:00pm-7:59pm,10,10,0,This section IS NOT on the NHS,2,Urban,4,Minor Arterial,1,State Highway Agency,3,State Highway,SR-383 BROOKS AVE,,99999,Unknown,43.13093611,43.13093611,-77.657222220,-77.657222220,0,No Special Jurisdiction,12,Motor Vehicle In-Transport,2,Front-to-Front,0,No,1,Non-Junction,1,Not an Intersection,0,None,,,1,On Roadway,3,Dark - Lighted,1,Clear,0,No Additional Atmospheric Conditions,1,Clear,0,No,0000000,Not Applicable,19,7:00pm-7:59pm,10,10,19,7:00pm-7:59pm,10,10,99,Unknown,99,Unknown EMS Hospital Arrival Time,0,None,0,None,0,None,1,0
2019,36,360816,New York,2,1,1,1,3,1,3,27,DUTCHESS (27),5150,RHINEBECK,17,17,12,December,2019,3,Tuesday,13,1:00pm-1:59pm,54,54,0,This section IS NOT on the NHS,1,Rural,5,Major Collector,2,County Highway Agency,4,County Road,CR-19 SLATE QUARRY RD,,0,None,41.91257500,41.91257500,-73.853005560,-73.853005560,0,No Special Jurisdiction,8,Pedestrian,0,The First Harmful Event was Not a Collision with a Motor Vehicle in Transport,0,No,1,Non-Junction,1,Not an Intersection,0,None,,,4,On Roadside,1,Daylight,98,Not Reported,0,No Additional Atmospheric Conditions,98,Not Reported,0,No,0000000,Not Applicable,13,1:00pm-1:59pm,54,54,14,2:00pm-2:59pm,12,12,14,2:00pm-2:59pm,39,39,23,Indication of a Stalled/Disabled Vehicle,0,None,0,None,1,0
2019,36,360817,New York,2,2,0,0,0,4,4,113,WARREN (113),3100,LAKE GEORGE,2,2,9,September,2019,2,Monday,17,5:00pm-5:59pm,31,31,1,This section IS ON the NHS,2,Urban,3,Principal Arterial - Other,1,State Highway Agency,3,State Highway,SR-9,MCGINNIS RD,99999,Unknown,43.38883333,43.38883333,-73.704108330,-73.704108330,0,No Special Jurisdiction,12,Motor Vehicle In-Transport,6,Angle,0,No,2,Intersection,3,T-Intersection,0,None,,,1,On Roadway,1,Daylight,1,Clear,0,No Additional Atmospheric Conditions,1,Clear,0,No,0000000,Not Applicable,17,5:00pm-5:59pm,31,31,17,5:00pm-5:59pm,32,32,19,7:00pm-7:59pm,4,4,0,None,0,None,0,None,1,1
2019,36,360818,New York,1,1,0,0,0,1,1,29,ERIE (29),2348,FERRY VILLAGE,21,21,5,May,2019,3,Tuesday,21,9:00pm-9:59pm,46,46,0,This section IS NOT on the NHS,2,Urban,5,Major Collector,3,Town or Township Highway Agency,8,Other,STALEY RD,,0,None,43.00739167,43.00739167,-78.933422220,-78.933422220,0,No Special Jurisdiction,53,Mail Box,0,The First Harmful Event was Not a Collision with a Motor Vehicle in Transport,0,No,1,Non-Junction,1,Not an Intersection,0,None,,,4,On Roadside,2,Dark - Not Lighted,1,Clear,0,No Additional Atmospheric Conditions,1,Clear,0,No,0000000,Not Applicable,21,9:00pm-9:59pm,46,46,21,9:00pm-9:59pm,51,51,99,Unknown,99,Unknown EMS Hospital Arrival Time,0,None,0,None,0,None,1,0
2019,36,360819,New York,1,1,0,0,0,10,10,119,WESTCHESTER (119),6040,TARRYTOWN,4,4,10,October,2019,6,Friday,9,9:00am-9:59am,35,35,1,This section IS ON the NHS,2,Urban,1,Interstate,1,State Highway Agency,1,Interstate,I-287 EXIT 1 RAMP,,99999,Unknown,41.06049167,41.06049167,-73.828044440,-73.828044440,0,No Special Jurisdiction,25,Concrete Traffic Barrier,0,The First Harmful Event was Not a Collision with a Motor Vehicle in Transport,1,Yes,5,Entrance/Exit Ramp Related,1,Not an Intersection,0,None,,,3,On Median,1,Daylight,1,Clear,0,No Additional Atmospheric Conditions,1,Clear,0,No,0000000,Not Applicable,9,9:00am-9:59am,35,35,9,9:00am-9:59am,35,35,11,11:00am-11:59am,39,39,0,None,0,None,0,None,1,0