caseyear,state,st_case,statename,ve_total,ve_forms,pvh_invl,peds,pernotmvit,permvit,persons,county,countyname,city,cityname,day,dayname,month,monthname,year,day_week,day_weekname,hour,hourname,minute,minutename,nhs,nhsname,rur_urb,rur_urbname,func_sys,func_sysname,rd_owner,rd_ownername,route,routename,tway_id,tway_id2,milept,mileptname,latitude,latitudename,longitud,longitudname,sp_jur,sp_jurname,harm_ev,harm_evname,man_coll,man_collname,reljct1,reljct1name,reljct2,reljct2name,typ_int,typ_intname,wrk_zone,wrk_zonename,road_fnc,road_fncname,rel_road,rel_roadname,lgt_cond,lgt_condname,weather1,weather1name,weather2,weather2name,weather,weathername,sch_bus,sch_busname,rail,railname,not_hour,not_hourname,not_min,not_minname,arr_hour,arr_hourname,arr_min,arr_minname,hosp_hr,hosp_hrname,hosp_mn,hosp_mnname,cf1,cf1name,cf2,cf2name,cf3,cf3name,fatals,drunk_dr
2019,36,360820,New York,2,2,0,0,0,4,4,55,MONROE (55),4730,PENFIELD,12,12,12,December,2019,5,Thursday,16,4:00pm-4:59pm,59,59,0,This section IS NOT on the NHS,2,Urban,4,Minor Arterial,1,State Highway Agency,3,State Highway,SR-404 EMPIRE BLVD,BRANDT POINT DR,0,None,43.19338333,43.19338333,-77.502052780,-77.502052780,0,No Special Jurisdiction,12,Motor Vehicle In-Transport,6,Angle,0,No,2,Intersection,3,T-Intersection,0,None,,,1,On Roadway,3,Dark - Lighted,1,Clear,0,No Additional Atmospheric Conditions,1,Clear,0,No,0000000,Not Applicable,16,4:00pm-4:59pm,59,59,17,5:00pm-5:59pm,6,6,17,5:00pm-5:59pm,26,26,0,None,0,None,0,None,1,0
2019,36,360821,New York,1,1,0,0,0,3,3,75,OSWEGO (75),1312,CONSTANTIA,26,26,9,September,2019,5,Thursday,1,1:00am-1:59am,0,0,0,This section IS NOT on the NHS,1,Rural,7,Local,3,Town or Township Highway Agency,5,Local Street - Township,CENTER ST,,99999,Unknown,43.30943056,43.30943056,-75.872352780,-75.872352780,0,No Special Jurisdiction,42,Tree (Standing Only),0,The First Harmful Event was Not a Collision with a Motor Vehicle in Transport,0,No,1,Non-Junction,1,Not an Intersection,0,None,,,5,Outside Trafficway,3,Dark - Lighted,98,Not Reported,0,No Additional Atmospheric Conditions,98,Not Reported,0,No,0000000,Not Applicable,99,Unknown,99,Unknown,99,Unknown EMS Scene Arrival Hour,99,Unknown EMS Scene Arrival Minutes,99,Unknown,99,Unknown EMS Hospital Arrival Time,0,None,0,None,0,None,1,0
2019,36,360822,New York,2,2,0,0,0,2,2,29,ERIE (29),5940,SPRINGVILLE,14,14,12,December,2019,7,Saturday,13,1:00pm-1:59pm,13,13,0,This section IS NOT on the NHS,1,Rural,5,Major Collector,1,State Highway Agency,3,State Highway,SR-240 GLENWOOD EAST CONCORD R,ROSS RD,99999,Unknown,42.56437778,42.56437778,-78.637194440,-78.637194440,0,No Special Jurisdiction,12,Motor Vehicle In-Transport,6,Angle,0,No,2,Intersection,3,T-Intersection,0,None,,,1,On Roadway,1,Daylight,4,Snow,0,No Additional Atmospheric Conditions,4,Snow,0,No,0000000,Not Applicable,13,1:00pm-1:59pm,15,15,13,1:00pm-1:59pm,21,21,99,Unknown,99,Unknown EMS Hospital Arrival Time,0,None,0,None,0,None,1,0
2019,36,360823,New York,2,2,0,0,0,2,2,65,ONEIDA (65),6220,UTICA,20,20,11,November,2019,4,Wednesday,11,11:00am-11:59am,49,49,1,This section IS ON the NHS,2,Urban,1,Interstate,1,State Highway Agency,1,Interstate,I-790,,0,None,43.11653889,43.11653889,-75.215386110,-75.215386110,0,No Special Jurisdiction,12,Motor Vehicle In-Transport,2,Front-to-Front,0,No,1,Non-Junction,1,Not an Intersection,0,None,,,1,On Roadway,1,Daylight,1,Clear,0,No Additional Atmospheric Conditions,1,Clear,0,No,0000000,Not Applicable,99,Unknown,99,Unknown,99,Unknown EMS Scene Arrival Hour,99,Unknown EMS Scene Arrival Minutes,99,Unknown,99,Unknown EMS Hospital Arrival Time,0,None,0,None,0,None,1,0
2019,36,360824,New York,1,1,0,1,1,1,1,61,NEW YORK (61),4170,NEW YORK,18,18,12,December,2019,4,Wednesday,7,7:00am-7:59am,48,48,0,This section IS NOT on the NHS,2,Urban,4,Minor Arterial,12,"Local Park, Forest or Reservation Agency",6,Local Street - Municipality,W 97TH ST TRANSVERSE RD,,99999,Unknown,40.78976389,40.78976389,-73.958002780,-73.958002780,0,No Special Jurisdiction,9,Pedalcyclist,0,The First Harmful Event was Not a Collision with a Motor Vehicle in Transport,0,No,1,Non-Junction,1,Not an Intersection,0,None,,,1,On Roadway,1,Daylight,1,Clear,0,No Additional Atmospheric Conditions,1,Clear,1,Yes,0000000,Not Applicable,99,Unknown,99,Unknown,99,Unknown EMS Scene Arrival Hour,99,Unknown EMS Scene Arrival Minutes,99,Unknown,99,Unknown EMS Hospital Arrival Time,0,None,0,None,0,None,1,0
2019,36,360825,New York,1,1,0,1,1,1,1,47,KINGS (47),4170,NEW YORK CITY,18,18,12,December,2019,4,Wednesday,9,9:00am-9:59am,56,56,0,This section IS NOT on the NHS,2,Urban,4,Minor Arterial,4,City or Municipal Highway Agency,6,Local Street - Municipality,8TH AVE,52ND ST,99999,Unknown,40.63993333,40.63993333,-74.004802780,-74.004802780,0,No Special Jurisdiction,8,Pedestrian,0,The First Harmful Event was Not a Collision with a Motor Vehicle in Transport,0,No,3,Intersection-Related,2,Four-Way Intersection,0,None,,,1,On Roadway,1,Daylight,1,Clear,0,No Additional Atmospheric Conditions,1,Clear,0,No,0000000,Not Applicable,9,9:00am-9:59am,57,57,10,10:00am-10:59am,6,6,10,10:00am-10:59am,16,16,0,None,0,None,0,None,1,0
2019,36,360826,New York,2,2,0,0,0,2,2,113,WARREN (113),5068,QUEENSBURY,17,17,7,July,2019,4,Wednesday,3,3:00am-3:59am,31,31,1,This section IS ON the NHS,2,Urban,1,Interstate,1,State Highway Agency,1,Interstate,I-87,,0,None,43.29551389,43.29551389,-73.679494440,-73.679494440,0,No Special Jurisdiction,12,Motor Vehicle In-Transport,11,Other,1,Yes,18,Through Roadway,1,Not an Intersection,0,None,,,1,On Roadway,2,Dark - Not Lighted,10,Cloudy,0,No Additional Atmospheric Conditions,10,Cloudy,0,No,0000000,Not Applicable,3,3:00am-3:59am,30,30,99,Unknown EMS Scene Arrival Hour,99,Unknown EMS Scene Arrival Minutes,88,Not Applicable (Not Transported),88,Not Applicable (Not Transported),23,Indication of a Stalled/Disabled Vehicle,0,None,0,None,1,0
2019,36,360827,New York,2,2,0,0,0,2,2,103,SUFFOLK (103),705,BROOKHAVEN,14,14,10,October,2019,2,Monday,9,9:00am-9:59am,48,48,1,This section IS ON the NHS,2,Urban,3,Principal Arterial - Other,1,State Highway Agency,3,State Highway,SR-25A,,0,None,40.94381944,40.94381944,-72.855566670,-72.855566670,0,No Special Jurisdiction,12,Motor Vehicle In-Transport,6,Angle,0,No,8,Driveway Access Related,1,Not an Intersection,0,None,,,1,On Roadway,1,Daylight,1,Clear,0,No Additional Atmospheric Conditions,1,Clear,0,No,0000000,Not Applicable,99,Unknown,99,Unknown,99,Unknown EMS Scene Arrival Hour,99,Unknown EMS Scene Arrival Minutes,99,Unknown,99,Unknown EMS Hospital Arrival Time,0,None,0,None,0,None,1,0
2019,36,360828,New York,2,2,0,0,0,3,3,103,SUFFOLK (103),2920,ISLIP,24,24,10,October,2019,5,Thursday,13,1:00pm-1:59pm,40,40,0,This section IS NOT on the NHS,2,Urban,4,Minor Arterial,1,State Highway Agency,3,State Highway,SR-27A W MAIN ST,CARLETON AVE,0,None,40.73114167,40.73114167,-73.190838890,-73.190838890,0,No Special Jurisdiction,12,Motor Vehicle In-Transport,2,Front-to-Front,0,No,2,Intersection,2,Four-Way Intersection,0,None,,,1,On Roadway,1,Daylight,1,Clear,0,No Additional Atmospheric Conditions,1,Clear,0,No,0000000,Not Applicable,99,Unknown,99,Unknown,99,Unknown EMS Scene Arrival Hour,99,Unknown EMS Scene Arrival Minutes,99,Unknown,99,Unknown EMS Hospital Arrival Time,0,None,0,None,0,None,1,0
2019,36,360829,New York,1,1,0,1,1,2,2,103,SUFFOLK (103),705,BROOKHAVEN,2,2,11,November,2019,7,Saturday,22,10:00pm-10:59pm,18,18,0,This section IS NOT on the NHS,2,Urban,4,Minor Arterial,2,County Highway Agency,4,County Road,CR-16 HORSEBLOCK RD,WAVERLY AVE,0,None,40.83594444,40.83594444,-73.048241670,-73.048241670,0,No Special Jurisdiction,8,Pedestrian,0,The First Harmful Event was Not a Collision with a Motor Vehicle in Transport,0,No,3,Intersection-Related,2,Four-Way Intersection,0,None,,,1,On Roadway,3,Dark - Lighted,10,Cloudy,0,No Additional Atmospheric Conditions,10,Cloudy,0,No,0000000,Not Applicable,99,Unknown,99,Unknown,99,Unknown EMS Scene Arrival Hour,99,Unknown EMS Scene Arrival Minutes,99,Unknown,99,Unknown EMS Hospital Arrival Time,0,None,0,None,0,None,1,0
2019,36,360830,New York,1,1,0,1,1,1,1,103,SUFFOLK (103),360,BABYLON,5,5,11,November,2019,3,Tuesday,17,5:00pm-5:59pm,22,22,0,This section IS NOT on the NHS,2,Urban,4,Minor Arterial,2,County Highway Agency,8,Other,OAK ST,,0,None,40.68004444,40.68004444,-73.398794440,-73.398794440,0,No Special Jurisdiction,8,Pedestrian,0,The First Harmful Event was Not a Collision with a Motor Vehicle in Transport,0,No,1,Non-Junction,1,Not an Intersection,0,None,,,1,On Roadway,3,Dark - Lighted,10,Cloudy,0,No Additional Atmospheric Conditions,10,Cloudy,0,No,0000000,Not Applicable,99,Unknown,99,Unknown,99,Unknown EMS Scene Arrival Hour,99,Unknown EMS Scene Arrival Minutes,99,Unknown,99,Unknown EMS Hospital Arrival Time,0,None,0,None,0,None,1,0
2019,36,360831,New York,3,2,1,0,0,2,2,103,SUFFOLK (103),360,BABYLON,5,5,11,November,2019,3,Tuesday,11,11:00am-11:59am,10,10,0,This section IS NOT on the NHS,2,Urban,4,Minor Arterial,2,County Highway Agency,8,Other,JOHN ST,,0,None,40.70174722,40.70174722,-73.319013890,-73.319013890,0,No Special Jurisdiction,14,Parked Motor Vehicle,0,The First Harmful Event was Not a Collision with a Motor Vehicle in Transport,0,No,1,Non-Junction,1,Not an Intersection,0,None,,,7,In Parking Lane/Zone,1,Daylight,10,Cloudy,0,No Additional Atmospheric Conditions,10,Cloudy,0,No,0000000,Not Applicable,99,Unknown,99,Unknown,99,Unknown EMS Scene Arrival Hour,99,Unknown EMS Scene Arrival Minutes,99,Unknown,99,Unknown EMS Hospital Arrival Time,0,None,0,None,0,None,1,0
2019,36,360832,New York,2,1,1,1,1,1,1,103,SUFFOLK (103),2920,ISLIP,13,13,11,November,2019,4,Wednesday,5,5:00am-5:59am,20,20,1,This section IS ON the NHS,2,Urban,2,Principal Arterial - Other Freeways and Expressways,1,State Highway Agency,3,State Highway,SR-27 SUNRISE HWY,,0,None,40.76618611,40.76618611,-73.076719440,-73.076719440,0,No Special Jurisdiction,8,Pedestrian,0,The First Harmful Event was Not a Collision with a Motor Vehicle in Transport,0,No,1,Non-Junction,1,Not an Intersection,0,None,,,2,On Shoulder,2,Dark - Not Lighted,1,Clear,0,No Additional Atmospheric Conditions,1,Clear,0,No,0000000,Not Applicable,5,5:00am-5:59am,23,23,5,5:00am-5:59am,35,35,5,5:00am-5:59am,53,53,23,Indication of a Stalled/Disabled Vehicle,0,None,0,None,1,0
2019,36,360833,New York,4,4,0,0,0,4,4,103,SUFFOLK (103),705,BROOKHAVEN,21,21,11,November,2019,5,Thursday,8,8:00am-8:59am,30,30,1,This section IS ON the NHS,2,Urban,3,Principal Arterial - Other,1,State Highway Agency,3,State Highway,SR-25 MIDDLE COUNTRY RD,DARE RD,0,None,40.86642778,40.86642778,-73.036083330,-73.036083330,0,No Special Jurisdiction,12,Motor Vehicle In-Transport,2,Front-to-Front,0,No,2,Intersection,2,Four-Way Intersection,0,None,,,1,On Roadway,1,Daylight,1,Clear,0,No Additional Atmospheric Conditions,1,Clear,0,No,0000000,Not Applicable,99,Unknown,99,Unknown,99,Unknown EMS Scene Arrival Hour,99,Unknown EMS Scene Arrival Minutes,99,Unknown,99,Unknown EMS Hospital Arrival Time,14,"Motor Vehicle struck by falling cargo,or something that came loose from or something that was set in motion by a vehicle",0,None,0,None,1,0
2019,36,360834,New York,1,1,0,1,1,2,2,67,ONONDAGA (67),380,BALDWINSVILLE,18,18,11,November,2019,2,Monday,7,7:00am-7:59am,10,10,0,This section IS NOT on the NHS,2,Urban,7,Local,4,City or Municipal Highway Agency,6,Local Street - Municipality,ASPEN SPRINGS DR,,99999,Unknown,43.16143889,43.16143889,-76.312544440,-76.312544440,0,No Special Jurisdiction,8,Pedestrian,0,The First Harmful Event was Not a Collision with a Motor Vehicle in Transport,0,No,1,Non-Junction,1,Not an Intersection,0,None,,,1,On Roadway,1,Daylight,10,Cloudy,0,No Additional Atmospheric Conditions,10,Cloudy,0,No,0000000,Not Applicable,7,7:00am-7:59am,10,10,7,7:00am-7:59am,13,13,88,Not Applicable (Not Transported),88,Not Applicable (Not Transported),0,None,0,None,0,None,1,0
2019,36,360835,New York,1,1,0,1,1,2,2,81,QUEENS (81),4170,MIDDLE VILLAGE,18,18,12,December,2019,4,Wednesday,8,8:00am-8:59am,35,35,0,This section IS NOT on the NHS,2,Urban,4,Minor Arterial,4,City or Municipal Highway Agency,8,Other,SANFORD AVE,,0,None,40.75645556,40.75645556,-73.829272220,-73.829272220,0,No Special Jurisdiction,8,Pedestrian,0,The First Harmful Event was Not a Collision with a Motor Vehicle in Transport,0,No,4,Driveway Access,1,Not an Intersection,0,None,,,1,On Roadway,1,Daylight,1,Clear,0,No Additional Atmospheric Conditions,1,Clear,0,No,0000000,Not Applicable,99,Unknown,99,Unknown,99,Unknown EMS Scene Arrival Hour,99,Unknown EMS Scene Arrival Minutes,99,Unknown,99,Unknown EMS Hospital Arrival Time,0,None,0,None,0,None,1,0
2019,36,360836,New York,2,2,0,0,0,3,3,31,ESSEX (31),3110,LAKE PLACID,18,18,12,December,2019,4,Wednesday,13,1:00pm-1:59pm,49,49,0,This section IS NOT on the NHS,1,Rural,4,Minor Arterial,1,State Highway Agency,3,State Highway,SR-86,,99999,Unknown,44.27909444,44.27909444,-73.975105560,-73.975105560,0,No Special Jurisdiction,12,Motor Vehicle In-Transport,6,Angle,0,No,1,Non-Junction,1,Not an Intersection,0,None,,,1,On Roadway,1,Daylight,4,Snow,0,No Additional Atmospheric Conditions,4,Snow,0,No,0000000,Not Applicable,13,1:00pm-1:59pm,51,51,13,1:00pm-1:59pm,58,58,17,5:00pm-5:59pm,50,50,0,None,0,None,0,None,1,0
2019,36,360837,New York,1,1,0,1,1,1,1,47,KINGS (47),4170,NEW YORK CITY,19,19,12,December,2019,5,Thursday,15,3:00pm-3:59pm,33,33,0,This section IS NOT on the NHS,2,Urban,7,Local,4,City or Municipal Highway Agency,6,Local Street - Municipality,3RD AVE,38TH ST,0,None,40.65442500,40.65442500,-74.007841670,-74.007841670,0,No Special Jurisdiction,8,Pedestrian,0,The First Harmful Event was Not a Collision with a Motor Vehicle in Transport,0,No,3,Intersection-Related,2,Four-Way Intersection,0,None,,,1,On Roadway,1,Daylight,1,Clear,0,No Additional Atmospheric Conditions,1,Clear,0,No,0000000,Not Applicable,99,Unknown,99,Unknown,99,Unknown EMS Scene Arrival Hour,99,Unknown EMS Scene Arrival Minutes,99,Unknown,99,Unknown EMS Hospital Arrival Time,0,None,0,None,0,None,1,0
2019,36,360838,New York,2,2,0,0,0,3,3,111,ULSTER (111),3060,KINGSTON,19,19,12,December,2019,5,Thursday,7,7:00am-7:59am,49,49,0,This section IS NOT on the NHS,2,Urban,4,Minor Arterial,1,State Highway Agency,2,U.S. Highway,US-9W,GRANT AVE,99999,Unknown,41.97995833,41.97995833,-73.989211110,-73.989211110,0,No Special Jurisdiction,12,Motor Vehicle In-Transport,2,Front-to-Front,0,No,2,Intersection,2,Four-Way Intersection,0,None,,,1,On Roadway,1,Daylight,1,Clear,0,No Additional Atmospheric Conditions,1,Clear,0,No,0000000,Not Applicable,7,7:00am-7:59am,49,49,7,7:00am-7:59am,55,55,8,8:00am-8:59am,56,56,0,None,0,None,0,None,1,0
2019,36,360839,New York,1,1,0,1,1,1,1,61,NEW YORK (61),4170,NEW YORK,19,19,12,December,2019,5,Thursday,16,4:00pm-4:59pm,57,57,1,This section IS ON the NHS,2,Urban,3,Principal Arterial - Other,1,State Highway Agency,8,Other,BROADWAY,HOWARD ST,0,None,40.71990556,40.71990556,-74.001438890,-74.001438890,0,No Special Jurisdiction,8,Pedestrian,0,The First Harmful Event was Not a Collision with a Motor Vehicle in Transport,0,No,3,Intersection-Related,2,Four-Way Intersection,0,None,,,1,On Roadway,1,Daylight,1,Clear,0,No Additional Atmospheric Conditions,1,Clear,0,No,0000000,Not Applicable,99,Unknown,99,Unknown,99,Unknown EMS Scene Arrival Hour,99,Unknown EMS Scene Arrival Minutes,88,Not Applicable (Not Transported),88,Not Applicable (Not Transported),0,None,0,None,0,None,1,0
2019,36,360840,New York,3,3,0,1,1,3,3,47,KINGS (47),4170,NEW YORK CITY,20,20,12,December,2019,6,Friday,6,6:00am-6:59am,9,9,1,This section IS ON the NHS,2,Urban,3,Principal Arterial - Other,4,City or Municipal Highway Agency,6,Local Street - Municipality,3RD AVE,7TH ST,99999,Unknown,40.67263056,40.67263056,-73.990088890,-73.990088890,0,No Special Jurisdiction,8,Pedestrian,0,The First Harmful Event was Not a Collision with a Motor Vehicle in Transport,0,No,3,Intersection-Related,2,Four-Way Intersection,0,None,,,1,On Roadway,4,Dawn,1,Clear,0,No Additional Atmospheric Conditions,1,Clear,0,No,0000000,Not Applicable,6,6:00am-6:59am,9,9,6,6:00am-6:59am,15,15,6,6:00am-6:59am,20,20,0,None,0,None,0,None,1,0
2019,36,360841,New York,1,1,0,1,1,1,1,61,NEW YORK (61),4170,NEW YORK,20,20,12,December,2019,6,Friday,4,4:00am-4:59am,45,45,1,This section IS ON the NHS,2,Urban,3,Principal Arterial - Other,4,City or Municipal Highway Agency,6,Local Street - Municipality,10TH AVE,W 49TH ST,0,None,40.76408611,40.76408611,-73.992283330,-73.992283330,0,No Special Jurisdiction,8,Pedestrian,0,The First Harmful Event was Not a Collision with a Motor Vehicle in Transport,0,No,3,Intersection-Related,2,Four-Way Intersection,0,None,,,1,On Roadway,3,Dark - Lighted,1,Clear,0,No Additional Atmospheric Conditions,1,Clear,0,No,0000000,Not Applicable,99,Unknown,99,Unknown,99,Unknown EMS Scene Arrival Hour,99,Unknown EMS Scene Arrival Minutes,88,Not Applicable (Not Transported),88,Not Applicable (Not Transported),0,None,0,None,0,None,1,0
2019,36,360842,New York,1,1,0,1,1,1,1,63,NIAGARA (63),4210,NIAGARA FALLS,20,20,12,December,2019,6,Friday,21,9:00pm-9:59pm,50,50,0,This section IS NOT on the NHS,2,Urban,4,Minor Arterial,4,City or Municipal Highway Agency,6,Local Street - Municipality,LOCKPORT RD,,99999,Unknown,43.11845833,43.11845833,-79.009522220,-79.009522220,0,No Special Jurisdiction,8,Pedestrian,0,The First Harmful Event was Not a Collision with a Motor Vehicle in Transport,0,No,1,Non-Junction,1,Not an Intersection,0,None,,,1,On Roadway,3,Dark - Lighted,10,Cloudy,0,No Additional Atmospheric Conditions,10,Cloudy,0,No,0000000,Not Applicable,8,8:00am-8:59am,1,1,8,8:00am-8:59am,2,2,88,Not Applicable (Not Transported),88,Not Applicable (Not Transported),18,Date of Crash and Date of EMS Notification were not the same day,0,None,0,None,1,0
2019,36,360843,New York,1,1,0,0,0,1,1,51,LIVINGSTON (51),780,CALEDONIA,20,20,12,December,2019,6,Friday,10,10:00am-10:59am,7,7,1,This section IS ON the NHS,1,Rural,3,Principal Arterial - Other,1,State Highway Agency,2,U.S. Highway,US-20 TELEPHONE RD,,0,None,42.91509444,42.91509444,-77.858355560,-77.858355560,0,No Special Jurisdiction,42,Tree (Standing Only),0,The First Harmful Event was Not a Collision with a Motor Vehicle in Transport,0,No,1,Non-Junction,1,Not an Intersection,0,None,,,4,On Roadside,1,Daylight,10,Cloudy,0,No Additional Atmospheric Conditions,10,Cloudy,0,No,0000000,Not Applicable,10,10:00am-10:59am,7,7,10,10:00am-10:59am,12,12,88,Not Applicable (Not Transported),88,Not Applicable (Not Transported),0,None,0,None,0,None,1,0
2019,36,360844,New York,4,1,3,0,2,1,3,103,SUFFOLK (103),360,BABYLON,26,26,11,November,2019,3,Tuesday,17,5:00pm-5:59pm,15,15,0,This section IS NOT on the NHS,2,Urban,4,Minor Arterial,2,County Highway Agency,4,County Road,CR-47 GREAT NECK RD,,99999,Unknown,40.67059444,40.67059444,-73.393891670,-73.393891670,0,No Special Jurisdiction,14,Parked Motor Vehicle,0,The First Harmful Event was Not a Collision with a Motor Vehicle in Transport,0,No,1,Non-Junction,1,Not an Intersection,0,None,,,7,In Parking Lane/Zone,3,Dark - Lighted,1,Clear,0,No Additional Atmospheric Conditions,1,Clear,0,No,0000000,Not Applicable,99,Unknown,99,Unknown,99,Unknown EMS Scene Arrival Hour,99,Unknown EMS Scene Arrival Minutes,99,Unknown,99,Unknown EMS Hospital Arrival Time,0,None,0,None,0,None,1,0
2019,36,360845,New York,2,2,0,1,1,2,2,103,SUFFOLK (103),2840,HUNTINGTON,20,20,12,December,2019,6,Friday,18,6:00pm-6:59pm,52,52,1,This section IS ON the NHS,2,Urban,3,Principal Arterial - Other,1,State Highway Agency,3,State Highway,SR-110 WALT WHITMAN RD,SR-25 JERICHO TPK,0,None,40.82840000,40.82840000,-73.411433330,-73.411433330,0,No Special Jurisdiction,9,Pedalcyclist,0,The First Harmful Event was Not a Collision with a Motor Vehicle in Transport,0,No,2,Intersection,2,Four-Way Intersection,0,None,,,1,On Roadway,3,Dark - Lighted,1,Clear,0,No Additional Atmospheric Conditions,1,Clear,0,No,0000000,Not Applicable,18,6:00pm-6:59pm,53,53,18,6:00pm-6:59pm,57,57,19,7:00pm-7:59pm,21,21,14,"Motor Vehicle struck by falling cargo,or something that came loose from or something that was set in motion by a vehicle",0,None,0,None,1,0
2019,36,360846,New York,2,2,0,0,0,6,6,103,SUFFOLK (103),4670,PATCHOGUE,14,14,12,December,2019,7,Saturday,19,7:00pm-7:59pm,5,5,1,This section IS ON the NHS,2,Urban,3,Principal Arterial - Other,2,County Highway Agency,8,Other,CR-83 N OCEAN AVE,,99999,Unknown,40.78814722,40.78814722,-73.016519440,-73.016519440,0,No Special Jurisdiction,12,Motor Vehicle In-Transport,6,Angle,0,No,1,Non-Junction,1,Not an Intersection,0,None,,,1,On Roadway,3,Dark - Lighted,1,Clear,0,No Additional Atmospheric Conditions,1,Clear,0,No,0000000,Not Applicable,99,Unknown,99,Unknown,99,Unknown EMS Scene Arrival Hour,99,Unknown EMS Scene Arrival Minutes,99,Unknown,99,Unknown EMS Hospital Arrival Time,0,None,0,None,0,None,1,0
2019,36,360847,New York,2,2,0,0,0,2,2,63,NIAGARA (63),4210,NIAGARA FALLS,23,23,12,December,2019,2,Monday,21,9:00pm-9:59pm,33,33,1,This section IS ON the NHS,2,Urban,3,Principal Arterial - Other,1,State Highway Agency,2,U.S. Highway,US-62 NIAGARA FALLS BLVD,,99998,Not Reported,43.09007500,43.09007500,-78.993852780,-78.993852780,0,No Special Jurisdiction,12,Motor Vehicle In-Transport,2,Front-to-Front,0,No,1,Non-Junction,1,Not an Intersection,0,None,,,1,On Roadway,3,Dark - Lighted,10,Cloudy,0,No Additional Atmospheric Conditions,10,Cloudy,0,No,0000000,Not Applicable,21,9:00pm-9:59pm,36,36,21,9:00pm-9:59pm,39,39,22,10:00pm-10:59pm,39,39,0,None,0,None,0,None,1,1
2019,36,360848,New York,2,2,0,0,0,6,6,65,ONEIDA (65),1220,CLINTON,22,22,12,December,2019,1,Sunday,18,6:00pm-6:59pm,58,58,0,This section IS NOT on the NHS,1,Rural,4,Minor Arterial,1,State Highway Agency,3,State Highway,SR-12B,,99998,Not Reported,43.02663611,43.02663611,-75.416155560,-75.416155560,0,No Special Jurisdiction,12,Motor Vehicle In-Transport,2,Front-to-Front,0,No,1,Non-Junction,1,Not an Intersection,0,None,,,1,On Roadway,2,Dark - Not Lighted,1,Clear,0,No Additional Atmospheric Conditions,1,Clear,0,No,0000000,Not Applicable,18,6:00pm-6:59pm,59,59,19,7:00pm-7:59pm,5,5,99,Unknown,99,Unknown EMS Hospital Arrival Time,0,None,0,None,0,None,1,1
2019,36,360849,New York,1,1,0,1,1,1,1,87,ROCKLAND (87),5980,STONY POINT,24,24,12,December,2019,3,Tuesday,21,9:00pm-9:59pm,45,45,1,This section IS ON the NHS,2,Urban,3,Principal Arterial - Other,1,State Highway Agency,2,U.S. Highway,US-9W S LIBERTY DR,FILORS LN,0,None,41.21822222,41.21822222,-73.986430560,-73.986430560,0,No Special Jurisdiction,8,Pedestrian,0,The First Harmful Event was Not a Collision with a Motor Vehicle in Transport,0,No,3,Intersection-Related,3,T-Intersection,0,None,,,1,On Roadway,3,Dark - Lighted,1,Clear,0,No Additional Atmospheric Conditions,1,Clear,0,No,0000000,Not Applicable,21,9:00pm-9:59pm,47,47,21,9:00pm-9:59pm,49,49,99,Unknown,99,Unknown EMS Hospital Arrival Time,0,None,0,None,0,None,1,0
2019,36,360850,New York,1,1,0,0,0,2,2,103,SUFFOLK (103),5255,ROCKY POINT,23,23,12,December,2019,2,Monday,22,10:00pm-10:59pm,4,4,0,This section IS NOT on the NHS,2,Urban,7,Local,3,Town or Township Highway Agency,5,Local Street - Township,N COUNTRY RD,,99998,Not Reported,40.94755556,40.94755556,-72.908797220,-72.908797220,0,No Special Jurisdiction,42,Tree (Standing Only),0,The First Harmful Event was Not a Collision with a Motor Vehicle in Transport,1,Yes,5,Entrance/Exit Ramp Related,1,Not an Intersection,0,None,,,5,Outside Trafficway,3,Dark - Lighted,1,Clear,0,No Additional Atmospheric Conditions,1,Clear,0,No,0000000,Not Applicable,99,Unknown,99,Unknown,99,Unknown EMS Scene Arrival Hour,99,Unknown EMS Scene Arrival Minutes,99,Unknown,99,Unknown EMS Hospital Arrival Time,0,None,0,None,0,None,1,0
2019,36,360851,New York,1,1,0,1,1,1,1,81,QUEENS (81),4170,MIDDLE VILLAGE,25,25,12,December,2019,4,Wednesday,21,9:00pm-9:59pm,28,28,1,This section IS ON the NHS,2,Urban,3,Principal Arterial - Other,4,City or Municipal Highway Agency,6,Local Street - Municipality,ROCKAWAY BLVD,,99998,Not Reported,40.67706667,40.67706667,-73.824850000,-73.824850000,0,No Special Jurisdiction,8,Pedestrian,0,The First Harmful Event was Not a Collision with a Motor Vehicle in Transport,0,No,1,Non-Junction,1,Not an Intersection,0,None,,,1,On Roadway,3,Dark - Lighted,10,Cloudy,0,No Additional Atmospheric Conditions,10,Cloudy,0,No,0000000,Not Applicable,99,Unknown,99,Unknown,99,Unknown EMS Scene Arrival Hour,99,Unknown EMS Scene Arrival Minutes,99,Unknown,99,Unknown EMS Hospital Arrival Time,0,None,0,None,0,None,1,0