caseyear,state,st_case,statename,ve_total,ve_forms,pvh_invl,peds,pernotmvit,permvit,persons,county,countyname,city,cityname,day,dayname,month,monthname,year,day_week,day_weekname,hour,hourname,minute,minutename,nhs,nhsname,rur_urb,rur_urbname,func_sys,func_sysname,rd_owner,rd_ownername,route,routename,tway_id,tway_id2,milept,mileptname,latitude,latitudename,longitud,longitudname,sp_jur,sp_jurname,harm_ev,harm_evname,man_coll,man_collname,reljct1,reljct1name,reljct2,reljct2name,typ_int,typ_intname,wrk_zone,wrk_zonename,road_fnc,road_fncname,rel_road,rel_roadname,lgt_cond,lgt_condname,weather1,weather1name,weather2,weather2name,weather,weathername,sch_bus,sch_busname,rail,railname,not_hour,not_hourname,not_min,not_minname,arr_hour,arr_hourname,arr_min,arr_minname,hosp_hr,hosp_hrname,hosp_mn,hosp_mnname,cf1,cf1name,cf2,cf2name,cf3,cf3name,fatals,drunk_dr
2020,36,360011,New York,1,1,0,0,0,1,1,55,MONROE (55),2898,IRONDEQUOIT,4,4,1,January,2020,7,Saturday,1,1:00am-1:59am,45,45,0,This section IS NOT on the NHS,2,Urban,7,Local,3,Town or Township Highway Agency,5,Local Street - Township,ST PAUL BLVD,,99998,Not Reported,43.22231944,43.22231944,-77.600758330,-77.600758330,0,No Special Jurisdiction,42,Tree (Standing Only),0,The First Harmful Event was Not a Collision with a Motor Vehicle in Transport,0,No,1,Non-Junction,1,Not an Intersection,0,None,,,4,On Roadside,3,Dark - Lighted,,,,,10,Cloudy,0,No,0000000,Not Applicable,1,1:00am-1:59am,47,47,1,1:00am-1:59am,50,50,88,"Not Applicable (Not Transported) ",88,Not Applicable (Not Transported),,,,,,,1,1
2020,36,360012,New York,2,2,0,0,0,2,2,85,RICHMOND (85),4170,NEW YORK CITY,4,4,1,January,2020,7,Saturday,18,6:00pm-6:59pm,59,59,0,This section IS NOT on the NHS,2,Urban,7,Local,4,City or Municipal Highway Agency,6,Local Street - Municipality,RENSSELAER AVE,CARLTON BLVD,99998,Not Reported,40.54953611,40.54953611,-74.181269440,-74.181269440,0,No Special Jurisdiction,12,Motor Vehicle In-Transport,6,Angle,0,No,2,Intersection,2,Four-Way Intersection,0,None,,,1,On Roadway,3,Dark - Lighted,,,,,2,Rain,0,No,0000000,Not Applicable,99,Unknown,99,Unknown,99,Unknown EMS Scene Arrival Hour,99,Unknown EMS Scene Arrival Minutes,99,Unknown,99,Unknown EMS Hospital Arrival Time,,,,,,,1,0
2020,36,360013,New York,1,1,0,0,0,2,2,33,FRANKLIN (33),2080,FORT COVINGTON,4,4,1,January,2020,7,Saturday,20,8:00pm-8:59pm,0,0,0,This section IS NOT on the NHS,1,Rural,7,Local,2,County Highway Agency,4,County Road,CR-43,,99998,Not Reported,44.98393056,44.98393056,-74.565769440,-74.565769440,0,No Special Jurisdiction,42,Tree (Standing Only),0,The First Harmful Event was Not a Collision with a Motor Vehicle in Transport,0,No,1,Non-Junction,1,Not an Intersection,0,None,,,4,On Roadside,2,Dark - Not Lighted,,,,,4,Snow,0,No,0000000,Not Applicable,20,8:00pm-8:59pm,2,2,20,8:00pm-8:59pm,9,9,99,Unknown,99,Unknown EMS Hospital Arrival Time,,,,,,,1,0
2020,36,360014,New York,2,2,0,0,0,3,3,103,SUFFOLK (103),2840,HUNTINGTON,4,4,1,January,2020,7,Saturday,7,7:00am-7:59am,45,45,0,This section IS NOT on the NHS,2,Urban,4,Minor Arterial,3,Town or Township Highway Agency,5,Local Street - Township,BROADWAY,,99998,Not Reported,40.84790556,40.84790556,-73.366705560,-73.366705560,0,No Special Jurisdiction,12,Motor Vehicle In-Transport,2,Front-to-Front,0,No,1,Non-Junction,1,Not an Intersection,0,None,,,1,On Roadway,1,Daylight,,,,,2,Rain,0,No,0000000,Not Applicable,8,8:00am-8:59am,50,50,8,8:00am-8:59am,54,54,9,9:00am-9:59am,0,0,,,,,,,1,0
2020,36,360015,New York,2,2,0,0,0,6,6,19,CLINTON (19),3000,KEESEVILLE,4,4,1,January,2020,7,Saturday,15,3:00pm-3:59pm,35,35,0,This section IS NOT on the NHS,1,Rural,6,Minor Collector,3,Town or Township Highway Agency,5,Local Street - Township,DRY BRIDGE RD,,99998,Not Reported,44.47735833,44.47735833,-73.596850000,-73.596850000,0,No Special Jurisdiction,12,Motor Vehicle In-Transport,2,Front-to-Front,0,No,1,Non-Junction,1,Not an Intersection,0,None,,,1,On Roadway,1,Daylight,,,,,4,Snow,0,No,0000000,Not Applicable,15,3:00pm-3:59pm,35,35,16,4:00pm-4:59pm,12,12,17,5:00pm-5:59pm,55,55,,,,,,,1,0
2020,36,360017,New York,1,1,0,0,0,1,1,103,SUFFOLK (103),5870,SOUTHOLD,6,6,1,January,2020,2,Monday,22,10:00pm-10:59pm,38,38,1,This section IS ON the NHS,2,Urban,3,Principal Arterial - Other,2,County Highway Agency,4,County Road,CR-48,,99998,Not Reported,41.01510278,41.01510278,-72.511430560,-72.511430560,0,No Special Jurisdiction,42,Tree (Standing Only),0,The First Harmful Event was Not a Collision with a Motor Vehicle in Transport,0,No,1,Non-Junction,1,Not an Intersection,0,None,,,4,On Roadside,3,Dark - Lighted,,,,,1,Clear,0,No,0000000,Not Applicable,22,10:00pm-10:59pm,38,38,22,10:00pm-10:59pm,41,41,88,"Not Applicable (Not Transported) ",88,Not Applicable (Not Transported),,,,,,,1,0
2020,36,360018,New York,1,1,0,0,0,1,1,17,CHENANGO (17),2400,GREENE,6,6,1,January,2020,2,Monday,9,9:00am-9:59am,42,42,1,This section IS ON the NHS,1,Rural,3,Principal Arterial - Other,1,State Highway Agency,3,State Highway,SR-12,,99998,Not Reported,42.28963056,42.28963056,-75.810036110,-75.810036110,0,No Special Jurisdiction,52,Guardrail End,0,The First Harmful Event was Not a Collision with a Motor Vehicle in Transport,0,No,1,Non-Junction,1,Not an Intersection,0,None,,,4,On Roadside,1,Daylight,,,,,10,Cloudy,0,No,0000000,Not Applicable,9,9:00am-9:59am,42,42,9,9:00am-9:59am,52,52,88,"Not Applicable (Not Transported) ",88,Not Applicable (Not Transported),,,,,,,1,0
2020,36,360019,New York,1,1,0,1,1,1,1,47,KINGS (47),4170,NEW YORK CITY,7,7,1,January,2020,3,Tuesday,11,11:00am-11:59am,46,46,0,This section IS NOT on the NHS,2,Urban,4,Minor Arterial,4,City or Municipal Highway Agency,6,Local Street - Municipality,NEW UTRECHT AVE,,99998,Not Reported,40.63638611,40.63638611,-73.994763890,-73.994763890,0,No Special Jurisdiction,8,Pedestrian,0,The First Harmful Event was Not a Collision with a Motor Vehicle in Transport,0,No,1,Non-Junction,1,Not an Intersection,0,None,,,1,On Roadway,1,Daylight,,,,,1,Clear,0,No,0000000,Not Applicable,99,Unknown,99,Unknown,99,Unknown EMS Scene Arrival Hour,99,Unknown EMS Scene Arrival Minutes,88,"Not Applicable (Not Transported) ",88,Not Applicable (Not Transported),,,,,,,1,0
2020,36,360020,New York,1,1,0,2,2,1,1,81,QUEENS (81),4170,MIDDLE VILLAGE,7,7,1,January,2020,3,Tuesday,6,6:00am-6:59am,52,52,0,This section IS NOT on the NHS,2,Urban,5,Major Collector,4,City or Municipal Highway Agency,6,Local Street - Municipality,57TH AVE,,99998,Not Reported,40.73714444,40.73714444,-73.863922220,-73.863922220,0,No Special Jurisdiction,8,Pedestrian,0,The First Harmful Event was Not a Collision with a Motor Vehicle in Transport,0,No,8,Driveway Access Related,1,Not an Intersection,0,None,,,1,On Roadway,4,Dawn,,,,,1,Clear,0,No,0000000,Not Applicable,6,6:00am-6:59am,56,56,7,7:00am-7:59am,5,5,7,7:00am-7:59am,15,15,,,,,,,1,0
2020,36,360021,New York,1,1,0,1,1,1,1,119,WESTCHESTER (119),6040,TARRYTOWN,7,7,1,January,2020,3,Tuesday,18,6:00pm-6:59pm,17,17,1,This section IS ON the NHS,2,Urban,2,Principal Arterial - Other Freeways and Expressways,2,County Highway Agency,4,County Road,CR-BRONX RIVER PKWY,FISHER LN,99998,Not Reported,41.05444722,41.05444722,-73.774688890,-73.774688890,0,No Special Jurisdiction,8,Pedestrian,0,The First Harmful Event was Not a Collision with a Motor Vehicle in Transport,0,No,3,Intersection-Related,2,Four-Way Intersection,0,None,,,1,On Roadway,3,Dark - Lighted,,,,,10,Cloudy,0,No,0000000,Not Applicable,18,6:00pm-6:59pm,17,17,99,Unknown EMS Scene Arrival Hour,99,Unknown EMS Scene Arrival Minutes,88,"Not Applicable (Not Transported) ",88,Not Applicable (Not Transported),,,,,,,1,0
2020,36,360022,New York,1,1,0,1,1,1,1,63,NIAGARA (63),3340,LOCKPORT,8,8,1,January,2020,4,Wednesday,12,12:00pm-12:59pm,29,29,0,This section IS NOT on the NHS,1,Rural,5,Major Collector,1,State Highway Agency,3,State Highway,SR-425 CAMBRIA WILSON RD,,99998,Not Reported,43.18849722,43.18849722,-78.822227780,-78.822227780,0,No Special Jurisdiction,8,Pedestrian,0,The First Harmful Event was Not a Collision with a Motor Vehicle in Transport,0,No,1,Non-Junction,1,Not an Intersection,0,None,,,1,On Roadway,1,Daylight,,,,,10,Cloudy,0,No,0000000,Not Applicable,12,12:00pm-12:59pm,29,29,12,12:00pm-12:59pm,37,37,88,"Not Applicable (Not Transported) ",88,Not Applicable (Not Transported),,,,,,,1,0
2020,36,360023,New York,1,1,0,0,0,4,4,45,JEFFERSON (45),1900,EVANS MILLS,7,7,1,January,2020,3,Tuesday,0,0:00am-0:59am,6,6,0,This section IS NOT on the NHS,1,Rural,5,Major Collector,2,County Highway Agency,4,County Road,CR-18,,99998,Not Reported,44.13841389,44.13841389,-75.814055560,-75.814055560,0,No Special Jurisdiction,59,"Traffic Sign Support ",0,The First Harmful Event was Not a Collision with a Motor Vehicle in Transport,0,No,1,Non-Junction,1,Not an Intersection,0,None,,,4,On Roadside,2,Dark - Not Lighted,,,,,10,Cloudy,0,No,0000000,Not Applicable,0,0:00am-0:59am,6,6,0,0:00am-0:59am,19,19,99,Unknown,99,Unknown EMS Hospital Arrival Time,,,,,,,2,0
2020,36,360024,New York,1,1,0,0,0,2,2,27,DUTCHESS (27),3760,MILLBROOK,8,8,1,January,2020,4,Wednesday,23,11:00pm-11:59pm,21,21,0,This section IS NOT on the NHS,1,Rural,6,Minor Collector,2,County Highway Agency,4,County Road,CR-57 SHUNPIKE,,99998,Not Reported,41.83331111,41.83331111,-73.641830560,-73.641830560,0,No Special Jurisdiction,42,Tree (Standing Only),0,The First Harmful Event was Not a Collision with a Motor Vehicle in Transport,0,No,1,Non-Junction,1,Not an Intersection,0,None,,,4,On Roadside,2,Dark - Not Lighted,,,,,10,Cloudy,0,No,0000000,Not Applicable,23,11:00pm-11:59pm,21,21,2,2:00am-2:59am,26,26,3,3:00am-3:59am,45,45,,,,,,,1,1
2020,36,360026,New York,2,2,0,0,0,4,4,87,ROCKLAND (87),4063,NEW CITY,9,9,1,January,2020,5,Thursday,12,12:00pm-12:59pm,50,50,0,This section IS NOT on the NHS,2,Urban,7,Local,3,Town or Township Highway Agency,5,Local Street - Township,N PALISADES DR,Palisades Dr,99998,Not Reported,41.09994722,41.09994722,-73.956733330,-73.956733330,0,No Special Jurisdiction,12,Motor Vehicle In-Transport,6,Angle,0,No,2,Intersection,3,T-Intersection,0,None,,,1,On Roadway,1,Daylight,,,,,1,Clear,0,No,0000000,Not Applicable,99,Unknown,99,Unknown,99,Unknown EMS Scene Arrival Hour,99,Unknown EMS Scene Arrival Minutes,88,"Not Applicable (Not Transported) ",88,Not Applicable (Not Transported),,,,,,,1,0
2020,36,360027,New York,1,1,0,1,1,1,1,81,QUEENS (81),4170,MIDDLE VILLAGE,10,10,1,January,2020,6,Friday,17,5:00pm-5:59pm,25,25,0,This section IS NOT on the NHS,2,Urban,7,Local,4,City or Municipal Highway Agency,6,Local Street - Municipality,BORDEN AVE,58th Rd,99998,Not Reported,40.72563889,40.72563889,-73.890216670,-73.890216670,0,No Special Jurisdiction,8,Pedestrian,0,The First Harmful Event was Not a Collision with a Motor Vehicle in Transport,0,No,3,Intersection-Related,4,Y-Intersection,0,None,,,1,On Roadway,5,Dusk,,,,,10,Cloudy,0,No,0000000,Not Applicable,99,Unknown,99,Unknown,99,Unknown EMS Scene Arrival Hour,99,Unknown EMS Scene Arrival Minutes,99,Unknown,99,Unknown EMS Hospital Arrival Time,,,,,,,1,0
2020,36,360028,New York,1,1,0,0,0,1,1,107,TIOGA (107),5910,SPENCER,10,10,1,January,2020,6,Friday,20,8:00pm-8:59pm,55,55,0,This section IS NOT on the NHS,1,Rural,7,Local,3,Town or Township Highway Agency,5,Local Street - Township,WASHBURN RD,,99998,Not Reported,42.22577500,42.22577500,-76.510227780,-76.510227780,0,No Special Jurisdiction,43,Other Fixed Object,0,The First Harmful Event was Not a Collision with a Motor Vehicle in Transport,0,No,1,Non-Junction,1,Not an Intersection,0,None,,,4,On Roadside,2,Dark - Not Lighted,,,,,10,Cloudy,0,No,0000000,Not Applicable,20,8:00pm-8:59pm,55,55,21,9:00pm-9:59pm,9,9,21,9:00pm-9:59pm,53,53,,,,,,,1,1
2020,36,360029,New York,1,1,0,1,1,1,1,59,NASSAU (59),2600,HEMPSTEAD,11,11,1,January,2020,7,Saturday,17,5:00pm-5:59pm,43,43,0,This section IS NOT on the NHS,2,Urban,4,Minor Arterial,2,County Highway Agency,4,County Road,CR-26 BELLMORE AVE,N Jerusalem Rd,99998,Not Reported,40.69920833,40.69920833,-73.560352780,-73.560352780,0,No Special Jurisdiction,8,Pedestrian,0,The First Harmful Event was Not a Collision with a Motor Vehicle in Transport,0,No,3,Intersection-Related,2,Four-Way Intersection,0,None,,,1,On Roadway,2,Dark - Not Lighted,,,,,1,Clear,0,No,0000000,Not Applicable,17,5:00pm-5:59pm,45,45,17,5:00pm-5:59pm,50,50,18,6:00pm-6:59pm,0,0,,,,,,,1,0
2020,36,360030,New York,1,1,0,1,1,2,2,5,BRONX (5),4170,NEW YORK CITY,11,11,1,January,2020,7,Saturday,18,6:00pm-6:59pm,34,34,1,This section IS ON the NHS,2,Urban,3,Principal Arterial - Other,4,City or Municipal Highway Agency,6,Local Street - Municipality,E 233RD ST,PAULDING AVE,17,17,40.89060833,40.89060833,-73.848650000,-73.848650000,0,No Special Jurisdiction,8,Pedestrian,0,The First Harmful Event was Not a Collision with a Motor Vehicle in Transport,0,No,3,Intersection-Related,2,Four-Way Intersection,0,None,,,1,On Roadway,3,Dark - Lighted,,,,,10,Cloudy,0,No,0000000,Not Applicable,99,Unknown,99,Unknown,99,Unknown EMS Scene Arrival Hour,99,Unknown EMS Scene Arrival Minutes,99,Unknown,99,Unknown EMS Hospital Arrival Time,,,,,,,1,0
2020,36,360031,New York,2,2,0,0,0,2,2,103,SUFFOLK (103),705,BROOKHAVEN,12,12,1,January,2020,1,Sunday,3,3:00am-3:59am,59,59,1,This section IS ON the NHS,2,Urban,3,Principal Arterial - Other,2,County Highway Agency,4,County Road,CR-46 WILLIAM FLOYD PKWY,,99998,Not Reported,40.83995000,40.83995000,-72.887725000,-72.887725000,0,No Special Jurisdiction,12,Motor Vehicle In-Transport,1,Front-to-Rear,0,No,1,Non-Junction,1,Not an Intersection,0,None,,,1,On Roadway,3,Dark - Lighted,,,,,2,Rain,0,No,0000000,Not Applicable,99,Unknown,99,Unknown,99,Unknown EMS Scene Arrival Hour,99,Unknown EMS Scene Arrival Minutes,99,Unknown,99,Unknown EMS Hospital Arrival Time,,,,,,,1,1
2020,36,360032,New York,1,1,0,1,1,1,1,103,SUFFOLK (103),705,BROOKHAVEN,12,12,1,January,2020,1,Sunday,18,6:00pm-6:59pm,10,10,1,This section IS ON the NHS,2,Urban,3,Principal Arterial - Other,1,State Highway Agency,3,State Highway,SR-25A,,99998,Not Reported,40.94660278,40.94660278,-72.896747220,-72.896747220,0,No Special Jurisdiction,8,Pedestrian,0,The First Harmful Event was Not a Collision with a Motor Vehicle in Transport,0,No,1,Non-Junction,1,Not an Intersection,0,None,,,1,On Roadway,3,Dark - Lighted,,,,,1,Clear,0,No,0000000,Not Applicable,99,Unknown,99,Unknown,99,Unknown EMS Scene Arrival Hour,99,Unknown EMS Scene Arrival Minutes,99,Unknown,99,Unknown EMS Hospital Arrival Time,,,,,,,1,0
2020,36,360033,New York,1,1,0,1,1,1,1,59,NASSAU (59),2600,HEMPSTEAD,12,12,1,January,2020,1,Sunday,17,5:00pm-5:59pm,5,5,0,This section IS NOT on the NHS,2,Urban,4,Minor Arterial,2,County Highway Agency,4,County Road,CR-C55 DALY BLVD,,99998,Not Reported,40.62075000,40.62075000,-73.642608330,-73.642608330,0,No Special Jurisdiction,9,Pedalcyclist,0,The First Harmful Event was Not a Collision with a Motor Vehicle in Transport,0,No,1,Non-Junction,1,Not an Intersection,0,None,,,1,On Roadway,3,Dark - Lighted,,,,,1,Clear,0,No,0000000,Not Applicable,17,5:00pm-5:59pm,8,8,17,5:00pm-5:59pm,10,10,17,5:00pm-5:59pm,24,24,,,,,,,1,0
2020,36,360034,New York,1,1,0,0,0,3,3,37,GENESEE (37),80,ALEXANDER,13,13,1,January,2020,2,Monday,16,4:00pm-4:59pm,21,21,0,This section IS NOT on the NHS,2,Urban,4,Minor Arterial,1,State Highway Agency,3,State Highway,SR-98,,99998,Not Reported,42.90051389,42.90051389,-78.258083330,-78.258083330,0,No Special Jurisdiction,42,Tree (Standing Only),0,The First Harmful Event was Not a Collision with a Motor Vehicle in Transport,0,No,1,Non-Junction,1,Not an Intersection,0,None,,,5,Outside Trafficway,1,Daylight,,,,,10,Cloudy,0,No,0000000,Not Applicable,16,4:00pm-4:59pm,22,22,16,4:00pm-4:59pm,30,30,99,Unknown,99,Unknown EMS Hospital Arrival Time,,,,,,,1,0
2020,36,360035,New York,2,1,1,0,1,1,2,87,ROCKLAND (87),5760,SLOATSBURG,13,13,1,January,2020,2,Monday,7,7:00am-7:59am,10,10,1,This section IS ON the NHS,2,Urban,1,Interstate,1,State Highway Agency,1,Interstate,I-87,,99998,Not Reported,41.15645000,41.15645000,-74.188200000,-74.188200000,0,No Special Jurisdiction,14,Parked Motor Vehicle,0,The First Harmful Event was Not a Collision with a Motor Vehicle in Transport,0,No,1,Non-Junction,1,Not an Intersection,0,None,,,2,On Shoulder,4,Dawn,,,,,1,Clear,0,No,0000000,Not Applicable,7,7:00am-7:59am,27,27,7,7:00am-7:59am,35,35,99,Unknown,99,Unknown EMS Hospital Arrival Time,,,,,,,1,0
2020,36,360036,New York,3,2,1,0,0,3,3,55,MONROE (55),1174,CLARKSON,14,14,1,January,2020,3,Tuesday,17,5:00pm-5:59pm,4,4,0,This section IS NOT on the NHS,1,Rural,5,Major Collector,2,County Highway Agency,4,County Road,CR-236 REDMAN RD,,99998,Not Reported,43.27273611,43.27273611,-77.966177780,-77.966177780,0,No Special Jurisdiction,14,Parked Motor Vehicle,0,The First Harmful Event was Not a Collision with a Motor Vehicle in Transport,0,No,1,Non-Junction,1,Not an Intersection,0,None,,,2,On Shoulder,5,Dusk,,,,,10,Cloudy,0,No,0000000,Not Applicable,17,5:00pm-5:59pm,4,4,17,5:00pm-5:59pm,11,11,17,5:00pm-5:59pm,54,54,,,,,,,1,0
2020,36,360037,New York,1,1,0,1,1,2,2,47,KINGS (47),4170,NEW YORK CITY,14,14,1,January,2020,3,Tuesday,21,9:00pm-9:59pm,26,26,0,This section IS NOT on the NHS,2,Urban,4,Minor Arterial,4,City or Municipal Highway Agency,6,Local Street - Municipality,13TH AVE,53rd St,99998,Not Reported,40.63277778,40.63277778,-73.994472220,-73.994472220,0,No Special Jurisdiction,8,Pedestrian,0,The First Harmful Event was Not a Collision with a Motor Vehicle in Transport,0,No,3,Intersection-Related,2,Four-Way Intersection,0,None,,,1,On Roadway,3,Dark - Lighted,,,,,2,Rain,0,No,0000000,Not Applicable,99,Unknown,99,Unknown,99,Unknown EMS Scene Arrival Hour,99,Unknown EMS Scene Arrival Minutes,99,Unknown,99,Unknown EMS Hospital Arrival Time,,,,,,,1,0
2020,36,360038,New York,3,3,0,0,0,3,3,17,CHENANGO (17),4590,OXFORD,15,15,1,January,2020,4,Wednesday,7,7:00am-7:59am,0,0,1,This section IS ON the NHS,1,Rural,3,Principal Arterial - Other,1,State Highway Agency,3,State Highway,SR-12,S OXFORD BRIDGE RD,99998,Not Reported,42.40117500,42.40117500,-75.634108330,-75.634108330,0,No Special Jurisdiction,12,Motor Vehicle In-Transport,1,Front-to-Rear,0,No,3,Intersection-Related,3,T-Intersection,0,None,,,1,On Roadway,1,Daylight,,,,,10,Cloudy,0,No,0000000,Not Applicable,7,7:00am-7:59am,0,0,7,7:00am-7:59am,13,13,99,Unknown,99,Unknown EMS Hospital Arrival Time,,,,,,,1,0
2020,36,360039,New York,1,1,0,1,1,1,1,47,KINGS (47),4170,NEW YORK CITY,15,15,1,January,2020,4,Wednesday,10,10:00am-10:59am,31,31,1,This section IS ON the NHS,2,Urban,3,Principal Arterial - Other,4,City or Municipal Highway Agency,6,Local Street - Municipality,LAFAYETTE AVE,ST JAMES PL,99998,Not Reported,40.68833889,40.68833889,-73.964713890,-73.964713890,0,No Special Jurisdiction,8,Pedestrian,0,The First Harmful Event was Not a Collision with a Motor Vehicle in Transport,0,No,3,Intersection-Related,2,Four-Way Intersection,0,None,,,1,On Roadway,1,Daylight,,,,,1,Clear,0,No,0000000,Not Applicable,10,10:00am-10:59am,32,32,10,10:00am-10:59am,37,37,10,10:00am-10:59am,47,47,,,,,,,1,0
2020,36,360040,New York,2,2,0,0,0,2,2,13,CHAUTAUQUA (13),5730,SINCLAIRVILLE,15,15,1,January,2020,4,Wednesday,21,9:00pm-9:59pm,40,40,0,This section IS NOT on the NHS,1,Rural,6,Minor Collector,2,County Highway Agency,4,County Road,CR-77 CHARLOTTE CENTER RD,,99998,Not Reported,42.29925000,42.29925000,-79.237911110,-79.237911110,0,No Special Jurisdiction,12,Motor Vehicle In-Transport,1,Front-to-Rear,0,No,1,Non-Junction,1,Not an Intersection,0,None,,,1,On Roadway,2,Dark - Not Lighted,,,,,2,Rain,0,No,0000000,Not Applicable,21,9:00pm-9:59pm,40,40,21,9:00pm-9:59pm,49,49,99,Unknown,99,Unknown EMS Hospital Arrival Time,,,,,,,1,0
2020,36,360041,New York,2,2,0,0,0,3,3,49,LEWIS (49),2560,HARRISVILLE,16,16,1,January,2020,5,Thursday,16,4:00pm-4:59pm,40,40,1,This section IS ON the NHS,1,Rural,3,Principal Arterial - Other,1,State Highway Agency,3,State Highway,SR-3,,99998,Not Reported,44.13188333,44.13188333,-75.353033330,-75.353033330,0,No Special Jurisdiction,12,Motor Vehicle In-Transport,2,Front-to-Front,0,No,1,Non-Junction,1,Not an Intersection,0,None,,,1,On Roadway,1,Daylight,,,,,10,Cloudy,0,No,0000000,Not Applicable,16,4:00pm-4:59pm,31,31,16,4:00pm-4:59pm,40,40,99,Unknown,99,Unknown EMS Hospital Arrival Time,,,,,,,1,0
2020,36,360042,New York,1,1,0,1,1,1,1,47,KINGS (47),4170,NEW YORK CITY,16,16,1,January,2020,5,Thursday,4,4:00am-4:59am,6,6,1,This section IS ON the NHS,2,Urban,3,Principal Arterial - Other,4,City or Municipal Highway Agency,6,Local Street - Municipality,86TH ST,,99998,Not Reported,40.60199167,40.60199167,-73.994013890,-73.994013890,0,No Special Jurisdiction,8,Pedestrian,0,The First Harmful Event was Not a Collision with a Motor Vehicle in Transport,0,No,1,Non-Junction,1,Not an Intersection,0,None,,,1,On Roadway,3,Dark - Lighted,,,,,2,Rain,0,No,0000000,Not Applicable,4,4:00am-4:59am,6,6,99,Unknown EMS Scene Arrival Hour,99,Unknown EMS Scene Arrival Minutes,88,"Not Applicable (Not Transported) ",88,Not Applicable (Not Transported),,,,,,,1,0
2020,36,360043,New York,1,1,0,0,0,2,2,47,KINGS (47),4170,NEW YORK CITY,16,16,1,January,2020,5,Thursday,9,9:00am-9:59am,4,4,1,This section IS ON the NHS,2,Urban,3,Principal Arterial - Other,4,City or Municipal Highway Agency,6,Local Street - Municipality,FLATBUSH AVE,Flatlands Ave,99998,Not Reported,40.62110556,40.62110556,-73.935380560,-73.935380560,0,No Special Jurisdiction,5,Fell/Jumped from Vehicle,0,The First Harmful Event was Not a Collision with a Motor Vehicle in Transport,0,No,2,Intersection,2,Four-Way Intersection,0,None,,,1,On Roadway,1,Daylight,,,,,1,Clear,0,No,0000000,Not Applicable,9,9:00am-9:59am,6,6,9,9:00am-9:59am,7,7,88,"Not Applicable (Not Transported) ",88,Not Applicable (Not Transported),,,,,,,1,0
2020,36,360044,New York,1,1,0,0,0,5,5,15,CHEMUNG (15),1884,ERIN,17,17,1,January,2020,6,Friday,20,8:00pm-8:59pm,21,21,0,This section IS NOT on the NHS,1,Rural,7,Local,3,Town or Township Highway Agency,5,Local Street - Township,LANGDON HILL RD,,99998,Not Reported,42.16773056,42.16773056,-76.700633330,-76.700633330,0,No Special Jurisdiction,42,Tree (Standing Only),0,The First Harmful Event was Not a Collision with a Motor Vehicle in Transport,0,No,1,Non-Junction,1,Not an Intersection,0,None,,,5,Outside Trafficway,2,Dark - Not Lighted,,,,,1,Clear,0,No,0000000,Not Applicable,20,8:00pm-8:59pm,24,24,20,8:00pm-8:59pm,29,29,23,11:00pm-11:59pm,10,10,,,,,,,1,0
2020,36,360045,New York,1,1,0,1,1,1,1,55,MONROE (55),652,BRIGHTON,17,17,1,January,2020,6,Friday,15,3:00pm-3:59pm,45,45,0,This section IS NOT on the NHS,2,Urban,7,Local,3,Town or Township Highway Agency,5,Local Street - Township,CHALET CIR,,0,None,43.10092500,43.10092500,-77.562347220,-77.562347220,0,No Special Jurisdiction,8,Pedestrian,0,The First Harmful Event was Not a Collision with a Motor Vehicle in Transport,0,No,8,Driveway Access Related,1,Not an Intersection,0,None,,,1,On Roadway,1,Daylight,,,,,1,Clear,0,No,0000000,Not Applicable,15,3:00pm-3:59pm,46,46,15,3:00pm-3:59pm,50,50,88,"Not Applicable (Not Transported) ",88,Not Applicable (Not Transported),,,,,,,1,1
2020,36,360046,New York,1,1,0,1,1,1,1,103,SUFFOLK (103),360,BABYLON,17,17,1,January,2020,6,Friday,19,7:00pm-7:59pm,50,50,0,This section IS NOT on the NHS,2,Urban,4,Minor Arterial,3,Town or Township Highway Agency,5,Local Street - Township,LITTLE NECK EAST RD,,99998,Not Reported,40.72618611,40.72618611,-73.360797220,-73.360797220,0,No Special Jurisdiction,8,Pedestrian,0,The First Harmful Event was Not a Collision with a Motor Vehicle in Transport,0,No,1,Non-Junction,1,Not an Intersection,0,None,,,1,On Roadway,3,Dark - Lighted,,,,,1,Clear,0,No,0000000,Not Applicable,99,Unknown,99,Unknown,99,Unknown EMS Scene Arrival Hour,99,Unknown EMS Scene Arrival Minutes,99,Unknown,99,Unknown EMS Hospital Arrival Time,,,,,,,1,0
2020,36,360047,New York,2,2,0,0,0,3,3,55,MONROE (55),5920,SPENCERPORT,17,17,1,January,2020,6,Friday,9,9:00am-9:59am,55,55,0,This section IS NOT on the NHS,2,Urban,5,Major Collector,2,County Highway Agency,4,County Road,CR-177 SPENCERPORT RD,Glenn Haven Rd,99998,Not Reported,43.18715833,43.18715833,-77.783177780,-77.783177780,0,No Special Jurisdiction,12,Motor Vehicle In-Transport,1,Front-to-Rear,0,No,2,Intersection,2,Four-Way Intersection,0,None,,,1,On Roadway,1,Daylight,,,,,98,Not Reported,0,No,0000000,Not Applicable,9,9:00am-9:59am,57,57,10,10:00am-10:59am,5,5,10,10:00am-10:59am,30,30,,,,,,,1,0