caseyear,state,st_case,statename,ve_total,ve_forms,pvh_invl,peds,pernotmvit,permvit,persons,county,countyname,city,cityname,day,dayname,month,monthname,year,day_week,day_weekname,hour,hourname,minute,minutename,nhs,nhsname,rur_urb,rur_urbname,func_sys,func_sysname,rd_owner,rd_ownername,route,routename,tway_id,tway_id2,milept,mileptname,latitude,latitudename,longitud,longitudname,sp_jur,sp_jurname,harm_ev,harm_evname,man_coll,man_collname,reljct1,reljct1name,reljct2,reljct2name,typ_int,typ_intname,wrk_zone,wrk_zonename,road_fnc,road_fncname,rel_road,rel_roadname,lgt_cond,lgt_condname,weather1,weather1name,weather2,weather2name,weather,weathername,sch_bus,sch_busname,rail,railname,not_hour,not_hourname,not_min,not_minname,arr_hour,arr_hourname,arr_min,arr_minname,hosp_hr,hosp_hrname,hosp_mn,hosp_mnname,cf1,cf1name,cf2,cf2name,cf3,cf3name,fatals,drunk_dr
2020,36,360049,New York,1,1,0,1,1,2,2,29,ERIE (29),156,AMHERST,19,19,1,January,2020,1,Sunday,19,7:00pm-7:59pm,34,34,1,This section IS ON the NHS,2,Urban,3,Principal Arterial - Other,1,State Highway Agency,3,State Highway,SR-324 SHERIDAN DR,,99998,Not Reported,42.98017222,42.98017222,-78.810683330,-78.810683330,0,No Special Jurisdiction,8,Pedestrian,0,The First Harmful Event was Not a Collision with a Motor Vehicle in Transport,0,No,1,Non-Junction,1,Not an Intersection,0,None,,,1,On Roadway,2,Dark - Not Lighted,,,,,4,Snow,0,No,0000000,Not Applicable,99,Unknown,99,Unknown,99,Unknown EMS Scene Arrival Hour,99,Unknown EMS Scene Arrival Minutes,99,Unknown,99,Unknown EMS Hospital Arrival Time,,,,,,,1,0
2020,36,360050,New York,1,1,0,0,0,4,4,25,DELAWARE (25),1454,DAVENPORT,19,19,1,January,2020,1,Sunday,18,6:00pm-6:59pm,46,46,0,This section IS NOT on the NHS,1,Rural,7,Local,3,Town or Township Highway Agency,5,Local Street - Township,RATHBUN HILL RD,,99998,Not Reported,42.42430556,42.42430556,-74.948402780,-74.948402780,0,No Special Jurisdiction,42,Tree (Standing Only),0,The First Harmful Event was Not a Collision with a Motor Vehicle in Transport,0,No,1,Non-Junction,1,Not an Intersection,0,None,,,4,On Roadside,2,Dark - Not Lighted,,,,,10,Cloudy,0,No,0000000,Not Applicable,18,6:00pm-6:59pm,49,49,19,7:00pm-7:59pm,33,33,20,8:00pm-8:59pm,4,4,,,,,,,1,0
2020,36,360051,New York,1,1,0,0,0,1,1,91,SARATOGA (91),2230,GALWAY,8,8,1,January,2020,4,Wednesday,5,5:00am-5:59am,20,20,1,This section IS ON the NHS,1,Rural,3,Principal Arterial - Other,1,State Highway Agency,3,State Highway,SR-29,CR-21 MIDDLE GROVE RD,99998,Not Reported,43.07299722,43.07299722,-73.976272220,-73.976272220,0,No Special Jurisdiction,42,Tree (Standing Only),0,The First Harmful Event was Not a Collision with a Motor Vehicle in Transport,0,No,3,Intersection-Related,3,T-Intersection,0,None,,,4,On Roadside,2,Dark - Not Lighted,,,,,10,Cloudy,0,No,0000000,Not Applicable,9,9:00am-9:59am,43,43,9,9:00am-9:59am,50,50,99,Unknown,99,Unknown EMS Hospital Arrival Time,,,,,,,1,0
2020,36,360053,New York,1,1,0,0,0,1,1,59,NASSAU (59),2600,HEMPSTEAD,21,21,1,January,2020,3,Tuesday,18,6:00pm-6:59pm,42,42,1,This section IS ON the NHS,2,Urban,2,Principal Arterial - Other Freeways and Expressways,1,State Highway Agency,3,State Highway,SR-908E MEADOWBROOK STATE PKWY,,99998,Not Reported,40.67917778,40.67917778,-73.572175000,-73.572175000,0,No Special Jurisdiction,42,Tree (Standing Only),0,The First Harmful Event was Not a Collision with a Motor Vehicle in Transport,0,No,1,Non-Junction,1,Not an Intersection,0,None,,,3,On Median,3,Dark - Lighted,,,,,1,Clear,0,No,0000000,Not Applicable,18,6:00pm-6:59pm,42,42,18,6:00pm-6:59pm,49,49,19,7:00pm-7:59pm,5,5,,,,,,,1,0
2020,36,360054,New York,1,1,0,0,0,1,1,63,NIAGARA (63),4330,NORTH TONAWANDA,21,21,1,January,2020,3,Tuesday,20,8:00pm-8:59pm,0,0,1,This section IS ON the NHS,2,Urban,3,Principal Arterial - Other,1,State Highway Agency,2,U.S. Highway,US-62 NIAGARA FALLS BLVD,,99998,Not Reported,43.08798056,43.08798056,-78.891022220,-78.891022220,0,No Special Jurisdiction,30,Utility Pole/Light Support,0,The First Harmful Event was Not a Collision with a Motor Vehicle in Transport,0,No,1,Non-Junction,1,Not an Intersection,0,None,,,4,On Roadside,2,Dark - Not Lighted,,,,,10,Cloudy,0,No,0000000,Not Applicable,20,8:00pm-8:59pm,1,1,20,8:00pm-8:59pm,6,6,20,8:00pm-8:59pm,42,42,,,,,,,1,0
2020,36,360056,New York,1,1,0,0,0,2,2,17,CHENANGO (17),5772,SMITHVILLE FLATS,21,21,1,January,2020,3,Tuesday,15,3:00pm-3:59pm,31,31,0,This section IS NOT on the NHS,1,Rural,7,Local,2,County Highway Agency,4,County Road,CR-2,,99998,Not Reported,42.38537222,42.38537222,-75.810680560,-75.810680560,0,No Special Jurisdiction,34,Ditch,0,The First Harmful Event was Not a Collision with a Motor Vehicle in Transport,0,No,1,Non-Junction,1,Not an Intersection,0,None,,,4,On Roadside,1,Daylight,,,,,10,Cloudy,1,Yes,0000000,Not Applicable,15,3:00pm-3:59pm,36,36,15,3:00pm-3:59pm,42,42,16,4:00pm-4:59pm,21,21,,,,,,,1,0
2020,36,360057,New York,3,3,0,0,0,4,4,99,SENECA (99),6440,WATERLOO,23,23,1,January,2020,5,Thursday,13,1:00pm-1:59pm,56,56,0,This section IS NOT on the NHS,1,Rural,5,Major Collector,1,State Highway Agency,3,State Highway,SR-318,,99998,Not Reported,42.95840833,42.95840833,-76.878691670,-76.878691670,0,No Special Jurisdiction,12,Motor Vehicle In-Transport,6,Angle,0,No,1,Non-Junction,1,Not an Intersection,0,None,,,1,On Roadway,1,Daylight,,,,,10,Cloudy,0,No,0000000,Not Applicable,14,2:00pm-2:59pm,0,0,14,2:00pm-2:59pm,7,7,15,3:00pm-3:59pm,5,5,,,,,,,1,0
2020,36,360058,New York,2,2,0,0,0,2,2,5,BRONX (5),4170,NEW YORK CITY,23,23,1,January,2020,5,Thursday,7,7:00am-7:59am,50,50,1,This section IS ON the NHS,2,Urban,1,Interstate,1,State Highway Agency,1,Interstate,I-87 MAJOR DEEGAN EXPY,,99998,Not Reported,40.80569444,40.80569444,-73.921661110,-73.921661110,0,No Special Jurisdiction,12,Motor Vehicle In-Transport,1,Front-to-Rear,0,No,1,Non-Junction,1,Not an Intersection,0,None,,,1,On Roadway,1,Daylight,,,,,1,Clear,0,No,0000000,Not Applicable,99,Unknown,99,Unknown,99,Unknown EMS Scene Arrival Hour,99,Unknown EMS Scene Arrival Minutes,88,"Not Applicable (Not Transported) ",88,Not Applicable (Not Transported),,,,,,,1,0
2020,36,360059,New York,3,3,0,1,1,2,2,103,SUFFOLK (103),2920,ISLIP,23,23,1,January,2020,5,Thursday,6,6:00am-6:59am,40,40,1,This section IS ON the NHS,2,Urban,2,Principal Arterial - Other Freeways and Expressways,1,State Highway Agency,3,State Highway,SR-908J ROBERT MOSES CAUSEWAY,,99998,Not Reported,40.66129167,40.66129167,-73.265527780,-73.265527780,0,No Special Jurisdiction,12,Motor Vehicle In-Transport,1,Front-to-Rear,0,No,1,Non-Junction,1,Not an Intersection,0,None,,,1,On Roadway,3,Dark - Lighted,,,,,10,Cloudy,0,No,0000000,Not Applicable,7,7:00am-7:59am,8,8,7,7:00am-7:59am,26,26,8,8:00am-8:59am,0,0,,,,,,,1,0
2020,36,360060,New York,2,2,0,1,1,2,2,103,SUFFOLK (103),2920,ISLIP,24,24,1,January,2020,6,Friday,15,3:00pm-3:59pm,55,55,0,This section IS NOT on the NHS,2,Urban,4,Minor Arterial,1,State Highway Agency,3,State Highway,SR-906C SUNRISE HWY SVC RD,,99998,Not Reported,40.75048889,40.75048889,-73.129338890,-73.129338890,0,No Special Jurisdiction,8,Pedestrian,0,The First Harmful Event was Not a Collision with a Motor Vehicle in Transport,0,No,1,Non-Junction,1,Not an Intersection,0,None,,,1,On Roadway,1,Daylight,,,,,1,Clear,0,No,0000000,Not Applicable,99,Unknown,99,Unknown,99,Unknown EMS Scene Arrival Hour,99,Unknown EMS Scene Arrival Minutes,88,"Not Applicable (Not Transported) ",88,Not Applicable (Not Transported),,,,,,,1,0
2020,36,360061,New York,1,1,0,1,1,1,1,119,WESTCHESTER (119),6040,TARRYTOWN,24,24,1,January,2020,6,Friday,12,12:00pm-12:59pm,4,4,1,This section IS ON the NHS,2,Urban,3,Principal Arterial - Other,1,State Highway Agency,3,State Highway,SR-119 TARRYTOWN RD,AQUEDUCT RD,99998,Not Reported,41.03770278,41.03770278,-73.781272220,-73.781272220,0,No Special Jurisdiction,8,Pedestrian,0,The First Harmful Event was Not a Collision with a Motor Vehicle in Transport,0,No,3,Intersection-Related,2,Four-Way Intersection,0,None,,,1,On Roadway,1,Daylight,,,,,1,Clear,0,No,0000000,Not Applicable,12,12:00pm-12:59pm,4,4,12,12:00pm-12:59pm,6,6,12,12:00pm-12:59pm,18,18,,,,,,,1,0
2020,36,360062,New York,2,2,0,0,0,3,3,83,RENSSELAER (83),5540,SCHAGHTICOKE,24,24,1,January,2020,6,Friday,6,6:00am-6:59am,53,53,0,This section IS NOT on the NHS,1,Rural,4,Minor Arterial,1,State Highway Agency,3,State Highway,SR-67 OLD SCHAGHTICOKE RD,,99998,Not Reported,42.88922500,42.88922500,-73.604858330,-73.604858330,0,No Special Jurisdiction,53,Mail Box,0,The First Harmful Event was Not a Collision with a Motor Vehicle in Transport,0,No,1,Non-Junction,1,Not an Intersection,0,None,,,4,On Roadside,1,Daylight,,,,,10,Cloudy,0,No,0000000,Not Applicable,6,6:00am-6:59am,53,53,7,7:00am-7:59am,4,4,99,Unknown,99,Unknown EMS Hospital Arrival Time,,,,,,,2,0
2020,36,360063,New York,3,1,2,2,2,1,1,103,SUFFOLK (103),2915,ISLANDIA,25,25,1,January,2020,7,Saturday,18,6:00pm-6:59pm,22,22,0,This section IS NOT on the NHS,2,Urban,4,Minor Arterial,2,County Highway Agency,4,County Road,CR-67 LONG ISLAND MOTOR PKWY,,99998,Not Reported,40.81278333,40.81278333,-73.189152780,-73.189152780,0,No Special Jurisdiction,8,Pedestrian,0,The First Harmful Event was Not a Collision with a Motor Vehicle in Transport,0,No,1,Non-Junction,1,Not an Intersection,0,None,,,1,On Roadway,3,Dark - Lighted,,,,,10,Cloudy,0,No,0000000,Not Applicable,99,Unknown,99,Unknown,99,Unknown EMS Scene Arrival Hour,99,Unknown EMS Scene Arrival Minutes,99,Unknown,99,Unknown EMS Hospital Arrival Time,,,,,,,1,0
2020,36,360064,New York,1,1,0,0,0,1,1,103,SUFFOLK (103),705,BROOKHAVEN,24,24,1,January,2020,6,Friday,14,2:00pm-2:59pm,16,16,1,This section IS ON the NHS,2,Urban,1,Interstate,1,State Highway Agency,1,Interstate,I-495,,99998,Not Reported,40.82376944,40.82376944,-73.016905560,-73.016905560,0,No Special Jurisdiction,59,"Traffic Sign Support ",0,The First Harmful Event was Not a Collision with a Motor Vehicle in Transport,0,No,1,Non-Junction,1,Not an Intersection,0,None,,,8,Gore,1,Daylight,,,,,1,Clear,0,No,0000000,Not Applicable,99,Unknown,99,Unknown,99,Unknown EMS Scene Arrival Hour,99,Unknown EMS Scene Arrival Minutes,99,Unknown,99,Unknown EMS Hospital Arrival Time,,,,,,,1,0
2020,36,360065,New York,2,2,0,0,0,4,4,81,QUEENS (81),4170,MIDDLE VILLAGE,25,25,1,January,2020,7,Saturday,5,5:00am-5:59am,35,35,1,This section IS ON the NHS,2,Urban,2,Principal Arterial - Other Freeways and Expressways,1,State Highway Agency,3,State Highway,SR-907M,,99998,Not Reported,40.74841389,40.74841389,-73.728772220,-73.728772220,0,No Special Jurisdiction,12,Motor Vehicle In-Transport,2,Front-to-Front,0,No,1,Non-Junction,1,Not an Intersection,0,None,,,1,On Roadway,3,Dark - Lighted,,,,,10,Cloudy,0,No,0000000,Not Applicable,99,Unknown,99,Unknown,99,Unknown EMS Scene Arrival Hour,99,Unknown EMS Scene Arrival Minutes,99,Unknown,99,Unknown EMS Hospital Arrival Time,,,,,,,4,1
2020,36,360066,New York,1,1,0,1,1,2,2,61,NEW YORK (61),4170,NEW YORK,25,25,1,January,2020,7,Saturday,6,6:00am-6:59am,30,30,1,This section IS ON the NHS,2,Urban,3,Principal Arterial - Other,4,City or Municipal Highway Agency,6,Local Street - Municipality,CANAL ST,ELIZABETH ST,99998,Not Reported,40.71654167,40.71654167,-73.997069440,-73.997069440,0,No Special Jurisdiction,8,Pedestrian,0,The First Harmful Event was Not a Collision with a Motor Vehicle in Transport,0,No,3,Intersection-Related,2,Four-Way Intersection,0,None,,,1,On Roadway,3,Dark - Lighted,,,,,10,Cloudy,0,No,0000000,Not Applicable,99,Unknown,99,Unknown,99,Unknown EMS Scene Arrival Hour,99,Unknown EMS Scene Arrival Minutes,99,Unknown,99,Unknown EMS Hospital Arrival Time,,,,,,,1,0
2020,36,360067,New York,1,1,0,1,1,1,1,21,COLUMBIA (21),332,AUSTERLITZ,26,26,1,January,2020,1,Sunday,0,0:00am-0:59am,47,47,1,This section IS ON the NHS,1,Rural,2,Principal Arterial - Other Freeways and Expressways,1,State Highway Agency,3,State Highway,SR-987G TACONIC STATE PKWY,,99998,Not Reported,42.33082222,42.33082222,-73.568822220,-73.568822220,0,No Special Jurisdiction,8,Pedestrian,0,The First Harmful Event was Not a Collision with a Motor Vehicle in Transport,0,No,1,Non-Junction,1,Not an Intersection,0,None,,,1,On Roadway,2,Dark - Not Lighted,,,,,2,Rain,0,No,0000000,Not Applicable,0,0:00am-0:59am,58,58,1,1:00am-1:59am,5,5,88,"Not Applicable (Not Transported) ",88,Not Applicable (Not Transported),,,,,,,1,0
2020,36,360068,New York,2,2,0,0,0,3,3,115,WASHINGTON (115),2820,HUDSON FALLS,26,26,1,January,2020,1,Sunday,7,7:00am-7:59am,20,20,1,This section IS ON the NHS,2,Urban,3,Principal Arterial - Other,1,State Highway Agency,2,U.S. Highway,US-4,,99998,Not Reported,43.32953611,43.32953611,-73.563141670,-73.563141670,0,No Special Jurisdiction,12,Motor Vehicle In-Transport,6,Angle,0,No,1,Non-Junction,1,Not an Intersection,0,None,,,1,On Roadway,1,Daylight,,,,,10,Cloudy,0,No,0000000,Not Applicable,7,7:00am-7:59am,20,20,7,7:00am-7:59am,32,32,99,Unknown,99,Unknown EMS Hospital Arrival Time,,,,,,,1,0
2020,36,360070,New York,2,2,0,0,0,4,4,37,GENESEE (37),410,BATAVIA,28,28,1,January,2020,3,Tuesday,7,7:00am-7:59am,13,13,0,This section IS NOT on the NHS,1,Rural,4,Minor Arterial,1,State Highway Agency,3,State Highway,SR-5,,99998,Not Reported,42.99641667,42.99641667,-78.303644440,-78.303644440,0,No Special Jurisdiction,12,Motor Vehicle In-Transport,2,Front-to-Front,0,No,1,Non-Junction,1,Not an Intersection,0,None,,,1,On Roadway,1,Daylight,,,,,98,Not Reported,0,No,0000000,Not Applicable,7,7:00am-7:59am,15,15,7,7:00am-7:59am,18,18,7,7:00am-7:59am,40,40,,,,,,,1,0
2020,36,360072,New York,2,2,0,0,0,2,2,59,NASSAU (59),4090,NEW HYDE PARK,28,28,1,January,2020,3,Tuesday,9,9:00am-9:59am,2,2,1,This section IS ON the NHS,2,Urban,2,Principal Arterial - Other Freeways and Expressways,1,State Highway Agency,3,State Highway,SR-908G NORTHERN STATE PKWY,,99998,Not Reported,40.78031667,40.78031667,-73.633569440,-73.633569440,0,No Special Jurisdiction,12,Motor Vehicle In-Transport,9,Rear-to-Side,0,No,1,Non-Junction,1,Not an Intersection,0,None,,,1,On Roadway,1,Daylight,,,,,10,Cloudy,0,No,0000000,Not Applicable,9,9:00am-9:59am,2,2,9,9:00am-9:59am,10,10,88,"Not Applicable (Not Transported) ",88,Not Applicable (Not Transported),,,,,,,1,0
2020,36,360073,New York,2,1,1,0,0,1,1,103,SUFFOLK (103),705,BROOKHAVEN,30,30,1,January,2020,5,Thursday,1,1:00am-1:59am,29,29,0,This section IS NOT on the NHS,2,Urban,7,Local,3,Town or Township Highway Agency,5,Local Street - Township,GREEN AVE,,99998,Not Reported,40.90745278,40.90745278,-73.039111110,-73.039111110,0,No Special Jurisdiction,14,Parked Motor Vehicle,0,The First Harmful Event was Not a Collision with a Motor Vehicle in Transport,0,No,1,Non-Junction,1,Not an Intersection,0,None,,,7,In Parking Lane/Zone,2,Dark - Not Lighted,,,,,1,Clear,0,No,0000000,Not Applicable,99,Unknown,99,Unknown,99,Unknown EMS Scene Arrival Hour,99,Unknown EMS Scene Arrival Minutes,99,Unknown,99,Unknown EMS Hospital Arrival Time,,,,,,,1,0
2020,36,360074,New York,2,2,0,0,0,5,5,119,WESTCHESTER (119),2555,HARRISON,30,30,1,January,2020,5,Thursday,20,8:00pm-8:59pm,23,23,1,This section IS ON the NHS,2,Urban,1,Interstate,1,State Highway Agency,1,Interstate,I-287,,99998,Not Reported,41.02623056,41.02623056,-73.732766670,-73.732766670,0,No Special Jurisdiction,12,Motor Vehicle In-Transport,2,Front-to-Front,0,No,1,Non-Junction,1,Not an Intersection,0,None,,,1,On Roadway,2,Dark - Not Lighted,,,,,1,Clear,0,No,0000000,Not Applicable,20,8:00pm-8:59pm,23,23,20,8:00pm-8:59pm,30,30,99,Unknown,99,Unknown EMS Hospital Arrival Time,,,,,,,2,1
2020,36,360075,New York,2,2,0,1,1,2,2,81,QUEENS (81),4170,MIDDLE VILLAGE,1,1,2,February,2020,7,Saturday,18,6:00pm-6:59pm,14,14,0,This section IS NOT on the NHS,2,Urban,7,Local,4,City or Municipal Highway Agency,6,Local Street - Municipality,69 ST,,99998,Not Reported,40.75925556,40.75925556,-73.898394440,-73.898394440,0,No Special Jurisdiction,8,Pedestrian,0,The First Harmful Event was Not a Collision with a Motor Vehicle in Transport,0,No,1,Non-Junction,1,Not an Intersection,0,None,,,1,On Roadway,3,Dark - Lighted,,,,,10,Cloudy,0,No,0000000,Not Applicable,99,Unknown,99,Unknown,99,Unknown EMS Scene Arrival Hour,99,Unknown EMS Scene Arrival Minutes,99,Unknown,99,Unknown EMS Hospital Arrival Time,,,,,,,1,0
2020,36,360076,New York,1,1,0,1,1,1,1,67,ONONDAGA (67),3310,LIVERPOOL,2,2,2,February,2020,1,Sunday,17,5:00pm-5:59pm,54,54,0,This section IS NOT on the NHS,2,Urban,4,Minor Arterial,2,County Highway Agency,4,County Road,CR-45 7TH N ST,TERMINAL RD,99998,Not Reported,43.08720278,43.08720278,-76.164116670,-76.164116670,0,No Special Jurisdiction,8,Pedestrian,0,The First Harmful Event was Not a Collision with a Motor Vehicle in Transport,0,No,3,Intersection-Related,2,Four-Way Intersection,0,None,,,1,On Roadway,3,Dark - Lighted,,,,,1,Clear,0,No,0000000,Not Applicable,17,5:00pm-5:59pm,54,54,17,5:00pm-5:59pm,58,58,88,"Not Applicable (Not Transported) ",88,Not Applicable (Not Transported),,,,,,,1,0
2020,36,360077,New York,5,1,4,1,1,3,3,47,KINGS (47),4170,NEW YORK CITY,30,30,1,January,2020,5,Thursday,14,2:00pm-2:59pm,39,39,0,This section IS NOT on the NHS,2,Urban,5,Major Collector,4,City or Municipal Highway Agency,6,Local Street - Municipality,VANDERVOORT AVE,,0,None,40.71565556,40.71565556,-73.933997220,-73.933997220,0,No Special Jurisdiction,9,Pedalcyclist,0,The First Harmful Event was Not a Collision with a Motor Vehicle in Transport,0,No,1,Non-Junction,1,Not an Intersection,0,None,,,1,On Roadway,1,Daylight,,,,,1,Clear,0,No,0000000,Not Applicable,14,2:00pm-2:59pm,41,41,14,2:00pm-2:59pm,53,53,15,3:00pm-3:59pm,0,0,,,,,,,1,0
2020,36,360078,New York,2,2,0,0,0,4,4,59,NASSAU (59),2600,HEMPSTEAD,2,2,2,February,2020,1,Sunday,0,0:00am-0:59am,2,2,1,This section IS ON the NHS,2,Urban,3,Principal Arterial - Other,1,State Highway Agency,3,State Highway,SR-908E E MEADOWBROOK ST PKWY,,99998,Not Reported,40.67497222,40.67497222,-73.570883330,-73.570883330,0,No Special Jurisdiction,12,Motor Vehicle In-Transport,1,Front-to-Rear,0,No,1,Non-Junction,1,Not an Intersection,0,None,,,1,On Roadway,3,Dark - Lighted,,,,,2,Rain,0,No,0000000,Not Applicable,0,0:00am-0:59am,2,2,0,0:00am-0:59am,8,8,0,0:00am-0:59am,25,25,,,,,,,1,1
2020,36,360079,New York,1,1,0,1,1,1,1,105,SULLIVAN (105),783,CALLICOON,3,3,2,February,2020,2,Monday,16,4:00pm-4:59pm,43,43,0,This section IS NOT on the NHS,1,Rural,5,Major Collector,1,State Highway Agency,3,State Highway,SR-52,,99998,Not Reported,41.80481667,41.80481667,-74.890697220,-74.890697220,0,No Special Jurisdiction,8,Pedestrian,0,The First Harmful Event was Not a Collision with a Motor Vehicle in Transport,0,No,1,Non-Junction,1,Not an Intersection,0,None,,,2,On Shoulder,1,Daylight,,,,,1,Clear,0,No,0000000,Not Applicable,16,4:00pm-4:59pm,43,43,16,4:00pm-4:59pm,51,51,99,Unknown,99,Unknown EMS Hospital Arrival Time,,,,,,,1,0
2020,36,360080,New York,1,1,0,1,1,2,2,59,NASSAU (59),2600,HEMPSTEAD,3,3,2,February,2020,2,Monday,21,9:00pm-9:59pm,6,6,1,This section IS ON the NHS,2,Urban,3,Principal Arterial - Other,1,State Highway Agency,3,State Highway,SR-878 NASSAU EXPY,MOTT AVE,99998,Not Reported,40.61849167,40.61849167,-73.741083330,-73.741083330,0,No Special Jurisdiction,8,Pedestrian,0,The First Harmful Event was Not a Collision with a Motor Vehicle in Transport,0,No,3,Intersection-Related,2,Four-Way Intersection,0,None,,,1,On Roadway,3,Dark - Lighted,,,,,1,Clear,0,No,0000000,Not Applicable,21,9:00pm-9:59pm,9,9,21,9:00pm-9:59pm,10,10,21,9:00pm-9:59pm,42,42,,,,,,,1,0
2020,36,360081,New York,1,1,0,0,0,1,1,67,ONONDAGA (67),810,CAMILLUS,4,4,2,February,2020,3,Tuesday,12,12:00pm-12:59pm,7,7,0,This section IS NOT on the NHS,2,Urban,7,Local,3,Town or Township Highway Agency,5,Local Street - Township,NORTH WAY,PEAR TREE DR,0,None,43.04928056,43.04928056,-76.284427780,-76.284427780,0,No Special Jurisdiction,43,Other Fixed Object,0,The First Harmful Event was Not a Collision with a Motor Vehicle in Transport,0,No,3,Intersection-Related,3,T-Intersection,0,None,,,4,On Roadside,1,Daylight,,,,,10,Cloudy,0,No,0000000,Not Applicable,12,12:00pm-12:59pm,7,7,12,12:00pm-12:59pm,10,10,12,12:00pm-12:59pm,50,50,,,,,,,1,0
2020,36,360082,New York,1,1,0,1,1,2,2,63,NIAGARA (63),3340,LOCKPORT,4,4,2,February,2020,3,Tuesday,18,6:00pm-6:59pm,10,10,0,This section IS NOT on the NHS,2,Urban,4,Minor Arterial,1,State Highway Agency,3,State Highway,SR-93 DYSINGER RD,,99998,Not Reported,43.13155833,43.13155833,-78.671486110,-78.671486110,0,No Special Jurisdiction,8,Pedestrian,0,The First Harmful Event was Not a Collision with a Motor Vehicle in Transport,0,No,1,Non-Junction,1,Not an Intersection,0,None,,,1,On Roadway,2,Dark - Not Lighted,,,,,1,Clear,0,No,0000000,Not Applicable,18,6:00pm-6:59pm,11,11,18,6:00pm-6:59pm,12,12,88,"Not Applicable (Not Transported) ",88,Not Applicable (Not Transported),,,,,,,1,0
2020,36,360083,New York,1,1,0,0,0,1,1,27,DUTCHESS (27),4885,PLEASANT VALLEY,4,4,2,February,2020,3,Tuesday,20,8:00pm-8:59pm,31,31,0,This section IS NOT on the NHS,2,Urban,5,Major Collector,2,County Highway Agency,4,County Road,CR-47 FREEDOM RD,,99998,Not Reported,41.73878056,41.73878056,-73.826136110,-73.826136110,0,No Special Jurisdiction,34,Ditch,0,The First Harmful Event was Not a Collision with a Motor Vehicle in Transport,0,No,1,Non-Junction,1,Not an Intersection,0,None,,,4,On Roadside,3,Dark - Lighted,,,,,1,Clear,0,No,0000000,Not Applicable,99,Unknown,99,Unknown,99,Unknown EMS Scene Arrival Hour,99,Unknown EMS Scene Arrival Minutes,99,Unknown,99,Unknown EMS Hospital Arrival Time,,,,,,,1,0
2020,36,360084,New York,2,2,0,0,0,3,3,47,KINGS (47),4170,NEW YORK CITY,5,5,2,February,2020,4,Wednesday,13,1:00pm-1:59pm,42,42,0,This section IS NOT on the NHS,2,Urban,4,Minor Arterial,4,City or Municipal Highway Agency,6,Local Street - Municipality,CLARENDON RD,E 37TH ST,99998,Not Reported,40.64365000,40.64365000,-73.942083330,-73.942083330,0,No Special Jurisdiction,12,Motor Vehicle In-Transport,6,Angle,0,No,2,Intersection,2,Four-Way Intersection,0,None,,,1,On Roadway,1,Daylight,,,,,10,Cloudy,0,No,0000000,Not Applicable,99,Unknown,99,Unknown,99,Unknown EMS Scene Arrival Hour,99,Unknown EMS Scene Arrival Minutes,99,Unknown,99,Unknown EMS Hospital Arrival Time,,,,,,,1,0
2020,36,360085,New York,1,1,0,0,0,1,1,71,ORANGE (71),2320,GOSHEN,5,5,2,February,2020,4,Wednesday,9,9:00am-9:59am,2,2,0,This section IS NOT on the NHS,2,Urban,4,Minor Arterial,1,State Highway Agency,3,State Highway,SR-17A,,99998,Not Reported,41.34997778,41.34997778,-74.353722220,-74.353722220,0,No Special Jurisdiction,30,Utility Pole/Light Support,0,The First Harmful Event was Not a Collision with a Motor Vehicle in Transport,0,No,1,Non-Junction,1,Not an Intersection,0,None,,,4,On Roadside,1,Daylight,,,,,10,Cloudy,0,No,0000000,Not Applicable,9,9:00am-9:59am,5,5,9,9:00am-9:59am,12,12,9,9:00am-9:59am,33,33,,,,,,,1,0
2020,36,360086,New York,1,1,0,1,1,1,1,81,QUEENS (81),4170,MIDDLE VILLAGE,6,6,2,February,2020,5,Thursday,17,5:00pm-5:59pm,59,59,0,This section IS NOT on the NHS,2,Urban,4,Minor Arterial,4,City or Municipal Highway Agency,6,Local Street - Municipality,BELL BLVD,75TH AVE,99998,Not Reported,40.73887778,40.73887778,-73.757275000,-73.757275000,0,No Special Jurisdiction,8,Pedestrian,0,The First Harmful Event was Not a Collision with a Motor Vehicle in Transport,0,No,3,Intersection-Related,2,Four-Way Intersection,0,None,,,1,On Roadway,3,Dark - Lighted,,,,,2,Rain,0,No,0000000,Not Applicable,99,Unknown,99,Unknown,99,Unknown EMS Scene Arrival Hour,99,Unknown EMS Scene Arrival Minutes,99,Unknown,99,Unknown EMS Hospital Arrival Time,,,,,,,1,0
2020,36,360087,New York,2,2,0,0,0,3,3,65,ONEIDA (65),6680,WHITESBORO,6,6,2,February,2020,5,Thursday,7,7:00am-7:59am,15,15,0,This section IS NOT on the NHS,2,Urban,4,Minor Arterial,1,State Highway Agency,3,State Highway,SR-69,,99998,Not Reported,43.16801389,43.16801389,-75.344416670,-75.344416670,0,No Special Jurisdiction,12,Motor Vehicle In-Transport,6,Angle,0,No,1,Non-Junction,1,Not an Intersection,0,None,,,1,On Roadway,1,Daylight,,,,,12,Freezing Rain or Drizzle,0,No,0000000,Not Applicable,99,Unknown,99,Unknown,99,Unknown EMS Scene Arrival Hour,99,Unknown EMS Scene Arrival Minutes,99,Unknown,99,Unknown EMS Hospital Arrival Time,,,,,,,1,0
2020,36,360088,New York,1,1,0,0,0,1,1,15,CHEMUNG (15),535,BIG FLATS,6,6,2,February,2020,5,Thursday,14,2:00pm-2:59pm,6,6,0,This section IS NOT on the NHS,1,Rural,6,Minor Collector,2,County Highway Agency,4,County Road,CR-33 W HILL RD,,99998,Not Reported,42.11580000,42.11580000,-76.867686110,-76.867686110,0,No Special Jurisdiction,42,Tree (Standing Only),0,The First Harmful Event was Not a Collision with a Motor Vehicle in Transport,0,No,1,Non-Junction,1,Not an Intersection,0,None,,,4,On Roadside,1,Daylight,,,,,2,Rain,0,No,0000000,Not Applicable,99,Unknown,99,Unknown,99,Unknown EMS Scene Arrival Hour,99,Unknown EMS Scene Arrival Minutes,99,Unknown,99,Unknown EMS Hospital Arrival Time,,,,,,,1,1