caseyear,state,st_case,statename,ve_total,ve_forms,pvh_invl,peds,pernotmvit,permvit,persons,county,countyname,city,cityname,day,dayname,month,monthname,year,day_week,day_weekname,hour,hourname,minute,minutename,nhs,nhsname,rur_urb,rur_urbname,func_sys,func_sysname,rd_owner,rd_ownername,route,routename,tway_id,tway_id2,milept,mileptname,latitude,latitudename,longitud,longitudname,sp_jur,sp_jurname,harm_ev,harm_evname,man_coll,man_collname,reljct1,reljct1name,reljct2,reljct2name,typ_int,typ_intname,wrk_zone,wrk_zonename,road_fnc,road_fncname,rel_road,rel_roadname,lgt_cond,lgt_condname,weather1,weather1name,weather2,weather2name,weather,weathername,sch_bus,sch_busname,rail,railname,not_hour,not_hourname,not_min,not_minname,arr_hour,arr_hourname,arr_min,arr_minname,hosp_hr,hosp_hrname,hosp_mn,hosp_mnname,cf1,cf1name,cf2,cf2name,cf3,cf3name,fatals,drunk_dr
2020,36,360202,New York,1,1,0,0,0,1,1,111,ULSTER (111),3531,MARBLETOWN,23,23,4,April,2020,5,Thursday,20,8:00pm-8:59pm,17,17,1,This section IS ON the NHS,1,Rural,3,Principal Arterial - Other,1,State Highway Agency,2,U.S. Highway,US-209,,99998,Not Reported,41.83038333,41.83038333,-74.178600000,-74.178600000,0,No Special Jurisdiction,24,Guardrail Face,0,The First Harmful Event was Not a Collision with a Motor Vehicle in Transport,0,No,1,Non-Junction,1,Not an Intersection,0,None,,,4,On Roadside,2,Dark - Not Lighted,,,,,1,Clear,0,No,0000000,Not Applicable,20,8:00pm-8:59pm,18,18,20,8:00pm-8:59pm,27,27,88,"Not Applicable (Not Transported) ",88,Not Applicable (Not Transported),,,,,,,1,1
2020,36,360203,New York,3,3,0,0,0,3,3,81,QUEENS (81),4170,MIDDLE VILLAGE,25,25,4,April,2020,7,Saturday,17,5:00pm-5:59pm,32,32,1,This section IS ON the NHS,2,Urban,2,Principal Arterial - Other Freeways and Expressways,1,State Highway Agency,3,State Highway,SR-907A,,99998,Not Reported,40.78696389,40.78696389,-73.775530560,-73.775530560,0,No Special Jurisdiction,12,Motor Vehicle In-Transport,1,Front-to-Rear,0,No,1,Non-Junction,1,Not an Intersection,0,None,,,1,On Roadway,1,Daylight,,,,,1,Clear,0,No,0000000,Not Applicable,99,Unknown,99,Unknown,99,Unknown EMS Scene Arrival Hour,99,Unknown EMS Scene Arrival Minutes,99,Unknown,99,Unknown EMS Hospital Arrival Time,,,,,,,1,0
2020,36,360204,New York,2,2,0,0,0,3,3,83,RENSSELAER (83),2974,JOHNSONVILLE,25,25,4,April,2020,7,Saturday,16,4:00pm-4:59pm,14,14,0,This section IS NOT on the NHS,1,Rural,6,Minor Collector,2,County Highway Agency,4,County Road,CR-115 RESERVOIR RD,,99998,Not Reported,42.85970278,42.85970278,-73.555941670,-73.555941670,0,No Special Jurisdiction,12,Motor Vehicle In-Transport,2,Front-to-Front,0,No,1,Non-Junction,1,Not an Intersection,0,None,,,1,On Roadway,1,Daylight,,,,,1,Clear,0,No,0000000,Not Applicable,16,4:00pm-4:59pm,14,14,16,4:00pm-4:59pm,20,20,17,5:00pm-5:59pm,52,52,,,,,,,1,1
2020,36,360205,New York,2,2,0,0,0,3,3,69,ONTARIO (69),1961,FARMINGTON,25,25,4,April,2020,7,Saturday,17,5:00pm-5:59pm,5,5,0,This section IS NOT on the NHS,2,Urban,7,Local,3,Town or Township Highway Agency,5,Local Street - Township,ALLEN PADGHAM RD,HOOK RD,99998,Not Reported,43.02998889,43.02998889,-77.330030560,-77.330030560,0,No Special Jurisdiction,12,Motor Vehicle In-Transport,6,Angle,0,No,2,Intersection,2,Four-Way Intersection,0,None,,,1,On Roadway,1,Daylight,,,,,1,Clear,0,No,0000000,Not Applicable,17,5:00pm-5:59pm,7,7,17,5:00pm-5:59pm,16,16,99,Unknown,99,Unknown EMS Hospital Arrival Time,,,,,,,1,1
2020,36,360206,New York,1,1,0,1,1,1,1,37,GENESEE (37),410,BATAVIA,25,25,4,April,2020,7,Saturday,18,6:00pm-6:59pm,4,4,0,This section IS NOT on the NHS,2,Urban,4,Minor Arterial,1,State Highway Agency,3,State Highway,SR-5,WORTENDYKE RD,99998,Not Reported,43.00105278,43.00105278,-78.260986110,-78.260986110,0,No Special Jurisdiction,9,Pedalcyclist,0,The First Harmful Event was Not a Collision with a Motor Vehicle in Transport,0,No,2,Intersection,3,T-Intersection,0,None,,,1,On Roadway,1,Daylight,,,,,1,Clear,0,No,0000000,Not Applicable,18,6:00pm-6:59pm,8,8,18,6:00pm-6:59pm,11,11,19,7:00pm-7:59pm,30,30,,,,,,,1,0
2020,36,360207,New York,2,2,0,0,0,3,3,39,GREENE (39),2830,HUNTER,25,25,4,April,2020,7,Saturday,12,12:00pm-12:59pm,55,55,0,This section IS NOT on the NHS,1,Rural,5,Major Collector,1,State Highway Agency,3,State Highway,SR-23A,,99998,Not Reported,42.19001944,42.19001944,-74.073747220,-74.073747220,9,Unknown,12,Motor Vehicle In-Transport,2,Front-to-Front,0,No,1,Non-Junction,1,Not an Intersection,0,None,,,1,On Roadway,1,Daylight,,,,,1,Clear,0,No,0000000,Not Applicable,12,12:00pm-12:59pm,55,55,12,12:00pm-12:59pm,59,59,88,"Not Applicable (Not Transported) ",88,Not Applicable (Not Transported),,,,,,,1,0
2020,36,360208,New York,1,1,0,1,1,1,1,119,WESTCHESTER (119),1379,CORTLANDT,30,30,4,April,2020,5,Thursday,20,8:00pm-8:59pm,50,50,1,This section IS ON the NHS,2,Urban,3,Principal Arterial - Other,1,State Highway Agency,2,U.S. Highway,US-6,,99998,Not Reported,41.30159444,41.30159444,-73.882119440,-73.882119440,0,No Special Jurisdiction,8,Pedestrian,0,The First Harmful Event was Not a Collision with a Motor Vehicle in Transport,0,No,1,Non-Junction,1,Not an Intersection,0,None,,,1,On Roadway,2,Dark - Not Lighted,,,,,2,Rain,0,No,0000000,Not Applicable,21,9:00pm-9:59pm,3,3,21,9:00pm-9:59pm,10,10,21,9:00pm-9:59pm,30,30,,,,,,,1,0
2020,36,360209,New York,1,1,0,0,0,4,4,5,BRONX (5),4170,NEW YORK CITY,26,26,4,April,2020,1,Sunday,3,3:00am-3:59am,35,35,1,This section IS ON the NHS,2,Urban,3,Principal Arterial - Other,4,City or Municipal Highway Agency,6,Local Street - Municipality,BRUCKNER BLVD,,18,18,40.81129167,40.81129167,-73.900466670,-73.900466670,0,No Special Jurisdiction,21,Bridge Pier or Support,0,The First Harmful Event was Not a Collision with a Motor Vehicle in Transport,0,No,1,Non-Junction,1,Not an Intersection,0,None,,,10,Separator,3,Dark - Lighted,,,,,1,Clear,0,No,0000000,Not Applicable,99,Unknown,99,Unknown,99,Unknown EMS Scene Arrival Hour,99,Unknown EMS Scene Arrival Minutes,99,Unknown,99,Unknown EMS Hospital Arrival Time,,,,,,,2,1
2020,36,360210,New York,1,1,0,0,0,2,2,101,STEUBEN (101),801,CAMERON,5,5,5,May,2020,3,Tuesday,14,2:00pm-2:59pm,10,10,0,This section IS NOT on the NHS,1,Rural,7,Local,2,County Highway Agency,4,County Road,CR-119,,0,None,42.19289167,42.19289167,-77.388802780,-77.388802780,0,No Special Jurisdiction,34,Ditch,0,The First Harmful Event was Not a Collision with a Motor Vehicle in Transport,0,No,1,Non-Junction,1,Not an Intersection,0,None,,,4,On Roadside,1,Daylight,,,,,1,Clear,0,No,0000000,Not Applicable,14,2:00pm-2:59pm,13,13,14,2:00pm-2:59pm,24,24,88,"Not Applicable (Not Transported) ",88,Not Applicable (Not Transported),,,,,,,1,0
2020,36,360211,New York,2,2,0,0,0,5,5,95,SCHOHARIE (95),899,CARLISLE,27,27,4,April,2020,2,Monday,14,2:00pm-2:59pm,27,27,0,This section IS NOT on the NHS,1,Rural,6,Minor Collector,2,County Highway Agency,4,County Road,CR-7A LYKERS RD,,99998,Not Reported,42.74646111,42.74646111,-74.429236110,-74.429236110,0,No Special Jurisdiction,12,Motor Vehicle In-Transport,2,Front-to-Front,0,No,8,Driveway Access Related,1,Not an Intersection,0,None,,,1,On Roadway,1,Daylight,,,,,2,Rain,0,No,0000000,Not Applicable,14,2:00pm-2:59pm,28,28,14,2:00pm-2:59pm,36,36,99,Unknown,99,Unknown EMS Hospital Arrival Time,,,,,,,1,0
2020,36,360212,New York,1,1,0,0,0,1,1,103,SUFFOLK (103),705,BROOKHAVEN,7,7,5,May,2020,5,Thursday,15,3:00pm-3:59pm,12,12,1,This section IS ON the NHS,2,Urban,3,Principal Arterial - Other,1,State Highway Agency,3,State Highway,SR-25 MIDDLE COUNTRY RD,,99998,Not Reported,40.90892778,40.90892778,-72.845908330,-72.845908330,0,No Special Jurisdiction,42,Tree (Standing Only),0,The First Harmful Event was Not a Collision with a Motor Vehicle in Transport,0,No,1,Non-Junction,1,Not an Intersection,0,None,,,4,On Roadside,1,Daylight,,,,,1,Clear,0,No,0000000,Not Applicable,99,Unknown,99,Unknown,15,3:00pm-3:59pm,30,30,16,4:00pm-4:59pm,0,0,,,,,,,1,0
2020,36,360213,New York,1,1,0,1,1,1,1,47,KINGS (47),4170,NEW YORK CITY,28,28,4,April,2020,3,Tuesday,16,4:00pm-4:59pm,33,33,1,This section IS ON the NHS,2,Urban,3,Principal Arterial - Other,4,City or Municipal Highway Agency,6,Local Street - Municipality,ROGERS AVE,CLARENDON RD,4,4,40.64290833,40.64290833,-73.951619440,-73.951619440,0,No Special Jurisdiction,9,Pedalcyclist,0,The First Harmful Event was Not a Collision with a Motor Vehicle in Transport,0,No,3,Intersection-Related,2,Four-Way Intersection,0,None,,,1,On Roadway,1,Daylight,,,,,1,Clear,0,No,0000000,Not Applicable,99,Unknown,99,Unknown,99,Unknown EMS Scene Arrival Hour,99,Unknown EMS Scene Arrival Minutes,99,Unknown,99,Unknown EMS Hospital Arrival Time,,,,,,,1,0
2020,36,360214,New York,2,2,0,0,0,2,2,63,NIAGARA (63),3220,LEWISTON,7,7,5,May,2020,5,Thursday,2,2:00am-2:59am,14,14,0,This section IS NOT on the NHS,2,Urban,7,Local,3,Town or Township Highway Agency,5,Local Street - Township,GARLOW RD,,0,None,43.14352500,43.14352500,-78.971344440,-78.971344440,3,Indian Reservation,12,Motor Vehicle In-Transport,6,Angle,0,No,1,Non-Junction,1,Not an Intersection,0,None,,,1,On Roadway,2,Dark - Not Lighted,,,,,1,Clear,0,No,0000000,Not Applicable,2,2:00am-2:59am,14,14,2,2:00am-2:59am,16,16,88,"Not Applicable (Not Transported) ",88,Not Applicable (Not Transported),,,,,,,1,1
2020,36,360215,New York,1,1,0,0,0,1,1,81,QUEENS (81),4170,MIDDLE VILLAGE,28,28,4,April,2020,3,Tuesday,19,7:00pm-7:59pm,37,37,1,This section IS ON the NHS,2,Urban,2,Principal Arterial - Other Freeways and Expressways,1,State Highway Agency,3,State Highway,SR-907A CROSS ISLAND PKWY,,99998,Not Reported,40.78964444,40.78964444,-73.822416670,-73.822416670,0,No Special Jurisdiction,21,Bridge Pier or Support,0,The First Harmful Event was Not a Collision with a Motor Vehicle in Transport,0,No,5,Entrance/Exit Ramp Related,1,Not an Intersection,1,Construction,,,4,On Roadside,1,Daylight,,,,,1,Clear,0,No,0000000,Not Applicable,99,Unknown,99,Unknown,99,Unknown EMS Scene Arrival Hour,99,Unknown EMS Scene Arrival Minutes,88,"Not Applicable (Not Transported) ",88,Not Applicable (Not Transported),,,,,,,1,1
2020,36,360216,New York,2,2,0,0,0,4,4,27,DUTCHESS (27),5030,POUGHKEEPSIE,28,28,4,April,2020,3,Tuesday,19,7:00pm-7:59pm,58,58,1,This section IS ON the NHS,2,Urban,3,Principal Arterial - Other,1,State Highway Agency,2,U.S. Highway,US-44 BAKER ST,NY-115 WORRALL AVE,99998,Not Reported,41.69549167,41.69549167,-73.909266670,-73.909266670,0,No Special Jurisdiction,12,Motor Vehicle In-Transport,6,Angle,0,No,2,Intersection,2,Four-Way Intersection,0,None,,,1,On Roadway,5,Dusk,,,,,1,Clear,0,No,0000000,Not Applicable,19,7:00pm-7:59pm,58,58,20,8:00pm-8:59pm,3,3,20,8:00pm-8:59pm,20,20,,,,,,,1,0
2020,36,360217,New York,2,2,0,0,0,2,2,55,MONROE (55),5230,ROCHESTER,3,3,5,May,2020,1,Sunday,4,4:00am-4:59am,26,26,1,This section IS ON the NHS,2,Urban,2,Principal Arterial - Other Freeways and Expressways,1,State Highway Agency,3,State Highway,SR-940T INNER LOOP EXPY,,99998,Not Reported,43.16125556,43.16125556,-77.605822220,-77.605822220,0,No Special Jurisdiction,12,Motor Vehicle In-Transport,2,Front-to-Front,0,No,1,Non-Junction,1,Not an Intersection,0,None,,,1,On Roadway,3,Dark - Lighted,,,,,10,Cloudy,0,No,0000000,Not Applicable,4,4:00am-4:59am,29,29,4,4:00am-4:59am,40,40,88,"Not Applicable (Not Transported) ",88,Not Applicable (Not Transported),,,,,,,1,0
2020,36,360218,New York,2,1,1,0,1,1,2,119,WESTCHESTER (119),4120,NEW ROCHELLE,7,7,5,May,2020,5,Thursday,11,11:00am-11:59am,58,58,1,This section IS ON the NHS,2,Urban,3,Principal Arterial - Other,4,City or Municipal Highway Agency,6,Local Street - Municipality,NORTH AVE,,17,17,40.92626389,40.92626389,-73.788991670,-73.788991670,0,No Special Jurisdiction,14,Parked Motor Vehicle,0,The First Harmful Event was Not a Collision with a Motor Vehicle in Transport,0,No,1,Non-Junction,1,Not an Intersection,0,None,,,7,In Parking Lane/Zone,1,Daylight,,,,,1,Clear,0,No,0000000,Not Applicable,12,12:00pm-12:59pm,5,5,99,Unknown EMS Scene Arrival Hour,99,Unknown EMS Scene Arrival Minutes,88,"Not Applicable (Not Transported) ",88,Not Applicable (Not Transported),,,,,,,1,0
2020,36,360219,New York,2,2,0,0,0,5,5,17,CHENANGO (17),2400,GREENE,9,9,5,May,2020,7,Saturday,21,9:00pm-9:59pm,51,51,0,This section IS NOT on the NHS,1,Rural,6,Minor Collector,1,State Highway Agency,3,State Highway,SR-206,SR-235,99998,Not Reported,42.31603056,42.31603056,-75.638466670,-75.638466670,0,No Special Jurisdiction,12,Motor Vehicle In-Transport,6,Angle,0,No,2,Intersection,2,Four-Way Intersection,0,None,,,1,On Roadway,2,Dark - Not Lighted,,,,,10,Cloudy,0,No,0000000,Not Applicable,21,9:00pm-9:59pm,51,51,22,10:00pm-10:59pm,0,0,99,Unknown,99,Unknown EMS Hospital Arrival Time,,,,,,,1,0
2020,36,360220,New York,1,1,0,0,0,1,1,27,DUTCHESS (27),2785,HOPEWELL JUNCTION,10,10,5,May,2020,1,Sunday,5,5:00am-5:59am,45,45,1,This section IS ON the NHS,2,Urban,1,Interstate,1,State Highway Agency,1,Interstate,I-84,,99998,Not Reported,41.54125000,41.54125000,-73.711475000,-73.711475000,0,No Special Jurisdiction,42,Tree (Standing Only),0,The First Harmful Event was Not a Collision with a Motor Vehicle in Transport,0,No,1,Non-Junction,1,Not an Intersection,0,None,,,4,On Roadside,1,Daylight,,,,,1,Clear,0,No,0000000,Not Applicable,7,7:00am-7:59am,10,10,7,7:00am-7:59am,39,39,88,"Not Applicable (Not Transported) ",88,Not Applicable (Not Transported),,,,,,,1,0
2020,36,360221,New York,1,1,0,0,0,1,1,59,NASSAU (59),2600,HEMPSTEAD,3,3,5,May,2020,1,Sunday,6,6:00am-6:59am,57,57,1,This section IS ON the NHS,2,Urban,2,Principal Arterial - Other Freeways and Expressways,1,State Highway Agency,3,State Highway,SR-908M SOUTHERN STATE PKWY,,99998,Not Reported,40.68271111,40.68271111,-73.690638890,-73.690638890,0,No Special Jurisdiction,35,Embankment,0,The First Harmful Event was Not a Collision with a Motor Vehicle in Transport,0,No,1,Non-Junction,1,Not an Intersection,0,None,,,4,On Roadside,1,Daylight,,,,,10,Cloudy,0,No,0000000,Not Applicable,7,7:00am-7:59am,1,1,7,7:00am-7:59am,6,6,88,"Not Applicable (Not Transported) ",88,Not Applicable (Not Transported),,,,,,,1,0
2020,36,360222,New York,1,1,0,1,1,1,1,109,TOMPKINS (109),2460,GROTON,3,3,5,May,2020,1,Sunday,18,6:00pm-6:59pm,36,36,0,This section IS NOT on the NHS,1,Rural,7,Local,2,County Highway Agency,4,County Road,CR-169 LICK ST,,99998,Not Reported,42.56315556,42.56315556,-76.342458330,-76.342458330,0,No Special Jurisdiction,8,Pedestrian,0,The First Harmful Event was Not a Collision with a Motor Vehicle in Transport,0,No,1,Non-Junction,1,Not an Intersection,0,None,,,1,On Roadway,1,Daylight,,,,,1,Clear,0,No,0000000,Not Applicable,18,6:00pm-6:59pm,36,36,18,6:00pm-6:59pm,40,40,19,7:00pm-7:59pm,13,13,,,,,,,1,1
2020,36,360223,New York,2,2,0,0,0,2,2,119,WESTCHESTER (119),1420,CROTON ON HUDSON,3,3,5,May,2020,1,Sunday,16,4:00pm-4:59pm,17,17,1,This section IS ON the NHS,2,Urban,2,Principal Arterial - Other Freeways and Expressways,1,State Highway Agency,2,U.S. Highway,US-9,,99998,Not Reported,41.20524444,41.20524444,-73.892080560,-73.892080560,0,No Special Jurisdiction,12,Motor Vehicle In-Transport,1,Front-to-Rear,0,No,1,Non-Junction,1,Not an Intersection,0,None,,,1,On Roadway,1,Daylight,,,,,1,Clear,0,No,0000000,Not Applicable,16,4:00pm-4:59pm,21,21,16,4:00pm-4:59pm,29,29,16,4:00pm-4:59pm,58,58,,,,,,,1,0
2020,36,360224,New York,1,1,0,0,0,1,1,27,DUTCHESS (27),3084,LAGRANGEVILLE,10,10,5,May,2020,1,Sunday,5,5:00am-5:59am,2,2,0,This section IS NOT on the NHS,2,Urban,5,Major Collector,1,State Highway Agency,3,State Highway,SR-82,,99998,Not Reported,41.63626667,41.63626667,-73.767063890,-73.767063890,0,No Special Jurisdiction,42,Tree (Standing Only),0,The First Harmful Event was Not a Collision with a Motor Vehicle in Transport,0,No,1,Non-Junction,1,Not an Intersection,0,None,,,4,On Roadside,2,Dark - Not Lighted,,,,,1,Clear,0,No,0000000,Not Applicable,5,5:00am-5:59am,12,12,5,5:00am-5:59am,17,17,88,"Not Applicable (Not Transported) ",88,Not Applicable (Not Transported),,,,,,,1,0
2020,36,360226,New York,1,1,0,0,0,1,1,29,ERIE (29),1170,CLARENCE,16,16,5,May,2020,7,Saturday,21,9:00pm-9:59pm,12,12,0,This section IS NOT on the NHS,2,Urban,5,Major Collector,3,Town or Township Highway Agency,5,Local Street - Township,SHISLER RD,,0,None,42.96475000,42.96475000,-78.610802780,-78.610802780,0,No Special Jurisdiction,53,Mail Box,0,The First Harmful Event was Not a Collision with a Motor Vehicle in Transport,0,No,1,Non-Junction,1,Not an Intersection,0,None,,,4,On Roadside,3,Dark - Lighted,,,,,1,Clear,0,No,0000000,Not Applicable,21,9:00pm-9:59pm,14,14,21,9:00pm-9:59pm,15,15,21,9:00pm-9:59pm,53,53,,,,,,,1,0
2020,36,360227,New York,1,1,0,0,0,1,1,109,TOMPKINS (109),2460,GROTON,16,16,5,May,2020,7,Saturday,16,4:00pm-4:59pm,21,21,0,This section IS NOT on the NHS,1,Rural,7,Local,3,Town or Township Highway Agency,5,Local Street - Township,DAVIS RD,,0,None,42.57367500,42.57367500,-76.288352780,-76.288352780,0,No Special Jurisdiction,42,Tree (Standing Only),0,The First Harmful Event was Not a Collision with a Motor Vehicle in Transport,0,No,1,Non-Junction,1,Not an Intersection,0,None,,,4,On Roadside,1,Daylight,,,,,1,Clear,0,No,0000000,Not Applicable,16,4:00pm-4:59pm,21,21,16,4:00pm-4:59pm,30,30,88,"Not Applicable (Not Transported) ",88,Not Applicable (Not Transported),,,,,,,1,1
2020,36,360228,New York,1,1,0,0,0,1,1,31,ESSEX (31),1425,CROWN POINT,17,17,5,May,2020,1,Sunday,16,4:00pm-4:59pm,39,39,0,This section IS NOT on the NHS,1,Rural,4,Minor Arterial,1,State Highway Agency,3,State Highway,SR-22E LAKE RD,,99998,Not Reported,43.99851667,43.99851667,-73.417033330,-73.417033330,0,No Special Jurisdiction,30,Utility Pole/Light Support,0,The First Harmful Event was Not a Collision with a Motor Vehicle in Transport,0,No,1,Non-Junction,1,Not an Intersection,0,None,,,4,On Roadside,1,Daylight,,,,,1,Clear,0,No,0000000,Not Applicable,16,4:00pm-4:59pm,40,40,16,4:00pm-4:59pm,56,56,88,"Not Applicable (Not Transported) ",88,Not Applicable (Not Transported),,,,,,,1,0
2020,36,360229,New York,1,1,0,0,0,3,3,37,GENESEE (37),530,BERGEN,18,18,5,May,2020,2,Monday,19,7:00pm-7:59pm,11,11,0,This section IS NOT on the NHS,1,Rural,4,Minor Arterial,3,Town or Township Highway Agency,5,Local Street - Township,TOWNLINE RD,,0,None,43.07796389,43.07796389,-77.962380560,-77.962380560,0,No Special Jurisdiction,42,Tree (Standing Only),0,The First Harmful Event was Not a Collision with a Motor Vehicle in Transport,0,No,1,Non-Junction,1,Not an Intersection,0,None,,,4,On Roadside,5,Dusk,,,,,2,Rain,0,No,0000000,Not Applicable,19,7:00pm-7:59pm,11,11,19,7:00pm-7:59pm,20,20,99,Unknown,99,Unknown EMS Hospital Arrival Time,,,,,,,1,0
2020,36,360230,New York,1,1,0,0,0,1,1,75,OSWEGO (75),140,ALTMAR,19,19,5,May,2020,3,Tuesday,16,4:00pm-4:59pm,51,51,0,This section IS NOT on the NHS,1,Rural,7,Local,3,Town or Township Highway Agency,5,Local Street - Township,AUSTIN RD,,0,None,43.48560833,43.48560833,-75.977897220,-75.977897220,0,No Special Jurisdiction,34,Ditch,0,The First Harmful Event was Not a Collision with a Motor Vehicle in Transport,0,No,1,Non-Junction,1,Not an Intersection,0,None,,,4,On Roadside,1,Daylight,,,,,10,Cloudy,0,No,0000000,Not Applicable,16,4:00pm-4:59pm,51,51,17,5:00pm-5:59pm,8,8,17,5:00pm-5:59pm,47,47,,,,,,,1,1
2020,36,360231,New York,1,1,0,0,0,1,1,29,ERIE (29),6090,TONAWANDA,19,19,5,May,2020,3,Tuesday,20,8:00pm-8:59pm,49,49,1,This section IS ON the NHS,1,Rural,1,Interstate,1,State Highway Agency,1,Interstate,I-190,,99998,Not Reported,99.99990000,99.99990000,999.999900000,999.999900000,0,No Special Jurisdiction,26,Other Traffic Barrier,0,The First Harmful Event was Not a Collision with a Motor Vehicle in Transport,0,No,1,Non-Junction,1,Not an Intersection,0,None,,,3,On Median,3,Dark - Lighted,,,,,10,Cloudy,0,No,0000000,Not Applicable,99,Unknown,99,Unknown,99,Unknown EMS Scene Arrival Hour,99,Unknown EMS Scene Arrival Minutes,88,"Not Applicable (Not Transported) ",88,Not Applicable (Not Transported),,,,,,,1,1
2020,36,360233,New York,1,1,0,0,0,1,1,81,QUEENS (81),4170,MIDDLE VILLAGE,20,20,5,May,2020,4,Wednesday,3,3:00am-3:59am,10,10,1,This section IS ON the NHS,2,Urban,3,Principal Arterial - Other,1,State Highway Agency,3,State Highway,SR-907A CROSS ISLAND PKWY,,99998,Not Reported,99.99990000,99.99990000,999.999900000,999.999900000,0,No Special Jurisdiction,42,Tree (Standing Only),0,The First Harmful Event was Not a Collision with a Motor Vehicle in Transport,1,Yes,5,Entrance/Exit Ramp Related,1,Not an Intersection,0,None,,,10,Separator,3,Dark - Lighted,,,,,1,Clear,0,No,0000000,Not Applicable,99,Unknown,99,Unknown,99,Unknown EMS Scene Arrival Hour,99,Unknown EMS Scene Arrival Minutes,99,Unknown,99,Unknown EMS Hospital Arrival Time,,,,,,,1,0
2020,36,360234,New York,1,1,0,0,0,1,1,75,OSWEGO (75),1200,CLEVELAND,20,20,5,May,2020,4,Wednesday,16,4:00pm-4:59pm,30,30,0,This section IS NOT on the NHS,2,Urban,7,Local,3,Town or Township Highway Agency,5,Local Street - Township,NORTH ST,,0,None,43.24883611,43.24883611,-75.872902780,-75.872902780,0,No Special Jurisdiction,42,Tree (Standing Only),0,The First Harmful Event was Not a Collision with a Motor Vehicle in Transport,0,No,1,Non-Junction,1,Not an Intersection,0,None,,,4,On Roadside,1,Daylight,,,,,1,Clear,0,No,0000000,Not Applicable,16,4:00pm-4:59pm,35,35,16,4:00pm-4:59pm,45,45,88,"Not Applicable (Not Transported) ",88,Not Applicable (Not Transported),,,,,,,1,1
2020,36,360235,New York,1,1,0,1,1,1,1,11,CAYUGA (11),310,AUBURN,14,14,5,May,2020,5,Thursday,21,9:00pm-9:59pm,46,46,0,This section IS NOT on the NHS,2,Urban,4,Minor Arterial,4,City or Municipal Highway Agency,6,Local Street - Municipality,LOOP RD,GENESEE ST,0,None,42.93251667,42.93251667,-76.564563890,-76.564563890,0,No Special Jurisdiction,8,Pedestrian,0,The First Harmful Event was Not a Collision with a Motor Vehicle in Transport,0,No,3,Intersection-Related,2,Four-Way Intersection,0,None,,,1,On Roadway,3,Dark - Lighted,,,,,2,Rain,0,No,0000000,Not Applicable,21,9:00pm-9:59pm,46,46,21,9:00pm-9:59pm,48,48,22,10:00pm-10:59pm,50,50,,,,,,,1,0
2020,36,360236,New York,1,1,0,1,1,1,1,59,NASSAU (59),2600,HEMPSTEAD,17,17,5,May,2020,1,Sunday,20,8:00pm-8:59pm,34,34,1,This section IS ON the NHS,2,Urban,3,Principal Arterial - Other,1,State Highway Agency,3,State Highway,SR-24 HEMPSTEAD TPK,WESTMINSTER RD,99998,Not Reported,40.70500556,40.70500556,-73.643591670,-73.643591670,0,No Special Jurisdiction,8,Pedestrian,0,The First Harmful Event was Not a Collision with a Motor Vehicle in Transport,0,No,3,Intersection-Related,2,Four-Way Intersection,0,None,,,1,On Roadway,2,Dark - Not Lighted,,,,,1,Clear,0,No,0000000,Not Applicable,20,8:00pm-8:59pm,36,36,20,8:00pm-8:59pm,37,37,20,8:00pm-8:59pm,53,53,,,,,,,1,0
2020,36,360237,New York,1,1,0,1,1,1,1,37,GENESEE (37),530,BERGEN,18,18,5,May,2020,2,Monday,11,11:00am-11:59am,49,49,0,This section IS NOT on the NHS,1,Rural,5,Major Collector,1,State Highway Agency,3,State Highway,SR-262 TOWNLINE RD,,99998,Not Reported,43.07786111,43.07786111,-77.946255560,-77.946255560,0,No Special Jurisdiction,8,Pedestrian,0,The First Harmful Event was Not a Collision with a Motor Vehicle in Transport,0,No,1,Non-Junction,1,Not an Intersection,0,None,,,2,On Shoulder,1,Daylight,,,,,10,Cloudy,0,No,0000000,Not Applicable,11,11:00am-11:59am,49,49,11,11:00am-11:59am,53,53,99,Unknown,99,Unknown EMS Hospital Arrival Time,,,,,,,1,0
2020,36,360238,New York,1,1,0,1,1,1,1,55,MONROE (55),2606,HENRIETTA,19,19,5,May,2020,3,Tuesday,16,4:00pm-4:59pm,0,0,0,This section IS NOT on the NHS,2,Urban,4,Minor Arterial,1,State Highway Agency,3,State Highway,SR-18 W HENRIETTA RD,MARTIN RD,99998,Not Reported,43.02565000,43.02565000,-77.668436110,-77.668436110,0,No Special Jurisdiction,9,Pedalcyclist,0,The First Harmful Event was Not a Collision with a Motor Vehicle in Transport,0,No,3,Intersection-Related,2,Four-Way Intersection,0,None,,,1,On Roadway,1,Daylight,,,,,1,Clear,0,No,0000000,Not Applicable,16,4:00pm-4:59pm,0,0,16,4:00pm-4:59pm,4,4,88,"Not Applicable (Not Transported) ",88,Not Applicable (Not Transported),,,,,,,1,0
2020,36,360239,New York,1,1,0,1,1,3,3,61,NEW YORK (61),4170,NEW YORK,20,20,5,May,2020,4,Wednesday,18,6:00pm-6:59pm,24,24,0,This section IS NOT on the NHS,2,Urban,4,Minor Arterial,4,City or Municipal Highway Agency,6,Local Street - Municipality,5TH AVE,E 97TH ST,0,None,40.78857500,40.78857500,-73.955277780,-73.955277780,0,No Special Jurisdiction,8,Pedestrian,0,The First Harmful Event was Not a Collision with a Motor Vehicle in Transport,0,No,3,Intersection-Related,2,Four-Way Intersection,0,None,,,1,On Roadway,1,Daylight,,,,,1,Clear,0,No,0000000,Not Applicable,99,Unknown,99,Unknown,99,Unknown EMS Scene Arrival Hour,99,Unknown EMS Scene Arrival Minutes,99,Unknown,99,Unknown EMS Hospital Arrival Time,,,,,,,1,0