caseyear,state,st_case,statename,ve_total,ve_forms,pvh_invl,peds,pernotmvit,permvit,persons,county,countyname,city,cityname,day,dayname,month,monthname,year,day_week,day_weekname,hour,hourname,minute,minutename,nhs,nhsname,rur_urb,rur_urbname,func_sys,func_sysname,rd_owner,rd_ownername,route,routename,tway_id,tway_id2,milept,mileptname,latitude,latitudename,longitud,longitudname,sp_jur,sp_jurname,harm_ev,harm_evname,man_coll,man_collname,reljct1,reljct1name,reljct2,reljct2name,typ_int,typ_intname,wrk_zone,wrk_zonename,road_fnc,road_fncname,rel_road,rel_roadname,lgt_cond,lgt_condname,weather1,weather1name,weather2,weather2name,weather,weathername,sch_bus,sch_busname,rail,railname,not_hour,not_hourname,not_min,not_minname,arr_hour,arr_hourname,arr_min,arr_minname,hosp_hr,hosp_hrname,hosp_mn,hosp_mnname,cf1,cf1name,cf2,cf2name,cf3,cf3name,fatals,drunk_dr
2020,36,360318,New York,2,2,0,0,0,2,2,37,GENESEE (37),5947,STAFFORD,26,26,6,June,2020,6,Friday,11,11:00am-11:59am,6,6,0,This section IS NOT on the NHS,1,Rural,7,Local,2,County Highway Agency,4,County Road,CR-15 BETHENY CTR RD,,0,None,42.95960278,42.95960278,-78.133461110,-78.133461110,0,No Special Jurisdiction,12,Motor Vehicle In-Transport,6,Angle,0,No,8,Driveway Access Related,1,Not an Intersection,0,None,,,1,On Roadway,1,Daylight,,,,,1,Clear,0,No,0000000,Not Applicable,11,11:00am-11:59am,8,8,11,11:00am-11:59am,23,23,88,"Not Applicable (Not Transported) ",88,Not Applicable (Not Transported),,,,,,,1,0
2020,36,360319,New York,1,1,0,0,0,1,1,111,ULSTER (111),6491,WAWARSING,26,26,6,June,2020,6,Friday,15,3:00pm-3:59pm,19,19,0,This section IS NOT on the NHS,1,Rural,7,Local,2,County Highway Agency,4,County Road,CR-52 ULSTER HEIGHTS RD,,0,None,41.76918889,41.76918889,-74.481769440,-74.481769440,0,No Special Jurisdiction,43,Other Fixed Object,0,The First Harmful Event was Not a Collision with a Motor Vehicle in Transport,0,No,1,Non-Junction,1,Not an Intersection,0,None,,,4,On Roadside,1,Daylight,,,,,1,Clear,0,No,0000000,Not Applicable,15,3:00pm-3:59pm,19,19,15,3:00pm-3:59pm,32,32,88,"Not Applicable (Not Transported) ",88,Not Applicable (Not Transported),,,,,,,1,0
2020,36,360320,New York,2,2,0,0,0,3,3,29,ERIE (29),750,BUFFALO,27,27,6,June,2020,7,Saturday,17,5:00pm-5:59pm,45,45,0,This section IS NOT on the NHS,2,Urban,7,Local,4,City or Municipal Highway Agency,6,Local Street - Municipality,SYCAMORE ST,HERMAN ST,0,None,42.89595556,42.89595556,-78.844619440,-78.844619440,0,No Special Jurisdiction,12,Motor Vehicle In-Transport,6,Angle,0,No,2,Intersection,2,Four-Way Intersection,0,None,,,1,On Roadway,1,Daylight,,,,,1,Clear,0,No,0000000,Not Applicable,17,5:00pm-5:59pm,45,45,99,Unknown EMS Scene Arrival Hour,99,Unknown EMS Scene Arrival Minutes,99,Unknown,99,Unknown EMS Hospital Arrival Time,,,,,,,1,0
2020,36,360321,New York,3,3,0,0,0,4,4,71,ORANGE (71),4060,NEWBURGH,23,23,6,June,2020,3,Tuesday,16,4:00pm-4:59pm,20,20,1,This section IS ON the NHS,2,Urban,1,Interstate,1,State Highway Agency,1,Interstate,I-84,,99998,Not Reported,41.51336111,41.51336111,-74.052411110,-74.052411110,0,No Special Jurisdiction,12,Motor Vehicle In-Transport,1,Front-to-Rear,0,No,1,Non-Junction,1,Not an Intersection,0,None,,,1,On Roadway,1,Daylight,,,,,1,Clear,0,No,0000000,Not Applicable,16,4:00pm-4:59pm,20,20,16,4:00pm-4:59pm,30,30,17,5:00pm-5:59pm,14,14,,,,,,,1,0
2020,36,360322,New York,1,1,0,0,0,1,1,103,SUFFOLK (103),360,BABYLON,25,25,1,January,2020,7,Saturday,23,11:00pm-11:59pm,32,32,1,This section IS ON the NHS,2,Urban,2,Principal Arterial - Other Freeways and Expressways,1,State Highway Agency,3,State Highway,SR-908M SOUTHERN STATE PKWY,,99998,Not Reported,40.72025556,40.72025556,-73.401652780,-73.401652780,0,No Special Jurisdiction,30,Utility Pole/Light Support,0,The First Harmful Event was Not a Collision with a Motor Vehicle in Transport,0,No,1,Non-Junction,1,Not an Intersection,0,None,,,4,On Roadside,3,Dark - Lighted,,,,,10,Cloudy,0,No,0000000,Not Applicable,23,11:00pm-11:59pm,32,32,23,11:00pm-11:59pm,48,48,88,"Not Applicable (Not Transported) ",88,Not Applicable (Not Transported),,,,,,,1,0
2020,36,360323,New York,1,1,0,4,4,1,1,55,MONROE (55),6510,WEBSTER,20,20,6,June,2020,7,Saturday,20,8:00pm-8:59pm,52,52,0,This section IS NOT on the NHS,2,Urban,4,Minor Arterial,1,State Highway Agency,3,State Highway,SR-404 EMPIRE BLVD,,99998,Not Reported,43.20370278,43.20370278,-77.493538890,-77.493538890,0,No Special Jurisdiction,8,Pedestrian,0,The First Harmful Event was Not a Collision with a Motor Vehicle in Transport,0,No,1,Non-Junction,1,Not an Intersection,0,None,,,2,On Shoulder,5,Dusk,,,,,1,Clear,0,No,0000000,Not Applicable,20,8:00pm-8:59pm,52,52,20,8:00pm-8:59pm,56,56,99,Unknown,99,Unknown EMS Hospital Arrival Time,,,,,,,1,0
2020,36,360325,New York,1,1,0,0,0,1,1,103,SUFFOLK (103),5210,RIVERHEAD,21,21,6,June,2020,1,Sunday,12,12:00pm-12:59pm,5,5,1,This section IS ON the NHS,2,Urban,1,Interstate,1,State Highway Agency,1,Interstate,I-495 RAMP,,99998,Not Reported,40.92157778,40.92157778,-72.720644440,-72.720644440,0,No Special Jurisdiction,31,"Post, Pole or Other Supports",0,The First Harmful Event was Not a Collision with a Motor Vehicle in Transport,1,Yes,5,Entrance/Exit Ramp Related,1,Not an Intersection,0,None,,,4,On Roadside,1,Daylight,,,,,1,Clear,0,No,0000000,Not Applicable,12,12:00pm-12:59pm,5,5,12,12:00pm-12:59pm,11,11,13,1:00pm-1:59pm,8,8,,,,,,,1,0
2020,36,360326,New York,1,1,0,0,0,2,2,113,WARREN (113),3100,LAKE GEORGE,21,21,6,June,2020,1,Sunday,11,11:00am-11:59am,20,20,1,This section IS ON the NHS,2,Urban,1,Interstate,1,State Highway Agency,1,Interstate,I-87,,99998,Not Reported,43.42033333,43.42033333,-73.721838890,-73.721838890,0,No Special Jurisdiction,24,Guardrail Face,0,The First Harmful Event was Not a Collision with a Motor Vehicle in Transport,0,No,1,Non-Junction,1,Not an Intersection,0,None,,,4,On Roadside,1,Daylight,,,,,10,Cloudy,0,No,0000000,Not Applicable,11,11:00am-11:59am,20,20,11,11:00am-11:59am,27,27,99,Unknown,99,Unknown EMS Hospital Arrival Time,,,,,,,1,0
2020,36,360327,New York,2,2,0,0,0,6,6,61,NEW YORK (61),4170,NEW YORK,27,27,6,June,2020,7,Saturday,4,4:00am-4:59am,48,48,0,This section IS NOT on the NHS,2,Urban,5,Major Collector,4,City or Municipal Highway Agency,6,Local Street - Municipality,BROADWAY,W 145TH ST,0,None,40.82640000,40.82640000,-73.950369440,-73.950369440,0,No Special Jurisdiction,12,Motor Vehicle In-Transport,6,Angle,0,No,2,Intersection,2,Four-Way Intersection,0,None,,,1,On Roadway,3,Dark - Lighted,,,,,1,Clear,0,No,0000000,Not Applicable,99,Unknown,99,Unknown,99,Unknown EMS Scene Arrival Hour,99,Unknown EMS Scene Arrival Minutes,99,Unknown,99,Unknown EMS Hospital Arrival Time,,,,,,,1,0
2020,36,360328,New York,3,3,0,0,0,3,3,65,ONEIDA (65),800,CAMDEN,21,21,6,June,2020,1,Sunday,18,6:00pm-6:59pm,53,53,0,This section IS NOT on the NHS,1,Rural,7,Local,2,County Highway Agency,4,County Road,CR-68 RIVER RD,,99998,Not Reported,43.35781944,43.35781944,-75.746777780,-75.746777780,0,No Special Jurisdiction,12,Motor Vehicle In-Transport,2,Front-to-Front,0,No,1,Non-Junction,1,Not an Intersection,0,None,,,1,On Roadway,1,Daylight,,,,,1,Clear,0,No,0000000,Not Applicable,18,6:00pm-6:59pm,55,55,18,6:00pm-6:59pm,57,57,19,7:00pm-7:59pm,54,54,,,,,,,2,0
2020,36,360329,New York,2,2,0,0,0,3,3,47,KINGS (47),4170,NEW YORK CITY,21,21,6,June,2020,1,Sunday,4,4:00am-4:59am,8,8,0,This section IS NOT on the NHS,2,Urban,7,Local,4,City or Municipal Highway Agency,6,Local Street - Municipality,WINTHROP ST,E 92ND ST,99998,Not Reported,40.66024722,40.66024722,-73.925747220,-73.925747220,0,No Special Jurisdiction,12,Motor Vehicle In-Transport,6,Angle,0,No,2,Intersection,2,Four-Way Intersection,0,None,,,1,On Roadway,3,Dark - Lighted,,,,,1,Clear,0,No,0000000,Not Applicable,99,Unknown,99,Unknown,99,Unknown EMS Scene Arrival Hour,99,Unknown EMS Scene Arrival Minutes,99,Unknown,99,Unknown EMS Hospital Arrival Time,,,,,,,1,1
2020,36,360330,New York,1,1,0,0,0,1,1,119,WESTCHESTER (119),2555,HARRISON,27,27,6,June,2020,7,Saturday,4,4:00am-4:59am,21,21,1,This section IS ON the NHS,2,Urban,1,Interstate,1,State Highway Agency,1,Interstate,I-287,,99998,Not Reported,41.03234444,41.03234444,-73.752625000,-73.752625000,0,No Special Jurisdiction,31,"Post, Pole or Other Supports",0,The First Harmful Event was Not a Collision with a Motor Vehicle in Transport,0,No,1,Non-Junction,1,Not an Intersection,0,None,,,4,On Roadside,2,Dark - Not Lighted,,,,,1,Clear,0,No,0000000,Not Applicable,5,5:00am-5:59am,7,7,5,5:00am-5:59am,47,47,88,"Not Applicable (Not Transported) ",88,Not Applicable (Not Transported),,,,,,,1,1
2020,36,360331,New York,5,5,0,0,0,14,14,5,BRONX (5),4170,NEW YORK CITY,21,21,6,June,2020,1,Sunday,21,9:00pm-9:59pm,23,23,1,This section IS ON the NHS,2,Urban,3,Principal Arterial - Other,4,City or Municipal Highway Agency,6,Local Street - Municipality,CITY ISLAND RD,,99998,Not Reported,40.86417778,40.86417778,-73.812702780,-73.812702780,0,No Special Jurisdiction,12,Motor Vehicle In-Transport,7,Sideswipe - Same Direction,0,No,1,Non-Junction,1,Not an Intersection,0,None,,,1,On Roadway,3,Dark - Lighted,,,,,1,Clear,0,No,0000000,Not Applicable,99,Unknown,99,Unknown,99,Unknown EMS Scene Arrival Hour,99,Unknown EMS Scene Arrival Minutes,99,Unknown,99,Unknown EMS Hospital Arrival Time,,,,,,,2,0
2020,36,360332,New York,1,1,0,1,1,1,1,59,NASSAU (59),2600,HEMPSTEAD,19,19,4,April,2020,1,Sunday,22,10:00pm-10:59pm,22,22,0,This section IS NOT on the NHS,2,Urban,7,Local,3,Town or Township Highway Agency,5,Local Street - Township,JERUSALEM AVE,,0,None,40.70234722,40.70234722,-73.606761110,-73.606761110,0,No Special Jurisdiction,8,Pedestrian,0,The First Harmful Event was Not a Collision with a Motor Vehicle in Transport,0,No,1,Non-Junction,1,Not an Intersection,0,None,,,1,On Roadway,3,Dark - Lighted,,,,,1,Clear,0,No,0000000,Not Applicable,99,Unknown,99,Unknown,99,Unknown EMS Scene Arrival Hour,99,Unknown EMS Scene Arrival Minutes,99,Unknown,99,Unknown EMS Hospital Arrival Time,,,,,,,1,1
2020,36,360333,New York,2,2,0,0,0,2,2,81,QUEENS (81),4170,MIDDLE VILLAGE,29,29,6,June,2020,2,Monday,14,2:00pm-2:59pm,41,41,0,This section IS NOT on the NHS,2,Urban,4,Minor Arterial,4,City or Municipal Highway Agency,6,Local Street - Municipality,ROCKAWAY FWY,BEACH 108TH ST,99998,Not Reported,40.58259167,40.58259167,-73.830227780,-73.830227780,0,No Special Jurisdiction,12,Motor Vehicle In-Transport,6,Angle,0,No,2,Intersection,2,Four-Way Intersection,0,None,,,1,On Roadway,1,Daylight,,,,,1,Clear,0,No,0000000,Not Applicable,14,2:00pm-2:59pm,43,43,99,Unknown EMS Scene Arrival Hour,99,Unknown EMS Scene Arrival Minutes,99,Unknown,99,Unknown EMS Hospital Arrival Time,,,,,,,1,1
2020,36,360334,New York,7,2,5,0,0,3,3,81,QUEENS (81),4170,MIDDLE VILLAGE,30,30,6,June,2020,3,Tuesday,0,0:00am-0:59am,24,24,0,This section IS NOT on the NHS,2,Urban,7,Local,4,City or Municipal Highway Agency,6,Local Street - Municipality,35TH AVE,95TH ST,0,None,40.75314167,40.75314167,-73.872627780,-73.872627780,0,No Special Jurisdiction,12,Motor Vehicle In-Transport,6,Angle,0,No,2,Intersection,3,T-Intersection,0,None,,,1,On Roadway,3,Dark - Lighted,,,,,1,Clear,0,No,0000000,Not Applicable,99,Unknown,99,Unknown,99,Unknown EMS Scene Arrival Hour,99,Unknown EMS Scene Arrival Minutes,99,Unknown,99,Unknown EMS Hospital Arrival Time,,,,,,,1,0
2020,36,360335,New York,3,3,0,0,0,3,3,81,QUEENS (81),4170,MIDDLE VILLAGE,30,30,6,June,2020,3,Tuesday,12,12:00pm-12:59pm,58,58,1,This section IS ON the NHS,2,Urban,3,Principal Arterial - Other,4,City or Municipal Highway Agency,6,Local Street - Municipality,METROPOLITAN AVE,RENTAR PLAZA,0,None,40.71229444,40.71229444,-73.889405560,-73.889405560,0,No Special Jurisdiction,12,Motor Vehicle In-Transport,7,Sideswipe - Same Direction,0,No,3,Intersection-Related,3,T-Intersection,0,None,,,1,On Roadway,1,Daylight,,,,,1,Clear,0,No,0000000,Not Applicable,13,1:00pm-1:59pm,1,1,13,1:00pm-1:59pm,15,15,13,1:00pm-1:59pm,43,43,,,,,,,1,0
2020,36,360336,New York,4,2,2,0,0,4,4,5,BRONX (5),4170,NEW YORK CITY,30,30,6,June,2020,3,Tuesday,18,6:00pm-6:59pm,24,24,0,This section IS NOT on the NHS,2,Urban,7,Local,4,City or Municipal Highway Agency,6,Local Street - Municipality,OAK POINT AVE,MANIDA ST,0,None,40.81005556,40.81005556,-73.887238890,-73.887238890,0,No Special Jurisdiction,12,Motor Vehicle In-Transport,6,Angle,0,No,2,Intersection,2,Four-Way Intersection,0,None,,,1,On Roadway,1,Daylight,,,,,1,Clear,0,No,0000000,Not Applicable,99,Unknown,99,Unknown,99,Unknown EMS Scene Arrival Hour,99,Unknown EMS Scene Arrival Minutes,99,Unknown,99,Unknown EMS Hospital Arrival Time,,,,,,,1,0
2020,36,360337,New York,1,1,0,0,0,1,1,119,WESTCHESTER (119),6820,YONKERS,22,22,6,June,2020,2,Monday,2,2:00am-2:59am,54,54,1,This section IS ON the NHS,2,Urban,2,Principal Arterial - Other Freeways and Expressways,1,State Highway Agency,3,State Highway,"SR-987D SAW MILL RIVER PKWY ",,99998,Not Reported,40.92869444,40.92869444,-73.879175000,-73.879175000,0,No Special Jurisdiction,24,Guardrail Face,0,The First Harmful Event was Not a Collision with a Motor Vehicle in Transport,0,No,5,Entrance/Exit Ramp Related,1,Not an Intersection,0,None,,,4,On Roadside,3,Dark - Lighted,,,,,1,Clear,0,No,0000000,Not Applicable,2,2:00am-2:59am,54,54,3,3:00am-3:59am,0,0,3,3:00am-3:59am,51,51,,,,,,,1,0
2020,36,360338,New York,1,1,0,1,1,1,1,81,QUEENS (81),4170,MIDDLE VILLAGE,22,22,6,June,2020,2,Monday,13,1:00pm-1:59pm,30,30,1,This section IS ON the NHS,2,Urban,3,Principal Arterial - Other,4,City or Municipal Highway Agency,7,Local Street - Frontage Road,CROSS BAY BLVD SERVICE RD,,99998,Not Reported,40.67988333,40.67988333,-73.844238890,-73.844238890,0,No Special Jurisdiction,8,Pedestrian,0,The First Harmful Event was Not a Collision with a Motor Vehicle in Transport,0,No,1,Non-Junction,1,Not an Intersection,0,None,,,4,On Roadside,1,Daylight,,,,,1,Clear,0,No,0000000,Not Applicable,13,1:00pm-1:59pm,31,31,13,1:00pm-1:59pm,34,34,13,1:00pm-1:59pm,46,46,,,,,,,1,0
2020,36,360339,New York,1,1,0,0,0,2,2,59,NASSAU (59),2600,HEMPSTEAD,1,1,7,July,2020,4,Wednesday,1,1:00am-1:59am,0,0,0,This section IS NOT on the NHS,2,Urban,7,Local,3,Town or Township Highway Agency,5,Local Street - Township,GARDINERS AVE,,0,None,40.71010833,40.71010833,-73.514619440,-73.514619440,0,No Special Jurisdiction,42,Tree (Standing Only),0,The First Harmful Event was Not a Collision with a Motor Vehicle in Transport,0,No,1,Non-Junction,1,Not an Intersection,0,None,,,4,On Roadside,3,Dark - Lighted,,,,,1,Clear,0,No,0000000,Not Applicable,1,1:00am-1:59am,5,5,1,1:00am-1:59am,20,20,1,1:00am-1:59am,28,28,,,,,,,1,0
2020,36,360340,New York,1,1,0,0,0,1,1,107,TIOGA (107),4040,NEWARK VALLEY,2,2,7,July,2020,5,Thursday,20,8:00pm-8:59pm,36,36,0,This section IS NOT on the NHS,1,Rural,4,Minor Arterial,1,State Highway Agency,3,State Highway,SR-38,,99998,Not Reported,42.18856111,42.18856111,-76.204905560,-76.204905560,0,No Special Jurisdiction,59,"Traffic Sign Support ",0,The First Harmful Event was Not a Collision with a Motor Vehicle in Transport,0,No,1,Non-Junction,1,Not an Intersection,0,None,,,4,On Roadside,5,Dusk,,,,,1,Clear,0,No,0000000,Not Applicable,20,8:00pm-8:59pm,36,36,20,8:00pm-8:59pm,40,40,21,9:00pm-9:59pm,41,41,,,,,,,1,0
2020,36,360341,New York,6,1,5,1,1,1,1,47,KINGS (47),4170,NEW YORK CITY,23,23,6,June,2020,3,Tuesday,0,0:00am-0:59am,32,32,0,This section IS NOT on the NHS,2,Urban,7,Local,4,City or Municipal Highway Agency,6,Local Street - Municipality,AVENUE N,E 98TH ST,99998,Not Reported,40.63605833,40.63605833,-73.890719440,-73.890719440,0,No Special Jurisdiction,15,Non-Motorist on Personal Conveyance,0,The First Harmful Event was Not a Collision with a Motor Vehicle in Transport,0,No,3,Intersection-Related,2,Four-Way Intersection,0,None,,,1,On Roadway,3,Dark - Lighted,,,,,1,Clear,0,No,0000000,Not Applicable,0,0:00am-0:59am,32,32,99,Unknown EMS Scene Arrival Hour,99,Unknown EMS Scene Arrival Minutes,99,Unknown,99,Unknown EMS Hospital Arrival Time,,,,,,,1,0
2020,36,360342,New York,1,1,0,0,0,1,1,65,ONEIDA (65),3542,MARCY,2,2,7,July,2020,5,Thursday,16,4:00pm-4:59pm,56,56,1,This section IS ON the NHS,1,Rural,2,Principal Arterial - Other Freeways and Expressways,1,State Highway Agency,3,State Highway,SR-49,,99998,Not Reported,43.15390833,43.15390833,-75.303500000,-75.303500000,0,No Special Jurisdiction,24,Guardrail Face,0,The First Harmful Event was Not a Collision with a Motor Vehicle in Transport,0,No,1,Non-Junction,1,Not an Intersection,0,None,,,4,On Roadside,1,Daylight,,,,,10,Cloudy,0,No,0000000,Not Applicable,16,4:00pm-4:59pm,59,59,17,5:00pm-5:59pm,10,10,88,"Not Applicable (Not Transported) ",88,Not Applicable (Not Transported),,,,,,,1,0
2020,36,360343,New York,1,1,0,0,0,1,1,59,NASSAU (59),2600,HEMPSTEAD,2,2,7,July,2020,5,Thursday,14,2:00pm-2:59pm,30,30,0,This section IS NOT on the NHS,2,Urban,4,Minor Arterial,3,Town or Township Highway Agency,5,Local Street - Township,MERRICK AVE,,0,None,40.74135278,40.74135278,-73.585066670,-73.585066670,0,No Special Jurisdiction,42,Tree (Standing Only),0,The First Harmful Event was Not a Collision with a Motor Vehicle in Transport,0,No,1,Non-Junction,1,Not an Intersection,0,None,,,4,On Roadside,1,Daylight,,,,,1,Clear,0,No,0000000,Not Applicable,14,2:00pm-2:59pm,31,31,14,2:00pm-2:59pm,37,37,15,3:00pm-3:59pm,0,0,,,,,,,1,0
2020,36,360345,New York,1,1,0,0,0,1,1,59,NASSAU (59),2600,HEMPSTEAD,7,7,7,July,2020,3,Tuesday,20,8:00pm-8:59pm,19,19,1,This section IS ON the NHS,2,Urban,3,Principal Arterial - Other,1,State Highway Agency,3,State Highway,SR-908E MEADOWBROOK STATE PKWY,,99998,Not Reported,40.75505278,40.75505278,-73.616652780,-73.616652780,0,No Special Jurisdiction,24,Guardrail Face,0,The First Harmful Event was Not a Collision with a Motor Vehicle in Transport,1,Yes,5,Entrance/Exit Ramp Related,1,Not an Intersection,0,None,,,4,On Roadside,5,Dusk,,,,,1,Clear,0,No,0000000,Not Applicable,20,8:00pm-8:59pm,19,19,20,8:00pm-8:59pm,25,25,20,8:00pm-8:59pm,37,37,,,,,,,1,0
2020,36,360346,New York,1,1,0,0,0,1,1,89,ST LAWRENCE (89),6747,WINTHROP,10,10,7,July,2020,6,Friday,1,1:00am-1:59am,46,46,0,This section IS NOT on the NHS,1,Rural,4,Minor Arterial,1,State Highway Agency,3,State Highway,SR-11C,,99998,Not Reported,44.77068889,44.77068889,-74.818558330,-74.818558330,0,No Special Jurisdiction,42,Tree (Standing Only),0,The First Harmful Event was Not a Collision with a Motor Vehicle in Transport,0,No,1,Non-Junction,1,Not an Intersection,0,None,,,4,On Roadside,2,Dark - Not Lighted,,,,,1,Clear,0,No,0000000,Not Applicable,1,1:00am-1:59am,46,46,2,2:00am-2:59am,6,6,88,"Not Applicable (Not Transported) ",88,Not Applicable (Not Transported),,,,,,,1,0
2020,36,360347,New York,1,1,0,1,1,1,1,111,ULSTER (111),3329,LLOYD,11,11,7,July,2020,7,Saturday,3,3:00am-3:59am,58,58,1,This section IS ON the NHS,2,Urban,3,Principal Arterial - Other,1,State Highway Agency,2,U.S. Highway,US-9W,,99998,Not Reported,41.75125556,41.75125556,-73.964022220,-73.964022220,0,No Special Jurisdiction,8,Pedestrian,0,The First Harmful Event was Not a Collision with a Motor Vehicle in Transport,0,No,1,Non-Junction,1,Not an Intersection,0,None,,,1,On Roadway,2,Dark - Not Lighted,,,,,10,Cloudy,0,No,0000000,Not Applicable,4,4:00am-4:59am,1,1,4,4:00am-4:59am,4,4,4,4:00am-4:59am,45,45,,,,,,,1,0
2020,36,360348,New York,1,1,0,0,0,1,1,83,RENSSELAER (83),2974,JOHNSONVILLE,13,13,7,July,2020,2,Monday,13,1:00pm-1:59pm,15,15,0,This section IS NOT on the NHS,1,Rural,7,Local,3,Town or Township Highway Agency,5,Local Street - Township,BRUNDIGE RD,,0,None,42.87542778,42.87542778,-73.536577780,-73.536577780,0,No Special Jurisdiction,34,Ditch,0,The First Harmful Event was Not a Collision with a Motor Vehicle in Transport,0,No,1,Non-Junction,1,Not an Intersection,0,None,,,4,On Roadside,1,Daylight,,,,,1,Clear,0,No,0000000,Not Applicable,13,1:00pm-1:59pm,15,15,13,1:00pm-1:59pm,20,20,16,4:00pm-4:59pm,15,15,,,,,,,1,1
2020,36,360349,New York,1,1,0,1,1,1,1,17,CHENANGO (17),4350,NORWICH,13,13,7,July,2020,2,Monday,21,9:00pm-9:59pm,53,53,1,This section IS ON the NHS,2,Urban,3,Principal Arterial - Other,1,State Highway Agency,3,State Highway,SR-12,GROTSINGER RD,99998,Not Reported,42.48224444,42.48224444,-75.541261110,-75.541261110,0,No Special Jurisdiction,8,Pedestrian,0,The First Harmful Event was Not a Collision with a Motor Vehicle in Transport,0,No,3,Intersection-Related,2,Four-Way Intersection,0,None,,,1,On Roadway,2,Dark - Not Lighted,,,,,1,Clear,0,No,0000000,Not Applicable,21,9:00pm-9:59pm,53,53,21,9:00pm-9:59pm,57,57,88,"Not Applicable (Not Transported) ",88,Not Applicable (Not Transported),,,,,,,1,0
2020,36,360350,New York,2,2,0,0,0,2,2,63,NIAGARA (63),3340,LOCKPORT,3,3,7,July,2020,6,Friday,7,7:00am-7:59am,54,54,1,This section IS ON the NHS,2,Urban,3,Principal Arterial - Other,1,State Highway Agency,3,State Highway,SR-78 S TRANSIT RD,TONAWANDA CREEK RD,99998,Not Reported,43.09063889,43.09063889,-78.696883330,-78.696883330,0,No Special Jurisdiction,12,Motor Vehicle In-Transport,2,Front-to-Front,0,No,2,Intersection,2,Four-Way Intersection,0,None,,,1,On Roadway,1,Daylight,,,,,1,Clear,0,No,0000000,Not Applicable,99,Unknown,99,Unknown,99,Unknown EMS Scene Arrival Hour,99,Unknown EMS Scene Arrival Minutes,99,Unknown,99,Unknown EMS Hospital Arrival Time,,,,,,,1,0
2020,36,360351,New York,2,2,0,0,0,2,2,59,NASSAU (59),4090,NEW HYDE PARK,5,5,7,July,2020,1,Sunday,11,11:00am-11:59am,46,46,0,This section IS NOT on the NHS,2,Urban,7,Local,3,Town or Township Highway Agency,5,Local Street - Township,CUTTERMILL RD,,0,None,40.78052222,40.78052222,-73.732844440,-73.732844440,0,No Special Jurisdiction,12,Motor Vehicle In-Transport,6,Angle,0,No,8,Driveway Access Related,1,Not an Intersection,0,None,,,1,On Roadway,1,Daylight,,,,,1,Clear,0,No,0000000,Not Applicable,11,11:00am-11:59am,48,48,11,11:00am-11:59am,51,51,12,12:00pm-12:59pm,14,14,,,,,,,1,1
2020,36,360352,New York,2,2,0,0,0,5,5,103,SUFFOLK (103),5870,SOUTHOLD,5,5,7,July,2020,1,Sunday,16,4:00pm-4:59pm,15,15,1,This section IS ON the NHS,2,Urban,3,Principal Arterial - Other,2,County Highway Agency,4,County Road,CR-48,WESTPHALIA RD,0,None,40.99180000,40.99180000,-72.538405560,-72.538405560,0,No Special Jurisdiction,12,Motor Vehicle In-Transport,1,Front-to-Rear,0,No,2,Intersection,2,Four-Way Intersection,0,None,,,1,On Roadway,1,Daylight,,,,,1,Clear,0,No,0000000,Not Applicable,16,4:00pm-4:59pm,15,15,16,4:00pm-4:59pm,20,20,16,4:00pm-4:59pm,40,40,,,,,,,1,0
2020,36,360353,New York,2,2,0,0,0,5,5,55,MONROE (55),5230,ROCHESTER,5,5,7,July,2020,1,Sunday,2,2:00am-2:59am,25,25,0,This section IS NOT on the NHS,2,Urban,7,Local,4,City or Municipal Highway Agency,6,Local Street - Municipality,ST PAUL ST,,0,None,43.17811667,43.17811667,-77.625091670,-77.625091670,0,No Special Jurisdiction,12,Motor Vehicle In-Transport,6,Angle,0,No,1,Non-Junction,1,Not an Intersection,0,None,,,1,On Roadway,3,Dark - Lighted,,,,,1,Clear,0,No,0000000,Not Applicable,2,2:00am-2:59am,26,26,2,2:00am-2:59am,33,33,99,Unknown,99,Unknown EMS Hospital Arrival Time,,,,,,,2,0
2020,36,360354,New York,2,2,0,0,0,3,3,75,OSWEGO (75),1312,CONSTANTIA,7,7,7,July,2020,3,Tuesday,19,7:00pm-7:59pm,1,1,0,This section IS NOT on the NHS,1,Rural,4,Minor Arterial,1,State Highway Agency,3,State Highway,SR-49,,99998,Not Reported,43.24793889,43.24793889,-76.014680560,-76.014680560,0,No Special Jurisdiction,12,Motor Vehicle In-Transport,2,Front-to-Front,0,No,8,Driveway Access Related,1,Not an Intersection,0,None,,,1,On Roadway,1,Daylight,,,,,1,Clear,0,No,0000000,Not Applicable,19,7:00pm-7:59pm,2,2,19,7:00pm-7:59pm,8,8,19,7:00pm-7:59pm,39,39,,,,,,,2,0
2020,36,360355,New York,2,2,0,0,0,3,3,29,ERIE (29),750,BUFFALO,8,8,7,July,2020,4,Wednesday,21,9:00pm-9:59pm,38,38,1,This section IS ON the NHS,2,Urban,3,Principal Arterial - Other,4,City or Municipal Highway Agency,2,U.S. Highway,US-62 BAILEY AVE,,99998,Not Reported,42.88974722,42.88974722,-78.814166670,-78.814166670,0,No Special Jurisdiction,12,Motor Vehicle In-Transport,2,Front-to-Front,0,No,1,Non-Junction,1,Not an Intersection,0,None,,,1,On Roadway,3,Dark - Lighted,,,,,1,Clear,0,No,0000000,Not Applicable,21,9:00pm-9:59pm,38,38,21,9:00pm-9:59pm,44,44,99,Unknown,99,Unknown EMS Hospital Arrival Time,,,,,,,1,0
2020,36,360356,New York,2,2,0,0,0,2,2,103,SUFFOLK (103),5210,RIVERHEAD,12,12,7,July,2020,1,Sunday,17,5:00pm-5:59pm,57,57,1,This section IS ON the NHS,2,Urban,3,Principal Arterial - Other,3,Town or Township Highway Agency,8,Other,SOUND AVE,,59,59,40.96336667,40.96336667,-72.713430560,-72.713430560,0,No Special Jurisdiction,12,Motor Vehicle In-Transport,2,Front-to-Front,0,No,1,Non-Junction,1,Not an Intersection,0,None,,,1,On Roadway,1,Daylight,,,,,1,Clear,0,No,0000000,Not Applicable,17,5:00pm-5:59pm,58,58,18,6:00pm-6:59pm,4,4,99,Unknown,99,Unknown EMS Hospital Arrival Time,,,,,,,1,0