caseyear,state,st_case,statename,ve_total,ve_forms,pvh_invl,peds,pernotmvit,permvit,persons,county,countyname,city,cityname,day,dayname,month,monthname,year,day_week,day_weekname,hour,hourname,minute,minutename,nhs,nhsname,rur_urb,rur_urbname,func_sys,func_sysname,rd_owner,rd_ownername,route,routename,tway_id,tway_id2,milept,mileptname,latitude,latitudename,longitud,longitudname,sp_jur,sp_jurname,harm_ev,harm_evname,man_coll,man_collname,reljct1,reljct1name,reljct2,reljct2name,typ_int,typ_intname,wrk_zone,wrk_zonename,road_fnc,road_fncname,rel_road,rel_roadname,lgt_cond,lgt_condname,weather1,weather1name,weather2,weather2name,weather,weathername,sch_bus,sch_busname,rail,railname,not_hour,not_hourname,not_min,not_minname,arr_hour,arr_hourname,arr_min,arr_minname,hosp_hr,hosp_hrname,hosp_mn,hosp_mnname,cf1,cf1name,cf2,cf2name,cf3,cf3name,fatals,drunk_dr
2020,36,360393,New York,1,1,0,1,1,1,1,5,BRONX (5),4170,NEW YORK CITY,24,24,7,July,2020,6,Friday,3,3:00am-3:59am,53,53,1,This section IS ON the NHS,2,Urban,3,Principal Arterial - Other,1,State Highway Agency,3,State Highway,SR-907H BRONX RIVER PKWY,,99998,Not Reported,40.89562778,40.89562778,-73.861308330,-73.861308330,0,No Special Jurisdiction,8,Pedestrian,0,The First Harmful Event was Not a Collision with a Motor Vehicle in Transport,0,No,1,Non-Junction,1,Not an Intersection,0,None,,,1,On Roadway,3,Dark - Lighted,,,,,10,Cloudy,0,No,0000000,Not Applicable,99,Unknown,99,Unknown,99,Unknown EMS Scene Arrival Hour,99,Unknown EMS Scene Arrival Minutes,88,"Not Applicable (Not Transported) ",88,Not Applicable (Not Transported),,,,,,,1,0
2020,36,360394,New York,1,1,0,1,1,1,1,85,RICHMOND (85),4170,NEW YORK CITY,24,24,7,July,2020,6,Friday,3,3:00am-3:59am,10,10,1,This section IS ON the NHS,2,Urban,1,Interstate,1,State Highway Agency,1,Interstate,I-278 STATEN ISLAND EXPY,,99998,Not Reported,40.60625556,40.60625556,-74.076963890,-74.076963890,0,No Special Jurisdiction,8,Pedestrian,0,The First Harmful Event was Not a Collision with a Motor Vehicle in Transport,0,No,1,Non-Junction,1,Not an Intersection,0,None,,,1,On Roadway,3,Dark - Lighted,,,,,2,Rain,0,No,0000000,Not Applicable,99,Unknown,99,Unknown,99,Unknown EMS Scene Arrival Hour,99,Unknown EMS Scene Arrival Minutes,88,"Not Applicable (Not Transported) ",88,Not Applicable (Not Transported),,,,,,,1,0
2020,36,360395,New York,3,3,0,0,0,6,6,47,KINGS (47),4170,NEW YORK CITY,25,25,7,July,2020,7,Saturday,21,9:00pm-9:59pm,25,25,0,This section IS NOT on the NHS,2,Urban,5,Major Collector,4,City or Municipal Highway Agency,6,Local Street - Municipality,METROPOLITAN AVE,DRIGGS AVE,0,None,40.71482222,40.71482222,-73.958825000,-73.958825000,0,No Special Jurisdiction,12,Motor Vehicle In-Transport,6,Angle,0,No,2,Intersection,2,Four-Way Intersection,0,None,,,1,On Roadway,3,Dark - Lighted,,,,,1,Clear,0,No,0000000,Not Applicable,99,Unknown,99,Unknown,99,Unknown EMS Scene Arrival Hour,99,Unknown EMS Scene Arrival Minutes,99,Unknown,99,Unknown EMS Hospital Arrival Time,,,,,,,1,0
2020,36,360396,New York,2,2,0,0,0,5,5,61,NEW YORK (61),4170,NEW YORK,15,15,7,July,2020,4,Wednesday,0,0:00am-0:59am,26,26,1,This section IS ON the NHS,2,Urban,2,Principal Arterial - Other Freeways and Expressways,4,City or Municipal Highway Agency,3,State Highway,SR-907V HENRY HUDSON PKWY,,99998,Not Reported,40.79553333,40.79553333,-73.977230560,-73.977230560,0,No Special Jurisdiction,30,Utility Pole/Light Support,0,The First Harmful Event was Not a Collision with a Motor Vehicle in Transport,0,No,1,Non-Junction,1,Not an Intersection,0,None,,,3,On Median,3,Dark - Lighted,,,,,1,Clear,0,No,0000000,Not Applicable,0,0:00am-0:59am,26,26,99,Unknown EMS Scene Arrival Hour,99,Unknown EMS Scene Arrival Minutes,99,Unknown,99,Unknown EMS Hospital Arrival Time,,,,,,,1,0
2020,36,360397,New York,1,1,0,0,0,1,1,119,WESTCHESTER (119),6040,TARRYTOWN,19,19,5,May,2020,3,Tuesday,7,7:00am-7:59am,40,40,1,This section IS ON the NHS,1,Rural,3,Principal Arterial - Other,1,State Highway Agency,3,State Highway,SR-987G TACONIC STATE PKWY,,99998,Not Reported,99.99990000,99.99990000,999.999900000,999.999900000,0,No Special Jurisdiction,31,"Post, Pole or Other Supports",0,The First Harmful Event was Not a Collision with a Motor Vehicle in Transport,0,No,1,Non-Junction,1,Not an Intersection,0,None,,,4,On Roadside,1,Daylight,,,,,1,Clear,0,No,0000000,Not Applicable,7,7:00am-7:59am,39,39,7,7:00am-7:59am,50,50,8,8:00am-8:59am,22,22,,,,,,,1,0
2020,36,360398,New York,2,2,0,0,0,5,5,69,ONTARIO (69),1640,EAST BLOOMFIELD,15,15,7,July,2020,4,Wednesday,13,1:00pm-1:59pm,45,45,0,This section IS NOT on the NHS,1,Rural,7,Local,3,Town or Township Highway Agency,5,Local Street - Township,BAILEY RD,,99998,Not Reported,42.85670000,42.85670000,-77.447663890,-77.447663890,0,No Special Jurisdiction,1,Rollover/Overturn,0,The First Harmful Event was Not a Collision with a Motor Vehicle in Transport,0,No,1,Non-Junction,1,Not an Intersection,0,None,,,4,On Roadside,1,Daylight,,,,,1,Clear,0,No,0000000,Not Applicable,13,1:00pm-1:59pm,45,45,13,1:00pm-1:59pm,54,54,99,Unknown,99,Unknown EMS Hospital Arrival Time,,,,,,,1,0
2020,36,360399,New York,4,4,0,0,0,4,4,37,GENESEE (37),5947,STAFFORD,3,3,6,June,2020,4,Wednesday,17,5:00pm-5:59pm,28,28,1,This section IS ON the NHS,1,Rural,1,Interstate,1,State Highway Agency,1,Interstate,I-90,,99998,Not Reported,43.02306389,43.02306389,-78.065722220,-78.065722220,0,No Special Jurisdiction,12,Motor Vehicle In-Transport,1,Front-to-Rear,0,No,1,Non-Junction,1,Not an Intersection,0,None,,,1,On Roadway,1,Daylight,,,,,1,Clear,0,No,0000000,Not Applicable,99,Unknown,99,Unknown,99,Unknown EMS Scene Arrival Hour,99,Unknown EMS Scene Arrival Minutes,99,Unknown,99,Unknown EMS Hospital Arrival Time,,,,,,,1,0
2020,36,360400,New York,2,2,0,0,0,2,2,55,MONROE (55),2395,GREECE,15,15,7,July,2020,4,Wednesday,15,3:00pm-3:59pm,57,57,1,This section IS ON the NHS,2,Urban,2,Principal Arterial - Other Freeways and Expressways,1,State Highway Agency,3,State Highway,SR-947A LK ONTARIO ST PKY RAMP,,99998,Not Reported,43.27175556,43.27175556,-77.666919440,-77.666919440,0,No Special Jurisdiction,12,Motor Vehicle In-Transport,1,Front-to-Rear,1,Yes,20,Entrance/Exit Ramp,1,Not an Intersection,0,None,,,1,On Roadway,1,Daylight,,,,,1,Clear,0,No,0000000,Not Applicable,16,4:00pm-4:59pm,23,23,19,7:00pm-7:59pm,11,11,20,8:00pm-8:59pm,20,20,,,,,,,1,0
2020,36,360401,New York,1,1,0,0,0,1,1,81,QUEENS (81),4170,MIDDLE VILLAGE,26,26,7,July,2020,1,Sunday,19,7:00pm-7:59pm,20,20,0,This section IS NOT on the NHS,2,Urban,4,Minor Arterial,4,City or Municipal Highway Agency,6,Local Street - Municipality,FRANCIS LEWIS BLVD,,0,None,40.72463889,40.72463889,-73.764833330,-73.764833330,0,No Special Jurisdiction,33,Curb,0,The First Harmful Event was Not a Collision with a Motor Vehicle in Transport,0,No,1,Non-Junction,1,Not an Intersection,0,None,,,4,On Roadside,1,Daylight,,,,,1,Clear,0,No,0000000,Not Applicable,19,7:00pm-7:59pm,20,20,19,7:00pm-7:59pm,26,26,99,Unknown,99,Unknown EMS Hospital Arrival Time,,,,,,,1,1
2020,36,360402,New York,1,1,0,1,1,4,4,7,BROOME (7),1880,ENDICOTT,25,25,7,July,2020,7,Saturday,12,12:00pm-12:59pm,18,18,0,This section IS NOT on the NHS,2,Urban,4,Minor Arterial,1,State Highway Agency,3,State Highway,SR-26 UNION CENTER MAINE HWY,,99998,Not Reported,42.13864444,42.13864444,-76.066669440,-76.066669440,0,No Special Jurisdiction,8,Pedestrian,0,The First Harmful Event was Not a Collision with a Motor Vehicle in Transport,0,No,1,Non-Junction,1,Not an Intersection,0,None,,,1,On Roadway,1,Daylight,,,,,1,Clear,0,No,0000000,Not Applicable,99,Unknown,99,Unknown,99,Unknown EMS Scene Arrival Hour,99,Unknown EMS Scene Arrival Minutes,88,"Not Applicable (Not Transported) ",88,Not Applicable (Not Transported),,,,,,,1,0
2020,36,360403,New York,2,2,0,0,0,3,3,43,HERKIMER (43),3290,LITTLE FALLS,26,26,7,July,2020,1,Sunday,20,8:00pm-8:59pm,55,55,0,This section IS NOT on the NHS,1,Rural,6,Minor Collector,1,State Highway Agency,3,State Highway,SR-170,YELLOW CHURCH RD,99998,Not Reported,43.07484167,43.07484167,-74.858094440,-74.858094440,0,No Special Jurisdiction,12,Motor Vehicle In-Transport,6,Angle,0,No,2,Intersection,2,Four-Way Intersection,0,None,,,1,On Roadway,5,Dusk,,,,,1,Clear,0,No,0000000,Not Applicable,20,8:00pm-8:59pm,55,55,21,9:00pm-9:59pm,4,4,99,Unknown,99,Unknown EMS Hospital Arrival Time,,,,,,,2,1
2020,36,360404,New York,2,2,0,0,0,2,2,55,MONROE (55),2248,GATES,28,28,7,July,2020,3,Tuesday,15,3:00pm-3:59pm,24,24,0,This section IS NOT on the NHS,2,Urban,5,Major Collector,1,State Highway Agency,3,State Highway,SR-386 ELMGROVE RD,,99998,Not Reported,43.15266389,43.15266389,-77.732275000,-77.732275000,0,No Special Jurisdiction,12,Motor Vehicle In-Transport,2,Front-to-Front,0,No,1,Non-Junction,1,Not an Intersection,0,None,,,1,On Roadway,1,Daylight,,,,,1,Clear,0,No,0000000,Not Applicable,15,3:00pm-3:59pm,24,24,15,3:00pm-3:59pm,27,27,15,3:00pm-3:59pm,59,59,,,,,,,1,1
2020,36,360405,New York,1,1,0,1,1,1,1,5,BRONX (5),4170,NEW YORK CITY,18,18,7,July,2020,7,Saturday,23,11:00pm-11:59pm,0,0,1,This section IS ON the NHS,2,Urban,1,Interstate,1,State Highway Agency,1,Interstate,I-95 BRUCKNER EXPRESSWAY,,99998,Not Reported,40.85493056,40.85493056,-73.826222220,-73.826222220,0,No Special Jurisdiction,8,Pedestrian,0,The First Harmful Event was Not a Collision with a Motor Vehicle in Transport,0,No,1,Non-Junction,1,Not an Intersection,0,None,,,1,On Roadway,3,Dark - Lighted,,,,,1,Clear,0,No,0000000,Not Applicable,99,Unknown,99,Unknown,99,Unknown EMS Scene Arrival Hour,99,Unknown EMS Scene Arrival Minutes,99,Unknown,99,Unknown EMS Hospital Arrival Time,,,,,,,1,0
2020,36,360407,New York,1,1,0,0,0,1,1,1,ALBANY (1),3066,KNOX,29,29,7,July,2020,4,Wednesday,15,3:00pm-3:59pm,22,22,0,This section IS NOT on the NHS,1,Rural,7,Local,2,County Highway Agency,4,County Road,CR-262 MIDDLE RD,,0,None,42.68466667,42.68466667,-74.155872220,-74.155872220,0,No Special Jurisdiction,1,Rollover/Overturn,0,The First Harmful Event was Not a Collision with a Motor Vehicle in Transport,0,No,1,Non-Junction,1,Not an Intersection,0,None,,,5,Outside Trafficway,1,Daylight,,,,,1,Clear,0,No,0000000,Not Applicable,16,4:00pm-4:59pm,15,15,17,5:00pm-5:59pm,15,15,88,"Not Applicable (Not Transported) ",88,Not Applicable (Not Transported),,,,,,,1,1
2020,36,360408,New York,3,3,0,0,0,5,5,13,CHAUTAUQUA (13),5974,STOCKTON,18,18,7,July,2020,7,Saturday,15,3:00pm-3:59pm,39,39,0,This section IS NOT on the NHS,1,Rural,5,Major Collector,2,County Highway Agency,4,County Road,CR-610 FREDONIA STOCKTON RD,,99998,Not Reported,42.34445833,42.34445833,-79.364402780,-79.364402780,0,No Special Jurisdiction,12,Motor Vehicle In-Transport,8,Sideswipe - Opposite Direction,0,No,1,Non-Junction,1,Not an Intersection,0,None,,,1,On Roadway,1,Daylight,,,,,1,Clear,0,No,0000000,Not Applicable,15,3:00pm-3:59pm,39,39,15,3:00pm-3:59pm,44,44,88,"Not Applicable (Not Transported) ",88,Not Applicable (Not Transported),,,,,,,1,0
2020,36,360409,New York,2,2,0,0,0,3,3,117,WAYNE (117),6710,WILLIAMSON,3,3,6,June,2020,4,Wednesday,18,6:00pm-6:59pm,39,39,1,This section IS ON the NHS,1,Rural,3,Principal Arterial - Other,1,State Highway Agency,3,State Highway,SR-104,POUND RD,99998,Not Reported,43.23497222,43.23497222,-77.171694440,-77.171694440,0,No Special Jurisdiction,12,Motor Vehicle In-Transport,6,Angle,0,No,3,Intersection-Related,2,Four-Way Intersection,0,None,,,1,On Roadway,1,Daylight,,,,,1,Clear,0,No,0000000,Not Applicable,18,6:00pm-6:59pm,40,40,18,6:00pm-6:59pm,42,42,19,7:00pm-7:59pm,35,35,,,,,,,1,0
2020,36,360410,New York,1,1,0,0,0,1,1,103,SUFFOLK (103),2920,ISLIP,1,1,8,August,2020,7,Saturday,17,5:00pm-5:59pm,25,25,1,This section IS ON the NHS,1,Rural,2,Principal Arterial - Other Freeways and Expressways,1,State Highway Agency,3,State Highway,SR-27,,99998,Not Reported,40.73893333,40.73893333,-73.231513890,-73.231513890,0,No Special Jurisdiction,25,Concrete Traffic Barrier,0,The First Harmful Event was Not a Collision with a Motor Vehicle in Transport,0,No,1,Non-Junction,1,Not an Intersection,0,None,,,3,On Median,1,Daylight,,,,,1,Clear,0,No,0000000,Not Applicable,17,5:00pm-5:59pm,25,25,17,5:00pm-5:59pm,32,32,17,5:00pm-5:59pm,41,41,,,,,,,1,1
2020,36,360411,New York,1,1,0,1,1,1,1,103,SUFFOLK (103),360,BABYLON,1,1,8,August,2020,7,Saturday,2,2:00am-2:59am,26,26,1,This section IS ON the NHS,2,Urban,3,Principal Arterial - Other,1,State Highway Agency,3,State Highway,SR-110,,99998,Not Reported,40.69283056,40.69283056,-73.422511110,-73.422511110,0,No Special Jurisdiction,8,Pedestrian,0,The First Harmful Event was Not a Collision with a Motor Vehicle in Transport,0,No,1,Non-Junction,1,Not an Intersection,0,None,,,1,On Roadway,3,Dark - Lighted,,,,,1,Clear,0,No,0000000,Not Applicable,2,2:00am-2:59am,26,26,2,2:00am-2:59am,32,32,88,"Not Applicable (Not Transported) ",88,Not Applicable (Not Transported),,,,,,,1,0
2020,36,360412,New York,1,1,0,1,1,1,1,29,ERIE (29),750,BUFFALO,26,26,7,July,2020,1,Sunday,23,11:00pm-11:59pm,20,20,0,This section IS NOT on the NHS,2,Urban,7,Local,4,City or Municipal Highway Agency,6,Local Street - Municipality,HAMPSHIRE ST,PLYMOUTH AVE,0,None,42.91141389,42.91141389,-78.895077780,-78.895077780,0,No Special Jurisdiction,8,Pedestrian,0,The First Harmful Event was Not a Collision with a Motor Vehicle in Transport,0,No,3,Intersection-Related,2,Four-Way Intersection,0,None,,,1,On Roadway,3,Dark - Lighted,,,,,1,Clear,0,No,0000000,Not Applicable,23,11:00pm-11:59pm,20,20,23,11:00pm-11:59pm,25,25,99,Unknown,99,Unknown EMS Hospital Arrival Time,,,,,,,1,0
2020,36,360413,New York,1,1,0,1,1,3,3,5,BRONX (5),4170,NEW YORK CITY,3,3,8,August,2020,2,Monday,20,8:00pm-8:59pm,20,20,1,This section IS ON the NHS,2,Urban,1,Interstate,1,State Highway Agency,1,Interstate,I-87 MAJOR DEEGAN EXPY,,99998,Not Reported,40.86409722,40.86409722,-73.910536110,-73.910536110,0,No Special Jurisdiction,8,Pedestrian,0,The First Harmful Event was Not a Collision with a Motor Vehicle in Transport,0,No,1,Non-Junction,1,Not an Intersection,0,None,,,1,On Roadway,2,Dark - Not Lighted,,,,,1,Clear,0,No,0000000,Not Applicable,20,8:00pm-8:59pm,20,20,20,8:00pm-8:59pm,30,30,88,"Not Applicable (Not Transported) ",88,Not Applicable (Not Transported),,,,,,,1,0
2020,36,360414,New York,1,1,0,0,0,1,1,71,ORANGE (71),3840,MONTGOMERY,24,24,6,June,2020,4,Wednesday,15,3:00pm-3:59pm,0,0,1,This section IS ON the NHS,2,Urban,1,Interstate,1,State Highway Agency,1,Interstate,I-84,,99998,Not Reported,41.50705556,41.50705556,-74.216777780,-74.216777780,0,No Special Jurisdiction,42,Tree (Standing Only),0,The First Harmful Event was Not a Collision with a Motor Vehicle in Transport,0,No,1,Non-Junction,1,Not an Intersection,0,None,,,4,On Roadside,1,Daylight,,,,,1,Clear,0,No,0000000,Not Applicable,15,3:00pm-3:59pm,3,3,15,3:00pm-3:59pm,20,20,88,"Not Applicable (Not Transported) ",88,Not Applicable (Not Transported),,,,,,,1,0
2020,36,360415,New York,3,3,0,0,0,4,4,67,ONONDAGA (67),6010,SYRACUSE,3,3,7,July,2020,6,Friday,16,4:00pm-4:59pm,30,30,0,This section IS NOT on the NHS,2,Urban,4,Minor Arterial,4,City or Municipal Highway Agency,6,Local Street - Municipality,E FAYETTE ST,,99998,Not Reported,43.04824167,43.04824167,-76.113772220,-76.113772220,0,No Special Jurisdiction,12,Motor Vehicle In-Transport,6,Angle,0,No,8,Driveway Access Related,1,Not an Intersection,0,None,,,1,On Roadway,1,Daylight,,,,,1,Clear,0,No,0000000,Not Applicable,16,4:00pm-4:59pm,32,32,16,4:00pm-4:59pm,36,36,16,4:00pm-4:59pm,48,48,,,,,,,1,0
2020,36,360416,New York,2,2,0,0,0,3,3,15,CHEMUNG (15),1850,ELMIRA,5,5,6,June,2020,6,Friday,11,11:00am-11:59am,53,53,1,This section IS ON the NHS,2,Urban,3,Principal Arterial - Other,1,State Highway Agency,3,State Highway,SR-14 CLEMENS CENTER PKWY,DIVISION ST,99998,Not Reported,42.10625000,42.10625000,-76.811386110,-76.811386110,0,No Special Jurisdiction,12,Motor Vehicle In-Transport,6,Angle,0,No,2,Intersection,2,Four-Way Intersection,0,None,,,1,On Roadway,1,Daylight,,,,,1,Clear,0,No,0000000,Not Applicable,11,11:00am-11:59am,53,53,11,11:00am-11:59am,57,57,12,12:00pm-12:59pm,8,8,,,,,,,2,0
2020,36,360417,New York,1,1,0,1,1,1,1,61,NEW YORK (61),4170,NEW YORK,2,2,8,August,2020,1,Sunday,5,5:00am-5:59am,9,9,1,This section IS ON the NHS,2,Urban,3,Principal Arterial - Other,4,City or Municipal Highway Agency,6,Local Street - Municipality,7TH AVE,W 24TH ST,17,17,40.74470000,40.74470000,-73.995225000,-73.995225000,0,No Special Jurisdiction,8,Pedestrian,0,The First Harmful Event was Not a Collision with a Motor Vehicle in Transport,0,No,3,Intersection-Related,2,Four-Way Intersection,0,None,,,1,On Roadway,3,Dark - Lighted,,,,,1,Clear,0,No,0000000,Not Applicable,5,5:00am-5:59am,13,13,5,5:00am-5:59am,22,22,5,5:00am-5:59am,30,30,,,,,,,1,0
2020,36,360418,New York,1,1,0,0,0,1,1,65,ONEIDA (65),5120,REMSEN,18,18,7,July,2020,7,Saturday,14,2:00pm-2:59pm,0,0,0,This section IS NOT on the NHS,1,Rural,7,Local,3,Town or Township Highway Agency,5,Local Street - Township,JOSLYN RD,,99998,Not Reported,43.40221944,43.40221944,-75.188919440,-75.188919440,0,No Special Jurisdiction,42,Tree (Standing Only),0,The First Harmful Event was Not a Collision with a Motor Vehicle in Transport,0,No,1,Non-Junction,1,Not an Intersection,0,None,,,4,On Roadside,1,Daylight,,,,,1,Clear,0,No,0000000,Not Applicable,14,2:00pm-2:59pm,13,13,14,2:00pm-2:59pm,25,25,15,3:00pm-3:59pm,15,15,,,,,,,1,0
2020,36,360419,New York,2,2,0,0,0,2,2,27,DUTCHESS (27),2785,HOPEWELL JUNCTION,29,29,7,July,2020,4,Wednesday,22,10:00pm-10:59pm,54,54,0,This section IS NOT on the NHS,2,Urban,5,Major Collector,1,State Highway Agency,3,State Highway,SR-52,LAVELLE LN,99998,Not Reported,41.52216944,41.52216944,-73.698044440,-73.698044440,0,No Special Jurisdiction,12,Motor Vehicle In-Transport,2,Front-to-Front,0,No,3,Intersection-Related,3,T-Intersection,0,None,,,1,On Roadway,2,Dark - Not Lighted,,,,,1,Clear,0,No,0000000,Not Applicable,22,10:00pm-10:59pm,54,54,23,11:00pm-11:59pm,4,4,23,11:00pm-11:59pm,38,38,,,,,,,1,0
2020,36,360420,New York,2,2,0,0,0,2,2,47,KINGS (47),4170,NEW YORK CITY,2,2,8,August,2020,1,Sunday,20,8:00pm-8:59pm,18,18,1,This section IS ON the NHS,2,Urban,3,Principal Arterial - Other,4,City or Municipal Highway Agency,6,Local Street - Municipality,ROCKAWAY PKWY,AVENUE K,99998,Not Reported,40.64026944,40.64026944,-73.896905560,-73.896905560,0,No Special Jurisdiction,12,Motor Vehicle In-Transport,2,Front-to-Front,0,No,2,Intersection,2,Four-Way Intersection,0,None,,,1,On Roadway,1,Daylight,,,,,1,Clear,0,No,0000000,Not Applicable,20,8:00pm-8:59pm,20,20,20,8:00pm-8:59pm,22,22,20,8:00pm-8:59pm,36,36,,,,,,,1,0
2020,36,360421,New York,2,2,0,0,0,2,2,47,KINGS (47),4170,NEW YORK CITY,3,3,8,August,2020,2,Monday,13,1:00pm-1:59pm,21,21,0,This section IS NOT on the NHS,2,Urban,7,Local,4,City or Municipal Highway Agency,6,Local Street - Municipality,CONDUIT BLVD,SUTTER AVE,99998,Not Reported,40.67426944,40.67426944,-73.861883330,-73.861883330,0,No Special Jurisdiction,12,Motor Vehicle In-Transport,6,Angle,0,No,2,Intersection,2,Four-Way Intersection,0,None,,,1,On Roadway,1,Daylight,,,,,1,Clear,0,No,0000000,Not Applicable,13,1:00pm-1:59pm,21,21,99,Unknown EMS Scene Arrival Hour,99,Unknown EMS Scene Arrival Minutes,99,Unknown,99,Unknown EMS Hospital Arrival Time,,,,,,,1,0
2020,36,360422,New York,1,1,0,1,1,1,1,93,SCHENECTADY (93),5550,SCHENECTADY,2,2,7,July,2020,5,Thursday,14,2:00pm-2:59pm,39,39,1,This section IS ON the NHS,2,Urban,2,Principal Arterial - Other Freeways and Expressways,1,State Highway Agency,3,State Highway,SR-7 CROSSTOWN CONNECTION,,99998,Not Reported,42.78438333,42.78438333,-73.912241670,-73.912241670,0,No Special Jurisdiction,9,Pedalcyclist,0,The First Harmful Event was Not a Collision with a Motor Vehicle in Transport,0,No,1,Non-Junction,1,Not an Intersection,0,None,,,1,On Roadway,1,Daylight,,,,,1,Clear,0,No,0000000,Not Applicable,14,2:00pm-2:59pm,39,39,14,2:00pm-2:59pm,44,44,14,2:00pm-2:59pm,55,55,,,,,,,1,0
2020,36,360423,New York,1,1,0,1,1,2,2,47,KINGS (47),4170,NEW YORK CITY,30,30,6,June,2020,3,Tuesday,18,6:00pm-6:59pm,38,38,0,This section IS NOT on the NHS,2,Urban,7,Local,4,City or Municipal Highway Agency,6,Local Street - Municipality,DEWITT AVE,MALTA ST,99998,Not Reported,40.65698889,40.65698889,-73.893877780,-73.893877780,0,No Special Jurisdiction,8,Pedestrian,0,The First Harmful Event was Not a Collision with a Motor Vehicle in Transport,0,No,3,Intersection-Related,2,Four-Way Intersection,0,None,,,1,On Roadway,5,Dusk,,,,,1,Clear,0,No,0000000,Not Applicable,18,6:00pm-6:59pm,38,38,18,6:00pm-6:59pm,38,38,19,7:00pm-7:59pm,0,0,,,,,,,1,0
2020,36,360424,New York,1,1,0,1,1,2,2,59,NASSAU (59),2280,GLEN COVE,1,1,8,August,2020,7,Saturday,20,8:00pm-8:59pm,33,33,1,This section IS ON the NHS,2,Urban,3,Principal Arterial - Other,1,State Highway Agency,3,State Highway,SR-107 PRATT BLVD,BRIDGE ST,99998,Not Reported,40.86294444,40.86294444,-73.631772220,-73.631772220,0,No Special Jurisdiction,8,Pedestrian,0,The First Harmful Event was Not a Collision with a Motor Vehicle in Transport,0,No,3,Intersection-Related,2,Four-Way Intersection,0,None,,,1,On Roadway,5,Dusk,,,,,1,Clear,0,No,0000000,Not Applicable,20,8:00pm-8:59pm,33,33,20,8:00pm-8:59pm,38,38,20,8:00pm-8:59pm,56,56,,,,,,,1,0
2020,36,360425,New York,1,1,0,0,0,1,1,111,ULSTER (111),6491,WAWARSING,3,3,8,August,2020,2,Monday,6,6:00am-6:59am,10,10,1,This section IS ON the NHS,1,Rural,3,Principal Arterial - Other,1,State Highway Agency,3,State Highway,SR-52,,99998,Not Reported,41.72968333,41.72968333,-74.433958330,-74.433958330,0,No Special Jurisdiction,24,Guardrail Face,0,The First Harmful Event was Not a Collision with a Motor Vehicle in Transport,0,No,1,Non-Junction,1,Not an Intersection,0,None,,,4,On Roadside,1,Daylight,,,,,1,Clear,0,No,0000000,Not Applicable,6,6:00am-6:59am,10,10,6,6:00am-6:59am,15,15,88,"Not Applicable (Not Transported) ",88,Not Applicable (Not Transported),,,,,,,1,1
2020,36,360426,New York,1,1,0,1,1,1,1,103,SUFFOLK (103),705,BROOKHAVEN,26,26,2,February,2020,4,Wednesday,20,8:00pm-8:59pm,17,17,1,This section IS ON the NHS,2,Urban,3,Principal Arterial - Other,2,County Highway Agency,4,County Road,CR-46,,99998,Not Reported,40.80467222,40.80467222,-72.871047220,-72.871047220,0,No Special Jurisdiction,8,Pedestrian,0,The First Harmful Event was Not a Collision with a Motor Vehicle in Transport,0,No,1,Non-Junction,1,Not an Intersection,0,None,,,1,On Roadway,2,Dark - Not Lighted,,,,,10,Cloudy,0,No,0000000,Not Applicable,20,8:00pm-8:59pm,17,17,20,8:00pm-8:59pm,19,19,20,8:00pm-8:59pm,37,37,,,,,,,1,0
2020,36,360427,New York,1,1,0,1,1,1,1,29,ERIE (29),750,BUFFALO,3,3,8,August,2020,2,Monday,20,8:00pm-8:59pm,49,49,0,This section IS NOT on the NHS,2,Urban,7,Local,4,City or Municipal Highway Agency,6,Local Street - Municipality,CONGRESS ST,,99998,Not Reported,42.92288056,42.92288056,-78.891258330,-78.891258330,0,No Special Jurisdiction,8,Pedestrian,0,The First Harmful Event was Not a Collision with a Motor Vehicle in Transport,0,No,1,Non-Junction,1,Not an Intersection,0,None,,,1,On Roadway,3,Dark - Lighted,,,,,1,Clear,0,No,0000000,Not Applicable,99,Unknown,99,Unknown,99,Unknown EMS Scene Arrival Hour,99,Unknown EMS Scene Arrival Minutes,99,Unknown,99,Unknown EMS Hospital Arrival Time,,,,,,,1,0
2020,36,360428,New York,1,1,0,0,0,2,2,103,SUFFOLK (103),2920,ISLIP,27,27,6,June,2020,7,Saturday,15,3:00pm-3:59pm,13,13,1,This section IS ON the NHS,2,Urban,2,Principal Arterial - Other Freeways and Expressways,1,State Highway Agency,3,State Highway,SR-908J ROBERT MOSES CAUSEWAY,,99998,Not Reported,40.69943611,40.69943611,-73.288761110,-73.288761110,0,No Special Jurisdiction,24,Guardrail Face,0,The First Harmful Event was Not a Collision with a Motor Vehicle in Transport,0,No,1,Non-Junction,1,Not an Intersection,0,None,,,3,On Median,1,Daylight,,,,,10,Cloudy,0,No,0000000,Not Applicable,15,3:00pm-3:59pm,13,13,15,3:00pm-3:59pm,13,13,15,3:00pm-3:59pm,20,20,,,,,,,1,0
2020,36,360429,New York,5,5,0,1,1,4,4,5,BRONX (5),4170,NEW YORK CITY,5,5,8,August,2020,4,Wednesday,0,0:00am-0:59am,17,17,1,This section IS ON the NHS,2,Urban,1,Interstate,1,State Highway Agency,1,Interstate,I-95,,99998,Not Reported,40.84049722,40.84049722,-73.886347220,-73.886347220,0,No Special Jurisdiction,12,Motor Vehicle In-Transport,7,Sideswipe - Same Direction,0,No,1,Non-Junction,1,Not an Intersection,0,None,,,1,On Roadway,2,Dark - Not Lighted,,,,,1,Clear,0,No,0000000,Not Applicable,99,Unknown,99,Unknown,99,Unknown EMS Scene Arrival Hour,99,Unknown EMS Scene Arrival Minutes,99,Unknown,99,Unknown EMS Hospital Arrival Time,,,,,,,1,0