caseyear,state,st_case,statename,ve_total,ve_forms,pvh_invl,peds,pernotmvit,permvit,persons,county,countyname,city,cityname,day,dayname,month,monthname,year,day_week,day_weekname,hour,hourname,minute,minutename,nhs,nhsname,rur_urb,rur_urbname,func_sys,func_sysname,rd_owner,rd_ownername,route,routename,tway_id,tway_id2,milept,mileptname,latitude,latitudename,longitud,longitudname,sp_jur,sp_jurname,harm_ev,harm_evname,man_coll,man_collname,reljct1,reljct1name,reljct2,reljct2name,typ_int,typ_intname,wrk_zone,wrk_zonename,road_fnc,road_fncname,rel_road,rel_roadname,lgt_cond,lgt_condname,weather1,weather1name,weather2,weather2name,weather,weathername,sch_bus,sch_busname,rail,railname,not_hour,not_hourname,not_min,not_minname,arr_hour,arr_hourname,arr_min,arr_minname,hosp_hr,hosp_hrname,hosp_mn,hosp_mnname,cf1,cf1name,cf2,cf2name,cf3,cf3name,fatals,drunk_dr
2020,36,360467,New York,2,2,0,0,0,4,4,115,WASHINGTON (115),790,CAMBRIDGE,8,8,8,August,2020,7,Saturday,15,3:00pm-3:59pm,29,29,0,This section IS NOT on the NHS,1,Rural,5,Major Collector,1,State Highway Agency,3,State Highway,SR-313,,99998,Not Reported,43.06115833,43.06115833,-73.336222220,-73.336222220,0,No Special Jurisdiction,12,Motor Vehicle In-Transport,2,Front-to-Front,0,No,1,Non-Junction,1,Not an Intersection,0,None,,,1,On Roadway,1,Daylight,,,,,1,Clear,0,No,0000000,Not Applicable,15,3:00pm-3:59pm,29,29,15,3:00pm-3:59pm,32,32,99,Unknown,99,Unknown EMS Hospital Arrival Time,,,,,,,2,1
2020,36,360468,New York,1,1,0,0,0,1,1,27,DUTCHESS (27),2870,HYDE PARK,27,27,7,July,2020,2,Monday,15,3:00pm-3:59pm,18,18,1,This section IS ON the NHS,1,Rural,3,Principal Arterial - Other,1,State Highway Agency,2,U.S. Highway,US-9 ALBANY POST RD,,99998,Not Reported,41.86316944,41.86316944,-73.915677780,-73.915677780,0,No Special Jurisdiction,16,Thrown or Falling Object,0,The First Harmful Event was Not a Collision with a Motor Vehicle in Transport,0,No,1,Non-Junction,1,Not an Intersection,0,None,,,1,On Roadway,1,Daylight,,,,,1,Clear,0,No,0000000,Not Applicable,15,3:00pm-3:59pm,30,30,16,4:00pm-4:59pm,15,15,88,"Not Applicable (Not Transported) ",88,Not Applicable (Not Transported),,,,,,,1,0
2020,36,360469,New York,1,1,0,0,0,1,1,13,CHAUTAUQUA (13),2950,JAMESTOWN,9,9,8,August,2020,1,Sunday,5,5:00am-5:59am,0,0,1,This section IS ON the NHS,2,Urban,1,Interstate,1,State Highway Agency,1,Interstate,I-86 RAMP,SR-60,99998,Not Reported,42.12044444,42.12044444,-79.240580560,-79.240580560,0,No Special Jurisdiction,32,Culvert,0,The First Harmful Event was Not a Collision with a Motor Vehicle in Transport,1,Yes,3,Intersection-Related,2,Four-Way Intersection,0,None,,,4,On Roadside,2,Dark - Not Lighted,,,,,1,Clear,0,No,0000000,Not Applicable,5,5:00am-5:59am,17,17,5,5:00am-5:59am,23,23,88,"Not Applicable (Not Transported) ",88,Not Applicable (Not Transported),,,,,,,1,1
2020,36,360470,New York,1,1,0,0,0,1,1,31,ESSEX (31),2958,JAY,9,9,8,August,2020,1,Sunday,12,12:00pm-12:59pm,4,4,0,This section IS NOT on the NHS,1,Rural,7,Local,2,County Highway Agency,4,County Road,CR-64 STICKNEY BRIDGE RD,HAZEN RD,99998,Not Reported,44.37164167,44.37164167,-73.715602780,-73.715602780,0,No Special Jurisdiction,35,Embankment,0,The First Harmful Event was Not a Collision with a Motor Vehicle in Transport,0,No,3,Intersection-Related,3,T-Intersection,0,None,,,4,On Roadside,1,Daylight,,,,,10,Cloudy,0,No,0000000,Not Applicable,12,12:00pm-12:59pm,7,7,12,12:00pm-12:59pm,17,17,12,12:00pm-12:59pm,58,58,,,,,,,1,0
2020,36,360471,New York,1,1,0,0,0,1,1,75,OSWEGO (75),2569,HASTINGS,13,13,8,August,2020,5,Thursday,13,1:00pm-1:59pm,53,53,0,This section IS NOT on the NHS,1,Rural,7,Local,2,County Highway Agency,4,County Road,CR-45,,99998,Not Reported,43.37389444,43.37389444,-76.186552780,-76.186552780,0,No Special Jurisdiction,24,Guardrail Face,0,The First Harmful Event was Not a Collision with a Motor Vehicle in Transport,0,No,1,Non-Junction,1,Not an Intersection,0,None,,,4,On Roadside,1,Daylight,,,,,1,Clear,0,No,0000000,Not Applicable,13,1:00pm-1:59pm,56,56,14,2:00pm-2:59pm,5,5,88,"Not Applicable (Not Transported) ",88,Not Applicable (Not Transported),,,,,,,1,0
2020,36,360472,New York,3,3,0,0,0,11,11,111,ULSTER (111),3060,KINGSTON,2,2,8,August,2020,1,Sunday,20,8:00pm-8:59pm,31,31,1,This section IS ON the NHS,1,Rural,1,Interstate,1,State Highway Agency,1,Interstate,I-87,,99998,Not Reported,99.99990000,99.99990000,999.999900000,999.999900000,0,No Special Jurisdiction,12,Motor Vehicle In-Transport,1,Front-to-Rear,0,No,1,Non-Junction,1,Not an Intersection,0,None,,,1,On Roadway,5,Dusk,,,,,1,Clear,0,No,0000000,Not Applicable,20,8:00pm-8:59pm,31,31,20,8:00pm-8:59pm,40,40,99,Unknown,99,Unknown EMS Hospital Arrival Time,,,,,,,3,0
2020,36,360474,New York,1,1,0,0,0,1,1,103,SUFFOLK (103),5810,SOUTHAMPTON,15,15,8,August,2020,7,Saturday,23,11:00pm-11:59pm,3,3,0,This section IS NOT on the NHS,1,Rural,7,Local,3,Town or Township Highway Agency,5,Local Street - Township,BELLOWS POND RD,,0,None,40.87548333,40.87548333,-72.545338890,-72.545338890,0,No Special Jurisdiction,42,Tree (Standing Only),0,The First Harmful Event was Not a Collision with a Motor Vehicle in Transport,0,No,1,Non-Junction,1,Not an Intersection,0,None,,,4,On Roadside,2,Dark - Not Lighted,,,,,1,Clear,0,No,0000000,Not Applicable,23,11:00pm-11:59pm,3,3,23,11:00pm-11:59pm,5,5,23,11:00pm-11:59pm,40,40,,,,,,,1,1
2020,36,360476,New York,1,1,0,0,0,1,1,79,PUTNAM (79),900,CARMEL,17,17,8,August,2020,2,Monday,13,1:00pm-1:59pm,21,21,1,This section IS ON the NHS,1,Rural,2,Principal Arterial - Other Freeways and Expressways,1,State Highway Agency,3,State Highway,SR-987G TACONIC STATE PKWY,,99998,Not Reported,41.49045278,41.49045278,-73.806113890,-73.806113890,0,No Special Jurisdiction,42,Tree (Standing Only),0,The First Harmful Event was Not a Collision with a Motor Vehicle in Transport,0,No,1,Non-Junction,1,Not an Intersection,0,None,,,4,On Roadside,1,Daylight,,,,,10,Cloudy,0,No,0000000,Not Applicable,13,1:00pm-1:59pm,21,21,13,1:00pm-1:59pm,34,34,88,"Not Applicable (Not Transported) ",88,Not Applicable (Not Transported),,,,,,,1,0
2020,36,360477,New York,1,1,0,0,0,2,2,81,QUEENS (81),4170,MIDDLE VILLAGE,17,17,8,August,2020,2,Monday,22,10:00pm-10:59pm,47,47,1,This section IS ON the NHS,2,Urban,2,Principal Arterial - Other Freeways and Expressways,1,State Highway Agency,3,State Highway,SR-908B JACKIE ROBINSON PKWY,,99998,Not Reported,40.70233333,40.70233333,-73.866744440,-73.866744440,0,No Special Jurisdiction,25,Concrete Traffic Barrier,0,The First Harmful Event was Not a Collision with a Motor Vehicle in Transport,0,No,1,Non-Junction,1,Not an Intersection,0,None,,,3,On Median,3,Dark - Lighted,,,,,2,Rain,0,No,0000000,Not Applicable,99,Unknown,99,Unknown,99,Unknown EMS Scene Arrival Hour,99,Unknown EMS Scene Arrival Minutes,99,Unknown,99,Unknown EMS Hospital Arrival Time,,,,,,,1,0
2020,36,360478,New York,2,1,1,0,0,1,1,1,ALBANY (1),50,ALBANY,16,16,8,August,2020,1,Sunday,0,0:00am-0:59am,3,3,0,This section IS NOT on the NHS,2,Urban,7,Local,4,City or Municipal Highway Agency,6,Local Street - Municipality,BROADWAY,,0,None,42.66241944,42.66241944,-73.743772220,-73.743772220,0,No Special Jurisdiction,14,Parked Motor Vehicle,0,The First Harmful Event was Not a Collision with a Motor Vehicle in Transport,0,No,1,Non-Junction,1,Not an Intersection,0,None,,,7,In Parking Lane/Zone,3,Dark - Lighted,,,,,1,Clear,0,No,0000000,Not Applicable,0,0:00am-0:59am,10,10,0,0:00am-0:59am,12,12,99,Unknown,99,Unknown EMS Hospital Arrival Time,,,,,,,1,1
2020,36,360479,New York,1,1,0,1,1,5,5,71,ORANGE (71),2320,GOSHEN,24,24,6,June,2020,4,Wednesday,12,12:00pm-12:59pm,59,59,0,This section IS NOT on the NHS,2,Urban,5,Major Collector,2,County Highway Agency,4,County Road,CR-66 CRAIGVILLE RD,,0,None,41.38653611,41.38653611,-74.258586110,-74.258586110,0,No Special Jurisdiction,9,Pedalcyclist,0,The First Harmful Event was Not a Collision with a Motor Vehicle in Transport,0,No,1,Non-Junction,1,Not an Intersection,0,None,,,1,On Roadway,1,Daylight,,,,,1,Clear,0,No,0000000,Not Applicable,13,1:00pm-1:59pm,35,35,13,1:00pm-1:59pm,53,53,88,"Not Applicable (Not Transported) ",88,Not Applicable (Not Transported),,,,,,,1,0
2020,36,360480,New York,3,2,1,0,1,6,7,119,WESTCHESTER (119),6820,YONKERS,13,13,7,July,2020,2,Monday,13,1:00pm-1:59pm,18,18,1,This section IS ON the NHS,2,Urban,2,Principal Arterial - Other Freeways and Expressways,1,State Highway Agency,3,State Highway,"SR-987F ",,99998,Not Reported,40.95153056,40.95153056,-73.853161110,-73.853161110,0,No Special Jurisdiction,12,Motor Vehicle In-Transport,1,Front-to-Rear,0,No,1,Non-Junction,1,Not an Intersection,4,"Work Zone, Type Unknown",,,1,On Roadway,1,Daylight,,,,,1,Clear,0,No,0000000,Not Applicable,99,Unknown,99,Unknown,99,Unknown EMS Scene Arrival Hour,99,Unknown EMS Scene Arrival Minutes,99,Unknown,99,Unknown EMS Hospital Arrival Time,,,,,,,1,0
2020,36,360481,New York,1,1,0,0,0,3,3,77,OTSEGO (77),9997,Other,15,15,7,July,2020,4,Wednesday,0,0:00am-0:59am,17,17,0,This section IS NOT on the NHS,1,Rural,7,Local,2,County Highway Agency,4,County Road,CR-13,,0,None,42.60871111,42.60871111,-75.277900000,-75.277900000,0,No Special Jurisdiction,42,Tree (Standing Only),0,The First Harmful Event was Not a Collision with a Motor Vehicle in Transport,0,No,1,Non-Junction,1,Not an Intersection,0,None,,,4,On Roadside,2,Dark - Not Lighted,,,,,10,Cloudy,0,No,0000000,Not Applicable,0,0:00am-0:59am,21,21,0,0:00am-0:59am,48,48,99,Unknown,99,Unknown EMS Hospital Arrival Time,,,,,,,2,1
2020,36,360482,New York,1,1,0,0,0,3,3,65,ONEIDA (65),6308,VIENNA,1,1,8,August,2020,7,Saturday,13,1:00pm-1:59pm,50,50,0,This section IS NOT on the NHS,1,Rural,7,Local,3,Town or Township Highway Agency,5,Local Street - Township,VIENNA RD,,0,None,43.22159444,43.22159444,-75.705355560,-75.705355560,0,No Special Jurisdiction,1,Rollover/Overturn,0,The First Harmful Event was Not a Collision with a Motor Vehicle in Transport,0,No,1,Non-Junction,1,Not an Intersection,0,None,,,4,On Roadside,1,Daylight,,,,,1,Clear,0,No,0000000,Not Applicable,13,1:00pm-1:59pm,55,55,13,1:00pm-1:59pm,57,57,14,2:00pm-2:59pm,45,45,,,,,,,1,0
2020,36,360483,New York,2,1,1,0,1,1,2,71,ORANGE (71),6163,TUXEDO PARK,20,20,7,July,2020,2,Monday,3,3:00am-3:59am,1,1,1,This section IS ON the NHS,1,Rural,1,Interstate,1,State Highway Agency,1,Interstate,I-87,,99998,Not Reported,41.22530278,41.22530278,-74.183566670,-74.183566670,0,No Special Jurisdiction,14,Parked Motor Vehicle,0,The First Harmful Event was Not a Collision with a Motor Vehicle in Transport,0,No,1,Non-Junction,1,Not an Intersection,0,None,,,2,On Shoulder,2,Dark - Not Lighted,,,,,2,Rain,0,No,0000000,Not Applicable,3,3:00am-3:59am,1,1,3,3:00am-3:59am,19,19,88,"Not Applicable (Not Transported) ",88,Not Applicable (Not Transported),,,,,,,1,0
2020,36,360484,New York,2,2,0,0,0,3,3,43,HERKIMER (43),3820,MOHAWK,29,29,7,July,2020,4,Wednesday,20,8:00pm-8:59pm,29,29,0,This section IS NOT on the NHS,1,Rural,6,Minor Collector,1,State Highway Agency,3,State Highway,SR-168,TRAVIS RD,99998,Not Reported,42.94830000,42.94830000,-74.854816670,-74.854816670,0,No Special Jurisdiction,12,Motor Vehicle In-Transport,6,Angle,0,No,2,Intersection,4,Y-Intersection,0,None,,,1,On Roadway,5,Dusk,,,,,10,Cloudy,0,No,0000000,Not Applicable,20,8:00pm-8:59pm,29,29,20,8:00pm-8:59pm,45,45,22,10:00pm-10:59pm,5,5,,,,,,,1,0
2020,36,360486,New York,1,1,0,1,1,2,2,105,SULLIVAN (105),1954,FALLSBURG,22,22,6,June,2020,2,Monday,21,9:00pm-9:59pm,41,41,0,This section IS NOT on the NHS,2,Urban,4,Minor Arterial,1,State Highway Agency,3,State Highway,SR-42,,99998,Not Reported,41.70382778,41.70382778,-74.634819440,-74.634819440,0,No Special Jurisdiction,8,Pedestrian,0,The First Harmful Event was Not a Collision with a Motor Vehicle in Transport,0,No,1,Non-Junction,1,Not an Intersection,0,None,,,1,On Roadway,2,Dark - Not Lighted,,,,,1,Clear,0,No,0000000,Not Applicable,99,Unknown,99,Unknown,99,Unknown EMS Scene Arrival Hour,99,Unknown EMS Scene Arrival Minutes,99,Unknown,99,Unknown EMS Hospital Arrival Time,,,,,,,1,0
2020,36,360487,New York,1,1,0,1,1,1,1,81,QUEENS (81),4170,MIDDLE VILLAGE,8,8,8,August,2020,7,Saturday,5,5:00am-5:59am,15,15,1,This section IS ON the NHS,2,Urban,3,Principal Arterial - Other,1,State Highway Agency,3,State Highway,SR-25A NORTHERN BLVD,,99998,Not Reported,40.76506667,40.76506667,-73.820061110,-73.820061110,0,No Special Jurisdiction,8,Pedestrian,0,The First Harmful Event was Not a Collision with a Motor Vehicle in Transport,0,No,1,Non-Junction,1,Not an Intersection,0,None,,,1,On Roadway,3,Dark - Lighted,,,,,10,Cloudy,0,No,0000000,Not Applicable,99,Unknown,99,Unknown,99,Unknown EMS Scene Arrival Hour,99,Unknown EMS Scene Arrival Minutes,99,Unknown,99,Unknown EMS Hospital Arrival Time,,,,,,,1,0
2020,36,360488,New York,2,2,0,0,0,3,3,43,HERKIMER (43),3290,LITTLE FALLS,8,8,8,August,2020,7,Saturday,16,4:00pm-4:59pm,25,25,0,This section IS NOT on the NHS,1,Rural,7,Local,2,County Highway Agency,4,County Road,CR-144 THOMPSON RD,,0,None,99.99990000,99.99990000,999.999900000,999.999900000,0,No Special Jurisdiction,12,Motor Vehicle In-Transport,1,Front-to-Rear,0,No,1,Non-Junction,1,Not an Intersection,0,None,,,1,On Roadway,1,Daylight,,,,,10,Cloudy,0,No,0000000,Not Applicable,16,4:00pm-4:59pm,25,25,16,4:00pm-4:59pm,57,57,17,5:00pm-5:59pm,47,47,,,,,,,1,1
2020,36,360489,New York,2,2,0,0,0,3,3,63,NIAGARA (63),4729,PENDLETON,9,9,8,August,2020,1,Sunday,9,9:00am-9:59am,41,41,0,This section IS NOT on the NHS,2,Urban,5,Major Collector,3,Town or Township Highway Agency,5,Local Street - Township,FEIGLE RD,,0,None,43.11265000,43.11265000,-78.755047220,-78.755047220,0,No Special Jurisdiction,12,Motor Vehicle In-Transport,6,Angle,0,No,1,Non-Junction,1,Not an Intersection,0,None,,,1,On Roadway,1,Daylight,,,,,1,Clear,0,No,0000000,Not Applicable,9,9:00am-9:59am,45,45,9,9:00am-9:59am,45,45,10,10:00am-10:59am,44,44,,,,,,,1,0
2020,36,360490,New York,2,2,0,0,0,3,3,103,SUFFOLK (103),5810,SOUTHAMPTON,10,10,8,August,2020,2,Monday,5,5:00am-5:59am,39,39,1,This section IS ON the NHS,2,Urban,3,Principal Arterial - Other,1,State Highway Agency,3,State Highway,SR-27,,99998,Not Reported,40.84178889,40.84178889,-72.727950000,-72.727950000,0,No Special Jurisdiction,12,Motor Vehicle In-Transport,1,Front-to-Rear,0,No,1,Non-Junction,1,Not an Intersection,0,None,,,1,On Roadway,1,Daylight,,,,,1,Clear,0,No,0000000,Not Applicable,5,5:00am-5:59am,39,39,5,5:00am-5:59am,43,43,99,Unknown,99,Unknown EMS Hospital Arrival Time,,,,,,,1,0
2020,36,360491,New York,2,2,0,0,0,3,3,95,SCHOHARIE (95),3710,MIDDLEBURG,13,13,8,August,2020,5,Thursday,13,1:00pm-1:59pm,40,40,0,This section IS NOT on the NHS,1,Rural,4,Minor Arterial,1,State Highway Agency,3,State Highway,SR-145,,99998,Not Reported,42.64021389,42.64021389,-74.358488890,-74.358488890,0,No Special Jurisdiction,12,Motor Vehicle In-Transport,6,Angle,0,No,1,Non-Junction,1,Not an Intersection,0,None,,,1,On Roadway,1,Daylight,,,,,1,Clear,0,No,0000000,Not Applicable,13,1:00pm-1:59pm,40,40,13,1:00pm-1:59pm,49,49,88,"Not Applicable (Not Transported) ",88,Not Applicable (Not Transported),,,,,,,2,0
2020,36,360492,New York,1,1,0,0,0,1,1,59,NASSAU (59),2600,HEMPSTEAD,13,13,7,July,2020,2,Monday,2,2:00am-2:59am,1,1,1,This section IS ON the NHS,2,Urban,2,Principal Arterial - Other Freeways and Expressways,1,State Highway Agency,3,State Highway,SR-908M SOUTHERN STATE PKWY,,99998,Not Reported,40.68981667,40.68981667,-73.634344440,-73.634344440,0,No Special Jurisdiction,24,Guardrail Face,0,The First Harmful Event was Not a Collision with a Motor Vehicle in Transport,0,No,1,Non-Junction,1,Not an Intersection,0,None,,,3,On Median,3,Dark - Lighted,,,,,1,Clear,0,No,0000000,Not Applicable,2,2:00am-2:59am,1,1,2,2:00am-2:59am,12,12,2,2:00am-2:59am,41,41,,,,,,,1,0
2020,36,360493,New York,3,3,0,0,0,4,4,27,DUTCHESS (27),6379,WAPPINSER,14,14,8,August,2020,6,Friday,19,7:00pm-7:59pm,39,39,1,This section IS ON the NHS,2,Urban,3,Principal Arterial - Other,1,State Highway Agency,2,U.S. Highway,US-9,MYERS CORNERS RD,99998,Not Reported,41.58877778,41.58877778,-73.907611110,-73.907611110,0,No Special Jurisdiction,12,Motor Vehicle In-Transport,6,Angle,0,No,2,Intersection,2,Four-Way Intersection,0,None,,,1,On Roadway,1,Daylight,,,,,1,Clear,0,No,0000000,Not Applicable,19,7:00pm-7:59pm,39,39,19,7:00pm-7:59pm,39,39,20,8:00pm-8:59pm,2,2,,,,,,,1,0
2020,36,360494,New York,2,2,0,0,0,5,5,69,ONTARIO (69),1961,FARMINGTON,18,18,8,August,2020,3,Tuesday,1,1:00am-1:59am,28,28,1,This section IS ON the NHS,2,Urban,1,Interstate,1,State Highway Agency,1,Interstate,I-90,,99998,Not Reported,42.99417778,42.99417778,-77.344188890,-77.344188890,0,No Special Jurisdiction,12,Motor Vehicle In-Transport,2,Front-to-Front,0,No,1,Non-Junction,1,Not an Intersection,0,None,,,1,On Roadway,3,Dark - Lighted,,,,,1,Clear,0,No,0000000,Not Applicable,1,1:00am-1:59am,26,26,1,1:00am-1:59am,36,36,99,Unknown,99,Unknown EMS Hospital Arrival Time,,,,,,,3,0
2020,36,360495,New York,2,1,1,0,0,1,1,7,BROOME (7),1880,ENDICOTT,18,18,8,August,2020,3,Tuesday,21,9:00pm-9:59pm,25,25,0,This section IS NOT on the NHS,1,Rural,7,Local,3,Town or Township Highway Agency,5,Local Street - Township,AIRPORT RD,,0,None,42.08751667,42.08751667,-76.093561110,-76.093561110,0,No Special Jurisdiction,14,Parked Motor Vehicle,0,The First Harmful Event was Not a Collision with a Motor Vehicle in Transport,0,No,1,Non-Junction,1,Not an Intersection,0,None,,,7,In Parking Lane/Zone,3,Dark - Lighted,,,,,10,Cloudy,0,No,0000000,Not Applicable,21,9:00pm-9:59pm,25,25,21,9:00pm-9:59pm,31,31,22,10:00pm-10:59pm,6,6,,,,,,,1,1
2020,36,360496,New York,1,1,0,0,0,1,1,103,SUFFOLK (103),1650,EAST HAMPTON,4,4,3,March,2020,4,Wednesday,5,5:00am-5:59am,43,43,0,This section IS NOT on the NHS,2,Urban,5,Major Collector,2,County Highway Agency,4,County Road,CR-33 NAPEAGUE MEADOW RD,,0,None,40.99656389,40.99656389,-72.056544440,-72.056544440,0,No Special Jurisdiction,30,Utility Pole/Light Support,0,The First Harmful Event was Not a Collision with a Motor Vehicle in Transport,0,No,1,Non-Junction,1,Not an Intersection,0,None,,,4,On Roadside,2,Dark - Not Lighted,,,,,10,Cloudy,0,No,0000000,Not Applicable,99,Unknown,99,Unknown,99,Unknown EMS Scene Arrival Hour,99,Unknown EMS Scene Arrival Minutes,99,Unknown,99,Unknown EMS Hospital Arrival Time,,,,,,,1,0
2020,36,360497,New York,1,1,0,1,1,1,1,27,DUTCHESS (27),2000,FISHKILL,19,19,8,August,2020,4,Wednesday,7,7:00am-7:59am,0,0,0,This section IS NOT on the NHS,1,Rural,7,Local,3,Town or Township Highway Agency,5,Local Street - Township,OLD TOWN RD,BELVEDERE RD,0,None,41.51583056,41.51583056,-73.933327780,-73.933327780,0,No Special Jurisdiction,8,Pedestrian,0,The First Harmful Event was Not a Collision with a Motor Vehicle in Transport,0,No,3,Intersection-Related,4,Y-Intersection,0,None,,,1,On Roadway,1,Daylight,,,,,1,Clear,0,No,0000000,Not Applicable,7,7:00am-7:59am,7,7,7,7:00am-7:59am,17,17,88,"Not Applicable (Not Transported) ",88,Not Applicable (Not Transported),,,,,,,1,0
2020,36,360498,New York,1,1,0,0,0,1,1,81,QUEENS (81),4170,MIDDLE VILLAGE,22,22,8,August,2020,7,Saturday,4,4:00am-4:59am,28,28,1,This section IS ON the NHS,2,Urban,2,Principal Arterial - Other Freeways and Expressways,1,State Highway Agency,3,State Highway,SR-907A CROSS ISLAND PKWY,,99998,Not Reported,40.70617500,40.70617500,-73.727513890,-73.727513890,0,No Special Jurisdiction,25,Concrete Traffic Barrier,0,The First Harmful Event was Not a Collision with a Motor Vehicle in Transport,0,No,1,Non-Junction,1,Not an Intersection,0,None,,,4,On Roadside,4,Dawn,,,,,1,Clear,0,No,0000000,Not Applicable,99,Unknown,99,Unknown,99,Unknown EMS Scene Arrival Hour,99,Unknown EMS Scene Arrival Minutes,99,Unknown,99,Unknown EMS Hospital Arrival Time,,,,,,,1,0
2020,36,360499,New York,1,1,0,0,0,1,1,59,NASSAU (59),3570,MASSAPEQUA PARK,22,22,8,August,2020,7,Saturday,9,9:00am-9:59am,25,25,0,This section IS NOT on the NHS,2,Urban,5,Major Collector,3,Town or Township Highway Agency,5,Local Street - Township,UNQUA RD,,0,None,40.67817222,40.67817222,-73.439291670,-73.439291670,0,No Special Jurisdiction,30,Utility Pole/Light Support,0,The First Harmful Event was Not a Collision with a Motor Vehicle in Transport,0,No,1,Non-Junction,1,Not an Intersection,0,None,,,4,On Roadside,1,Daylight,,,,,10,Cloudy,0,No,0000000,Not Applicable,9,9:00am-9:59am,26,26,9,9:00am-9:59am,29,29,10,10:00am-10:59am,0,0,,,,,,,1,0
2020,36,360500,New York,1,1,0,0,0,1,1,123,YATES (123),1580,DRESDEN,23,23,8,August,2020,1,Sunday,10,10:00am-10:59am,0,0,1,This section IS ON the NHS,1,Rural,3,Principal Arterial - Other,1,State Highway Agency,3,State Highway,SR-14,,99998,Not Reported,42.67939722,42.67939722,-76.960994440,-76.960994440,0,No Special Jurisdiction,31,"Post, Pole or Other Supports",0,The First Harmful Event was Not a Collision with a Motor Vehicle in Transport,0,No,1,Non-Junction,1,Not an Intersection,0,None,,,4,On Roadside,1,Daylight,,,,,1,Clear,0,No,0000000,Not Applicable,11,11:00am-11:59am,26,26,12,12:00pm-12:59pm,17,17,88,"Not Applicable (Not Transported) ",88,Not Applicable (Not Transported),,,,,,,1,0
2020,36,360501,New York,1,1,0,0,0,1,1,15,CHEMUNG (15),1113,CHEMUNG,18,18,8,August,2020,3,Tuesday,18,6:00pm-6:59pm,35,35,0,This section IS NOT on the NHS,1,Rural,7,Local,3,Town or Township Highway Agency,5,Local Street - Township,BLACKBURN HILL RD,,99998,Not Reported,42.07756944,42.07756944,-76.575388890,-76.575388890,0,No Special Jurisdiction,1,Rollover/Overturn,0,The First Harmful Event was Not a Collision with a Motor Vehicle in Transport,0,No,1,Non-Junction,1,Not an Intersection,0,None,,,4,On Roadside,1,Daylight,,,,,1,Clear,0,No,0000000,Not Applicable,18,6:00pm-6:59pm,35,35,18,6:00pm-6:59pm,55,55,19,7:00pm-7:59pm,0,0,,,,,,,1,1
2020,36,360502,New York,1,1,0,0,0,1,1,21,COLUMBIA (21),9997,Other,25,25,8,August,2020,3,Tuesday,0,0:00am-0:59am,57,57,0,This section IS NOT on the NHS,1,Rural,7,Local,3,Town or Township Highway Agency,5,Local Street - Township,SIGLER RD,,0,None,42.01026111,42.01026111,-73.664383330,-73.664383330,0,No Special Jurisdiction,42,Tree (Standing Only),0,The First Harmful Event was Not a Collision with a Motor Vehicle in Transport,0,No,1,Non-Junction,1,Not an Intersection,0,None,,,4,On Roadside,2,Dark - Not Lighted,,,,,10,Cloudy,0,No,0000000,Not Applicable,0,0:00am-0:59am,57,57,1,1:00am-1:59am,17,17,88,"Not Applicable (Not Transported) ",88,Not Applicable (Not Transported),,,,,,,1,1
2020,36,360504,New York,1,1,0,1,1,1,1,47,KINGS (47),4170,NEW YORK CITY,24,24,8,August,2020,2,Monday,11,11:00am-11:59am,1,1,1,This section IS ON the NHS,2,Urban,3,Principal Arterial - Other,1,State Highway Agency,3,State Highway,SR-27 LINDEN BLVD,FOUNTAIN AVE,99998,Not Reported,40.66663056,40.66663056,-73.871780560,-73.871780560,0,No Special Jurisdiction,8,Pedestrian,0,The First Harmful Event was Not a Collision with a Motor Vehicle in Transport,0,No,3,Intersection-Related,2,Four-Way Intersection,0,None,,,1,On Roadway,1,Daylight,,,,,1,Clear,0,No,0000000,Not Applicable,11,11:00am-11:59am,1,1,11,11:00am-11:59am,6,6,88,"Not Applicable (Not Transported) ",88,Not Applicable (Not Transported),,,,,,,1,0
2020,36,360505,New York,1,1,0,1,1,1,1,81,QUEENS (81),4170,MIDDLE VILLAGE,27,27,8,August,2020,5,Thursday,8,8:00am-8:59am,16,16,0,This section IS NOT on the NHS,2,Urban,7,Local,4,City or Municipal Highway Agency,6,Local Street - Municipality,CENTRAL AVE,69TH PL,0,None,40.70428056,40.70428056,-73.882788890,-73.882788890,0,No Special Jurisdiction,8,Pedestrian,0,The First Harmful Event was Not a Collision with a Motor Vehicle in Transport,0,No,3,Intersection-Related,2,Four-Way Intersection,0,None,,,1,On Roadway,1,Daylight,,,,,1,Clear,0,No,0000000,Not Applicable,8,8:00am-8:59am,18,18,8,8:00am-8:59am,32,32,8,8:00am-8:59am,45,45,,,,,,,1,0
2020,36,360506,New York,1,1,0,1,1,1,1,81,QUEENS (81),4170,MIDDLE VILLAGE,15,15,8,August,2020,7,Saturday,23,11:00pm-11:59pm,59,59,0,This section IS NOT on the NHS,2,Urban,4,Minor Arterial,4,City or Municipal Highway Agency,6,Local Street - Municipality,LIBERTY AVE,,99998,Not Reported,40.69295556,40.69295556,-73.808441670,-73.808441670,0,No Special Jurisdiction,8,Pedestrian,0,The First Harmful Event was Not a Collision with a Motor Vehicle in Transport,0,No,1,Non-Junction,1,Not an Intersection,0,None,,,1,On Roadway,3,Dark - Lighted,,,,,1,Clear,0,No,0000000,Not Applicable,23,11:00pm-11:59pm,59,59,0,0:00am-0:59am,15,15,0,0:00am-0:59am,30,30,,,,,,,1,0