caseyear,state,st_case,statename,ve_total,ve_forms,pvh_invl,peds,pernotmvit,permvit,persons,county,countyname,city,cityname,day,dayname,month,monthname,year,day_week,day_weekname,hour,hourname,minute,minutename,nhs,nhsname,rur_urb,rur_urbname,func_sys,func_sysname,rd_owner,rd_ownername,route,routename,tway_id,tway_id2,milept,mileptname,latitude,latitudename,longitud,longitudname,sp_jur,sp_jurname,harm_ev,harm_evname,man_coll,man_collname,reljct1,reljct1name,reljct2,reljct2name,typ_int,typ_intname,wrk_zone,wrk_zonename,road_fnc,road_fncname,rel_road,rel_roadname,lgt_cond,lgt_condname,weather1,weather1name,weather2,weather2name,weather,weathername,sch_bus,sch_busname,rail,railname,not_hour,not_hourname,not_min,not_minname,arr_hour,arr_hourname,arr_min,arr_minname,hosp_hr,hosp_hrname,hosp_mn,hosp_mnname,cf1,cf1name,cf2,cf2name,cf3,cf3name,fatals,drunk_dr
2020,36,360577,New York,1,1,0,0,0,4,4,119,WESTCHESTER (119),3940,MOUNT VERNON,25,25,9,September,2020,6,Friday,2,2:00am-2:59am,26,26,1,This section IS ON the NHS,2,Urban,3,Principal Arterial - Other,1,State Highway Agency,3,State Highway,SR-907K,,99998,Not Reported,40.92228889,40.92228889,-73.816911110,-73.816911110,0,No Special Jurisdiction,24,Guardrail Face,0,The First Harmful Event was Not a Collision with a Motor Vehicle in Transport,0,No,1,Non-Junction,1,Not an Intersection,0,None,,,4,On Roadside,3,Dark - Lighted,,,,,1,Clear,0,No,0000000,Not Applicable,2,2:00am-2:59am,36,36,2,2:00am-2:59am,40,40,99,Unknown,99,Unknown EMS Hospital Arrival Time,,,,,,,3,0
2020,36,360578,New York,2,2,0,0,0,2,2,27,DUTCHESS (27),2785,HOPEWELL JUNCTION,8,8,9,September,2020,3,Tuesday,5,5:00am-5:59am,51,51,1,This section IS ON the NHS,2,Urban,2,Principal Arterial - Other Freeways and Expressways,1,State Highway Agency,3,State Highway,SR-987G TACONIC STATE PKWY,,99998,Not Reported,41.56700278,41.56700278,-73.782097220,-73.782097220,0,No Special Jurisdiction,12,Motor Vehicle In-Transport,1,Front-to-Rear,0,No,1,Non-Junction,1,Not an Intersection,0,None,,,1,On Roadway,4,Dawn,,,,,1,Clear,0,No,0000000,Not Applicable,99,Unknown,99,Unknown,99,Unknown EMS Scene Arrival Hour,99,Unknown EMS Scene Arrival Minutes,88,"Not Applicable (Not Transported) ",88,Not Applicable (Not Transported),,,,,,,1,0
2020,36,360579,New York,1,1,0,1,1,1,1,59,NASSAU (59),4090,NEW HYDE PARK,8,8,9,September,2020,3,Tuesday,6,6:00am-6:59am,30,30,0,This section IS NOT on the NHS,2,Urban,4,Minor Arterial,2,County Highway Agency,4,County Road,CR-5B  NEW HYDE PARK RD,PLAZA AVE,99998,Not Reported,40.73195556,40.73195556,-73.679372220,-73.679372220,0,No Special Jurisdiction,8,Pedestrian,0,The First Harmful Event was Not a Collision with a Motor Vehicle in Transport,0,No,3,Intersection-Related,2,Four-Way Intersection,0,None,,,1,On Roadway,1,Daylight,,,,,1,Clear,0,No,0000000,Not Applicable,99,Unknown,99,Unknown,99,Unknown EMS Scene Arrival Hour,99,Unknown EMS Scene Arrival Minutes,99,Unknown,99,Unknown EMS Hospital Arrival Time,,,,,,,1,0
2020,36,360580,New York,1,1,0,0,0,2,2,29,ERIE (29),750,BUFFALO,10,10,9,September,2020,5,Thursday,18,6:00pm-6:59pm,25,25,0,This section IS NOT on the NHS,2,Urban,4,Minor Arterial,4,City or Municipal Highway Agency,6,Local Street - Municipality,E FERRY ST,,99998,Not Reported,42.91466389,42.91466389,-78.833972220,-78.833972220,0,No Special Jurisdiction,19,Building,0,The First Harmful Event was Not a Collision with a Motor Vehicle in Transport,0,No,1,Non-Junction,1,Not an Intersection,0,None,,,5,Outside Trafficway,1,Daylight,,,,,10,Cloudy,0,No,0000000,Not Applicable,99,Unknown,99,Unknown,99,Unknown EMS Scene Arrival Hour,99,Unknown EMS Scene Arrival Minutes,99,Unknown,99,Unknown EMS Hospital Arrival Time,,,,,,,1,0
2020,36,360581,New York,1,1,0,0,0,2,2,81,QUEENS (81),4170,MIDDLE VILLAGE,26,26,9,September,2020,7,Saturday,18,6:00pm-6:59pm,39,39,1,This section IS ON the NHS,2,Urban,3,Principal Arterial - Other,4,City or Municipal Highway Agency,6,Local Street - Municipality,ROCKAWAY BLVD,,0,None,40.64152222,40.64152222,-73.744352780,-73.744352780,0,No Special Jurisdiction,38,Fence,0,The First Harmful Event was Not a Collision with a Motor Vehicle in Transport,0,No,1,Non-Junction,1,Not an Intersection,0,None,,,4,On Roadside,5,Dusk,,,,,1,Clear,0,No,0000000,Not Applicable,99,Unknown,99,Unknown,99,Unknown EMS Scene Arrival Hour,99,Unknown EMS Scene Arrival Minutes,99,Unknown,99,Unknown EMS Hospital Arrival Time,,,,,,,1,1
2020,36,360582,New York,1,1,0,1,1,1,1,5,BRONX (5),4170,NEW YORK CITY,5,5,9,September,2020,7,Saturday,22,10:00pm-10:59pm,30,30,1,This section IS ON the NHS,2,Urban,3,Principal Arterial - Other,4,City or Municipal Highway Agency,6,Local Street - Municipality,WEBSTER AVE,E 201ST ST,32,32,40.86820556,40.86820556,-73.882155560,-73.882155560,0,No Special Jurisdiction,8,Pedestrian,0,The First Harmful Event was Not a Collision with a Motor Vehicle in Transport,0,No,3,Intersection-Related,2,Four-Way Intersection,0,None,,,1,On Roadway,3,Dark - Lighted,,,,,1,Clear,0,No,0000000,Not Applicable,99,Unknown,99,Unknown,99,Unknown EMS Scene Arrival Hour,99,Unknown EMS Scene Arrival Minutes,99,Unknown,99,Unknown EMS Hospital Arrival Time,,,,,,,1,0
2020,36,360583,New York,1,1,0,0,0,3,3,59,NASSAU (59),5300,ROSLYN ESTATES,12,12,9,September,2020,7,Saturday,17,5:00pm-5:59pm,7,7,1,This section IS ON the NHS,2,Urban,3,Principal Arterial - Other,2,County Highway Agency,4,County Road,CR-101 SEARINGTOWN RD,,99998,Not Reported,40.78920000,40.78920000,-73.666366670,-73.666366670,0,No Special Jurisdiction,30,Utility Pole/Light Support,0,The First Harmful Event was Not a Collision with a Motor Vehicle in Transport,0,No,1,Non-Junction,1,Not an Intersection,0,None,,,4,On Roadside,1,Daylight,,,,,1,Clear,0,No,0000000,Not Applicable,17,5:00pm-5:59pm,10,10,17,5:00pm-5:59pm,16,16,17,5:00pm-5:59pm,45,45,,,,,,,1,0
2020,36,360584,New York,1,1,0,1,1,1,1,47,KINGS (47),4170,NEW YORK CITY,7,7,9,September,2020,2,Monday,0,0:00am-0:59am,35,35,0,This section IS NOT on the NHS,2,Urban,7,Local,4,City or Municipal Highway Agency,6,Local Street - Municipality,WILLIAMSBURG ST,WYTHE AVE,0,None,40.70112222,40.70112222,-73.960875000,-73.960875000,0,No Special Jurisdiction,9,Pedalcyclist,0,The First Harmful Event was Not a Collision with a Motor Vehicle in Transport,0,No,3,Intersection-Related,3,T-Intersection,0,None,,,1,On Roadway,3,Dark - Lighted,,,,,1,Clear,0,No,0000000,Not Applicable,0,0:00am-0:59am,35,35,0,0:00am-0:59am,43,43,99,Unknown,99,Unknown EMS Hospital Arrival Time,,,,,,,1,0
2020,36,360585,New York,2,2,0,0,0,3,3,17,CHENANGO (17),4892,PLYMOUTH,19,19,9,September,2020,7,Saturday,17,5:00pm-5:59pm,52,52,0,This section IS NOT on the NHS,1,Rural,4,Minor Arterial,1,State Highway Agency,3,State Highway,SR-23,,99998,Not Reported,42.59364167,42.59364167,-75.585066670,-75.585066670,0,No Special Jurisdiction,12,Motor Vehicle In-Transport,2,Front-to-Front,0,No,1,Non-Junction,1,Not an Intersection,0,None,,,1,On Roadway,1,Daylight,,,,,10,Cloudy,0,No,0000000,Not Applicable,17,5:00pm-5:59pm,52,52,18,6:00pm-6:59pm,6,6,99,Unknown,99,Unknown EMS Hospital Arrival Time,,,,,,,2,0
2020,36,360586,New York,1,1,0,1,1,1,1,47,KINGS (47),4170,NEW YORK CITY,18,18,9,September,2020,6,Friday,16,4:00pm-4:59pm,29,29,1,This section IS ON the NHS,2,Urban,3,Principal Arterial - Other,4,City or Municipal Highway Agency,6,Local Street - Municipality,ATLANTIC AVE,,66,66,40.67955278,40.67955278,-73.878827780,-73.878827780,0,No Special Jurisdiction,8,Pedestrian,0,The First Harmful Event was Not a Collision with a Motor Vehicle in Transport,0,No,1,Non-Junction,1,Not an Intersection,0,None,,,4,On Roadside,1,Daylight,,,,,1,Clear,0,No,0000000,Not Applicable,99,Unknown,99,Unknown,99,Unknown EMS Scene Arrival Hour,99,Unknown EMS Scene Arrival Minutes,99,Unknown,99,Unknown EMS Hospital Arrival Time,,,,,,,1,0
2020,36,360587,New York,1,1,0,1,1,1,1,7,BROOME (7),6277,VESTAL,21,21,9,September,2020,2,Monday,14,2:00pm-2:59pm,23,23,0,This section IS NOT on the NHS,2,Urban,7,Local,3,Town or Township Highway Agency,5,Local Street - Township,CLIFTON BLVD,CLUBHOUSE RD,99998,Not Reported,42.08915556,42.08915556,-75.949669440,-75.949669440,0,No Special Jurisdiction,8,Pedestrian,0,The First Harmful Event was Not a Collision with a Motor Vehicle in Transport,0,No,3,Intersection-Related,2,Four-Way Intersection,0,None,,,1,On Roadway,1,Daylight,,,,,1,Clear,0,No,0000000,Not Applicable,14,2:00pm-2:59pm,26,26,14,2:00pm-2:59pm,34,34,14,2:00pm-2:59pm,55,55,,,,,,,1,0
2020,36,360588,New York,2,2,0,0,0,3,3,87,ROCKLAND (87),6000,SUFFERN,21,21,9,September,2020,2,Monday,1,1:00am-1:59am,45,45,1,This section IS ON the NHS,2,Urban,1,Interstate,1,State Highway Agency,1,Interstate,I-87,,99998,Not Reported,41.12158333,41.12158333,-74.138033330,-74.138033330,0,No Special Jurisdiction,12,Motor Vehicle In-Transport,6,Angle,0,No,1,Non-Junction,1,Not an Intersection,0,None,,,1,On Roadway,2,Dark - Not Lighted,,,,,1,Clear,0,No,0000000,Not Applicable,1,1:00am-1:59am,45,45,1,1:00am-1:59am,56,56,99,Unknown,99,Unknown EMS Hospital Arrival Time,,,,,,,2,0
2020,36,360589,New York,2,2,0,0,0,2,2,59,NASSAU (59),2600,HEMPSTEAD,13,13,8,August,2020,5,Thursday,5,5:00am-5:59am,13,13,1,This section IS ON the NHS,2,Urban,2,Principal Arterial - Other Freeways and Expressways,1,State Highway Agency,3,State Highway,SR-908T WANTAGH STATE PKWY,,99998,Not Reported,40.67803056,40.67803056,-73.512919440,-73.512919440,0,No Special Jurisdiction,12,Motor Vehicle In-Transport,2,Front-to-Front,0,No,1,Non-Junction,1,Not an Intersection,0,None,,,1,On Roadway,2,Dark - Not Lighted,,,,,1,Clear,0,No,0000000,Not Applicable,99,Unknown,99,Unknown,99,Unknown EMS Scene Arrival Hour,99,Unknown EMS Scene Arrival Minutes,99,Unknown,99,Unknown EMS Hospital Arrival Time,,,,,,,1,0
2020,36,360590,New York,1,1,0,2,2,1,1,75,OSWEGO (75),2540,HANNIBAL,19,19,9,September,2020,7,Saturday,0,0:00am-0:59am,34,34,0,This section IS NOT on the NHS,1,Rural,5,Major Collector,1,State Highway Agency,3,State Highway,SR-176,,99998,Not Reported,43.26991944,43.26991944,-76.488605560,-76.488605560,0,No Special Jurisdiction,8,Pedestrian,0,The First Harmful Event was Not a Collision with a Motor Vehicle in Transport,0,No,1,Non-Junction,1,Not an Intersection,0,None,,,4,On Roadside,2,Dark - Not Lighted,,,,,1,Clear,0,No,0000000,Not Applicable,0,0:00am-0:59am,39,39,0,0:00am-0:59am,47,47,1,1:00am-1:59am,32,32,,,,,,,1,1
2020,36,360591,New York,2,2,0,0,0,2,2,59,NASSAU (59),4600,OYSTER BAY,22,22,9,September,2020,3,Tuesday,10,10:00am-10:59am,39,39,0,This section IS NOT on the NHS,2,Urban,4,Minor Arterial,2,County Highway Agency,4,County Road,CR-E33 STEWART AVE,,99998,Not Reported,40.75112778,40.75112778,-73.482669440,-73.482669440,0,No Special Jurisdiction,12,Motor Vehicle In-Transport,2,Front-to-Front,0,No,1,Non-Junction,1,Not an Intersection,0,None,,,1,On Roadway,1,Daylight,,,,,1,Clear,0,No,0000000,Not Applicable,10,10:00am-10:59am,39,39,10,10:00am-10:59am,41,41,11,11:00am-11:59am,0,0,,,,,,,1,1
2020,36,360592,New York,1,1,0,1,1,2,2,81,QUEENS (81),4170,MIDDLE VILLAGE,19,19,9,September,2020,7,Saturday,21,9:00pm-9:59pm,8,8,0,This section IS NOT on the NHS,2,Urban,7,Local,4,City or Municipal Highway Agency,6,Local Street - Municipality,COLLEGE POINT BLVD,AVERY AVE,0,None,40.75231944,40.75231944,-73.832402780,-73.832402780,0,No Special Jurisdiction,8,Pedestrian,0,The First Harmful Event was Not a Collision with a Motor Vehicle in Transport,0,No,3,Intersection-Related,2,Four-Way Intersection,0,None,,,1,On Roadway,3,Dark - Lighted,,,,,1,Clear,0,No,0000000,Not Applicable,21,9:00pm-9:59pm,8,8,99,Unknown EMS Scene Arrival Hour,99,Unknown EMS Scene Arrival Minutes,99,Unknown,99,Unknown EMS Hospital Arrival Time,,,,,,,1,0
2020,36,360593,New York,2,2,0,0,0,2,2,63,NIAGARA (63),6730,WILSON,23,23,9,September,2020,4,Wednesday,18,6:00pm-6:59pm,2,2,0,This section IS NOT on the NHS,1,Rural,4,Minor Arterial,1,State Highway Agency,3,State Highway,SR-18 W LAKE RD,,99998,Not Reported,43.30088056,43.30088056,-78.891361110,-78.891361110,0,No Special Jurisdiction,12,Motor Vehicle In-Transport,6,Angle,0,No,8,Driveway Access Related,1,Not an Intersection,0,None,,,1,On Roadway,1,Daylight,,,,,1,Clear,0,No,0000000,Not Applicable,18,6:00pm-6:59pm,2,2,18,6:00pm-6:59pm,11,11,99,Unknown,99,Unknown EMS Hospital Arrival Time,,,,,,,1,0
2020,36,360594,New York,1,1,0,1,1,1,1,81,QUEENS (81),4170,MIDDLE VILLAGE,19,19,9,September,2020,7,Saturday,22,10:00pm-10:59pm,30,30,1,This section IS ON the NHS,2,Urban,3,Principal Arterial - Other,4,City or Municipal Highway Agency,7,Local Street - Frontage Road,WOODHAVEN BLVD,DRY HARBOR RD,0,None,40.72767222,40.72767222,-73.871080560,-73.871080560,0,No Special Jurisdiction,8,Pedestrian,0,The First Harmful Event was Not a Collision with a Motor Vehicle in Transport,0,No,3,Intersection-Related,2,Four-Way Intersection,0,None,,,1,On Roadway,3,Dark - Lighted,,,,,1,Clear,0,No,0000000,Not Applicable,99,Unknown,99,Unknown,99,Unknown EMS Scene Arrival Hour,99,Unknown EMS Scene Arrival Minutes,99,Unknown,99,Unknown EMS Hospital Arrival Time,,,,,,,1,0
2020,36,360595,New York,1,1,0,1,1,2,2,55,MONROE (55),1730,EAST ROCHESTER,27,27,4,April,2020,2,Monday,22,10:00pm-10:59pm,54,54,0,This section IS NOT on the NHS,2,Urban,7,Local,4,City or Municipal Highway Agency,6,Local Street - Municipality,ST PAUL ST,UPPER FALLS BLVD,0,None,43.16728889,43.16728889,-77.616883330,-77.616883330,0,No Special Jurisdiction,9,Pedalcyclist,0,The First Harmful Event was Not a Collision with a Motor Vehicle in Transport,0,No,3,Intersection-Related,2,Four-Way Intersection,0,None,,,1,On Roadway,3,Dark - Lighted,,,,,1,Clear,0,No,0000000,Not Applicable,99,Unknown,99,Unknown,99,Unknown EMS Scene Arrival Hour,99,Unknown EMS Scene Arrival Minutes,99,Unknown,99,Unknown EMS Hospital Arrival Time,,,,,,,1,0
2020,36,360596,New York,2,1,1,1,1,1,1,59,NASSAU (59),4600,OYSTER BAY,23,23,9,September,2020,4,Wednesday,12,12:00pm-12:59pm,16,16,1,This section IS ON the NHS,2,Urban,1,Interstate,1,State Highway Agency,1,Interstate,I-495 LONG ISLAND EXPY,,99998,Not Reported,40.79952222,40.79952222,-73.485347220,-73.485347220,0,No Special Jurisdiction,8,Pedestrian,0,The First Harmful Event was Not a Collision with a Motor Vehicle in Transport,0,No,1,Non-Junction,1,Not an Intersection,0,None,,,8,Gore,1,Daylight,,,,,1,Clear,0,No,0000000,Not Applicable,12,12:00pm-12:59pm,20,20,12,12:00pm-12:59pm,25,25,88,"Not Applicable (Not Transported) ",88,Not Applicable (Not Transported),,,,,,,1,0
2020,36,360597,New York,2,2,0,0,0,2,2,81,QUEENS (81),4170,MIDDLE VILLAGE,23,23,9,September,2020,4,Wednesday,21,9:00pm-9:59pm,17,17,0,This section IS NOT on the NHS,2,Urban,5,Major Collector,4,City or Municipal Highway Agency,6,Local Street - Municipality,24TH AVE,33 ST,99998,Not Reported,40.77154722,40.77154722,-73.914358330,-73.914358330,0,No Special Jurisdiction,12,Motor Vehicle In-Transport,6,Angle,0,No,2,Intersection,2,Four-Way Intersection,0,None,,,1,On Roadway,3,Dark - Lighted,,,,,1,Clear,0,No,0000000,Not Applicable,21,9:00pm-9:59pm,17,17,99,Unknown EMS Scene Arrival Hour,99,Unknown EMS Scene Arrival Minutes,99,Unknown,99,Unknown EMS Hospital Arrival Time,,,,,,,1,0
2020,36,360598,New York,2,2,0,0,0,3,3,55,MONROE (55),2248,GATES,23,23,9,September,2020,4,Wednesday,11,11:00am-11:59am,8,8,0,This section IS NOT on the NHS,2,Urban,4,Minor Arterial,1,State Highway Agency,3,State Highway,"SR-31 SPENCERPORT RD ",MARC MAR TRAIL,99998,Not Reported,43.17460833,43.17460833,-77.724236110,-77.724236110,0,No Special Jurisdiction,12,Motor Vehicle In-Transport,2,Front-to-Front,0,No,2,Intersection,3,T-Intersection,0,None,,,1,On Roadway,1,Daylight,,,,,1,Clear,0,No,0000000,Not Applicable,11,11:00am-11:59am,8,8,11,11:00am-11:59am,12,12,99,Unknown,99,Unknown EMS Hospital Arrival Time,,,,,,,2,0
2020,36,360599,New York,2,2,0,0,0,2,2,111,ULSTER (111),2242,GARDINER,23,23,9,September,2020,4,Wednesday,7,7:00am-7:59am,20,20,0,This section IS NOT on the NHS,1,Rural,6,Minor Collector,2,County Highway Agency,4,County Road,CR-7 BRUYNSWICK RD,,99998,Not Reported,41.66439444,41.66439444,-74.223383330,-74.223383330,0,No Special Jurisdiction,12,Motor Vehicle In-Transport,2,Front-to-Front,0,No,1,Non-Junction,1,Not an Intersection,0,None,,,1,On Roadway,1,Daylight,,,,,1,Clear,0,No,0000000,Not Applicable,7,7:00am-7:59am,22,22,7,7:00am-7:59am,51,51,99,Unknown,99,Unknown EMS Hospital Arrival Time,,,,,,,1,0
2020,36,360600,New York,2,2,0,0,0,2,2,17,CHENANGO (17),4050,NEW BERLIN,4,4,8,August,2020,3,Tuesday,14,2:00pm-2:59pm,40,40,1,This section IS ON the NHS,1,Rural,3,Principal Arterial - Other,1,State Highway Agency,3,State Highway,SR-8,,99998,Not Reported,42.64545833,42.64545833,-75.329297220,-75.329297220,0,No Special Jurisdiction,12,Motor Vehicle In-Transport,2,Front-to-Front,0,No,1,Non-Junction,1,Not an Intersection,0,None,,,1,On Roadway,1,Daylight,,,,,2,Rain,0,No,0000000,Not Applicable,14,2:00pm-2:59pm,49,49,15,3:00pm-3:59pm,2,2,16,4:00pm-4:59pm,31,31,,,,,,,1,1
2020,36,360601,New York,3,2,1,0,1,2,3,1,ALBANY (1),50,ALBANY,24,24,9,September,2020,5,Thursday,17,5:00pm-5:59pm,31,31,1,This section IS ON the NHS,2,Urban,3,Principal Arterial - Other,4,City or Municipal Highway Agency,2,U.S. Highway,US-20 MADISON AVE,,99998,Not Reported,42.64850556,42.64850556,-73.760647220,-73.760647220,0,No Special Jurisdiction,12,Motor Vehicle In-Transport,7,Sideswipe - Same Direction,0,No,1,Non-Junction,1,Not an Intersection,0,None,,,1,On Roadway,1,Daylight,,,,,1,Clear,0,No,0000000,Not Applicable,99,Unknown,99,Unknown,99,Unknown EMS Scene Arrival Hour,99,Unknown EMS Scene Arrival Minutes,99,Unknown,99,Unknown EMS Hospital Arrival Time,,,,,,,1,0
2020,36,360602,New York,2,2,0,0,0,2,2,31,ESSEX (31),5575,SCHROON LAKE,21,21,8,August,2020,6,Friday,17,5:00pm-5:59pm,50,50,0,This section IS NOT on the NHS,1,Rural,5,Major Collector,1,State Highway Agency,2,U.S. Highway,US-9,CEDAR HILL DR,99998,Not Reported,43.83980556,43.83980556,-73.760541670,-73.760541670,0,No Special Jurisdiction,12,Motor Vehicle In-Transport,1,Front-to-Rear,0,No,2,Intersection,3,T-Intersection,0,None,,,1,On Roadway,1,Daylight,,,,,1,Clear,0,No,0000000,Not Applicable,17,5:00pm-5:59pm,50,50,17,5:00pm-5:59pm,55,55,88,"Not Applicable (Not Transported) ",88,Not Applicable (Not Transported),,,,,,,1,0
2020,36,360603,New York,2,2,0,0,0,3,3,55,MONROE (55),5600,SCOTTSVILLE,4,4,9,September,2020,6,Friday,4,4:00am-4:59am,19,19,1,This section IS ON the NHS,1,Rural,1,Interstate,1,State Highway Agency,1,Interstate,I-90,,99998,Not Reported,99.99990000,99.99990000,999.999900000,999.999900000,0,No Special Jurisdiction,12,Motor Vehicle In-Transport,6,Angle,0,No,1,Non-Junction,1,Not an Intersection,0,None,,,1,On Roadway,2,Dark - Not Lighted,,,,,1,Clear,0,No,0000000,Not Applicable,4,4:00am-4:59am,25,25,4,4:00am-4:59am,50,50,99,Unknown,99,Unknown EMS Hospital Arrival Time,,,,,,,2,0
2020,36,360604,New York,2,2,0,0,0,2,2,13,CHAUTAUQUA (13),5651,SHERIDAN,24,24,9,September,2020,5,Thursday,14,2:00pm-2:59pm,1,1,0,This section IS NOT on the NHS,1,Rural,6,Minor Collector,2,County Highway Agency,4,County Road,CR-91 CENTER RD,S ROBERTS RD,99998,Not Reported,42.45220000,42.45220000,-79.236438890,-79.236438890,0,No Special Jurisdiction,12,Motor Vehicle In-Transport,6,Angle,0,No,2,Intersection,2,Four-Way Intersection,0,None,,,1,On Roadway,1,Daylight,,,,,1,Clear,0,No,0000000,Not Applicable,14,2:00pm-2:59pm,1,1,14,2:00pm-2:59pm,7,7,99,Unknown,99,Unknown EMS Hospital Arrival Time,,,,,,,1,0
2020,36,360605,New York,2,2,0,0,0,2,2,81,QUEENS (81),4170,MIDDLE VILLAGE,18,18,9,September,2020,6,Friday,19,7:00pm-7:59pm,50,50,1,This section IS ON the NHS,2,Urban,3,Principal Arterial - Other,4,City or Municipal Highway Agency,6,Local Street - Municipality,LINDEN BLVD,120TH ST,0,None,40.67901667,40.67901667,-73.819613890,-73.819613890,0,No Special Jurisdiction,12,Motor Vehicle In-Transport,9,Rear-to-Side,0,No,2,Intersection,2,Four-Way Intersection,0,None,,,1,On Roadway,3,Dark - Lighted,,,,,1,Clear,0,No,0000000,Not Applicable,99,Unknown,99,Unknown,99,Unknown EMS Scene Arrival Hour,99,Unknown EMS Scene Arrival Minutes,99,Unknown,99,Unknown EMS Hospital Arrival Time,,,,,,,1,0
2020,36,360606,New York,1,1,0,1,1,1,1,61,NEW YORK (61),4170,NEW YORK,24,24,9,September,2020,5,Thursday,12,12:00pm-12:59pm,35,35,1,This section IS ON the NHS,2,Urban,3,Principal Arterial - Other,4,City or Municipal Highway Agency,6,Local Street - Municipality,7TH AVE,W 43RD ST,99998,Not Reported,40.75677222,40.75677222,-73.986577780,-73.986577780,0,No Special Jurisdiction,8,Pedestrian,0,The First Harmful Event was Not a Collision with a Motor Vehicle in Transport,0,No,3,Intersection-Related,2,Four-Way Intersection,0,None,,,1,On Roadway,1,Daylight,,,,,1,Clear,0,No,0000000,Not Applicable,99,Unknown,99,Unknown,99,Unknown EMS Scene Arrival Hour,99,Unknown EMS Scene Arrival Minutes,99,Unknown,99,Unknown EMS Hospital Arrival Time,,,,,,,1,0
2020,36,360607,New York,2,2,0,0,0,6,6,47,KINGS (47),4170,NEW YORK CITY,15,15,9,September,2020,3,Tuesday,18,6:00pm-6:59pm,25,25,0,This section IS NOT on the NHS,2,Urban,7,Local,4,City or Municipal Highway Agency,6,Local Street - Municipality,UTICA AVE,WINTHROP ST,0,None,40.65829167,40.65829167,-73.931088890,-73.931088890,0,No Special Jurisdiction,12,Motor Vehicle In-Transport,6,Angle,0,No,2,Intersection,2,Four-Way Intersection,0,None,,,1,On Roadway,3,Dark - Lighted,,,,,1,Clear,0,No,0000000,Not Applicable,99,Unknown,99,Unknown,99,Unknown EMS Scene Arrival Hour,99,Unknown EMS Scene Arrival Minutes,99,Unknown,99,Unknown EMS Hospital Arrival Time,,,,,,,1,0
2020,36,360608,New York,2,2,0,0,0,3,3,11,CAYUGA (11),990,CAYUGA,16,16,9,September,2020,4,Wednesday,17,5:00pm-5:59pm,15,15,0,This section IS NOT on the NHS,1,Rural,7,Local,2,County Highway Agency,4,County Road,CR-142A BLANCHARD RD,CR-10 TURNPIKE RD,0,None,42.95475000,42.95475000,-76.682238890,-76.682238890,0,No Special Jurisdiction,12,Motor Vehicle In-Transport,6,Angle,0,No,2,Intersection,2,Four-Way Intersection,0,None,,,1,On Roadway,1,Daylight,,,,,1,Clear,0,No,0000000,Not Applicable,17,5:00pm-5:59pm,15,15,17,5:00pm-5:59pm,18,18,18,6:00pm-6:59pm,13,13,,,,,,,1,0
2020,36,360609,New York,4,4,0,0,0,7,7,99,SENECA (99),6440,WATERLOO,3,3,9,September,2020,5,Thursday,10,10:00am-10:59am,27,27,1,This section IS ON the NHS,1,Rural,1,Interstate,1,State Highway Agency,1,Interstate,I-90,,99998,Not Reported,99.99990000,99.99990000,999.999900000,999.999900000,0,No Special Jurisdiction,12,Motor Vehicle In-Transport,1,Front-to-Rear,0,No,1,Non-Junction,1,Not an Intersection,2,Maintenance,,,1,On Roadway,1,Daylight,,,,,10,Cloudy,0,No,0000000,Not Applicable,11,11:00am-11:59am,32,32,12,12:00pm-12:59pm,10,10,14,2:00pm-2:59pm,30,30,,,,,,,2,0
2020,36,360610,New York,2,2,0,0,0,2,2,5,BRONX (5),4170,NEW YORK CITY,21,21,9,September,2020,2,Monday,21,9:00pm-9:59pm,17,17,0,This section IS NOT on the NHS,2,Urban,4,Minor Arterial,4,City or Municipal Highway Agency,6,Local Street - Municipality,HUNTS POINT AVE,,0,None,40.81396667,40.81396667,-73.885241670,-73.885241670,0,No Special Jurisdiction,12,Motor Vehicle In-Transport,1,Front-to-Rear,0,No,1,Non-Junction,1,Not an Intersection,0,None,,,1,On Roadway,3,Dark - Lighted,,,,,1,Clear,0,No,0000000,Not Applicable,21,9:00pm-9:59pm,17,17,99,Unknown EMS Scene Arrival Hour,99,Unknown EMS Scene Arrival Minutes,99,Unknown,99,Unknown EMS Hospital Arrival Time,,,,,,,1,0
2020,36,360612,New York,4,4,0,0,0,4,4,29,ERIE (29),6090,TONAWANDA,15,15,9,September,2020,3,Tuesday,3,3:00am-3:59am,30,30,1,This section IS ON the NHS,2,Urban,1,Interstate,1,State Highway Agency,1,Interstate,I-290 ON RAMP,,99998,Not Reported,43.00083889,43.00083889,-78.849016670,-78.849016670,0,No Special Jurisdiction,31,"Post, Pole or Other Supports",0,The First Harmful Event was Not a Collision with a Motor Vehicle in Transport,1,Yes,5,Entrance/Exit Ramp Related,1,Not an Intersection,0,None,,,4,On Roadside,2,Dark - Not Lighted,,,,,1,Clear,0,No,0000000,Not Applicable,3,3:00am-3:59am,37,37,99,Unknown EMS Scene Arrival Hour,99,Unknown EMS Scene Arrival Minutes,88,"Not Applicable (Not Transported) ",88,Not Applicable (Not Transported),,,,,,,1,1
2020,36,360613,New York,1,1,0,1,1,1,1,45,JEFFERSON (45),6450,WATERTOWN,25,25,9,September,2020,6,Friday,14,2:00pm-2:59pm,50,50,1,This section IS ON the NHS,2,Urban,3,Principal Arterial - Other,1,State Highway Agency,3,State Highway,SR-3 STATE ST,,99998,Not Reported,43.97280278,43.97280278,-75.902541670,-75.902541670,0,No Special Jurisdiction,8,Pedestrian,0,The First Harmful Event was Not a Collision with a Motor Vehicle in Transport,0,No,98,Not Reported,1,Not an Intersection,0,None,,,1,On Roadway,1,Daylight,,,,,1,Clear,0,No,0000000,Not Applicable,14,2:00pm-2:59pm,51,51,14,2:00pm-2:59pm,53,53,88,"Not Applicable (Not Transported) ",88,Not Applicable (Not Transported),,,,,,,1,0