caseyear,state,st_case,statename,ve_total,ve_forms,pvh_invl,peds,pernotmvit,permvit,persons,county,countyname,city,cityname,day,dayname,month,monthname,year,day_week,day_weekname,hour,hourname,minute,minutename,nhs,nhsname,rur_urb,rur_urbname,func_sys,func_sysname,rd_owner,rd_ownername,route,routename,tway_id,tway_id2,milept,mileptname,latitude,latitudename,longitud,longitudname,sp_jur,sp_jurname,harm_ev,harm_evname,man_coll,man_collname,reljct1,reljct1name,reljct2,reljct2name,typ_int,typ_intname,wrk_zone,wrk_zonename,road_fnc,road_fncname,rel_road,rel_roadname,lgt_cond,lgt_condname,weather1,weather1name,weather2,weather2name,weather,weathername,sch_bus,sch_busname,rail,railname,not_hour,not_hourname,not_min,not_minname,arr_hour,arr_hourname,arr_min,arr_minname,hosp_hr,hosp_hrname,hosp_mn,hosp_mnname,cf1,cf1name,cf2,cf2name,cf3,cf3name,fatals,drunk_dr
2020,36,360614,New York,3,3,0,0,0,3,3,119,WESTCHESTER (119),3940,MOUNT VERNON,25,25,9,September,2020,6,Friday,21,9:00pm-9:59pm,27,27,1,This section IS ON the NHS,2,Urban,2,Principal Arterial - Other Freeways and Expressways,1,State Highway Agency,3,State Highway,SR-907W HUTCHINSON RIVER PKWY,,99998,Not Reported,40.91615278,40.91615278,-73.811877780,-73.811877780,0,No Special Jurisdiction,12,Motor Vehicle In-Transport,1,Front-to-Rear,0,No,1,Non-Junction,1,Not an Intersection,0,None,,,1,On Roadway,2,Dark - Not Lighted,,,,,1,Clear,0,No,0000000,Not Applicable,21,9:00pm-9:59pm,29,29,21,9:00pm-9:59pm,32,32,99,Unknown,99,Unknown EMS Hospital Arrival Time,,,,,,,1,0
2020,36,360615,New York,2,2,0,0,0,4,4,117,WAYNE (117),5790,SODUS,25,25,9,September,2020,6,Friday,21,9:00pm-9:59pm,35,35,0,This section IS NOT on the NHS,1,Rural,7,Local,2,County Highway Agency,4,County Road,CR-238 BUERMAN RD,,99998,Not Reported,43.22232500,43.22232500,-77.036191670,-77.036191670,0,No Special Jurisdiction,12,Motor Vehicle In-Transport,8,Sideswipe - Opposite Direction,0,No,1,Non-Junction,1,Not an Intersection,0,None,,,1,On Roadway,2,Dark - Not Lighted,,,,,1,Clear,0,No,0000000,Not Applicable,99,Unknown,99,Unknown,99,Unknown EMS Scene Arrival Hour,99,Unknown EMS Scene Arrival Minutes,99,Unknown,99,Unknown EMS Hospital Arrival Time,,,,,,,2,1
2020,36,360616,New York,2,1,1,0,0,1,1,5,BRONX (5),4170,NEW YORK CITY,26,26,9,September,2020,7,Saturday,22,10:00pm-10:59pm,56,56,1,This section IS ON the NHS,2,Urban,3,Principal Arterial - Other,4,City or Municipal Highway Agency,6,Local Street - Municipality,CROTONA AVE,,99998,Not Reported,40.85244167,40.85244167,-73.884311110,-73.884311110,0,No Special Jurisdiction,14,Parked Motor Vehicle,0,The First Harmful Event was Not a Collision with a Motor Vehicle in Transport,0,No,1,Non-Junction,1,Not an Intersection,0,None,,,7,In Parking Lane/Zone,3,Dark - Lighted,,,,,1,Clear,0,No,0000000,Not Applicable,22,10:00pm-10:59pm,56,56,99,Unknown EMS Scene Arrival Hour,99,Unknown EMS Scene Arrival Minutes,99,Unknown,99,Unknown EMS Hospital Arrival Time,,,,,,,1,1
2020,36,360617,New York,1,1,0,0,0,2,2,7,BROOME (7),1510,DEPOSIT,26,26,9,September,2020,7,Saturday,12,12:00pm-12:59pm,50,50,1,This section IS ON the NHS,1,Rural,2,Principal Arterial - Other Freeways and Expressways,1,State Highway Agency,3,State Highway,SR-17,,99998,Not Reported,42.03130556,42.03130556,-75.527705560,-75.527705560,0,No Special Jurisdiction,24,Guardrail Face,0,The First Harmful Event was Not a Collision with a Motor Vehicle in Transport,0,No,1,Non-Junction,1,Not an Intersection,0,None,,,4,On Roadside,1,Daylight,,,,,1,Clear,0,No,0000000,Not Applicable,12,12:00pm-12:59pm,55,55,12,12:00pm-12:59pm,57,57,13,1:00pm-1:59pm,37,37,,,,,,,1,0
2020,36,360618,New York,1,1,0,0,0,6,6,93,SCHENECTADY (93),5315,ROTTERDAM,8,8,8,August,2020,7,Saturday,23,11:00pm-11:59pm,59,59,1,This section IS ON the NHS,2,Urban,1,Interstate,1,State Highway Agency,1,Interstate,I-890,,99998,Not Reported,42.76167222,42.76167222,-73.930391670,-73.930391670,0,No Special Jurisdiction,59,"Traffic Sign Support ",0,The First Harmful Event was Not a Collision with a Motor Vehicle in Transport,0,No,1,Non-Junction,1,Not an Intersection,0,None,,,4,On Roadside,2,Dark - Not Lighted,,,,,1,Clear,0,No,0000000,Not Applicable,23,11:00pm-11:59pm,59,59,0,0:00am-0:59am,15,15,99,Unknown,99,Unknown EMS Hospital Arrival Time,,,,,,,2,1
2020,36,360619,New York,1,1,0,1,1,3,3,27,DUTCHESS (27),2870,HYDE PARK,16,16,8,August,2020,1,Sunday,21,9:00pm-9:59pm,15,15,1,This section IS ON the NHS,2,Urban,3,Principal Arterial - Other,1,State Highway Agency,2,U.S. Highway,US-9 ALBANY POST RD,,99998,Not Reported,41.74135556,41.74135556,-73.930619440,-73.930619440,0,No Special Jurisdiction,9,Pedalcyclist,0,The First Harmful Event was Not a Collision with a Motor Vehicle in Transport,0,No,1,Non-Junction,1,Not an Intersection,0,None,,,1,On Roadway,2,Dark - Not Lighted,,,,,1,Clear,0,No,0000000,Not Applicable,21,9:00pm-9:59pm,15,15,21,9:00pm-9:59pm,20,20,88,"Not Applicable (Not Transported) ",88,Not Applicable (Not Transported),,,,,,,1,1
2020,36,360620,New York,2,2,0,0,0,3,3,75,OSWEGO (75),6628,WEST MONROE,26,26,9,September,2020,7,Saturday,16,4:00pm-4:59pm,39,39,0,This section IS NOT on the NHS,1,Rural,7,Local,2,County Highway Agency,4,County Road,CR-84,DUTCH RD,99998,Not Reported,43.32430556,43.32430556,-76.077394440,-76.077394440,0,No Special Jurisdiction,12,Motor Vehicle In-Transport,6,Angle,0,No,2,Intersection,2,Four-Way Intersection,0,None,,,1,On Roadway,1,Daylight,,,,,10,Cloudy,0,No,0000000,Not Applicable,16,4:00pm-4:59pm,39,39,16,4:00pm-4:59pm,55,55,18,6:00pm-6:59pm,0,0,,,,,,,1,0
2020,36,360621,New York,2,2,0,0,0,2,2,115,WASHINGTON (115),6660,WHITEHALL,5,5,9,September,2020,7,Saturday,10,10:00am-10:59am,27,27,1,This section IS ON the NHS,1,Rural,3,Principal Arterial - Other,1,State Highway Agency,2,U.S. Highway,US-4,CR-21,99998,Not Reported,43.56761944,43.56761944,-73.323663890,-73.323663890,0,No Special Jurisdiction,12,Motor Vehicle In-Transport,6,Angle,0,No,2,Intersection,2,Four-Way Intersection,0,None,,,1,On Roadway,1,Daylight,,,,,10,Cloudy,0,No,0000000,Not Applicable,10,10:00am-10:59am,29,29,10,10:00am-10:59am,45,45,99,Unknown,99,Unknown EMS Hospital Arrival Time,,,,,,,1,0
2020,36,360622,New York,1,1,0,0,0,1,1,105,SULLIVAN (105),2053,FORESTBURG,27,27,9,September,2020,1,Sunday,11,11:00am-11:59am,4,4,0,This section IS NOT on the NHS,1,Rural,4,Minor Arterial,1,State Highway Agency,3,State Highway,SR-42,KING RD,99998,Not Reported,41.54236944,41.54236944,-74.750155560,-74.750155560,0,No Special Jurisdiction,42,Tree (Standing Only),0,The First Harmful Event was Not a Collision with a Motor Vehicle in Transport,0,No,3,Intersection-Related,3,T-Intersection,0,None,,,4,On Roadside,1,Daylight,,,,,10,Cloudy,0,No,0000000,Not Applicable,11,11:00am-11:59am,4,4,11,11:00am-11:59am,16,16,11,11:00am-11:59am,40,40,,,,,,,1,0
2020,36,360623,New York,1,1,0,1,1,1,1,81,QUEENS (81),4170,MIDDLE VILLAGE,6,6,9,September,2020,1,Sunday,13,1:00pm-1:59pm,30,30,0,This section IS NOT on the NHS,2,Urban,7,Local,4,City or Municipal Highway Agency,6,Local Street - Municipality,37TH AVE,MAIN ST,0,None,40.76153333,40.76153333,-73.831280560,-73.831280560,0,No Special Jurisdiction,8,Pedestrian,0,The First Harmful Event was Not a Collision with a Motor Vehicle in Transport,0,No,3,Intersection-Related,2,Four-Way Intersection,0,None,,,1,On Roadway,1,Daylight,,,,,1,Clear,0,No,0000000,Not Applicable,99,Unknown,99,Unknown,99,Unknown EMS Scene Arrival Hour,99,Unknown EMS Scene Arrival Minutes,99,Unknown,99,Unknown EMS Hospital Arrival Time,,,,,,,1,0
2020,36,360624,New York,2,1,1,0,0,1,1,59,NASSAU (59),2600,HEMPSTEAD,27,27,9,September,2020,1,Sunday,16,4:00pm-4:59pm,10,10,0,This section IS NOT on the NHS,2,Urban,7,Local,3,Town or Township Highway Agency,5,Local Street - Township,HUDSON AVE,,99998,Not Reported,40.67470833,40.67470833,-73.593597220,-73.593597220,0,No Special Jurisdiction,42,Tree (Standing Only),0,The First Harmful Event was Not a Collision with a Motor Vehicle in Transport,0,No,1,Non-Junction,1,Not an Intersection,0,None,,,4,On Roadside,1,Daylight,,,,,1,Clear,0,No,0000000,Not Applicable,16,4:00pm-4:59pm,12,12,16,4:00pm-4:59pm,13,13,88,"Not Applicable (Not Transported) ",88,Not Applicable (Not Transported),,,,,,,1,0
2020,36,360625,New York,1,1,0,1,1,1,1,61,NEW YORK (61),4170,NEW YORK,28,28,9,September,2020,2,Monday,2,2:00am-2:59am,30,30,0,This section IS NOT on the NHS,2,Urban,4,Minor Arterial,4,City or Municipal Highway Agency,6,Local Street - Municipality,LENOX AVE,,99998,Not Reported,40.80734167,40.80734167,-73.945694440,-73.945694440,0,No Special Jurisdiction,8,Pedestrian,0,The First Harmful Event was Not a Collision with a Motor Vehicle in Transport,0,No,1,Non-Junction,1,Not an Intersection,0,None,,,7,In Parking Lane/Zone,3,Dark - Lighted,,,,,10,Cloudy,0,No,0000000,Not Applicable,3,3:00am-3:59am,1,1,99,Unknown EMS Scene Arrival Hour,99,Unknown EMS Scene Arrival Minutes,88,"Not Applicable (Not Transported) ",88,Not Applicable (Not Transported),,,,,,,1,0
2020,36,360626,New York,1,1,0,1,1,1,1,111,ULSTER (111),6797,WOODSTOCK,22,22,9,September,2020,3,Tuesday,15,3:00pm-3:59pm,46,46,0,This section IS NOT on the NHS,2,Urban,7,Local,3,Town or Township Highway Agency,5,Local Street - Township,TINKER ST,,0,None,42.04030000,42.04030000,-74.121966670,-74.121966670,0,No Special Jurisdiction,15,Non-Motorist on Personal Conveyance,0,The First Harmful Event was Not a Collision with a Motor Vehicle in Transport,0,No,1,Non-Junction,1,Not an Intersection,0,None,,,1,On Roadway,1,Daylight,,,,,1,Clear,0,No,0000000,Not Applicable,15,3:00pm-3:59pm,46,46,15,3:00pm-3:59pm,48,48,16,4:00pm-4:59pm,20,20,,,,,,,1,0
2020,36,360627,New York,1,1,0,1,1,1,1,55,MONROE (55),2395,GREECE,22,22,9,September,2020,3,Tuesday,14,2:00pm-2:59pm,11,11,0,This section IS NOT on the NHS,2,Urban,5,Major Collector,2,County Highway Agency,4,County Road,CR-109 ENGLISH RD,,0,None,43.23851667,43.23851667,-77.697486110,-77.697486110,0,No Special Jurisdiction,8,Pedestrian,0,The First Harmful Event was Not a Collision with a Motor Vehicle in Transport,0,No,8,Driveway Access Related,1,Not an Intersection,0,None,,,1,On Roadway,1,Daylight,,,,,1,Clear,0,No,0000000,Not Applicable,14,2:00pm-2:59pm,11,11,14,2:00pm-2:59pm,15,15,14,2:00pm-2:59pm,40,40,,,,,,,1,0
2020,36,360628,New York,2,2,0,0,0,2,2,5,BRONX (5),4170,NEW YORK CITY,23,23,9,September,2020,4,Wednesday,19,7:00pm-7:59pm,47,47,1,This section IS ON the NHS,2,Urban,3,Principal Arterial - Other,4,City or Municipal Highway Agency,6,Local Street - Municipality,GRAND CONCOURSE,E 180TH ST,99998,Not Reported,40.85346667,40.85346667,-73.902547220,-73.902547220,0,No Special Jurisdiction,12,Motor Vehicle In-Transport,6,Angle,0,No,2,Intersection,3,T-Intersection,0,None,,,1,On Roadway,3,Dark - Lighted,,,,,1,Clear,0,No,0000000,Not Applicable,99,Unknown,99,Unknown,99,Unknown EMS Scene Arrival Hour,99,Unknown EMS Scene Arrival Minutes,99,Unknown,99,Unknown EMS Hospital Arrival Time,,,,,,,1,0
2020,36,360629,New York,2,2,0,0,0,2,2,59,NASSAU (59),2600,HEMPSTEAD,30,30,7,July,2020,5,Thursday,13,1:00pm-1:59pm,15,15,0,This section IS NOT on the NHS,2,Urban,4,Minor Arterial,3,Town or Township Highway Agency,5,Local Street - Township,BELLMORE AVE,MARSHALL AVE,0,None,40.68356389,40.68356389,-73.538994440,-73.538994440,0,No Special Jurisdiction,12,Motor Vehicle In-Transport,6,Angle,0,No,2,Intersection,3,T-Intersection,0,None,,,1,On Roadway,1,Daylight,,,,,1,Clear,0,No,0000000,Not Applicable,99,Unknown,99,Unknown,99,Unknown EMS Scene Arrival Hour,99,Unknown EMS Scene Arrival Minutes,99,Unknown,99,Unknown EMS Hospital Arrival Time,,,,,,,1,0
2020,36,360630,New York,1,1,0,0,0,1,1,117,WAYNE (117),4640,PALMYRA,27,27,9,September,2020,1,Sunday,2,2:00am-2:59am,56,56,0,This section IS NOT on the NHS,1,Rural,7,Local,3,Town or Township Highway Agency,5,Local Street - Township,S TOWNLINE RD,,0,None,43.03985278,43.03985278,-77.207988890,-77.207988890,0,No Special Jurisdiction,11,Live Animal,0,The First Harmful Event was Not a Collision with a Motor Vehicle in Transport,0,No,1,Non-Junction,1,Not an Intersection,0,None,,,1,On Roadway,2,Dark - Not Lighted,,,,,10,Cloudy,0,No,0000000,Not Applicable,2,2:00am-2:59am,56,56,3,3:00am-3:59am,1,1,88,"Not Applicable (Not Transported) ",88,Not Applicable (Not Transported),,,,,,,1,1
2020,36,360631,New York,1,1,0,0,0,4,4,103,SUFFOLK (103),5769,SMITHTOWN,11,11,7,July,2020,7,Saturday,4,4:00am-4:59am,18,18,1,This section IS ON the NHS,2,Urban,2,Principal Arterial - Other Freeways and Expressways,1,State Highway Agency,3,State Highway,SR-098K SAGTIKOS STATE PKWY,,99998,Not Reported,40.81903889,40.81903889,-73.289827780,-73.289827780,0,No Special Jurisdiction,24,Guardrail Face,0,The First Harmful Event was Not a Collision with a Motor Vehicle in Transport,0,No,1,Non-Junction,1,Not an Intersection,0,None,,,8,Gore,2,Dark - Not Lighted,,,,,10,Cloudy,0,No,0000000,Not Applicable,4,4:00am-4:59am,18,18,4,4:00am-4:59am,18,18,5,5:00am-5:59am,0,0,,,,,,,2,0
2020,36,360632,New York,1,1,0,0,0,1,1,107,TIOGA (107),860,CANDOR,25,25,8,August,2020,3,Tuesday,8,8:00am-8:59am,48,48,0,This section IS NOT on the NHS,1,Rural,6,Minor Collector,2,County Highway Agency,4,County Road,CR-15 CODDINGTON RD,,99998,Not Reported,42.31642500,42.31642500,-76.372977780,-76.372977780,0,No Special Jurisdiction,42,Tree (Standing Only),0,The First Harmful Event was Not a Collision with a Motor Vehicle in Transport,0,No,1,Non-Junction,1,Not an Intersection,0,None,,,4,On Roadside,1,Daylight,,,,,10,Cloudy,0,No,0000000,Not Applicable,8,8:00am-8:59am,48,48,8,8:00am-8:59am,56,56,10,10:00am-10:59am,59,59,,,,,,,1,0
2020,36,360633,New York,1,1,0,1,1,1,1,81,QUEENS (81),4170,MIDDLE VILLAGE,28,28,9,September,2020,2,Monday,5,5:00am-5:59am,13,13,1,This section IS ON the NHS,2,Urban,1,Interstate,1,State Highway Agency,1,Interstate,I-495 LONG ISLAND EXPY,,99998,Not Reported,40.73536944,40.73536944,-73.860158330,-73.860158330,0,No Special Jurisdiction,8,Pedestrian,0,The First Harmful Event was Not a Collision with a Motor Vehicle in Transport,0,No,1,Non-Junction,1,Not an Intersection,0,None,,,1,On Roadway,1,Daylight,,,,,1,Clear,0,No,0000000,Not Applicable,5,5:00am-5:59am,13,13,5,5:00am-5:59am,16,16,88,"Not Applicable (Not Transported) ",88,Not Applicable (Not Transported),,,,,,,1,0
2020,36,360634,New York,2,2,0,0,0,2,2,29,ERIE (29),3140,LANCASTER,9,9,9,September,2020,4,Wednesday,6,6:00am-6:59am,43,43,0,This section IS NOT on the NHS,2,Urban,4,Minor Arterial,3,Town or Township Highway Agency,5,Local Street - Township,WALDEN AVE,SHELDON AVE,0,None,42.91467778,42.91467778,-78.679466670,-78.679466670,0,No Special Jurisdiction,12,Motor Vehicle In-Transport,1,Front-to-Rear,0,No,3,Intersection-Related,2,Four-Way Intersection,0,None,,,1,On Roadway,1,Daylight,,,,,1,Clear,0,No,0000000,Not Applicable,6,6:00am-6:59am,43,43,6,6:00am-6:59am,45,45,7,7:00am-7:59am,25,25,,,,,,,1,0
2020,36,360635,New York,5,5,0,0,0,6,6,59,NASSAU (59),4090,NEW HYDE PARK,28,28,2,February,2020,6,Friday,6,6:00am-6:59am,55,55,1,This section IS ON the NHS,2,Urban,3,Principal Arterial - Other,1,State Highway Agency,3,State Highway,SR-908G NORTHERN STATE PKWY,,99998,Not Reported,40.78313056,40.78313056,-73.532600000,-73.532600000,0,No Special Jurisdiction,12,Motor Vehicle In-Transport,1,Front-to-Rear,0,No,1,Non-Junction,1,Not an Intersection,0,None,,,1,On Roadway,1,Daylight,,,,,1,Clear,0,No,0000000,Not Applicable,99,Unknown,99,Unknown,99,Unknown EMS Scene Arrival Hour,99,Unknown EMS Scene Arrival Minutes,99,Unknown,99,Unknown EMS Hospital Arrival Time,,,,,,,1,0
2020,36,360636,New York,2,2,0,0,0,2,2,81,QUEENS (81),4170,MIDDLE VILLAGE,5,5,10,October,2020,2,Monday,6,6:00am-6:59am,23,23,1,This section IS ON the NHS,2,Urban,3,Principal Arterial - Other,4,City or Municipal Highway Agency,6,Local Street - Municipality,CROSS BAY BLVD,SHORE PKWY,99998,Not Reported,40.66704444,40.66704444,-73.841952780,-73.841952780,0,No Special Jurisdiction,12,Motor Vehicle In-Transport,6,Angle,0,No,2,Intersection,3,T-Intersection,0,None,,,1,On Roadway,3,Dark - Lighted,,,,,1,Clear,0,No,0000000,Not Applicable,99,Unknown,99,Unknown,6,6:00am-6:59am,34,34,6,6:00am-6:59am,57,57,,,,,,,1,0
2020,36,360637,New York,2,2,0,0,0,3,3,59,NASSAU (59),2600,HEMPSTEAD,15,15,7,July,2020,4,Wednesday,20,8:00pm-8:59pm,58,58,1,This section IS ON the NHS,2,Urban,2,Principal Arterial - Other Freeways and Expressways,1,State Highway Agency,3,State Highway,SR-908E MEADOWBROOK STATE PKWY,,99998,Not Reported,40.59928056,40.59928056,-73.543097220,-73.543097220,0,No Special Jurisdiction,12,Motor Vehicle In-Transport,1,Front-to-Rear,0,No,1,Non-Junction,1,Not an Intersection,0,None,,,1,On Roadway,3,Dark - Lighted,,,,,1,Clear,0,No,0000000,Not Applicable,20,8:00pm-8:59pm,58,58,21,9:00pm-9:59pm,2,2,99,Unknown,99,Unknown EMS Hospital Arrival Time,,,,,,,1,0
2020,36,360638,New York,1,1,0,1,1,1,1,5,BRONX (5),4170,NEW YORK CITY,5,5,10,October,2020,2,Monday,15,3:00pm-3:59pm,29,29,0,This section IS NOT on the NHS,2,Urban,5,Major Collector,4,City or Municipal Highway Agency,6,Local Street - Municipality,PELHAM PKWY,WALLACE AVE,99998,Not Reported,40.85683056,40.85683056,-73.864716670,-73.864716670,0,No Special Jurisdiction,8,Pedestrian,0,The First Harmful Event was Not a Collision with a Motor Vehicle in Transport,0,No,3,Intersection-Related,3,T-Intersection,0,None,,,1,On Roadway,1,Daylight,,,,,1,Clear,0,No,0000000,Not Applicable,99,Unknown,99,Unknown,99,Unknown EMS Scene Arrival Hour,99,Unknown EMS Scene Arrival Minutes,99,Unknown,99,Unknown EMS Hospital Arrival Time,,,,,,,1,0
2020,36,360639,New York,1,1,0,0,0,4,4,81,QUEENS (81),4170,MIDDLE VILLAGE,6,6,10,October,2020,3,Tuesday,3,3:00am-3:59am,52,52,1,This section IS ON the NHS,2,Urban,3,Principal Arterial - Other,4,City or Municipal Highway Agency,6,Local Street - Municipality,N CONDUIT AVE,122 ST,99998,Not Reported,40.66542500,40.66542500,-73.819544440,-73.819544440,0,No Special Jurisdiction,24,Guardrail Face,0,The First Harmful Event was Not a Collision with a Motor Vehicle in Transport,0,No,3,Intersection-Related,3,T-Intersection,0,None,,,4,On Roadside,3,Dark - Lighted,,,,,1,Clear,0,No,0000000,Not Applicable,99,Unknown,99,Unknown,99,Unknown EMS Scene Arrival Hour,99,Unknown EMS Scene Arrival Minutes,99,Unknown,99,Unknown EMS Hospital Arrival Time,,,,,,,3,0
2020,36,360640,New York,1,1,0,1,1,1,1,5,BRONX (5),4170,NEW YORK CITY,23,23,9,September,2020,4,Wednesday,19,7:00pm-7:59pm,3,3,1,This section IS ON the NHS,2,Urban,3,Principal Arterial - Other,4,City or Municipal Highway Agency,6,Local Street - Municipality,"CO OP CITY BLVD ",DREISER LOOP,11,11,40.87821944,40.87821944,-73.829677780,-73.829677780,0,No Special Jurisdiction,8,Pedestrian,0,The First Harmful Event was Not a Collision with a Motor Vehicle in Transport,0,No,3,Intersection-Related,2,Four-Way Intersection,0,None,,,1,On Roadway,5,Dusk,,,,,1,Clear,0,No,0000000,Not Applicable,99,Unknown,99,Unknown,99,Unknown EMS Scene Arrival Hour,99,Unknown EMS Scene Arrival Minutes,99,Unknown,99,Unknown EMS Hospital Arrival Time,,,,,,,1,0
2020,36,360641,New York,1,1,0,0,0,3,3,101,STEUBEN (101),5040,PRATTSBURG,4,4,7,July,2020,7,Saturday,7,7:00am-7:59am,30,30,0,This section IS NOT on the NHS,1,Rural,7,Local,2,County Highway Agency,4,County Road,CR-7,,0,None,42.50819167,42.50819167,-77.357600000,-77.357600000,0,No Special Jurisdiction,43,Other Fixed Object,0,The First Harmful Event was Not a Collision with a Motor Vehicle in Transport,0,No,1,Non-Junction,1,Not an Intersection,0,None,,,4,On Roadside,1,Daylight,,,,,1,Clear,0,No,0000000,Not Applicable,99,Unknown,99,Unknown,99,Unknown EMS Scene Arrival Hour,99,Unknown EMS Scene Arrival Minutes,99,Unknown,99,Unknown EMS Hospital Arrival Time,,,,,,,1,0
2020,36,360642,New York,1,1,0,0,0,2,2,111,ULSTER (111),3329,LLOYD,28,28,9,September,2020,2,Monday,13,1:00pm-1:59pm,19,19,1,This section IS ON the NHS,2,Urban,3,Principal Arterial - Other,1,State Highway Agency,2,U.S. Highway,US-9W,,99998,Not Reported,41.67840000,41.67840000,-73.960091670,-73.960091670,0,No Special Jurisdiction,11,Live Animal,0,The First Harmful Event was Not a Collision with a Motor Vehicle in Transport,0,No,1,Non-Junction,1,Not an Intersection,0,None,,,1,On Roadway,1,Daylight,,,,,1,Clear,0,No,0000000,Not Applicable,13,1:00pm-1:59pm,24,24,13,1:00pm-1:59pm,40,40,13,1:00pm-1:59pm,59,59,,,,,,,1,0
2020,36,360643,New York,1,1,0,0,0,1,1,53,MADISON (53),6004,SULLIVAN,28,28,9,September,2020,2,Monday,19,7:00pm-7:59pm,46,46,0,This section IS NOT on the NHS,1,Rural,7,Local,3,Town or Township Highway Agency,5,Local Street - Township,BRIDGEPORT KIRKVILLE RD,,0,None,43.14045278,43.14045278,-75.965011110,-75.965011110,0,No Special Jurisdiction,30,Utility Pole/Light Support,0,The First Harmful Event was Not a Collision with a Motor Vehicle in Transport,0,No,1,Non-Junction,1,Not an Intersection,0,None,,,4,On Roadside,2,Dark - Not Lighted,,,,,1,Clear,0,No,0000000,Not Applicable,19,7:00pm-7:59pm,46,46,20,8:00pm-8:59pm,2,2,20,8:00pm-8:59pm,42,42,,,,,,,1,0
2020,36,360644,New York,2,2,0,1,1,4,4,45,JEFFERSON (45),6063,THREE MILE BAY,2,2,10,October,2020,6,Friday,19,7:00pm-7:59pm,45,45,0,This section IS NOT on the NHS,1,Rural,4,Minor Arterial,1,State Highway Agency,3,State Highway,SR-12E,,99998,Not Reported,44.06108056,44.06108056,-76.120175000,-76.120175000,0,No Special Jurisdiction,8,Pedestrian,0,The First Harmful Event was Not a Collision with a Motor Vehicle in Transport,0,No,1,Non-Junction,1,Not an Intersection,0,None,,,1,On Roadway,2,Dark - Not Lighted,,,,,5,"Fog, Smog, Smoke",0,No,0000000,Not Applicable,19,7:00pm-7:59pm,46,46,19,7:00pm-7:59pm,50,50,88,"Not Applicable (Not Transported) ",88,Not Applicable (Not Transported),,,,,,,1,0
2020,36,360645,New York,1,1,0,0,0,1,1,55,MONROE (55),5329,RUSH,29,29,9,September,2020,3,Tuesday,6,6:00am-6:59am,50,50,0,This section IS NOT on the NHS,1,Rural,4,Minor Arterial,1,State Highway Agency,3,State Highway,SR-251 RUSH MENDON RD,,0,None,42.99405278,42.99405278,-77.617994440,-77.617994440,0,No Special Jurisdiction,42,Tree (Standing Only),0,The First Harmful Event was Not a Collision with a Motor Vehicle in Transport,0,No,1,Non-Junction,1,Not an Intersection,0,None,,,4,On Roadside,1,Daylight,,,,,2,Rain,0,No,0000000,Not Applicable,6,6:00am-6:59am,50,50,6,6:00am-6:59am,57,57,88,"Not Applicable (Not Transported) ",88,Not Applicable (Not Transported),,,,,,,1,0
2020,36,360646,New York,3,2,1,0,0,2,2,47,KINGS (47),4170,NEW YORK CITY,6,6,10,October,2020,3,Tuesday,1,1:00am-1:59am,50,50,0,This section IS NOT on the NHS,2,Urban,5,Major Collector,4,City or Municipal Highway Agency,6,Local Street - Municipality,COZINE AVE,ATKINS AVE,99998,Not Reported,40.66077222,40.66077222,-73.871791670,-73.871791670,0,No Special Jurisdiction,12,Motor Vehicle In-Transport,6,Angle,0,No,2,Intersection,2,Four-Way Intersection,0,None,,,1,On Roadway,3,Dark - Lighted,,,,,1,Clear,0,No,0000000,Not Applicable,99,Unknown,99,Unknown,99,Unknown EMS Scene Arrival Hour,99,Unknown EMS Scene Arrival Minutes,99,Unknown,99,Unknown EMS Hospital Arrival Time,,,,,,,1,0
2020,36,360647,New York,3,3,0,0,0,8,8,103,SUFFOLK (103),5210,RIVERHEAD,4,4,10,October,2020,1,Sunday,14,2:00pm-2:59pm,26,26,1,This section IS ON the NHS,2,Urban,3,Principal Arterial - Other,1,State Highway Agency,3,State Highway,SR-25A,,99998,Not Reported,40.94475278,40.94475278,-72.833044440,-72.833044440,0,No Special Jurisdiction,12,Motor Vehicle In-Transport,6,Angle,0,No,1,Non-Junction,1,Not an Intersection,0,None,,,1,On Roadway,1,Daylight,,,,,1,Clear,0,No,0000000,Not Applicable,14,2:00pm-2:59pm,28,28,14,2:00pm-2:59pm,31,31,15,3:00pm-3:59pm,1,1,,,,,,,1,0
2020,36,360648,New York,1,1,0,0,0,2,2,47,KINGS (47),4170,NEW YORK CITY,30,30,9,September,2020,4,Wednesday,0,0:00am-0:59am,38,38,1,This section IS ON the NHS,2,Urban,3,Principal Arterial - Other,1,State Highway Agency,3,State Highway,SR-908H OCEAN PKWY,,99998,Not Reported,40.63182778,40.63182778,-73.971622220,-73.971622220,0,No Special Jurisdiction,33,Curb,0,The First Harmful Event was Not a Collision with a Motor Vehicle in Transport,0,No,1,Non-Junction,1,Not an Intersection,0,None,,,4,On Roadside,3,Dark - Lighted,,,,,2,Rain,0,No,0000000,Not Applicable,99,Unknown,99,Unknown,99,Unknown EMS Scene Arrival Hour,99,Unknown EMS Scene Arrival Minutes,99,Unknown,99,Unknown EMS Hospital Arrival Time,,,,,,,1,0