caseyear,state,st_case,statename,ve_total,ve_forms,pvh_invl,peds,pernotmvit,permvit,persons,county,countyname,city,cityname,day,dayname,month,monthname,year,day_week,day_weekname,hour,hourname,minute,minutename,nhs,nhsname,rur_urb,rur_urbname,func_sys,func_sysname,rd_owner,rd_ownername,route,routename,tway_id,tway_id2,milept,mileptname,latitude,latitudename,longitud,longitudname,sp_jur,sp_jurname,harm_ev,harm_evname,man_coll,man_collname,reljct1,reljct1name,reljct2,reljct2name,typ_int,typ_intname,wrk_zone,wrk_zonename,road_fnc,road_fncname,rel_road,rel_roadname,lgt_cond,lgt_condname,weather1,weather1name,weather2,weather2name,weather,weathername,sch_bus,sch_busname,rail,railname,not_hour,not_hourname,not_min,not_minname,arr_hour,arr_hourname,arr_min,arr_minname,hosp_hr,hosp_hrname,hosp_mn,hosp_mnname,cf1,cf1name,cf2,cf2name,cf3,cf3name,fatals,drunk_dr
2020,36,360649,New York,1,1,0,0,0,1,1,69,ONTARIO (69),3490,MANCHESTER,1,1,10,October,2020,5,Thursday,22,10:00pm-10:59pm,26,26,0,This section IS NOT on the NHS,1,Rural,7,Local,3,Town or Township Highway Agency,4,County Road,CR-13,,0,None,42.96151667,42.96151667,-77.171861110,-77.171861110,0,No Special Jurisdiction,35,Embankment,0,The First Harmful Event was Not a Collision with a Motor Vehicle in Transport,0,No,1,Non-Junction,1,Not an Intersection,0,None,,,4,On Roadside,2,Dark - Not Lighted,,,,,1,Clear,0,No,0000000,Not Applicable,22,10:00pm-10:59pm,26,26,22,10:00pm-10:59pm,31,31,23,11:00pm-11:59pm,2,2,,,,,,,1,1
2020,36,360650,New York,1,1,0,0,0,1,1,65,ONEIDA (65),6270,VERNON,2,2,10,October,2020,6,Friday,10,10:00am-10:59am,0,0,0,This section IS NOT on the NHS,1,Rural,7,Local,3,Town or Township Highway Agency,5,Local Street - Township,PETERBORO RD,,0,None,43.06975556,43.06975556,-75.546100000,-75.546100000,0,No Special Jurisdiction,42,Tree (Standing Only),0,The First Harmful Event was Not a Collision with a Motor Vehicle in Transport,0,No,1,Non-Junction,1,Not an Intersection,0,None,,,4,On Roadside,1,Daylight,,,,,10,Cloudy,0,No,0000000,Not Applicable,10,10:00am-10:59am,4,4,10,10:00am-10:59am,14,14,88,"Not Applicable (Not Transported) ",88,Not Applicable (Not Transported),,,,,,,1,0
2020,36,360651,New York,1,1,0,0,0,4,4,89,ST LAWRENCE (89),9997,Other,3,3,10,October,2020,7,Saturday,0,0:00am-0:59am,27,27,1,This section IS ON the NHS,1,Rural,3,Principal Arterial - Other,1,State Highway Agency,3,State Highway,SR-3,,99998,Not Reported,44.18201389,44.18201389,-75.276250000,-75.276250000,0,No Special Jurisdiction,1,Rollover/Overturn,0,The First Harmful Event was Not a Collision with a Motor Vehicle in Transport,0,No,1,Non-Junction,1,Not an Intersection,0,None,,,4,On Roadside,2,Dark - Not Lighted,,,,,1,Clear,0,No,0000000,Not Applicable,2,2:00am-2:59am,28,28,3,3:00am-3:59am,15,15,4,4:00am-4:59am,30,30,,,,,,,1,1
2020,36,360652,New York,2,2,0,0,0,2,2,81,QUEENS (81),4170,MIDDLE VILLAGE,6,6,10,October,2020,3,Tuesday,23,11:00pm-11:59pm,4,4,0,This section IS NOT on the NHS,2,Urban,4,Minor Arterial,4,City or Municipal Highway Agency,6,Local Street - Municipality,31ST AVE,61ST ST,99998,Not Reported,40.75755000,40.75755000,-73.901891670,-73.901891670,0,No Special Jurisdiction,12,Motor Vehicle In-Transport,6,Angle,0,No,2,Intersection,3,T-Intersection,0,None,,,1,On Roadway,3,Dark - Lighted,,,,,1,Clear,0,No,0000000,Not Applicable,23,11:00pm-11:59pm,4,4,99,Unknown EMS Scene Arrival Hour,99,Unknown EMS Scene Arrival Minutes,99,Unknown,99,Unknown EMS Hospital Arrival Time,,,,,,,1,1
2020,36,360653,New York,2,2,0,0,0,2,2,99,SENECA (99),2890,INTERLAKEN,22,22,8,August,2020,7,Saturday,16,4:00pm-4:59pm,14,14,0,This section IS NOT on the NHS,1,Rural,7,Local,3,Town or Township Highway Agency,5,Local Street - Township,HALLS CORNERS RD,ARDEN RD,99998,Not Reported,42.58820278,42.58820278,-76.703763890,-76.703763890,0,No Special Jurisdiction,12,Motor Vehicle In-Transport,6,Angle,0,No,2,Intersection,2,Four-Way Intersection,0,None,,,1,On Roadway,1,Daylight,,,,,1,Clear,0,No,0000000,Not Applicable,16,4:00pm-4:59pm,17,17,16,4:00pm-4:59pm,24,24,88,"Not Applicable (Not Transported) ",88,Not Applicable (Not Transported),,,,,,,1,0
2020,36,360654,New York,1,1,0,0,0,3,3,55,MONROE (55),6510,WEBSTER,7,7,10,October,2020,4,Wednesday,9,9:00am-9:59am,46,46,1,This section IS ON the NHS,2,Urban,2,Principal Arterial - Other Freeways and Expressways,1,State Highway Agency,3,State Highway,SR-104 OFF RAMP,,99998,Not Reported,43.21362778,43.21362778,-77.473111110,-77.473111110,0,No Special Jurisdiction,35,Embankment,0,The First Harmful Event was Not a Collision with a Motor Vehicle in Transport,0,No,5,Entrance/Exit Ramp Related,1,Not an Intersection,0,None,,,4,On Roadside,1,Daylight,,,,,2,Rain,0,No,0000000,Not Applicable,9,9:00am-9:59am,48,48,9,9:00am-9:59am,56,56,10,10:00am-10:59am,10,10,,,,,,,1,1
2020,36,360655,New York,1,1,0,1,1,2,2,47,KINGS (47),4170,NEW YORK CITY,28,28,9,September,2020,2,Monday,16,4:00pm-4:59pm,8,8,0,This section IS NOT on the NHS,2,Urban,4,Minor Arterial,4,City or Municipal Highway Agency,6,Local Street - Municipality,BAY 23RD ST,BATH AVE,0,None,40.60185556,40.60185556,-74.002316670,-74.002316670,0,No Special Jurisdiction,15,Non-Motorist on Personal Conveyance,0,The First Harmful Event was Not a Collision with a Motor Vehicle in Transport,0,No,3,Intersection-Related,2,Four-Way Intersection,0,None,,,1,On Roadway,1,Daylight,,,,,1,Clear,0,No,0000000,Not Applicable,99,Unknown,99,Unknown,99,Unknown EMS Scene Arrival Hour,99,Unknown EMS Scene Arrival Minutes,99,Unknown,99,Unknown EMS Hospital Arrival Time,,,,,,,1,0
2020,36,360656,New York,2,2,0,0,0,3,3,103,SUFFOLK (103),705,BROOKHAVEN,12,12,9,September,2020,7,Saturday,19,7:00pm-7:59pm,31,31,1,This section IS ON the NHS,2,Urban,3,Principal Arterial - Other,2,County Highway Agency,4,County Road,CR-83 N OCEAN AVE,SHABER RD,99998,Not Reported,40.78748056,40.78748056,-73.016458330,-73.016458330,0,No Special Jurisdiction,12,Motor Vehicle In-Transport,6,Angle,0,No,2,Intersection,2,Four-Way Intersection,0,None,,,1,On Roadway,3,Dark - Lighted,,,,,1,Clear,0,No,0000000,Not Applicable,19,7:00pm-7:59pm,31,31,19,7:00pm-7:59pm,32,32,99,Unknown,99,Unknown EMS Hospital Arrival Time,,,,,,,1,0
2020,36,360657,New York,2,2,0,1,1,3,3,59,NASSAU (59),4600,OYSTER BAY,29,29,9,September,2020,3,Tuesday,20,8:00pm-8:59pm,45,45,1,This section IS ON the NHS,2,Urban,1,Interstate,1,State Highway Agency,1,Interstate,I-495,,99998,Not Reported,40.78996389,40.78996389,-73.521144440,-73.521144440,0,No Special Jurisdiction,8,Pedestrian,0,The First Harmful Event was Not a Collision with a Motor Vehicle in Transport,0,No,1,Non-Junction,1,Not an Intersection,0,None,,,1,On Roadway,3,Dark - Lighted,,,,,10,Cloudy,0,No,0000000,Not Applicable,20,8:00pm-8:59pm,45,45,20,8:00pm-8:59pm,50,50,88,"Not Applicable (Not Transported) ",88,Not Applicable (Not Transported),,,,,,,1,0
2020,36,360658,New York,1,1,0,1,1,1,1,61,NEW YORK (61),4170,NEW YORK,29,29,9,September,2020,3,Tuesday,7,7:00am-7:59am,25,25,1,This section IS ON the NHS,2,Urban,3,Principal Arterial - Other,4,City or Municipal Highway Agency,6,Local Street - Municipality,BROADWAY,W 60TH ST,0,None,40.76897222,40.76897222,-73.982247220,-73.982247220,0,No Special Jurisdiction,8,Pedestrian,0,The First Harmful Event was Not a Collision with a Motor Vehicle in Transport,0,No,3,Intersection-Related,2,Four-Way Intersection,0,None,,,1,On Roadway,4,Dawn,,,,,1,Clear,0,No,0000000,Not Applicable,99,Unknown,99,Unknown,99,Unknown EMS Scene Arrival Hour,99,Unknown EMS Scene Arrival Minutes,99,Unknown,99,Unknown EMS Hospital Arrival Time,,,,,,,1,0
2020,36,360659,New York,1,1,0,0,0,1,1,111,ULSTER (111),4461,OLIVEBRIDGE,3,3,9,September,2020,5,Thursday,17,5:00pm-5:59pm,38,38,0,This section IS NOT on the NHS,1,Rural,6,Minor Collector,2,County Highway Agency,4,County Road,CR-3,,99998,Not Reported,41.90831111,41.90831111,-74.270833330,-74.270833330,0,No Special Jurisdiction,42,Tree (Standing Only),0,The First Harmful Event was Not a Collision with a Motor Vehicle in Transport,0,No,1,Non-Junction,1,Not an Intersection,0,None,,,4,On Roadside,1,Daylight,,,,,10,Cloudy,0,No,0000000,Not Applicable,17,5:00pm-5:59pm,38,38,17,5:00pm-5:59pm,46,46,88,"Not Applicable (Not Transported) ",88,Not Applicable (Not Transported),,,,,,,1,0
2020,36,360660,New York,1,1,0,1,1,2,2,71,ORANGE (71),6645,WESTTOWN,3,3,10,October,2020,7,Saturday,10,10:00am-10:59am,14,14,0,This section IS NOT on the NHS,1,Rural,7,Local,3,Town or Township Highway Agency,5,Local Street - Township,STATE LINE RD,LOWER RD,0,None,41.29329444,41.29329444,-74.542738890,-74.542738890,0,No Special Jurisdiction,9,Pedalcyclist,0,The First Harmful Event was Not a Collision with a Motor Vehicle in Transport,0,No,3,Intersection-Related,2,Four-Way Intersection,0,None,,,1,On Roadway,1,Daylight,,,,,10,Cloudy,0,No,0000000,Not Applicable,10,10:00am-10:59am,14,14,10,10:00am-10:59am,25,25,88,"Not Applicable (Not Transported) ",88,Not Applicable (Not Transported),,,,,,,1,0
2020,36,360661,New York,1,1,0,1,1,1,1,47,KINGS (47),4170,NEW YORK CITY,3,3,10,October,2020,7,Saturday,7,7:00am-7:59am,40,40,1,This section IS ON the NHS,2,Urban,3,Principal Arterial - Other,4,City or Municipal Highway Agency,6,Local Street - Municipality,3RD AVE,56TH ST,0,None,40.64423611,40.64423611,-74.017936110,-74.017936110,0,No Special Jurisdiction,9,Pedalcyclist,0,The First Harmful Event was Not a Collision with a Motor Vehicle in Transport,0,No,3,Intersection-Related,2,Four-Way Intersection,0,None,,,1,On Roadway,1,Daylight,,,,,1,Clear,0,No,0000000,Not Applicable,99,Unknown,99,Unknown,99,Unknown EMS Scene Arrival Hour,99,Unknown EMS Scene Arrival Minutes,99,Unknown,99,Unknown EMS Hospital Arrival Time,,,,,,,1,0
2020,36,360662,New York,1,1,0,1,1,1,1,103,SUFFOLK (103),360,BABYLON,3,3,10,October,2020,7,Saturday,23,11:00pm-11:59pm,48,48,0,This section IS NOT on the NHS,2,Urban,4,Minor Arterial,3,Town or Township Highway Agency,5,Local Street - Township,GREAT NECK RD,RAILROAD AVE,0,None,40.68089444,40.68089444,-73.399733330,-73.399733330,0,No Special Jurisdiction,9,Pedalcyclist,0,The First Harmful Event was Not a Collision with a Motor Vehicle in Transport,0,No,3,Intersection-Related,2,Four-Way Intersection,0,None,,,1,On Roadway,3,Dark - Lighted,,,,,1,Clear,0,No,0000000,Not Applicable,23,11:00pm-11:59pm,48,48,23,11:00pm-11:59pm,52,52,88,"Not Applicable (Not Transported) ",88,Not Applicable (Not Transported),,,,,,,1,0
2020,36,360663,New York,1,1,0,0,0,1,1,91,SARATOGA (91),1209,CLIFTON PARK,7,7,10,October,2020,4,Wednesday,15,3:00pm-3:59pm,48,48,0,This section IS NOT on the NHS,2,Urban,7,Local,3,Town or Township Highway Agency,5,Local Street - Township,PIERCE RD,,99998,Not Reported,42.90033056,42.90033056,-73.786775000,-73.786775000,0,No Special Jurisdiction,18,Other Object (not fixed),0,The First Harmful Event was Not a Collision with a Motor Vehicle in Transport,0,No,1,Non-Junction,1,Not an Intersection,0,None,,,1,On Roadway,1,Daylight,,,,,2,Rain,0,No,0000000,Not Applicable,15,3:00pm-3:59pm,48,48,15,3:00pm-3:59pm,48,48,17,5:00pm-5:59pm,20,20,,,,,,,1,0
2020,36,360664,New York,1,1,0,1,1,1,1,119,WESTCHESTER (119),5530,SCARSDALE,7,7,10,October,2020,4,Wednesday,8,8:00am-8:59am,9,9,0,This section IS NOT on the NHS,2,Urban,4,Minor Arterial,4,City or Municipal Highway Agency,6,Local Street - Municipality,CRANE RD,CHURCH LN,99998,Not Reported,40.99038889,40.99038889,-73.800825000,-73.800825000,0,No Special Jurisdiction,8,Pedestrian,0,The First Harmful Event was Not a Collision with a Motor Vehicle in Transport,0,No,3,Intersection-Related,3,T-Intersection,0,None,,,1,On Roadway,1,Daylight,,,,,1,Clear,0,No,0000000,Not Applicable,99,Unknown,99,Unknown,99,Unknown EMS Scene Arrival Hour,99,Unknown EMS Scene Arrival Minutes,99,Unknown,99,Unknown EMS Hospital Arrival Time,,,,,,,1,0
2020,36,360665,New York,2,1,1,0,0,2,2,61,NEW YORK (61),4170,NEW YORK,24,24,9,September,2020,5,Thursday,7,7:00am-7:59am,7,7,1,This section IS ON the NHS,2,Urban,3,Principal Arterial - Other,4,City or Municipal Highway Agency,6,Local Street - Municipality,2ND AVE,,0,None,40.77055833,40.77055833,-73.957025000,-73.957025000,0,No Special Jurisdiction,14,Parked Motor Vehicle,0,The First Harmful Event was Not a Collision with a Motor Vehicle in Transport,0,No,1,Non-Junction,1,Not an Intersection,0,None,,,7,In Parking Lane/Zone,1,Daylight,,,,,1,Clear,0,No,0000000,Not Applicable,99,Unknown,99,Unknown,99,Unknown EMS Scene Arrival Hour,99,Unknown EMS Scene Arrival Minutes,99,Unknown,99,Unknown EMS Hospital Arrival Time,,,,,,,1,0
2020,36,360666,New York,1,1,0,0,0,1,1,79,PUTNAM (79),900,CARMEL,8,8,10,October,2020,5,Thursday,14,2:00pm-2:59pm,45,45,0,This section IS NOT on the NHS,2,Urban,7,Local,3,Town or Township Highway Agency,5,Local Street - Township,E LAKE SHORE DR,,99998,Not Reported,41.46846111,41.46846111,-73.656477780,-73.656477780,0,No Special Jurisdiction,42,Tree (Standing Only),0,The First Harmful Event was Not a Collision with a Motor Vehicle in Transport,0,No,1,Non-Junction,1,Not an Intersection,0,None,,,4,On Roadside,1,Daylight,,,,,1,Clear,0,No,0000000,Not Applicable,14,2:00pm-2:59pm,45,45,14,2:00pm-2:59pm,45,45,88,"Not Applicable (Not Transported) ",88,Not Applicable (Not Transported),,,,,,,1,1
2020,36,360667,New York,2,2,0,0,0,3,3,25,DELAWARE (25),1490,DELHI,25,25,9,September,2020,6,Friday,10,10:00am-10:59am,16,16,0,This section IS NOT on the NHS,1,Rural,5,Major Collector,1,State Highway Agency,3,State Highway,SR-10,,99998,Not Reported,42.29946389,42.29946389,-74.892222220,-74.892222220,0,No Special Jurisdiction,12,Motor Vehicle In-Transport,2,Front-to-Front,0,No,1,Non-Junction,1,Not an Intersection,0,None,,,1,On Roadway,1,Daylight,,,,,10,Cloudy,0,No,0000000,Not Applicable,10,10:00am-10:59am,17,17,10,10:00am-10:59am,22,22,12,12:00pm-12:59pm,7,7,,,,,,,2,0
2020,36,360669,New York,2,2,0,0,0,5,5,45,JEFFERSON (45),1900,EVANS MILLS,3,3,10,October,2020,7,Saturday,15,3:00pm-3:59pm,10,10,0,This section IS NOT on the NHS,1,Rural,7,Local,3,Town or Township Highway Agency,5,Local Street - Township,ELM RIDGE RD,,0,None,44.11978056,44.11978056,-75.776433330,-75.776433330,0,No Special Jurisdiction,12,Motor Vehicle In-Transport,8,Sideswipe - Opposite Direction,0,No,1,Non-Junction,1,Not an Intersection,0,None,,,1,On Roadway,1,Daylight,,,,,10,Cloudy,0,No,0000000,Not Applicable,15,3:00pm-3:59pm,19,19,15,3:00pm-3:59pm,28,28,88,"Not Applicable (Not Transported) ",88,Not Applicable (Not Transported),,,,,,,1,1
2020,36,360670,New York,4,4,0,0,0,4,4,5,BRONX (5),4170,NEW YORK CITY,3,3,10,October,2020,7,Saturday,8,8:00am-8:59am,20,20,0,This section IS NOT on the NHS,2,Urban,3,Principal Arterial - Other,4,City or Municipal Highway Agency,6,Local Street - Municipality,E TREMONT AVE,SCHLEY AVE,0,None,40.82437778,40.82437778,-73.820233330,-73.820233330,0,No Special Jurisdiction,12,Motor Vehicle In-Transport,1,Front-to-Rear,0,No,3,Intersection-Related,2,Four-Way Intersection,0,None,,,1,On Roadway,1,Daylight,,,,,1,Clear,0,No,0000000,Not Applicable,99,Unknown,99,Unknown,99,Unknown EMS Scene Arrival Hour,99,Unknown EMS Scene Arrival Minutes,99,Unknown,99,Unknown EMS Hospital Arrival Time,,,,,,,1,0
2020,36,360671,New York,1,1,0,0,0,1,1,53,MADISON (53),3450,MADISON,9,9,10,October,2020,6,Friday,15,3:00pm-3:59pm,46,46,1,This section IS ON the NHS,1,Rural,3,Principal Arterial - Other,1,State Highway Agency,2,U.S. Highway,US-20,,99998,Not Reported,42.90541389,42.90541389,-75.490436110,-75.490436110,0,No Special Jurisdiction,43,Other Fixed Object,0,The First Harmful Event was Not a Collision with a Motor Vehicle in Transport,0,No,1,Non-Junction,1,Not an Intersection,0,None,,,5,Outside Trafficway,1,Daylight,,,,,1,Clear,0,No,0000000,Not Applicable,15,3:00pm-3:59pm,47,47,15,3:00pm-3:59pm,50,50,88,"Not Applicable (Not Transported) ",88,Not Applicable (Not Transported),,,,,,,1,0
2020,36,360672,New York,4,4,0,0,0,7,7,59,NASSAU (59),4600,OYSTER BAY,4,4,10,October,2020,1,Sunday,0,0:00am-0:59am,25,25,1,This section IS ON the NHS,2,Urban,2,Principal Arterial - Other Freeways and Expressways,1,State Highway Agency,3,State Highway,SR-135,,99998,Not Reported,40.71273333,40.71273333,-73.480791670,-73.480791670,0,No Special Jurisdiction,12,Motor Vehicle In-Transport,1,Front-to-Rear,0,No,1,Non-Junction,1,Not an Intersection,0,None,,,1,On Roadway,3,Dark - Lighted,,,,,10,Cloudy,0,No,0000000,Not Applicable,0,0:00am-0:59am,25,25,0,0:00am-0:59am,26,26,99,Unknown,99,Unknown EMS Hospital Arrival Time,,,,,,,1,1
2020,36,360673,New York,1,1,0,0,0,1,1,115,WASHINGTON (115),2440,GREENWICH,9,9,10,October,2020,6,Friday,13,1:00pm-1:59pm,2,2,0,This section IS NOT on the NHS,1,Rural,6,Minor Collector,2,County Highway Agency,4,County Road,CR-77,,99998,Not Reported,43.12504167,43.12504167,-73.533177780,-73.533177780,0,No Special Jurisdiction,30,Utility Pole/Light Support,0,The First Harmful Event was Not a Collision with a Motor Vehicle in Transport,0,No,1,Non-Junction,1,Not an Intersection,0,None,,,4,On Roadside,1,Daylight,,,,,1,Clear,0,No,0000000,Not Applicable,13,1:00pm-1:59pm,2,2,13,1:00pm-1:59pm,17,17,99,Unknown,99,Unknown EMS Hospital Arrival Time,,,,,,,1,0
2020,36,360674,New York,1,1,0,0,0,2,2,53,MADISON (53),4470,ONEIDA,12,12,4,April,2020,1,Sunday,1,1:00am-1:59am,21,21,0,This section IS NOT on the NHS,1,Rural,7,Local,3,Town or Township Highway Agency,5,Local Street - Township,FOREST AVE,,0,None,43.04090556,43.04090556,-75.665930560,-75.665930560,0,No Special Jurisdiction,42,Tree (Standing Only),0,The First Harmful Event was Not a Collision with a Motor Vehicle in Transport,0,No,1,Non-Junction,1,Not an Intersection,0,None,,,4,On Roadside,2,Dark - Not Lighted,,,,,10,Cloudy,0,No,0000000,Not Applicable,1,1:00am-1:59am,22,22,1,1:00am-1:59am,28,28,2,2:00am-2:59am,16,16,,,,,,,1,1
2020,36,360675,New York,2,2,0,0,0,3,3,103,SUFFOLK (103),5769,SMITHTOWN,20,20,6,June,2020,7,Saturday,20,8:00pm-8:59pm,41,41,1,This section IS ON the NHS,2,Urban,2,Principal Arterial - Other Freeways and Expressways,1,State Highway Agency,3,State Highway,SR-908G NORTHERN STATE PKWY,,99998,Not Reported,40.81731667,40.81731667,-73.273594440,-73.273594440,0,No Special Jurisdiction,12,Motor Vehicle In-Transport,1,Front-to-Rear,0,No,1,Non-Junction,1,Not an Intersection,0,None,,,1,On Roadway,3,Dark - Lighted,,,,,1,Clear,0,No,0000000,Not Applicable,20,8:00pm-8:59pm,41,41,20,8:00pm-8:59pm,45,45,21,9:00pm-9:59pm,5,5,,,,,,,1,1
2020,36,360676,New York,2,2,0,0,0,2,2,55,MONROE (55),4730,PENFIELD,11,11,8,August,2020,3,Tuesday,17,5:00pm-5:59pm,8,8,1,This section IS ON the NHS,2,Urban,3,Principal Arterial - Other,1,State Highway Agency,3,State Highway,SR-441 PENFIELD RD,,99998,Not Reported,43.12981389,43.12981389,-77.476791670,-77.476791670,0,No Special Jurisdiction,12,Motor Vehicle In-Transport,6,Angle,0,No,8,Driveway Access Related,1,Not an Intersection,0,None,,,1,On Roadway,1,Daylight,,,,,1,Clear,0,No,0000000,Not Applicable,17,5:00pm-5:59pm,8,8,17,5:00pm-5:59pm,15,15,17,5:00pm-5:59pm,46,46,,,,,,,1,0
2020,36,360677,New York,7,7,0,0,0,9,9,103,SUFFOLK (103),2920,ISLIP,5,5,8,August,2020,4,Wednesday,19,7:00pm-7:59pm,42,42,1,This section IS ON the NHS,2,Urban,2,Principal Arterial - Other Freeways and Expressways,1,State Highway Agency,3,State Highway,SR-908J ROBERT MOSES CAUSEWAY,,99998,Not Reported,40.67501667,40.67501667,-73.273313890,-73.273313890,0,No Special Jurisdiction,12,Motor Vehicle In-Transport,1,Front-to-Rear,0,No,1,Non-Junction,1,Not an Intersection,4,"Work Zone, Type Unknown",,,1,On Roadway,1,Daylight,,,,,1,Clear,0,No,0000000,Not Applicable,19,7:00pm-7:59pm,42,42,99,Unknown EMS Scene Arrival Hour,99,Unknown EMS Scene Arrival Minutes,99,Unknown,99,Unknown EMS Hospital Arrival Time,,,,,,,1,0
2020,36,360678,New York,1,1,0,1,1,1,1,55,MONROE (55),2395,GREECE,28,28,9,September,2020,2,Monday,6,6:00am-6:59am,13,13,0,This section IS NOT on the NHS,2,Urban,7,Local,3,Town or Township Highway Agency,5,Local Street - Township,LATTA RD,,0,None,43.25295000,43.25295000,-77.683052780,-77.683052780,0,No Special Jurisdiction,8,Pedestrian,0,The First Harmful Event was Not a Collision with a Motor Vehicle in Transport,0,No,1,Non-Junction,1,Not an Intersection,0,None,,,1,On Roadway,3,Dark - Lighted,,,,,1,Clear,0,No,0000000,Not Applicable,99,Unknown,99,Unknown,99,Unknown EMS Scene Arrival Hour,99,Unknown EMS Scene Arrival Minutes,99,Unknown,99,Unknown EMS Hospital Arrival Time,,,,,,,1,0
2020,36,360679,New York,2,2,0,0,0,2,2,95,SCHOHARIE (95),6009,SUMMIT,9,9,10,October,2020,6,Friday,23,11:00pm-11:59pm,42,42,0,This section IS NOT on the NHS,1,Rural,5,Major Collector,1,State Highway Agency,3,State Highway,SR-10,,99998,Not Reported,42.58857778,42.58857778,-74.581205560,-74.581205560,0,No Special Jurisdiction,12,Motor Vehicle In-Transport,2,Front-to-Front,0,No,1,Non-Junction,1,Not an Intersection,0,None,,,1,On Roadway,2,Dark - Not Lighted,,,,,1,Clear,0,No,0000000,Not Applicable,23,11:00pm-11:59pm,44,44,23,11:00pm-11:59pm,54,54,99,Unknown,99,Unknown EMS Hospital Arrival Time,,,,,,,1,0
2020,36,360680,New York,3,3,0,1,1,4,4,55,MONROE (55),2248,GATES,12,12,9,September,2020,7,Saturday,19,7:00pm-7:59pm,52,52,1,This section IS ON the NHS,2,Urban,1,Interstate,1,State Highway Agency,1,Interstate,I-390,,99998,Not Reported,43.13218333,43.13218333,-77.662125000,-77.662125000,0,No Special Jurisdiction,8,Pedestrian,0,The First Harmful Event was Not a Collision with a Motor Vehicle in Transport,0,No,1,Non-Junction,1,Not an Intersection,0,None,,,1,On Roadway,3,Dark - Lighted,,,,,10,Cloudy,0,No,0000000,Not Applicable,19,7:00pm-7:59pm,52,52,19,7:00pm-7:59pm,52,52,88,"Not Applicable (Not Transported) ",88,Not Applicable (Not Transported),,,,,,,1,1
2020,36,360681,New York,1,1,0,0,0,1,1,27,DUTCHESS (27),3084,LAGRANGEVILLE,10,10,10,October,2020,7,Saturday,14,2:00pm-2:59pm,57,57,0,This section IS NOT on the NHS,2,Urban,5,Major Collector,2,County Highway Agency,4,County Road,CR-46 OVERLOOK RD,,99998,Not Reported,41.69456944,41.69456944,-73.844297220,-73.844297220,0,No Special Jurisdiction,24,Guardrail Face,0,The First Harmful Event was Not a Collision with a Motor Vehicle in Transport,0,No,1,Non-Junction,1,Not an Intersection,0,None,,,4,On Roadside,1,Daylight,,,,,1,Clear,0,No,0000000,Not Applicable,15,3:00pm-3:59pm,0,0,15,3:00pm-3:59pm,5,5,15,3:00pm-3:59pm,20,20,,,,,,,1,0
2020,36,360682,New York,1,1,0,0,0,2,2,75,OSWEGO (75),1312,CONSTANTIA,5,5,10,October,2020,2,Monday,5,5:00am-5:59am,39,39,0,This section IS NOT on the NHS,1,Rural,7,Local,2,County Highway Agency,4,County Road,CR-23,,0,None,43.27059167,43.27059167,-75.995238890,-75.995238890,0,No Special Jurisdiction,42,Tree (Standing Only),0,The First Harmful Event was Not a Collision with a Motor Vehicle in Transport,0,No,1,Non-Junction,1,Not an Intersection,0,None,,,4,On Roadside,2,Dark - Not Lighted,,,,,1,Clear,0,No,0000000,Not Applicable,5,5:00am-5:59am,40,40,5,5:00am-5:59am,44,44,88,"Not Applicable (Not Transported) ",88,Not Applicable (Not Transported),,,,,,,2,0
2020,36,360683,New York,1,1,0,0,0,1,1,1,ALBANY (1),1495,DELMAR,10,10,10,October,2020,7,Saturday,21,9:00pm-9:59pm,41,41,1,This section IS ON the NHS,2,Urban,5,Major Collector,2,County Highway Agency,4,County Road,CR-55 CREBLE RD,,99998,Not Reported,42.56242778,42.56242778,-73.824258330,-73.824258330,0,No Special Jurisdiction,43,Other Fixed Object,0,The First Harmful Event was Not a Collision with a Motor Vehicle in Transport,0,No,1,Non-Junction,1,Not an Intersection,0,None,,,4,On Roadside,2,Dark - Not Lighted,,,,,10,Cloudy,0,No,0000000,Not Applicable,21,9:00pm-9:59pm,41,41,21,9:00pm-9:59pm,43,43,22,10:00pm-10:59pm,22,22,,,,,,,1,1
2020,36,360684,New York,1,1,0,0,0,1,1,71,ORANGE (71),581,BLOOMING GROVE,6,6,10,October,2020,3,Tuesday,10,10:00am-10:59am,56,56,0,This section IS NOT on the NHS,2,Urban,7,Local,2,County Highway Agency,4,County Road,CR-8 CRAIGVILLE RD,,0,None,41.38275833,41.38275833,-74.234666670,-74.234666670,0,No Special Jurisdiction,1,Rollover/Overturn,0,The First Harmful Event was Not a Collision with a Motor Vehicle in Transport,0,No,1,Non-Junction,1,Not an Intersection,0,None,,,4,On Roadside,1,Daylight,,,,,1,Clear,0,No,0000000,Not Applicable,10,10:00am-10:59am,54,54,11,11:00am-11:59am,7,7,88,"Not Applicable (Not Transported) ",88,Not Applicable (Not Transported),,,,,,,1,0
2020,36,360685,New York,1,1,0,0,0,1,1,59,NASSAU (59),2600,HEMPSTEAD,22,22,8,August,2020,7,Saturday,19,7:00pm-7:59pm,21,21,1,This section IS ON the NHS,2,Urban,2,Principal Arterial - Other Freeways and Expressways,1,State Highway Agency,3,State Highway,SR-908E MEADOWBROOK STATE PKWY,,99998,Not Reported,40.67000833,40.67000833,-73.569605560,-73.569605560,0,No Special Jurisdiction,42,Tree (Standing Only),0,The First Harmful Event was Not a Collision with a Motor Vehicle in Transport,0,No,1,Non-Junction,1,Not an Intersection,0,None,,,3,On Median,1,Daylight,,,,,10,Cloudy,0,No,0000000,Not Applicable,19,7:00pm-7:59pm,31,31,19,7:00pm-7:59pm,40,40,99,Unknown,99,Unknown EMS Hospital Arrival Time,,,,,,,1,1