caseyear,state,st_case,statename,ve_total,ve_forms,pvh_invl,peds,pernotmvit,permvit,persons,county,countyname,city,cityname,day,dayname,month,monthname,year,day_week,day_weekname,hour,hourname,minute,minutename,nhs,nhsname,rur_urb,rur_urbname,func_sys,func_sysname,rd_owner,rd_ownername,route,routename,tway_id,tway_id2,milept,mileptname,latitude,latitudename,longitud,longitudname,sp_jur,sp_jurname,harm_ev,harm_evname,man_coll,man_collname,reljct1,reljct1name,reljct2,reljct2name,typ_int,typ_intname,wrk_zone,wrk_zonename,road_fnc,road_fncname,rel_road,rel_roadname,lgt_cond,lgt_condname,weather1,weather1name,weather2,weather2name,weather,weathername,sch_bus,sch_busname,rail,railname,not_hour,not_hourname,not_min,not_minname,arr_hour,arr_hourname,arr_min,arr_minname,hosp_hr,hosp_hrname,hosp_mn,hosp_mnname,cf1,cf1name,cf2,cf2name,cf3,cf3name,fatals,drunk_dr
2020,36,360686,New York,2,2,0,0,0,2,2,63,NIAGARA (63),4210,NIAGARA FALLS,12,12,9,September,2020,7,Saturday,13,1:00pm-1:59pm,57,57,0,This section IS NOT on the NHS,2,Urban,4,Minor Arterial,1,State Highway Agency,3,State Highway,SR-182 PORTER RD,32ND ST,99998,Not Reported,43.10713611,43.10713611,-79.024441670,-79.024441670,0,No Special Jurisdiction,12,Motor Vehicle In-Transport,8,Sideswipe - Opposite Direction,0,No,2,Intersection,2,Four-Way Intersection,0,None,,,1,On Roadway,1,Daylight,,,,,1,Clear,0,No,0000000,Not Applicable,13,1:00pm-1:59pm,59,59,14,2:00pm-2:59pm,3,3,88,"Not Applicable (Not Transported) ",88,Not Applicable (Not Transported),,,,,,,1,0
2020,36,360687,New York,1,1,0,0,0,1,1,95,SCHOHARIE (95),2272,GILBOA,3,3,10,October,2020,7,Saturday,8,8:00am-8:59am,20,20,0,This section IS NOT on the NHS,1,Rural,7,Local,3,Town or Township Highway Agency,5,Local Street - Township,POTTER MOUNTAIN RD,,0,None,42.39559444,42.39559444,-74.314225000,-74.314225000,0,No Special Jurisdiction,38,Fence,0,The First Harmful Event was Not a Collision with a Motor Vehicle in Transport,0,No,1,Non-Junction,1,Not an Intersection,0,None,,,4,On Roadside,1,Daylight,,,,,10,Cloudy,0,No,0000000,Not Applicable,8,8:00am-8:59am,20,20,8,8:00am-8:59am,52,52,88,"Not Applicable (Not Transported) ",88,Not Applicable (Not Transported),,,,,,,1,0
2020,36,360688,New York,2,2,0,0,0,2,2,23,CORTLAND (23),1380,CORTLAND,30,30,9,September,2020,4,Wednesday,15,3:00pm-3:59pm,41,41,0,This section IS NOT on the NHS,2,Urban,7,Local,3,Town or Township Highway Agency,5,Local Street - Township,MCLEAN RD,FAIRVIEW DR,0,None,42.58218611,42.58218611,-76.222741670,-76.222741670,0,No Special Jurisdiction,12,Motor Vehicle In-Transport,1,Front-to-Rear,0,No,3,Intersection-Related,3,T-Intersection,0,None,,,1,On Roadway,1,Daylight,,,,,1,Clear,0,No,0000000,Not Applicable,15,3:00pm-3:59pm,43,43,15,3:00pm-3:59pm,52,52,16,4:00pm-4:59pm,49,49,,,,,,,1,0
2020,36,360689,New York,1,1,0,0,0,1,1,67,ONONDAGA (67),6010,SYRACUSE,11,11,10,October,2020,1,Sunday,5,5:00am-5:59am,41,41,0,This section IS NOT on the NHS,2,Urban,7,Local,4,City or Municipal Highway Agency,6,Local Street - Municipality,SEELEY AVE,MOUNTAINVIEW AVE,0,None,43.05036944,43.05036944,-76.103766670,-76.103766670,0,No Special Jurisdiction,42,Tree (Standing Only),0,The First Harmful Event was Not a Collision with a Motor Vehicle in Transport,0,No,3,Intersection-Related,3,T-Intersection,0,None,,,4,On Roadside,3,Dark - Lighted,,,,,1,Clear,0,No,0000000,Not Applicable,5,5:00am-5:59am,42,42,5,5:00am-5:59am,46,46,6,6:00am-6:59am,2,2,,,,,,,1,1
2020,36,360690,New York,1,1,0,1,1,1,1,55,MONROE (55),5230,ROCHESTER,7,7,10,October,2020,4,Wednesday,6,6:00am-6:59am,33,33,1,This section IS ON the NHS,2,Urban,1,Interstate,1,State Highway Agency,1,Interstate,I-490,,99998,Not Reported,43.15188056,43.15188056,-77.614755560,-77.614755560,0,No Special Jurisdiction,8,Pedestrian,0,The First Harmful Event was Not a Collision with a Motor Vehicle in Transport,0,No,1,Non-Junction,1,Not an Intersection,0,None,,,1,On Roadway,4,Dawn,,,,,1,Clear,0,No,0000000,Not Applicable,6,6:00am-6:59am,33,33,6,6:00am-6:59am,34,34,88,"Not Applicable (Not Transported) ",88,Not Applicable (Not Transported),,,,,,,1,0
2020,36,360691,New York,1,1,0,0,0,1,1,109,TOMPKINS (109),1590,DRYDEN,13,13,10,October,2020,3,Tuesday,6,6:00am-6:59am,1,1,0,This section IS NOT on the NHS,1,Rural,7,Local,2,County Highway Agency,4,County Road,CR-105 FALL CREEK RD,,0,None,99.99990000,99.99990000,999.999900000,999.999900000,0,No Special Jurisdiction,42,Tree (Standing Only),0,The First Harmful Event was Not a Collision with a Motor Vehicle in Transport,0,No,1,Non-Junction,1,Not an Intersection,0,None,,,4,On Roadside,2,Dark - Not Lighted,,,,,10,Cloudy,0,No,0000000,Not Applicable,99,Unknown,99,Unknown,6,6:00am-6:59am,7,7,8,8:00am-8:59am,0,0,,,,,,,1,0
2020,36,360692,New York,2,2,0,0,0,2,2,55,MONROE (55),2898,IRONDEQUOIT,14,14,10,October,2020,4,Wednesday,19,7:00pm-7:59pm,41,41,0,This section IS NOT on the NHS,2,Urban,4,Minor Arterial,2,County Highway Agency,4,County Road,CR-120 CULVER RD,WHITLOCK RD,0,None,43.19377500,43.19377500,-77.561327780,-77.561327780,0,No Special Jurisdiction,12,Motor Vehicle In-Transport,6,Angle,0,No,2,Intersection,3,T-Intersection,0,None,,,1,On Roadway,3,Dark - Lighted,,,,,1,Clear,0,No,0000000,Not Applicable,19,7:00pm-7:59pm,41,41,19,7:00pm-7:59pm,46,46,20,8:00pm-8:59pm,1,1,,,,,,,1,0
2020,36,360693,New York,1,1,0,1,1,1,1,81,QUEENS (81),4170,MIDDLE VILLAGE,10,10,10,October,2020,7,Saturday,23,11:00pm-11:59pm,36,36,1,This section IS ON the NHS,2,Urban,3,Principal Arterial - Other,4,City or Municipal Highway Agency,6,Local Street - Municipality,LINDEN BLVD,BEDELL ST,99998,Not Reported,40.68848611,40.68848611,-73.787566670,-73.787566670,0,No Special Jurisdiction,8,Pedestrian,0,The First Harmful Event was Not a Collision with a Motor Vehicle in Transport,0,No,3,Intersection-Related,2,Four-Way Intersection,0,None,,,1,On Roadway,3,Dark - Lighted,,,,,1,Clear,0,No,0000000,Not Applicable,99,Unknown,99,Unknown,99,Unknown EMS Scene Arrival Hour,99,Unknown EMS Scene Arrival Minutes,99,Unknown,99,Unknown EMS Hospital Arrival Time,,,,,,,1,0
2020,36,360695,New York,7,1,6,0,0,1,1,81,QUEENS (81),4170,MIDDLE VILLAGE,15,15,10,October,2020,5,Thursday,23,11:00pm-11:59pm,52,52,0,This section IS NOT on the NHS,2,Urban,7,Local,4,City or Municipal Highway Agency,6,Local Street - Municipality,11TH ST,,0,None,40.74869167,40.74869167,-73.949547220,-73.949547220,0,No Special Jurisdiction,19,Building,0,The First Harmful Event was Not a Collision with a Motor Vehicle in Transport,0,No,1,Non-Junction,1,Not an Intersection,0,None,,,4,On Roadside,3,Dark - Lighted,,,,,1,Clear,0,No,0000000,Not Applicable,22,10:00pm-10:59pm,52,52,99,Unknown EMS Scene Arrival Hour,99,Unknown EMS Scene Arrival Minutes,88,"Not Applicable (Not Transported) ",88,Not Applicable (Not Transported),,,,,,,1,0
2020,36,360696,New York,2,2,0,0,0,3,3,93,SCHENECTADY (93),5550,SCHENECTADY,15,15,10,October,2020,5,Thursday,13,1:00pm-1:59pm,54,54,0,This section IS NOT on the NHS,2,Urban,7,Local,4,City or Municipal Highway Agency,6,Local Street - Municipality,CUTLER ST,4TH AVE,0,None,42.79845556,42.79845556,-73.954580560,-73.954580560,0,No Special Jurisdiction,12,Motor Vehicle In-Transport,6,Angle,0,No,2,Intersection,2,Four-Way Intersection,0,None,,,1,On Roadway,1,Daylight,,,,,1,Clear,0,No,0000000,Not Applicable,13,1:00pm-1:59pm,54,54,13,1:00pm-1:59pm,59,59,14,2:00pm-2:59pm,35,35,,,,,,,1,0
2020,36,360697,New York,2,2,0,0,0,3,3,51,LIVINGSTON (51),350,AVON,25,25,10,October,2020,1,Sunday,15,3:00pm-3:59pm,7,7,0,This section IS NOT on the NHS,1,Rural,6,Minor Collector,2,County Highway Agency,4,County Road,CR-52 TRIPHAMMER RD,POLE BRIDGE RD,99998,Not Reported,42.85635833,42.85635833,-77.737902780,-77.737902780,0,No Special Jurisdiction,12,Motor Vehicle In-Transport,6,Angle,0,No,2,Intersection,2,Four-Way Intersection,0,None,,,1,On Roadway,1,Daylight,,,,,10,Cloudy,0,No,0000000,Not Applicable,15,3:00pm-3:59pm,8,8,15,3:00pm-3:59pm,20,20,15,3:00pm-3:59pm,52,52,,,,,,,2,0
2020,36,360699,New York,1,1,0,0,0,1,1,55,MONROE (55),5230,ROCHESTER,19,19,10,October,2020,2,Monday,18,6:00pm-6:59pm,18,18,0,This section IS NOT on the NHS,2,Urban,4,Minor Arterial,4,City or Municipal Highway Agency,6,Local Street - Municipality,UPPER FALLS BLVD,,0,None,43.16792500,43.16792500,-77.615850000,-77.615850000,0,No Special Jurisdiction,30,Utility Pole/Light Support,0,The First Harmful Event was Not a Collision with a Motor Vehicle in Transport,0,No,1,Non-Junction,1,Not an Intersection,0,None,,,4,On Roadside,5,Dusk,,,,,10,Cloudy,0,No,0000000,Not Applicable,18,6:00pm-6:59pm,18,18,18,6:00pm-6:59pm,23,23,18,6:00pm-6:59pm,37,37,,,,,,,1,0
2020,36,360700,New York,1,1,0,1,1,1,1,85,RICHMOND (85),4170,NEW YORK CITY,15,15,10,October,2020,5,Thursday,9,9:00am-9:59am,46,46,0,This section IS NOT on the NHS,2,Urban,7,Local,4,City or Municipal Highway Agency,6,Local Street - Municipality,HYLAN BLVD,BURGHER AVE,0,None,40.59075556,40.59075556,-74.088380560,-74.088380560,0,No Special Jurisdiction,8,Pedestrian,0,The First Harmful Event was Not a Collision with a Motor Vehicle in Transport,0,No,3,Intersection-Related,2,Four-Way Intersection,0,None,,,1,On Roadway,1,Daylight,,,,,10,Cloudy,0,No,0000000,Not Applicable,9,9:00am-9:59am,47,47,9,9:00am-9:59am,49,49,10,10:00am-10:59am,6,6,,,,,,,1,0
2020,36,360701,New York,1,1,0,1,1,1,1,55,MONROE (55),5230,ROCHESTER,27,27,10,October,2020,3,Tuesday,20,8:00pm-8:59pm,45,45,1,This section IS ON the NHS,2,Urban,3,Principal Arterial - Other,1,State Highway Agency,3,State Highway,SR-940M LAKE AVE,,99998,Not Reported,43.17638333,43.17638333,-77.630502780,-77.630502780,0,No Special Jurisdiction,8,Pedestrian,0,The First Harmful Event was Not a Collision with a Motor Vehicle in Transport,0,No,1,Non-Junction,1,Not an Intersection,0,None,,,1,On Roadway,3,Dark - Lighted,,,,,2,Rain,0,No,0000000,Not Applicable,20,8:00pm-8:59pm,45,45,20,8:00pm-8:59pm,47,47,21,9:00pm-9:59pm,11,11,,,,,,,1,1
2020,36,360702,New York,1,1,0,1,1,1,1,81,QUEENS (81),4170,MIDDLE VILLAGE,16,16,10,October,2020,6,Friday,4,4:00am-4:59am,42,42,0,This section IS NOT on the NHS,2,Urban,5,Major Collector,4,City or Municipal Highway Agency,6,Local Street - Municipality,HORACE HARDING EXPY,MAIN ST,0,None,40.74259444,40.74259444,-73.825413890,-73.825413890,0,No Special Jurisdiction,8,Pedestrian,0,The First Harmful Event was Not a Collision with a Motor Vehicle in Transport,0,No,3,Intersection-Related,2,Four-Way Intersection,0,None,,,1,On Roadway,3,Dark - Lighted,,,,,10,Cloudy,0,No,0000000,Not Applicable,99,Unknown,99,Unknown,99,Unknown EMS Scene Arrival Hour,99,Unknown EMS Scene Arrival Minutes,99,Unknown,99,Unknown EMS Hospital Arrival Time,,,,,,,1,0
2020,36,360703,New York,1,1,0,0,0,1,1,51,LIVINGSTON (51),3200,LEICESTER,27,27,10,October,2020,3,Tuesday,6,6:00am-6:59am,57,57,0,This section IS NOT on the NHS,1,Rural,4,Minor Arterial,1,State Highway Agency,2,U.S. Highway,US-20A CUYLERVILLE RD,,99998,Not Reported,42.77680556,42.77680556,-77.871294440,-77.871294440,0,No Special Jurisdiction,19,Building,0,The First Harmful Event was Not a Collision with a Motor Vehicle in Transport,0,No,1,Non-Junction,1,Not an Intersection,0,None,,,5,Outside Trafficway,3,Dark - Lighted,,,,,10,Cloudy,0,No,0000000,Not Applicable,11,11:00am-11:59am,35,35,12,12:00pm-12:59pm,30,30,88,"Not Applicable (Not Transported) ",88,Not Applicable (Not Transported),,,,,,,1,0
2020,36,360704,New York,1,1,0,1,1,1,1,81,QUEENS (81),4170,MIDDLE VILLAGE,18,18,10,October,2020,1,Sunday,3,3:00am-3:59am,8,8,1,This section IS ON the NHS,2,Urban,1,Interstate,1,State Highway Agency,1,Interstate,I-495 LONG ISLAND EXPY,,99998,Not Reported,40.74923056,40.74923056,-73.756938890,-73.756938890,0,No Special Jurisdiction,8,Pedestrian,0,The First Harmful Event was Not a Collision with a Motor Vehicle in Transport,0,No,1,Non-Junction,1,Not an Intersection,0,None,,,1,On Roadway,3,Dark - Lighted,,,,,1,Clear,0,No,0000000,Not Applicable,99,Unknown,99,Unknown,99,Unknown EMS Scene Arrival Hour,99,Unknown EMS Scene Arrival Minutes,99,Unknown,99,Unknown EMS Hospital Arrival Time,,,,,,,1,0
2020,36,360706,New York,2,2,0,0,0,2,2,103,SUFFOLK (103),5810,SOUTHAMPTON,16,16,10,October,2020,6,Friday,14,2:00pm-2:59pm,9,9,0,This section IS NOT on the NHS,2,Urban,4,Minor Arterial,1,State Highway Agency,3,State Highway,SR-27A MONTAUK HWY,,99998,Not Reported,40.81608056,40.81608056,-72.673138890,-72.673138890,0,No Special Jurisdiction,12,Motor Vehicle In-Transport,2,Front-to-Front,0,No,1,Non-Junction,1,Not an Intersection,0,None,,,1,On Roadway,1,Daylight,,,,,10,Cloudy,0,No,0000000,Not Applicable,14,2:00pm-2:59pm,9,9,14,2:00pm-2:59pm,21,21,14,2:00pm-2:59pm,53,53,,,,,,,2,0
2020,36,360707,New York,2,2,0,0,0,2,2,57,MONTGOMERY (57),170,AMSTERDAM,16,16,10,October,2020,6,Friday,14,2:00pm-2:59pm,26,26,1,This section IS ON the NHS,1,Rural,1,Interstate,1,State Highway Agency,1,Interstate,I-90,,99998,Not Reported,99.99990000,99.99990000,999.999900000,999.999900000,0,No Special Jurisdiction,12,Motor Vehicle In-Transport,1,Front-to-Rear,0,No,1,Non-Junction,1,Not an Intersection,0,None,,,1,On Roadway,1,Daylight,,,,,10,Cloudy,0,No,0000000,Not Applicable,15,3:00pm-3:59pm,20,20,15,3:00pm-3:59pm,40,40,88,"Not Applicable (Not Transported) ",88,Not Applicable (Not Transported),,,,,,,1,0
2020,36,360708,New York,2,2,0,0,0,3,3,69,ONTARIO (69),5949,STANLEY,17,17,10,October,2020,7,Saturday,11,11:00am-11:59am,48,48,0,This section IS NOT on the NHS,1,Rural,7,Local,2,County Highway Agency,4,County Road,CR-4,CR-20,0,None,42.90017778,42.90017778,-77.118777780,-77.118777780,0,No Special Jurisdiction,12,Motor Vehicle In-Transport,6,Angle,0,No,2,Intersection,2,Four-Way Intersection,0,None,,,1,On Roadway,1,Daylight,,,,,10,Cloudy,0,No,0000000,Not Applicable,11,11:00am-11:59am,48,48,11,11:00am-11:59am,51,51,12,12:00pm-12:59pm,16,16,,,,,,,1,0
2020,36,360709,New York,2,1,1,0,0,1,1,81,QUEENS (81),4170,MIDDLE VILLAGE,22,22,10,October,2020,5,Thursday,1,1:00am-1:59am,12,12,0,This section IS NOT on the NHS,2,Urban,7,Local,4,City or Municipal Highway Agency,6,Local Street - Municipality,129TH ST,,0,None,40.68752500,40.68752500,-73.815405560,-73.815405560,0,No Special Jurisdiction,14,Parked Motor Vehicle,0,The First Harmful Event was Not a Collision with a Motor Vehicle in Transport,0,No,1,Non-Junction,1,Not an Intersection,0,None,,,7,In Parking Lane/Zone,3,Dark - Lighted,,,,,5,"Fog, Smog, Smoke",0,No,0000000,Not Applicable,1,1:00am-1:59am,14,14,99,Unknown EMS Scene Arrival Hour,99,Unknown EMS Scene Arrival Minutes,99,Unknown,99,Unknown EMS Hospital Arrival Time,,,,,,,1,1
2020,36,360710,New York,1,1,0,0,0,1,1,91,SARATOGA (91),1350,CORINTH,16,16,8,August,2020,1,Sunday,17,5:00pm-5:59pm,9,9,0,This section IS NOT on the NHS,1,Rural,6,Minor Collector,2,County Highway Agency,4,County Road,CR-10,,99998,Not Reported,43.26845833,43.26845833,-73.880394440,-73.880394440,0,No Special Jurisdiction,42,Tree (Standing Only),0,The First Harmful Event was Not a Collision with a Motor Vehicle in Transport,0,No,1,Non-Junction,1,Not an Intersection,0,None,,,4,On Roadside,1,Daylight,,,,,1,Clear,0,No,0000000,Not Applicable,99,Unknown,99,Unknown,99,Unknown EMS Scene Arrival Hour,99,Unknown EMS Scene Arrival Minutes,99,Unknown,99,Unknown EMS Hospital Arrival Time,,,,,,,1,0
2020,36,360711,New York,1,1,0,1,1,1,1,119,WESTCHESTER (119),5033,POUND RIDGE,22,22,8,August,2020,7,Saturday,13,1:00pm-1:59pm,3,3,1,This section IS ON the NHS,2,Urban,3,Principal Arterial - Other,1,State Highway Agency,3,State Highway,SR-137 HIGH RIDGE RD,,99998,Not Reported,41.17612222,41.17612222,-73.565144440,-73.565144440,0,No Special Jurisdiction,9,Pedalcyclist,0,The First Harmful Event was Not a Collision with a Motor Vehicle in Transport,0,No,1,Non-Junction,1,Not an Intersection,0,None,,,1,On Roadway,1,Daylight,,,,,1,Clear,0,No,0000000,Not Applicable,13,1:00pm-1:59pm,3,3,13,1:00pm-1:59pm,12,12,99,Unknown,99,Unknown EMS Hospital Arrival Time,,,,,,,1,0
2020,36,360712,New York,2,2,0,0,0,3,3,27,DUTCHESS (27),147,AMENIA,8,8,10,October,2020,5,Thursday,8,8:00am-8:59am,17,17,1,This section IS ON the NHS,1,Rural,3,Principal Arterial - Other,1,State Highway Agency,3,State Highway,SR-22,,99998,Not Reported,41.82650278,41.82650278,-73.565530560,-73.565530560,0,No Special Jurisdiction,12,Motor Vehicle In-Transport,1,Front-to-Rear,0,No,1,Non-Junction,1,Not an Intersection,0,None,,,1,On Roadway,1,Daylight,,,,,1,Clear,0,No,0000000,Not Applicable,8,8:00am-8:59am,18,18,8,8:00am-8:59am,27,27,9,9:00am-9:59am,31,31,,,,,,,1,0
2020,36,360713,New York,1,1,0,1,1,1,1,67,ONONDAGA (67),6010,SYRACUSE,13,13,10,October,2020,3,Tuesday,17,5:00pm-5:59pm,22,22,0,This section IS NOT on the NHS,2,Urban,4,Minor Arterial,4,City or Municipal Highway Agency,6,Local Street - Municipality,COMSTOCK AVE,WAVERLY AVE,99998,Not Reported,43.04050556,43.04050556,-76.130161110,-76.130161110,0,No Special Jurisdiction,15,Non-Motorist on Personal Conveyance,0,The First Harmful Event was Not a Collision with a Motor Vehicle in Transport,0,No,3,Intersection-Related,2,Four-Way Intersection,0,None,,,1,On Roadway,1,Daylight,,,,,1,Clear,0,No,0000000,Not Applicable,17,5:00pm-5:59pm,24,24,17,5:00pm-5:59pm,26,26,17,5:00pm-5:59pm,34,34,,,,,,,1,0
2020,36,360714,New York,2,2,0,0,0,2,2,91,SARATOGA (91),3462,MALTA,10,10,10,October,2020,7,Saturday,17,5:00pm-5:59pm,2,2,1,This section IS ON the NHS,2,Urban,3,Principal Arterial - Other,1,State Highway Agency,2,U.S. Highway,US-9,CRAMER RD,99998,Not Reported,42.98538333,42.98538333,-73.786794440,-73.786794440,0,No Special Jurisdiction,12,Motor Vehicle In-Transport,6,Angle,0,No,2,Intersection,2,Four-Way Intersection,0,None,,,1,On Roadway,1,Daylight,,,,,1,Clear,0,No,0000000,Not Applicable,17,5:00pm-5:59pm,4,4,17,5:00pm-5:59pm,7,7,17,5:00pm-5:59pm,54,54,,,,,,,2,1
2020,36,360715,New York,2,2,0,0,0,3,3,103,SUFFOLK (103),360,BABYLON,6,6,5,May,2020,4,Wednesday,16,4:00pm-4:59pm,32,32,0,This section IS NOT on the NHS,2,Urban,7,Local,2,County Highway Agency,4,County Road,CR-96 BERGEN AVE,,99998,Not Reported,40.68211944,40.68211944,-73.341811110,-73.341811110,0,No Special Jurisdiction,12,Motor Vehicle In-Transport,2,Front-to-Front,0,No,1,Non-Junction,1,Not an Intersection,0,None,,,1,On Roadway,1,Daylight,,,,,2,Rain,0,No,0000000,Not Applicable,16,4:00pm-4:59pm,32,32,16,4:00pm-4:59pm,34,34,99,Unknown,99,Unknown EMS Hospital Arrival Time,,,,,,,1,0
2020,36,360716,New York,2,2,0,0,0,2,2,103,SUFFOLK (103),2920,ISLIP,7,7,5,May,2020,5,Thursday,21,9:00pm-9:59pm,26,26,0,This section IS NOT on the NHS,2,Urban,7,Local,3,Town or Township Highway Agency,5,Local Street - Township,"DELAWARE AVE ",OHIO AVE,99998,Not Reported,40.75542778,40.75542778,-73.240988890,-73.240988890,0,No Special Jurisdiction,12,Motor Vehicle In-Transport,6,Angle,1,Yes,2,Intersection,2,Four-Way Intersection,0,None,,,1,On Roadway,5,Dusk,,,,,1,Clear,0,No,0000000,Not Applicable,99,Unknown,99,Unknown,99,Unknown EMS Scene Arrival Hour,99,Unknown EMS Scene Arrival Minutes,99,Unknown,99,Unknown EMS Hospital Arrival Time,,,,,,,1,0
2020,36,360717,New York,1,1,0,1,1,1,1,103,SUFFOLK (103),2920,ISLIP,9,9,5,May,2020,7,Saturday,21,9:00pm-9:59pm,7,7,1,This section IS ON the NHS,2,Urban,2,Principal Arterial - Other Freeways and Expressways,1,State Highway Agency,3,State Highway,SR-27 SUNRISE HWY,,99998,Not Reported,40.73301389,40.73301389,-73.261588890,-73.261588890,0,No Special Jurisdiction,8,Pedestrian,0,The First Harmful Event was Not a Collision with a Motor Vehicle in Transport,0,No,1,Non-Junction,1,Not an Intersection,0,None,,,1,On Roadway,3,Dark - Lighted,,,,,1,Clear,0,No,0000000,Not Applicable,99,Unknown,99,Unknown,99,Unknown EMS Scene Arrival Hour,99,Unknown EMS Scene Arrival Minutes,88,"Not Applicable (Not Transported) ",88,Not Applicable (Not Transported),,,,,,,1,0
2020,36,360718,New York,1,1,0,1,1,2,2,103,SUFFOLK (103),620,BRENTWOOD,26,26,5,May,2020,3,Tuesday,18,6:00pm-6:59pm,52,52,0,This section IS NOT on the NHS,2,Urban,5,Major Collector,3,Town or Township Highway Agency,5,Local Street - Township,FULTON ST,,99998,Not Reported,40.79005000,40.79005000,-73.230255560,-73.230255560,0,No Special Jurisdiction,8,Pedestrian,0,The First Harmful Event was Not a Collision with a Motor Vehicle in Transport,0,No,1,Non-Junction,1,Not an Intersection,0,None,,,1,On Roadway,1,Daylight,,,,,1,Clear,0,No,0000000,Not Applicable,99,Unknown,99,Unknown,99,Unknown EMS Scene Arrival Hour,99,Unknown EMS Scene Arrival Minutes,99,Unknown,99,Unknown EMS Hospital Arrival Time,,,,,,,1,0
2020,36,360719,New York,1,1,0,1,1,1,1,103,SUFFOLK (103),2840,HUNTINGTON,30,30,5,May,2020,7,Saturday,22,10:00pm-10:59pm,59,59,0,This section IS NOT on the NHS,2,Urban,4,Minor Arterial,2,County Highway Agency,4,County Road,CR-2 STRAIGHT PATH,CLARENDON ST,99998,Not Reported,40.77622778,40.77622778,-73.343166670,-73.343166670,0,No Special Jurisdiction,8,Pedestrian,0,The First Harmful Event was Not a Collision with a Motor Vehicle in Transport,0,No,3,Intersection-Related,2,Four-Way Intersection,0,None,,,1,On Roadway,3,Dark - Lighted,,,,,1,Clear,0,No,0000000,Not Applicable,22,10:00pm-10:59pm,59,59,23,11:00pm-11:59pm,7,7,23,11:00pm-11:59pm,27,27,,,,,,,1,0
2020,36,360720,New York,1,1,0,1,1,1,1,29,ERIE (29),750,BUFFALO,28,28,10,October,2020,4,Wednesday,10,10:00am-10:59am,2,2,0,This section IS NOT on the NHS,2,Urban,4,Minor Arterial,4,City or Municipal Highway Agency,6,Local Street - Municipality,FILLMORE AVE,,0,None,42.89710556,42.89710556,-78.839277780,-78.839277780,0,No Special Jurisdiction,8,Pedestrian,0,The First Harmful Event was Not a Collision with a Motor Vehicle in Transport,0,No,1,Non-Junction,1,Not an Intersection,0,None,,,1,On Roadway,1,Daylight,,,,,2,Rain,0,No,0000000,Not Applicable,10,10:00am-10:59am,2,2,99,Unknown EMS Scene Arrival Hour,99,Unknown EMS Scene Arrival Minutes,99,Unknown,99,Unknown EMS Hospital Arrival Time,,,,,,,1,0
2020,36,360721,New York,1,1,0,1,1,1,1,91,SARATOGA (91),5470,SARATOGA SPGS,29,29,10,October,2020,5,Thursday,15,3:00pm-3:59pm,49,49,1,This section IS ON the NHS,2,Urban,3,Principal Arterial - Other,1,State Highway Agency,3,State Highway,SR-29 WASHINGTON ST,,99998,Not Reported,43.07713056,43.07713056,-73.826772220,-73.826772220,0,No Special Jurisdiction,8,Pedestrian,0,The First Harmful Event was Not a Collision with a Motor Vehicle in Transport,0,No,1,Non-Junction,1,Not an Intersection,0,None,,,1,On Roadway,1,Daylight,,,,,2,Rain,0,No,0000000,Not Applicable,15,3:00pm-3:59pm,49,49,15,3:00pm-3:59pm,54,54,88,"Not Applicable (Not Transported) ",88,Not Applicable (Not Transported),,,,,,,1,0
2020,36,360722,New York,1,1,0,0,0,1,1,63,NIAGARA (63),2247,GASPORT,29,29,10,October,2020,5,Thursday,13,1:00pm-1:59pm,51,51,0,This section IS NOT on the NHS,1,Rural,7,Local,3,Town or Township Highway Agency,5,Local Street - Township,MILL RD,,0,None,43.17752778,43.17752778,-78.592622220,-78.592622220,0,No Special Jurisdiction,35,Embankment,0,The First Harmful Event was Not a Collision with a Motor Vehicle in Transport,0,No,1,Non-Junction,1,Not an Intersection,0,None,,,4,On Roadside,1,Daylight,,,,,10,Cloudy,0,No,0000000,Not Applicable,99,Unknown,99,Unknown,99,Unknown EMS Scene Arrival Hour,99,Unknown EMS Scene Arrival Minutes,88,"Not Applicable (Not Transported) ",88,Not Applicable (Not Transported),,,,,,,1,0
2020,36,360723,New York,1,1,0,0,0,1,1,89,ST LAWRENCE (89),2500,HAMMOND,29,29,10,October,2020,5,Thursday,7,7:00am-7:59am,29,29,0,This section IS NOT on the NHS,1,Rural,4,Minor Arterial,1,State Highway Agency,3,State Highway,SR-12,,99998,Not Reported,44.40795556,44.40795556,-75.790586110,-75.790586110,0,No Special Jurisdiction,24,Guardrail Face,0,The First Harmful Event was Not a Collision with a Motor Vehicle in Transport,0,No,1,Non-Junction,1,Not an Intersection,0,None,,,4,On Roadside,1,Daylight,,,,,10,Cloudy,0,No,0000000,Not Applicable,7,7:00am-7:59am,29,29,7,7:00am-7:59am,37,37,88,"Not Applicable (Not Transported) ",88,Not Applicable (Not Transported),,,,,,,1,0