caseyear,state,st_case,statename,ve_total,ve_forms,pvh_invl,peds,pernotmvit,permvit,persons,county,countyname,city,cityname,day,dayname,month,monthname,year,day_week,day_weekname,hour,hourname,minute,minutename,nhs,nhsname,rur_urb,rur_urbname,func_sys,func_sysname,rd_owner,rd_ownername,route,routename,tway_id,tway_id2,milept,mileptname,latitude,latitudename,longitud,longitudname,sp_jur,sp_jurname,harm_ev,harm_evname,man_coll,man_collname,reljct1,reljct1name,reljct2,reljct2name,typ_int,typ_intname,wrk_zone,wrk_zonename,road_fnc,road_fncname,rel_road,rel_roadname,lgt_cond,lgt_condname,weather1,weather1name,weather2,weather2name,weather,weathername,sch_bus,sch_busname,rail,railname,not_hour,not_hourname,not_min,not_minname,arr_hour,arr_hourname,arr_min,arr_minname,hosp_hr,hosp_hrname,hosp_mn,hosp_mnname,cf1,cf1name,cf2,cf2name,cf3,cf3name,fatals,drunk_dr
2020,36,360724,New York,2,2,0,0,0,2,2,93,SCHENECTADY (93),5315,ROTTERDAM,1,1,11,November,2020,1,Sunday,0,0:00am-0:59am,18,18,1,This section IS ON the NHS,2,Urban,3,Principal Arterial - Other,1,State Highway Agency,3,State Highway,SR-146 HAMBURG ST,CHISM ST,99998,Not Reported,42.78899167,42.78899167,-73.929688890,-73.929688890,0,No Special Jurisdiction,12,Motor Vehicle In-Transport,6,Angle,0,No,2,Intersection,3,T-Intersection,0,None,,,1,On Roadway,3,Dark - Lighted,,,,,1,Clear,0,No,0000000,Not Applicable,0,0:00am-0:59am,22,22,0,0:00am-0:59am,25,25,1,1:00am-1:59am,25,25,,,,,,,1,1
2020,36,360725,New York,1,1,0,5,5,2,2,81,QUEENS (81),4170,MIDDLE VILLAGE,30,30,10,October,2020,6,Friday,17,5:00pm-5:59pm,18,18,1,This section IS ON the NHS,2,Urban,3,Principal Arterial - Other,4,City or Municipal Highway Agency,6,Local Street - Municipality,JAMAICA AVE,164TH ST,40,40,40.70515278,40.70515278,-73.795672220,-73.795672220,0,No Special Jurisdiction,8,Pedestrian,0,The First Harmful Event was Not a Collision with a Motor Vehicle in Transport,0,No,3,Intersection-Related,3,T-Intersection,0,None,,,4,On Roadside,5,Dusk,,,,,10,Cloudy,0,No,0000000,Not Applicable,99,Unknown,99,Unknown,99,Unknown EMS Scene Arrival Hour,99,Unknown EMS Scene Arrival Minutes,99,Unknown,99,Unknown EMS Hospital Arrival Time,,,,,,,2,0
2020,36,360726,New York,2,2,0,0,0,2,2,103,SUFFOLK (103),705,BROOKHAVEN,30,30,5,May,2020,7,Saturday,5,5:00am-5:59am,20,20,1,This section IS ON the NHS,2,Urban,3,Principal Arterial - Other,1,State Highway Agency,3,State Highway,SR-25 MIDDLE COUNTRY RD,BOYLE RD,99998,Not Reported,40.86368333,40.86368333,-73.049400000,-73.049400000,0,No Special Jurisdiction,12,Motor Vehicle In-Transport,6,Angle,0,No,2,Intersection,3,T-Intersection,1,Construction,,,1,On Roadway,1,Daylight,,,,,8,Other,0,No,0000000,Not Applicable,99,Unknown,99,Unknown,99,Unknown EMS Scene Arrival Hour,99,Unknown EMS Scene Arrival Minutes,99,Unknown,99,Unknown EMS Hospital Arrival Time,,,,,,,1,0
2020,36,360727,New York,1,1,0,1,1,1,1,103,SUFFOLK (103),705,BROOKHAVEN,31,31,5,May,2020,1,Sunday,23,11:00pm-11:59pm,8,8,1,This section IS ON the NHS,2,Urban,2,Principal Arterial - Other Freeways and Expressways,1,State Highway Agency,3,State Highway,SR-27 SUNRISE HWY,,99998,Not Reported,40.81828611,40.81828611,-72.840488890,-72.840488890,0,No Special Jurisdiction,8,Pedestrian,0,The First Harmful Event was Not a Collision with a Motor Vehicle in Transport,0,No,1,Non-Junction,1,Not an Intersection,0,None,,,1,On Roadway,2,Dark - Not Lighted,,,,,1,Clear,0,No,0000000,Not Applicable,99,Unknown,99,Unknown,99,Unknown EMS Scene Arrival Hour,99,Unknown EMS Scene Arrival Minutes,99,Unknown,99,Unknown EMS Hospital Arrival Time,,,,,,,1,0
2020,36,360728,New York,1,1,0,1,1,1,1,59,NASSAU (59),2600,HEMPSTEAD,5,5,10,October,2020,2,Monday,9,9:00am-9:59am,5,5,1,This section IS ON the NHS,2,Urban,4,Minor Arterial,2,County Highway Agency,4,County Road,CR-5A N FRANKLIN ST,ORCHARD ST,99998,Not Reported,40.70683056,40.70683056,-73.626522220,-73.626522220,0,No Special Jurisdiction,8,Pedestrian,0,The First Harmful Event was Not a Collision with a Motor Vehicle in Transport,0,No,3,Intersection-Related,3,T-Intersection,0,None,,,1,On Roadway,1,Daylight,,,,,1,Clear,0,No,0000000,Not Applicable,99,Unknown,99,Unknown,99,Unknown EMS Scene Arrival Hour,99,Unknown EMS Scene Arrival Minutes,88,"Not Applicable (Not Transported) ",88,Not Applicable (Not Transported),,,,,,,1,0
2020,36,360729,New York,1,1,0,1,1,1,1,45,JEFFERSON (45),6050,THERESA,11,11,10,October,2020,1,Sunday,12,12:00pm-12:59pm,28,28,0,This section IS NOT on the NHS,1,Rural,5,Major Collector,1,State Highway Agency,3,State Highway,SR-26 MAIN ST,,99998,Not Reported,44.21771944,44.21771944,-75.803286110,-75.803286110,0,No Special Jurisdiction,8,Pedestrian,0,The First Harmful Event was Not a Collision with a Motor Vehicle in Transport,0,No,1,Non-Junction,1,Not an Intersection,3,Utility,,,1,On Roadway,1,Daylight,,,,,10,Cloudy,0,No,0000000,Not Applicable,12,12:00pm-12:59pm,28,28,12,12:00pm-12:59pm,33,33,12,12:00pm-12:59pm,57,57,,,,,,,1,0
2020,36,360730,New York,2,2,0,0,0,3,3,9,CATTARAUGUS (9),3300,LITTLE VALLEY,13,13,10,October,2020,3,Tuesday,15,3:00pm-3:59pm,6,6,0,This section IS NOT on the NHS,1,Rural,5,Major Collector,1,State Highway Agency,3,State Highway,SR-242,BAKER RD,99998,Not Reported,42.24133333,42.24133333,-78.762472220,-78.762472220,0,No Special Jurisdiction,12,Motor Vehicle In-Transport,2,Front-to-Front,0,No,2,Intersection,4,Y-Intersection,0,None,,,1,On Roadway,1,Daylight,,,,,1,Clear,0,No,0000000,Not Applicable,15,3:00pm-3:59pm,7,7,15,3:00pm-3:59pm,29,29,16,4:00pm-4:59pm,32,32,,,,,,,1,0
2020,36,360731,New York,2,2,0,1,1,3,3,81,QUEENS (81),4170,MIDDLE VILLAGE,17,17,10,October,2020,7,Saturday,17,5:00pm-5:59pm,44,44,0,This section IS NOT on the NHS,2,Urban,4,Minor Arterial,4,City or Municipal Highway Agency,6,Local Street - Municipality,HOLLIS AVE,204 ST,99998,Not Reported,40.70677500,40.70677500,-73.753836110,-73.753836110,0,No Special Jurisdiction,8,Pedestrian,0,The First Harmful Event was Not a Collision with a Motor Vehicle in Transport,0,No,3,Intersection-Related,2,Four-Way Intersection,0,None,,,1,On Roadway,5,Dusk,,,,,1,Clear,0,No,0000000,Not Applicable,99,Unknown,99,Unknown,99,Unknown EMS Scene Arrival Hour,99,Unknown EMS Scene Arrival Minutes,99,Unknown,99,Unknown EMS Hospital Arrival Time,,,,,,,1,0
2020,36,360732,New York,1,1,0,1,1,1,1,61,NEW YORK (61),4170,NEW YORK,20,20,10,October,2020,3,Tuesday,15,3:00pm-3:59pm,1,1,0,This section IS NOT on the NHS,2,Urban,7,Local,4,City or Municipal Highway Agency,6,Local Street - Municipality,5TH AVE,E 90TH ST,99998,Not Reported,40.78402778,40.78402778,-73.958630560,-73.958630560,0,No Special Jurisdiction,15,Non-Motorist on Personal Conveyance,0,The First Harmful Event was Not a Collision with a Motor Vehicle in Transport,0,No,3,Intersection-Related,3,T-Intersection,0,None,,,1,On Roadway,1,Daylight,,,,,1,Clear,0,No,0000000,Not Applicable,99,Unknown,99,Unknown,99,Unknown EMS Scene Arrival Hour,99,Unknown EMS Scene Arrival Minutes,99,Unknown,99,Unknown EMS Hospital Arrival Time,,,,,,,1,0
2020,36,360733,New York,2,2,0,0,0,4,4,93,SCHENECTADY (93),4225,NISKAYUNA,12,12,10,October,2020,2,Monday,22,10:00pm-10:59pm,6,6,1,This section IS ON the NHS,2,Urban,3,Principal Arterial - Other,1,State Highway Agency,3,State Highway,SR-7 TROY SCHENECTADY RD,UNION ST,99998,Not Reported,42.79600556,42.79600556,-73.889391670,-73.889391670,0,No Special Jurisdiction,12,Motor Vehicle In-Transport,6,Angle,0,No,2,Intersection,2,Four-Way Intersection,0,None,,,1,On Roadway,3,Dark - Lighted,,,,,10,Cloudy,0,No,0000000,Not Applicable,22,10:00pm-10:59pm,8,8,22,10:00pm-10:59pm,13,13,22,10:00pm-10:59pm,34,34,,,,,,,1,0
2020,36,360734,New York,2,2,0,0,0,4,4,7,BROOME (7),9997,Other,12,12,10,October,2020,2,Monday,17,5:00pm-5:59pm,33,33,0,This section IS NOT on the NHS,1,Rural,4,Minor Arterial,1,State Highway Agency,3,State Highway,SR-206,,99998,Not Reported,42.34376389,42.34376389,-75.862836110,-75.862836110,0,No Special Jurisdiction,12,Motor Vehicle In-Transport,2,Front-to-Front,0,No,1,Non-Junction,1,Not an Intersection,0,None,,,1,On Roadway,1,Daylight,,,,,10,Cloudy,0,No,0000000,Not Applicable,17,5:00pm-5:59pm,36,36,17,5:00pm-5:59pm,44,44,88,"Not Applicable (Not Transported) ",88,Not Applicable (Not Transported),,,,,,,1,0
2020,36,360735,New York,2,2,0,0,0,2,2,119,WESTCHESTER (119),6825,YORKTOWN HGTS,25,25,10,October,2020,1,Sunday,17,5:00pm-5:59pm,59,59,0,This section IS NOT on the NHS,2,Urban,4,Minor Arterial,1,State Highway Agency,3,State Highway,SR-6N MAHOPAC ST,,99998,Not Reported,41.33829167,41.33829167,-73.790283330,-73.790283330,0,No Special Jurisdiction,12,Motor Vehicle In-Transport,2,Front-to-Front,0,No,1,Non-Junction,1,Not an Intersection,0,None,,,1,On Roadway,5,Dusk,,,,,10,Cloudy,0,No,0000000,Not Applicable,17,5:00pm-5:59pm,59,59,99,Unknown EMS Scene Arrival Hour,99,Unknown EMS Scene Arrival Minutes,88,"Not Applicable (Not Transported) ",88,Not Applicable (Not Transported),,,,,,,2,1
2020,36,360736,New York,3,3,0,0,0,4,4,5,BRONX (5),4170,NEW YORK CITY,26,26,10,October,2020,2,Monday,16,4:00pm-4:59pm,1,1,1,This section IS ON the NHS,2,Urban,3,Principal Arterial - Other,4,City or Municipal Highway Agency,6,Local Street - Municipality,E GUN HILL RD,,99998,Not Reported,40.86495278,40.86495278,-73.835619440,-73.835619440,0,No Special Jurisdiction,12,Motor Vehicle In-Transport,2,Front-to-Front,0,No,1,Non-Junction,1,Not an Intersection,0,None,,,1,On Roadway,1,Daylight,,,,,2,Rain,0,No,0000000,Not Applicable,99,Unknown,99,Unknown,99,Unknown EMS Scene Arrival Hour,99,Unknown EMS Scene Arrival Minutes,99,Unknown,99,Unknown EMS Hospital Arrival Time,,,,,,,2,0
2020,36,360737,New York,3,1,2,0,0,1,1,55,MONROE (55),5230,ROCHESTER,28,28,10,October,2020,4,Wednesday,4,4:00am-4:59am,35,35,1,This section IS ON the NHS,2,Urban,3,Principal Arterial - Other,1,State Highway Agency,3,State Highway,SR-940M LAKE AVE,,99998,Not Reported,43.18864444,43.18864444,-77.630127780,-77.630127780,0,No Special Jurisdiction,14,Parked Motor Vehicle,0,The First Harmful Event was Not a Collision with a Motor Vehicle in Transport,0,No,1,Non-Junction,1,Not an Intersection,0,None,,,7,In Parking Lane/Zone,3,Dark - Lighted,,,,,10,Cloudy,0,No,0000000,Not Applicable,4,4:00am-4:59am,34,34,4,4:00am-4:59am,39,39,88,"Not Applicable (Not Transported) ",88,Not Applicable (Not Transported),,,,,,,1,0
2020,36,360738,New York,1,1,0,0,0,2,2,33,FRANKLIN (33),605,BOMBAY,13,13,5,May,2020,4,Wednesday,21,9:00pm-9:59pm,42,42,0,This section IS NOT on the NHS,1,Rural,7,Local,3,Town or Township Highway Agency,5,Local Street - Township,DRUM STREET RD,,0,None,44.98744444,44.98744444,-74.587425000,-74.587425000,0,No Special Jurisdiction,1,Rollover/Overturn,0,The First Harmful Event was Not a Collision with a Motor Vehicle in Transport,0,No,1,Non-Junction,1,Not an Intersection,0,None,,,4,On Roadside,2,Dark - Not Lighted,,,,,1,Clear,0,No,0000000,Not Applicable,99,Unknown,99,Unknown,99,Unknown EMS Scene Arrival Hour,99,Unknown EMS Scene Arrival Minutes,99,Unknown,99,Unknown EMS Hospital Arrival Time,,,,,,,1,1
2020,36,360739,New York,1,1,0,0,0,3,3,35,FULTON (35),670,BROADALBIN,16,16,5,May,2020,7,Saturday,2,2:00am-2:59am,35,35,0,This section IS NOT on the NHS,1,Rural,7,Local,3,Town or Township Highway Agency,5,Local Street - Township,HONEYWELL CORNERS,,0,None,43.04531111,43.04531111,-74.145477780,-74.145477780,0,No Special Jurisdiction,42,Tree (Standing Only),0,The First Harmful Event was Not a Collision with a Motor Vehicle in Transport,0,No,1,Non-Junction,1,Not an Intersection,0,None,,,4,On Roadside,2,Dark - Not Lighted,,,,,1,Clear,0,No,0000000,Not Applicable,2,2:00am-2:59am,38,38,2,2:00am-2:59am,44,44,99,Unknown,99,Unknown EMS Hospital Arrival Time,,,,,,,1,0
2020,36,360740,New York,1,1,0,0,0,1,1,39,GREENE (39),3225,LEXINGTON,23,23,7,July,2020,5,Thursday,17,5:00pm-5:59pm,20,20,0,This section IS NOT on the NHS,1,Rural,3,Principal Arterial - Other,1,State Highway Agency,3,State Highway,SR-23A,,99998,Not Reported,42.24338056,42.24338056,-74.333958330,-74.333958330,0,No Special Jurisdiction,24,Guardrail Face,0,The First Harmful Event was Not a Collision with a Motor Vehicle in Transport,0,No,1,Non-Junction,1,Not an Intersection,0,None,,,4,On Roadside,1,Daylight,,,,,1,Clear,0,No,0000000,Not Applicable,17,5:00pm-5:59pm,25,25,17,5:00pm-5:59pm,34,34,88,"Not Applicable (Not Transported) ",88,Not Applicable (Not Transported),,,,,,,1,0
2020,36,360741,New York,1,1,0,0,0,1,1,87,ROCKLAND (87),4063,NEW CITY,10,10,10,October,2020,7,Saturday,8,8:00am-8:59am,47,47,1,This section IS ON the NHS,2,Urban,3,Principal Arterial - Other,1,State Highway Agency,3,State Highway,SR-987C PALISADES INT RMP,,99998,Not Reported,41.09762778,41.09762778,-73.991150000,-73.991150000,0,No Special Jurisdiction,24,Guardrail Face,0,The First Harmful Event was Not a Collision with a Motor Vehicle in Transport,0,No,5,Entrance/Exit Ramp Related,1,Not an Intersection,0,None,,,4,On Roadside,1,Daylight,,,,,1,Clear,0,No,0000000,Not Applicable,8,8:00am-8:59am,55,55,8,8:00am-8:59am,58,58,9,9:00am-9:59am,16,16,,,,,,,1,0
2020,36,360742,New York,1,1,0,0,0,1,1,27,DUTCHESS (27),5951,STANFORDVILLE,29,29,10,October,2020,5,Thursday,12,12:00pm-12:59pm,35,35,1,This section IS ON the NHS,1,Rural,2,Principal Arterial - Other Freeways and Expressways,1,State Highway Agency,3,State Highway,SR-987G TACONIC ST PKWY,,99998,Not Reported,41.87830833,41.87830833,-73.767600000,-73.767600000,0,No Special Jurisdiction,42,Tree (Standing Only),0,The First Harmful Event was Not a Collision with a Motor Vehicle in Transport,0,No,1,Non-Junction,1,Not an Intersection,0,None,,,3,On Median,1,Daylight,,,,,2,Rain,0,No,0000000,Not Applicable,12,12:00pm-12:59pm,42,42,12,12:00pm-12:59pm,54,54,99,Unknown,99,Unknown EMS Hospital Arrival Time,,,,,,,1,0
2020,36,360743,New York,1,1,0,0,0,4,4,13,CHAUTAUQUA (13),769,BUSTI,30,30,10,October,2020,6,Friday,18,6:00pm-6:59pm,32,32,0,This section IS NOT on the NHS,1,Rural,4,Minor Arterial,1,State Highway Agency,3,State Highway,SR-952P BUSTI SUGARGROVE RD,,99998,Not Reported,42.00119167,42.00119167,-79.312083330,-79.312083330,0,No Special Jurisdiction,42,Tree (Standing Only),0,The First Harmful Event was Not a Collision with a Motor Vehicle in Transport,0,No,1,Non-Junction,1,Not an Intersection,0,None,,,4,On Roadside,2,Dark - Not Lighted,,,,,2,Rain,0,No,0000000,Not Applicable,18,6:00pm-6:59pm,54,54,19,7:00pm-7:59pm,27,27,22,10:00pm-10:59pm,30,30,,,,,,,1,0
2020,36,360744,New York,1,1,0,0,0,6,6,55,MONROE (55),6510,WEBSTER,1,1,11,November,2020,1,Sunday,1,1:00am-1:59am,5,5,0,This section IS NOT on the NHS,2,Urban,7,Local,3,Town or Township Highway Agency,5,Local Street - Township,GASBERRY LN,,0,None,43.21810833,43.21810833,-77.485697220,-77.485697220,0,No Special Jurisdiction,43,Other Fixed Object,0,The First Harmful Event was Not a Collision with a Motor Vehicle in Transport,0,No,1,Non-Junction,1,Not an Intersection,0,None,,,4,On Roadside,2,Dark - Not Lighted,,,,,1,Clear,0,No,0000000,Not Applicable,1,1:00am-1:59am,5,5,1,1:00am-1:59am,8,8,1,1:00am-1:59am,36,36,,,,,,,1,1
2020,36,360745,New York,1,1,0,0,0,1,1,81,QUEENS (81),4170,MIDDLE VILLAGE,2,2,11,November,2020,2,Monday,21,9:00pm-9:59pm,2,2,0,This section IS NOT on the NHS,2,Urban,5,Major Collector,4,City or Municipal Highway Agency,6,Local Street - Municipality,LAUREL HILL BLVD,,0,None,40.73578333,40.73578333,-73.913694440,-73.913694440,0,No Special Jurisdiction,21,Bridge Pier or Support,0,The First Harmful Event was Not a Collision with a Motor Vehicle in Transport,0,No,1,Non-Junction,1,Not an Intersection,0,None,,,4,On Roadside,3,Dark - Lighted,,,,,1,Clear,0,No,0000000,Not Applicable,21,9:00pm-9:59pm,2,2,21,9:00pm-9:59pm,4,4,88,"Not Applicable (Not Transported) ",88,Not Applicable (Not Transported),,,,,,,1,0
2020,36,360747,New York,1,1,0,1,1,1,1,5,BRONX (5),4170,NEW YORK CITY,5,5,11,November,2020,5,Thursday,13,1:00pm-1:59pm,44,44,1,This section IS ON the NHS,2,Urban,3,Principal Arterial - Other,4,City or Municipal Highway Agency,6,Local Street - Municipality,BRUCKNER BLVD,BROWN PL,0,None,40.80467778,40.80467778,-73.922413890,-73.922413890,0,No Special Jurisdiction,9,Pedalcyclist,0,The First Harmful Event was Not a Collision with a Motor Vehicle in Transport,0,No,3,Intersection-Related,2,Four-Way Intersection,0,None,,,1,On Roadway,1,Daylight,,,,,1,Clear,0,No,0000000,Not Applicable,99,Unknown,99,Unknown,99,Unknown EMS Scene Arrival Hour,99,Unknown EMS Scene Arrival Minutes,99,Unknown,99,Unknown EMS Hospital Arrival Time,,,,,,,1,0
2020,36,360748,New York,2,2,0,1,1,2,2,5,BRONX (5),4170,NEW YORK CITY,3,3,11,November,2020,3,Tuesday,17,5:00pm-5:59pm,44,44,0,This section IS NOT on the NHS,2,Urban,7,Local,4,City or Municipal Highway Agency,6,Local Street - Municipality,E 211TH ST,PAULDING AVE,0,None,40.87549444,40.87549444,-73.857622220,-73.857622220,0,No Special Jurisdiction,8,Pedestrian,0,The First Harmful Event was Not a Collision with a Motor Vehicle in Transport,0,No,3,Intersection-Related,2,Four-Way Intersection,0,None,,,1,On Roadway,3,Dark - Lighted,,,,,1,Clear,0,No,0000000,Not Applicable,99,Unknown,99,Unknown,99,Unknown EMS Scene Arrival Hour,99,Unknown EMS Scene Arrival Minutes,99,Unknown,99,Unknown EMS Hospital Arrival Time,,,,,,,1,0
2020,36,360749,New York,2,2,0,0,0,2,2,35,FULTON (35),2980,JOHNSTOWN,10,10,6,June,2020,4,Wednesday,5,5:00am-5:59am,10,10,1,This section IS ON the NHS,2,Urban,3,Principal Arterial - Other,1,State Highway Agency,3,State Highway,SR-30A,,99998,Not Reported,43.02404167,43.02404167,-74.310741670,-74.310741670,0,No Special Jurisdiction,12,Motor Vehicle In-Transport,2,Front-to-Front,0,No,1,Non-Junction,1,Not an Intersection,0,None,,,1,On Roadway,1,Daylight,,,,,1,Clear,0,No,0000000,Not Applicable,5,5:00am-5:59am,10,10,5,5:00am-5:59am,15,15,6,6:00am-6:59am,35,35,,,,,,,1,0
2020,36,360750,New York,2,2,0,0,0,2,2,117,WAYNE (117),5790,SODUS,29,29,6,June,2020,2,Monday,13,1:00pm-1:59pm,25,25,0,This section IS NOT on the NHS,1,Rural,7,Local,3,Town or Township Highway Agency,5,Local Street - Township,N CENTENARY RD,MIDDLE RD,0,None,43.25113611,43.25113611,-77.111788890,-77.111788890,0,No Special Jurisdiction,12,Motor Vehicle In-Transport,6,Angle,0,No,2,Intersection,2,Four-Way Intersection,0,None,,,1,On Roadway,1,Daylight,,,,,1,Clear,0,No,0000000,Not Applicable,13,1:00pm-1:59pm,25,25,13,1:00pm-1:59pm,35,35,99,Unknown,99,Unknown EMS Hospital Arrival Time,,,,,,,1,0
2020,36,360752,New York,2,2,0,0,0,4,4,65,ONEIDA (65),610,BOONVILLE,12,12,9,September,2020,7,Saturday,19,7:00pm-7:59pm,33,33,1,This section IS ON the NHS,1,Rural,3,Principal Arterial - Other,1,State Highway Agency,3,State Highway,SR-12,,99998,Not Reported,43.43580833,43.43580833,-75.244708330,-75.244708330,0,No Special Jurisdiction,12,Motor Vehicle In-Transport,2,Front-to-Front,0,No,1,Non-Junction,1,Not an Intersection,0,None,,,1,On Roadway,2,Dark - Not Lighted,,,,,1,Clear,0,No,0000000,Not Applicable,19,7:00pm-7:59pm,33,33,19,7:00pm-7:59pm,40,40,20,8:00pm-8:59pm,44,44,,,,,,,2,1
2020,36,360753,New York,2,2,0,0,0,5,5,119,WESTCHESTER (119),6820,YONKERS,4,4,10,October,2020,1,Sunday,21,9:00pm-9:59pm,25,25,1,This section IS ON the NHS,2,Urban,1,Interstate,1,State Highway Agency,1,Interstate,I-87,,99998,Not Reported,40.92574444,40.92574444,-73.857883330,-73.857883330,0,No Special Jurisdiction,12,Motor Vehicle In-Transport,1,Front-to-Rear,0,No,1,Non-Junction,1,Not an Intersection,0,None,,,1,On Roadway,2,Dark - Not Lighted,,,,,1,Clear,0,No,0000000,Not Applicable,21,9:00pm-9:59pm,25,25,99,Unknown EMS Scene Arrival Hour,99,Unknown EMS Scene Arrival Minutes,99,Unknown,99,Unknown EMS Hospital Arrival Time,,,,,,,1,0
2020,36,360754,New York,3,3,0,0,0,5,5,79,PUTNAM (79),1280,COLD SPRING,10,10,10,October,2020,7,Saturday,17,5:00pm-5:59pm,30,30,0,This section IS NOT on the NHS,1,Rural,4,Minor Arterial,1,State Highway Agency,3,State Highway,SR-301,,99998,Not Reported,41.43718056,41.43718056,-73.918294440,-73.918294440,0,No Special Jurisdiction,12,Motor Vehicle In-Transport,8,Sideswipe - Opposite Direction,0,No,1,Non-Junction,1,Not an Intersection,0,None,,,1,On Roadway,1,Daylight,,,,,1,Clear,0,No,0000000,Not Applicable,17,5:00pm-5:59pm,30,30,17,5:00pm-5:59pm,30,30,18,6:00pm-6:59pm,16,16,,,,,,,1,0
2020,36,360755,New York,2,2,0,0,0,3,3,5,BRONX (5),4170,NEW YORK CITY,7,7,11,November,2020,7,Saturday,0,0:00am-0:59am,19,19,1,This section IS ON the NHS,2,Urban,3,Principal Arterial - Other,4,City or Municipal Highway Agency,6,Local Street - Municipality,BRUCKNER BLVD,ROSEDALE AVE,10,10,40.82483611,40.82483611,-73.867641670,-73.867641670,0,No Special Jurisdiction,12,Motor Vehicle In-Transport,6,Angle,0,No,2,Intersection,2,Four-Way Intersection,0,None,,,1,On Roadway,3,Dark - Lighted,,,,,1,Clear,0,No,0000000,Not Applicable,99,Unknown,99,Unknown,99,Unknown EMS Scene Arrival Hour,99,Unknown EMS Scene Arrival Minutes,99,Unknown,99,Unknown EMS Hospital Arrival Time,,,,,,,1,1
2020,36,360756,New York,2,2,0,0,0,2,2,61,NEW YORK (61),4170,NEW YORK,1,1,11,November,2020,1,Sunday,16,4:00pm-4:59pm,27,27,1,This section IS ON the NHS,2,Urban,3,Principal Arterial - Other,4,City or Municipal Highway Agency,6,Local Street - Municipality,2ND AVE,E 97TH ST,15,15,40.78494167,40.78494167,-73.946583330,-73.946583330,0,No Special Jurisdiction,12,Motor Vehicle In-Transport,6,Angle,0,No,2,Intersection,2,Four-Way Intersection,0,None,,,1,On Roadway,3,Dark - Lighted,,,,,10,Cloudy,0,No,0000000,Not Applicable,16,4:00pm-4:59pm,28,28,99,Unknown EMS Scene Arrival Hour,99,Unknown EMS Scene Arrival Minutes,88,"Not Applicable (Not Transported) ",88,Not Applicable (Not Transported),,,,,,,1,0
2020,36,360757,New York,4,4,0,0,0,7,7,29,ERIE (29),1844,ELMA,20,20,9,September,2020,1,Sunday,17,5:00pm-5:59pm,5,5,0,This section IS NOT on the NHS,2,Urban,4,Minor Arterial,1,State Highway Agency,3,State Highway,SR-354 CLINTON ST,,99998,Not Reported,42.85541667,42.85541667,-78.667772220,-78.667772220,0,No Special Jurisdiction,12,Motor Vehicle In-Transport,8,Sideswipe - Opposite Direction,0,No,1,Non-Junction,1,Not an Intersection,0,None,,,1,On Roadway,1,Daylight,,,,,1,Clear,0,No,0000000,Not Applicable,17,5:00pm-5:59pm,8,8,17,5:00pm-5:59pm,9,9,99,Unknown,99,Unknown EMS Hospital Arrival Time,,,,,,,1,0
2020,36,360758,New York,1,1,0,0,0,5,5,29,ERIE (29),1286,COLLINS,12,12,6,June,2020,6,Friday,4,4:00am-4:59am,2,2,0,This section IS NOT on the NHS,2,Urban,5,Major Collector,1,State Highway Agency,3,State Highway,SR-438 BUFFALO ST,,99998,Not Reported,42.47870278,42.47870278,-78.937972220,-78.937972220,0,No Special Jurisdiction,42,Tree (Standing Only),0,The First Harmful Event was Not a Collision with a Motor Vehicle in Transport,0,No,1,Non-Junction,1,Not an Intersection,0,None,,,4,On Roadside,2,Dark - Not Lighted,,,,,1,Clear,0,No,0000000,Not Applicable,4,4:00am-4:59am,13,13,4,4:00am-4:59am,18,18,99,Unknown,99,Unknown EMS Hospital Arrival Time,,,,,,,1,1
2020,36,360759,New York,1,1,0,1,1,1,1,87,ROCKLAND (87),4380,NYACK,15,15,7,July,2020,4,Wednesday,17,5:00pm-5:59pm,44,44,0,This section IS NOT on the NHS,2,Urban,7,Local,3,Town or Township Highway Agency,5,Local Street - Township,LESTER DR,,99998,Not Reported,41.04299722,41.04299722,-73.962544440,-73.962544440,0,No Special Jurisdiction,8,Pedestrian,0,The First Harmful Event was Not a Collision with a Motor Vehicle in Transport,0,No,1,Non-Junction,1,Not an Intersection,0,None,,,5,Outside Trafficway,1,Daylight,,,,,1,Clear,0,No,0000000,Not Applicable,17,5:00pm-5:59pm,45,45,17,5:00pm-5:59pm,49,49,18,6:00pm-6:59pm,9,9,,,,,,,1,0
2020,36,360760,New York,2,2,0,0,0,2,2,75,OSWEGO (75),4660,PARISH,9,9,8,August,2020,1,Sunday,9,9:00am-9:59am,23,23,0,This section IS NOT on the NHS,1,Rural,7,Local,2,County Highway Agency,4,County Road,CR-38,RED MILL RD,99998,Not Reported,43.41795000,43.41795000,-76.124300000,-76.124300000,0,No Special Jurisdiction,12,Motor Vehicle In-Transport,6,Angle,0,No,2,Intersection,2,Four-Way Intersection,0,None,,,1,On Roadway,1,Daylight,,,,,1,Clear,0,No,0000000,Not Applicable,99,Unknown,99,Unknown,99,Unknown EMS Scene Arrival Hour,99,Unknown EMS Scene Arrival Minutes,99,Unknown,99,Unknown EMS Hospital Arrival Time,,,,,,,1,0
2020,36,360761,New York,3,3,0,0,0,6,6,59,NASSAU (59),4600,OYSTER BAY,15,15,9,September,2020,3,Tuesday,5,5:00am-5:59am,7,7,1,This section IS ON the NHS,2,Urban,2,Principal Arterial - Other Freeways and Expressways,1,State Highway Agency,3,State Highway,SR-908M SOUTHERN STATE PARKWAY,,99998,Not Reported,40.70480833,40.70480833,-73.474472220,-73.474472220,0,No Special Jurisdiction,12,Motor Vehicle In-Transport,2,Front-to-Front,0,No,1,Non-Junction,1,Not an Intersection,0,None,,,1,On Roadway,4,Dawn,,,,,10,Cloudy,0,No,0000000,Not Applicable,5,5:00am-5:59am,10,10,5,5:00am-5:59am,15,15,5,5:00am-5:59am,35,35,,,,,,,4,1