caseyear,state,st_case,statename,ve_total,ve_forms,pvh_invl,peds,pernotmvit,permvit,persons,county,countyname,city,cityname,day,dayname,month,monthname,year,day_week,day_weekname,hour,hourname,minute,minutename,nhs,nhsname,rur_urb,rur_urbname,func_sys,func_sysname,rd_owner,rd_ownername,route,routename,tway_id,tway_id2,milept,mileptname,latitude,latitudename,longitud,longitudname,sp_jur,sp_jurname,harm_ev,harm_evname,man_coll,man_collname,reljct1,reljct1name,reljct2,reljct2name,typ_int,typ_intname,wrk_zone,wrk_zonename,road_fnc,road_fncname,rel_road,rel_roadname,lgt_cond,lgt_condname,weather1,weather1name,weather2,weather2name,weather,weathername,sch_bus,sch_busname,rail,railname,not_hour,not_hourname,not_min,not_minname,arr_hour,arr_hourname,arr_min,arr_minname,hosp_hr,hosp_hrname,hosp_mn,hosp_mnname,cf1,cf1name,cf2,cf2name,cf3,cf3name,fatals,drunk_dr
2020,36,360871,New York,3,2,1,1,2,2,3,5,BRONX (5),4170,NEW YORK CITY,18,18,10,October,2020,1,Sunday,0,0:00am-0:59am,58,58,0,This section IS NOT on the NHS,2,Urban,4,Minor Arterial,4,City or Municipal Highway Agency,6,Local Street - Municipality,BAILEY AVE,,0,None,40.87145278,40.87145278,-73.906494440,-73.906494440,0,No Special Jurisdiction,12,Motor Vehicle In-Transport,7,Sideswipe - Same Direction,0,No,1,Non-Junction,1,Not an Intersection,0,None,,,1,On Roadway,3,Dark - Lighted,,,,,1,Clear,0,No,0000000,Not Applicable,99,Unknown,99,Unknown,99,Unknown EMS Scene Arrival Hour,99,Unknown EMS Scene Arrival Minutes,99,Unknown,99,Unknown EMS Hospital Arrival Time,,,,,,,1,0
2020,36,360872,New York,2,2,0,0,0,2,2,29,ERIE (29),4250,NORTH COLLINS,30,30,10,October,2020,6,Friday,7,7:00am-7:59am,0,0,1,This section IS ON the NHS,1,Rural,3,Principal Arterial - Other,1,State Highway Agency,2,U.S. Highway,US-62 GOWANDA STATE RD,,0,None,42.57020278,42.57020278,-78.936344440,-78.936344440,0,No Special Jurisdiction,12,Motor Vehicle In-Transport,2,Front-to-Front,0,No,1,Non-Junction,1,Not an Intersection,0,None,,,1,On Roadway,2,Dark - Not Lighted,,,,,2,Rain,0,No,0000000,Not Applicable,7,7:00am-7:59am,1,1,7,7:00am-7:59am,8,8,99,Unknown,99,Unknown EMS Hospital Arrival Time,,,,,,,1,0
2020,36,360873,New York,2,2,0,0,0,2,2,37,GENESEE (37),530,BERGEN,19,19,11,November,2020,5,Thursday,14,2:00pm-2:59pm,46,46,0,This section IS NOT on the NHS,1,Rural,4,Minor Arterial,1,State Highway Agency,3,State Highway,SR-19,,99998,Not Reported,43.12029444,43.12029444,-77.938375000,-77.938375000,0,No Special Jurisdiction,12,Motor Vehicle In-Transport,2,Front-to-Front,0,No,1,Non-Junction,1,Not an Intersection,0,None,,,1,On Roadway,1,Daylight,,,,,1,Clear,0,No,0000000,Not Applicable,14,2:00pm-2:59pm,40,40,14,2:00pm-2:59pm,45,45,99,Unknown,99,Unknown EMS Hospital Arrival Time,,,,,,,2,0
2020,36,360874,New York,2,2,0,0,0,3,3,55,MONROE (55),2248,GATES,6,6,11,November,2020,6,Friday,22,10:00pm-10:59pm,9,9,0,This section IS NOT on the NHS,2,Urban,4,Minor Arterial,1,State Highway Agency,3,State Highway,SR-31 SPENCERPORT RD,,99998,Not Reported,43.16921389,43.16921389,-77.700805560,-77.700805560,0,No Special Jurisdiction,12,Motor Vehicle In-Transport,2,Front-to-Front,0,No,1,Non-Junction,1,Not an Intersection,0,None,,,1,On Roadway,3,Dark - Lighted,,,,,1,Clear,0,No,0000000,Not Applicable,99,Unknown,99,Unknown,99,Unknown EMS Scene Arrival Hour,99,Unknown EMS Scene Arrival Minutes,99,Unknown,99,Unknown EMS Hospital Arrival Time,,,,,,,1,0
2020,36,360876,New York,1,1,0,1,1,3,3,99,SENECA (99),6440,WATERLOO,27,27,10,October,2020,3,Tuesday,20,8:00pm-8:59pm,37,37,1,This section IS ON the NHS,2,Urban,3,Principal Arterial - Other,1,State Highway Agency,3,State Highway,SR-5 E MAIN ST,,99998,Not Reported,42.90213056,42.90213056,-76.843113890,-76.843113890,0,No Special Jurisdiction,8,Pedestrian,0,The First Harmful Event was Not a Collision with a Motor Vehicle in Transport,0,No,1,Non-Junction,1,Not an Intersection,0,None,,,1,On Roadway,3,Dark - Lighted,,,,,2,Rain,0,No,0000000,Not Applicable,20,8:00pm-8:59pm,38,38,21,9:00pm-9:59pm,27,27,88,"Not Applicable (Not Transported) ",88,Not Applicable (Not Transported),,,,,,,1,0
2020,36,360877,New York,1,1,0,1,1,1,1,111,ULSTER (111),5480,SAUGERTIES,3,3,11,November,2020,3,Tuesday,12,12:00pm-12:59pm,38,38,0,This section IS NOT on the NHS,1,Rural,7,Local,3,Town or Township Highway Agency,5,Local Street - Township,FISH CREEK RD,PATCH RD,0,None,42.05952222,42.05952222,-74.013627780,-74.013627780,0,No Special Jurisdiction,9,Pedalcyclist,0,The First Harmful Event was Not a Collision with a Motor Vehicle in Transport,0,No,3,Intersection-Related,4,Y-Intersection,0,None,,,1,On Roadway,1,Daylight,,,,,10,Cloudy,0,No,0000000,Not Applicable,12,12:00pm-12:59pm,37,37,12,12:00pm-12:59pm,45,45,99,Unknown,99,Unknown EMS Hospital Arrival Time,,,,,,,1,0
2020,36,360878,New York,1,1,0,1,1,1,1,117,WAYNE (117),3410,LYONS,25,25,11,November,2020,4,Wednesday,19,7:00pm-7:59pm,44,44,0,This section IS NOT on the NHS,2,Urban,7,Local,3,Town or Township Highway Agency,5,Local Street - Township,BROAD ST,CHURCH ST,0,None,43.06398611,43.06398611,-76.994016670,-76.994016670,0,No Special Jurisdiction,8,Pedestrian,0,The First Harmful Event was Not a Collision with a Motor Vehicle in Transport,0,No,3,Intersection-Related,2,Four-Way Intersection,0,None,,,1,On Roadway,3,Dark - Lighted,,,,,2,Rain,0,No,0000000,Not Applicable,19,7:00pm-7:59pm,44,44,19,7:00pm-7:59pm,47,47,88,"Not Applicable (Not Transported) ",88,Not Applicable (Not Transported),,,,,,,1,0
2020,36,360880,New York,1,1,0,0,0,1,1,91,SARATOGA (91),3462,MALTA,11,11,12,December,2020,6,Friday,15,3:00pm-3:59pm,40,40,0,This section IS NOT on the NHS,2,Urban,5,Major Collector,2,County Highway Agency,4,County Road,CR-63 MALTA AVE,,0,None,43.01730833,43.01730833,-73.817586110,-73.817586110,0,No Special Jurisdiction,32,Culvert,0,The First Harmful Event was Not a Collision with a Motor Vehicle in Transport,0,No,1,Non-Junction,1,Not an Intersection,0,None,,,4,On Roadside,1,Daylight,,,,,10,Cloudy,0,No,0000000,Not Applicable,15,3:00pm-3:59pm,45,45,15,3:00pm-3:59pm,49,49,88,"Not Applicable (Not Transported) ",88,Not Applicable (Not Transported),,,,,,,1,1
2020,36,360881,New York,1,1,0,1,1,1,1,55,MONROE (55),2395,GREECE,11,11,12,December,2020,6,Friday,13,1:00pm-1:59pm,14,14,0,This section IS NOT on the NHS,2,Urban,4,Minor Arterial,1,State Highway Agency,3,State Highway,SR-18 DEWEY AVE,,99998,Not Reported,43.22353333,43.22353333,-77.641363890,-77.641363890,0,No Special Jurisdiction,33,Curb,0,The First Harmful Event was Not a Collision with a Motor Vehicle in Transport,0,No,1,Non-Junction,1,Not an Intersection,0,None,,,4,On Roadside,1,Daylight,,,,,1,Clear,0,No,0000000,Not Applicable,13,1:00pm-1:59pm,14,14,13,1:00pm-1:59pm,17,17,99,Unknown,99,Unknown EMS Hospital Arrival Time,,,,,,,1,0
2020,36,360882,New York,1,1,0,1,1,1,1,103,SUFFOLK (103),2840,HUNTINGTON,15,15,12,December,2020,3,Tuesday,17,5:00pm-5:59pm,41,41,1,This section IS ON the NHS,2,Urban,3,Principal Arterial - Other,1,State Highway Agency,3,State Highway,SR-110,,99998,Not Reported,40.77272222,40.77272222,-73.422119440,-73.422119440,0,No Special Jurisdiction,8,Pedestrian,0,The First Harmful Event was Not a Collision with a Motor Vehicle in Transport,0,No,1,Non-Junction,1,Not an Intersection,0,None,,,1,On Roadway,2,Dark - Not Lighted,,,,,1,Clear,0,No,0000000,Not Applicable,17,5:00pm-5:59pm,41,41,99,Unknown EMS Scene Arrival Hour,99,Unknown EMS Scene Arrival Minutes,88,"Not Applicable (Not Transported) ",88,Not Applicable (Not Transported),,,,,,,1,0
2020,36,360883,New York,1,1,0,1,1,1,1,55,MONROE (55),5230,ROCHESTER,29,29,12,December,2020,3,Tuesday,18,6:00pm-6:59pm,38,38,0,This section IS NOT on the NHS,2,Urban,7,Local,4,City or Municipal Highway Agency,6,Local Street - Municipality,NORTH ST,HELENA ST,0,None,43.16980833,43.16980833,-77.598261110,-77.598261110,0,No Special Jurisdiction,9,Pedalcyclist,0,The First Harmful Event was Not a Collision with a Motor Vehicle in Transport,0,No,3,Intersection-Related,2,Four-Way Intersection,0,None,,,1,On Roadway,3,Dark - Lighted,,,,,1,Clear,0,No,0000000,Not Applicable,18,6:00pm-6:59pm,38,38,18,6:00pm-6:59pm,42,42,18,6:00pm-6:59pm,59,59,,,,,,,1,0
2020,36,360884,New York,2,2,0,0,0,2,2,29,ERIE (29),1117,CHEEKTOWAGA,27,27,9,September,2020,1,Sunday,18,6:00pm-6:59pm,10,10,0,This section IS NOT on the NHS,2,Urban,4,Minor Arterial,3,Town or Township Highway Agency,5,Local Street - Township,GENESEE ST,STRATFORD PL,0,None,42.92376667,42.92376667,-78.777972220,-78.777972220,0,No Special Jurisdiction,12,Motor Vehicle In-Transport,6,Angle,0,No,2,Intersection,3,T-Intersection,0,None,,,1,On Roadway,1,Daylight,,,,,1,Clear,0,No,0000000,Not Applicable,99,Unknown,99,Unknown,99,Unknown EMS Scene Arrival Hour,99,Unknown EMS Scene Arrival Minutes,99,Unknown,99,Unknown EMS Hospital Arrival Time,,,,,,,1,1
2020,36,360885,New York,2,2,0,0,0,2,2,103,SUFFOLK (103),360,BABYLON,27,27,11,November,2020,6,Friday,16,4:00pm-4:59pm,5,5,0,This section IS NOT on the NHS,2,Urban,4,Minor Arterial,3,Town or Township Highway Agency,4,County Road,CR-3 WELLWOOD AVE,BUFFALO AVE,0,None,40.70181667,40.70181667,-73.384838890,-73.384838890,0,No Special Jurisdiction,12,Motor Vehicle In-Transport,6,Angle,0,No,2,Intersection,3,T-Intersection,0,None,,,1,On Roadway,1,Daylight,,,,,10,Cloudy,0,No,0000000,Not Applicable,16,4:00pm-4:59pm,5,5,16,4:00pm-4:59pm,8,8,16,4:00pm-4:59pm,30,30,,,,,,,1,1
2020,36,360886,New York,3,3,0,0,0,3,3,83,RENSSELAER (83),5130,RENSSELAER,13,13,12,December,2020,1,Sunday,16,4:00pm-4:59pm,9,9,1,This section IS ON the NHS,2,Urban,3,Principal Arterial - Other,1,State Highway Agency,2,U.S. Highway,US-9 COLUMBIA ST,,99998,Not Reported,42.63533889,42.63533889,-73.746719440,-73.746719440,0,No Special Jurisdiction,12,Motor Vehicle In-Transport,6,Angle,0,No,1,Non-Junction,1,Not an Intersection,0,None,,,1,On Roadway,1,Daylight,,,,,1,Clear,0,No,0000000,Not Applicable,99,Unknown,99,Unknown,99,Unknown EMS Scene Arrival Hour,99,Unknown EMS Scene Arrival Minutes,99,Unknown,99,Unknown EMS Hospital Arrival Time,,,,,,,1,0
2020,36,360887,New York,2,2,0,0,0,2,2,1,ALBANY (1),1290,COLONIE,6,6,9,September,2020,1,Sunday,10,10:00am-10:59am,53,53,1,This section IS ON the NHS,2,Urban,3,Principal Arterial - Other,1,State Highway Agency,3,State Highway,SR-5 CENTRAL AVE,,99998,Not Reported,42.72908889,42.72908889,-73.845997220,-73.845997220,0,No Special Jurisdiction,12,Motor Vehicle In-Transport,2,Front-to-Front,0,No,8,Driveway Access Related,1,Not an Intersection,0,None,,,1,On Roadway,1,Daylight,,,,,1,Clear,0,No,0000000,Not Applicable,99,Unknown,99,Unknown,99,Unknown EMS Scene Arrival Hour,99,Unknown EMS Scene Arrival Minutes,99,Unknown,99,Unknown EMS Hospital Arrival Time,,,,,,,1,0
2020,36,360888,New York,1,1,0,0,0,1,1,29,ERIE (29),4500,ORCHARD PARK,22,22,11,November,2020,1,Sunday,13,1:00pm-1:59pm,24,24,1,This section IS ON the NHS,2,Urban,3,Principal Arterial - Other,1,State Highway Agency,2,U.S. Highway,US-219,,99998,Not Reported,42.73572778,42.73572778,-78.766452780,-78.766452780,0,No Special Jurisdiction,21,Bridge Pier or Support,0,The First Harmful Event was Not a Collision with a Motor Vehicle in Transport,0,No,1,Non-Junction,1,Not an Intersection,0,None,,,4,On Roadside,1,Daylight,,,,,1,Clear,0,No,0000000,Not Applicable,99,Unknown,99,Unknown,99,Unknown EMS Scene Arrival Hour,99,Unknown EMS Scene Arrival Minutes,88,"Not Applicable (Not Transported) ",88,Not Applicable (Not Transported),,,,,,,1,0
2020,36,360889,New York,1,1,0,0,0,1,1,69,ONTARIO (69),3490,MANCHESTER,1,1,12,December,2020,3,Tuesday,10,10:00am-10:59am,28,28,1,This section IS ON the NHS,2,Urban,1,Interstate,1,State Highway Agency,1,Interstate,I-90,,99998,Not Reported,42.97896389,42.97896389,-77.229072220,-77.229072220,0,No Special Jurisdiction,42,Tree (Standing Only),0,The First Harmful Event was Not a Collision with a Motor Vehicle in Transport,0,No,1,Non-Junction,1,Not an Intersection,0,None,,,8,Gore,1,Daylight,,,,,2,Rain,0,No,0000000,Not Applicable,11,11:00am-11:59am,55,55,12,12:00pm-12:59pm,30,30,88,"Not Applicable (Not Transported) ",88,Not Applicable (Not Transported),,,,,,,1,0
2020,36,360890,New York,2,2,0,0,0,8,8,63,NIAGARA (63),5323,ROYALTON,25,25,11,November,2020,4,Wednesday,19,7:00pm-7:59pm,30,30,0,This section IS NOT on the NHS,1,Rural,5,Major Collector,1,State Highway Agency,3,State Highway,SR-77 LEWISTON RD,CR-905 GRISWOLD ST,99998,Not Reported,43.13315833,43.13315833,-78.495777780,-78.495777780,0,No Special Jurisdiction,12,Motor Vehicle In-Transport,6,Angle,0,No,2,Intersection,2,Four-Way Intersection,0,None,,,1,On Roadway,2,Dark - Not Lighted,,,,,2,Rain,0,No,0000000,Not Applicable,99,Unknown,99,Unknown,99,Unknown EMS Scene Arrival Hour,99,Unknown EMS Scene Arrival Minutes,99,Unknown,99,Unknown EMS Hospital Arrival Time,,,,,,,2,1
2020,36,360891,New York,2,2,0,0,0,4,4,111,ULSTER (111),5480,SAUGERTIES,17,17,12,December,2020,5,Thursday,16,4:00pm-4:59pm,51,51,0,This section IS NOT on the NHS,1,Rural,4,Minor Arterial,1,State Highway Agency,3,State Highway,SR-32,,99998,Not Reported,42.15490556,42.15490556,-73.998555560,-73.998555560,0,No Special Jurisdiction,12,Motor Vehicle In-Transport,6,Angle,0,No,1,Non-Junction,1,Not an Intersection,0,None,,,1,On Roadway,2,Dark - Not Lighted,,,,,10,Cloudy,0,No,0000000,Not Applicable,16,4:00pm-4:59pm,53,53,17,5:00pm-5:59pm,0,0,18,6:00pm-6:59pm,0,0,,,,,,,2,0
2020,36,360892,New York,2,2,0,0,0,3,3,91,SARATOGA (91),5470,SARATOGA SPGS,18,18,11,November,2020,4,Wednesday,17,5:00pm-5:59pm,16,16,0,This section IS NOT on the NHS,2,Urban,4,Minor Arterial,4,City or Municipal Highway Agency,3,State Highway,SR-9N CHURCH ST,MYRTLE ST,99998,Not Reported,43.08478333,43.08478333,-73.797958330,-73.797958330,0,No Special Jurisdiction,12,Motor Vehicle In-Transport,2,Front-to-Front,0,No,2,Intersection,2,Four-Way Intersection,0,None,,,1,On Roadway,3,Dark - Lighted,,,,,1,Clear,0,No,0000000,Not Applicable,99,Unknown,99,Unknown,99,Unknown EMS Scene Arrival Hour,99,Unknown EMS Scene Arrival Minutes,99,Unknown,99,Unknown EMS Hospital Arrival Time,,,,,,,1,0
2020,36,360893,New York,3,3,0,0,0,5,5,29,ERIE (29),5475,SARDINIA,4,4,12,December,2020,6,Friday,9,9:00am-9:59am,19,19,1,This section IS ON the NHS,1,Rural,3,Principal Arterial - Other,1,State Highway Agency,3,State Highway,SR-16 OLEAN RD,,99998,Not Reported,42.58076389,42.58076389,-78.483241670,-78.483241670,0,No Special Jurisdiction,12,Motor Vehicle In-Transport,1,Front-to-Rear,0,No,8,Driveway Access Related,1,Not an Intersection,0,None,,,1,On Roadway,1,Daylight,,,,,10,Cloudy,0,No,0000000,Not Applicable,9,9:00am-9:59am,19,19,9,9:00am-9:59am,30,30,99,Unknown,99,Unknown EMS Hospital Arrival Time,,,,,,,1,0
2020,36,360894,New York,2,2,0,0,0,3,3,5,BRONX (5),4170,NEW YORK CITY,2,2,12,December,2020,4,Wednesday,15,3:00pm-3:59pm,25,25,1,This section IS ON the NHS,2,Urban,3,Principal Arterial - Other,4,City or Municipal Highway Agency,6,Local Street - Municipality,GRAND CONCOURSE,,99998,Not Reported,40.85081944,40.85081944,-73.904819440,-73.904819440,0,No Special Jurisdiction,12,Motor Vehicle In-Transport,1,Front-to-Rear,0,No,1,Non-Junction,1,Not an Intersection,0,None,,,1,On Roadway,1,Daylight,,,,,1,Clear,0,No,0000000,Not Applicable,99,Unknown,99,Unknown,99,Unknown EMS Scene Arrival Hour,99,Unknown EMS Scene Arrival Minutes,99,Unknown,99,Unknown EMS Hospital Arrival Time,,,,,,,1,0
2020,36,360895,New York,3,3,0,0,0,3,3,17,CHENANGO (17),2400,GREENE,5,5,12,December,2020,7,Saturday,13,1:00pm-1:59pm,42,42,0,This section IS NOT on the NHS,1,Rural,6,Minor Collector,1,State Highway Agency,3,State Highway,"SR-235 ",,99998,Not Reported,42.29461389,42.29461389,-75.639447220,-75.639447220,0,No Special Jurisdiction,12,Motor Vehicle In-Transport,7,Sideswipe - Same Direction,0,No,1,Non-Junction,1,Not an Intersection,0,None,,,1,On Roadway,1,Daylight,,,,,10,Cloudy,0,No,0000000,Not Applicable,13,1:00pm-1:59pm,42,42,13,1:00pm-1:59pm,51,51,99,Unknown,99,Unknown EMS Hospital Arrival Time,,,,,,,1,0
2020,36,360896,New York,4,4,0,0,0,6,6,69,ONTARIO (69),830,CANANDAIGUA,8,8,12,December,2020,3,Tuesday,15,3:00pm-3:59pm,1,1,1,This section IS ON the NHS,2,Urban,3,Principal Arterial - Other,1,State Highway Agency,3,State Highway,"SR-332 ",AIRPORT RD,99998,Not Reported,42.91475833,42.91475833,-77.302305560,-77.302305560,0,No Special Jurisdiction,12,Motor Vehicle In-Transport,6,Angle,0,No,2,Intersection,2,Four-Way Intersection,0,None,,,1,On Roadway,1,Daylight,,,,,1,Clear,0,No,0000000,Not Applicable,15,3:00pm-3:59pm,1,1,15,3:00pm-3:59pm,1,1,99,Unknown,99,Unknown EMS Hospital Arrival Time,,,,,,,1,0
2020,36,360897,New York,1,1,0,0,0,1,1,29,ERIE (29),156,AMHERST,9,9,12,December,2020,4,Wednesday,16,4:00pm-4:59pm,4,4,0,This section IS NOT on the NHS,2,Urban,7,Local,3,Town or Township Highway Agency,5,Local Street - Township,FRONTIER RD,,0,None,43.01088333,43.01088333,-78.782402780,-78.782402780,4,College/University Campus*,30,Utility Pole/Light Support,0,The First Harmful Event was Not a Collision with a Motor Vehicle in Transport,0,No,1,Non-Junction,1,Not an Intersection,0,None,,,4,On Roadside,1,Daylight,,,,,10,Cloudy,0,No,0000000,Not Applicable,16,4:00pm-4:59pm,5,5,16,4:00pm-4:59pm,11,11,88,"Not Applicable (Not Transported) ",88,Not Applicable (Not Transported),,,,,,,1,0
2020,36,360898,New York,1,1,0,0,0,1,1,69,ONTARIO (69),3490,MANCHESTER,9,9,12,December,2020,4,Wednesday,21,9:00pm-9:59pm,36,36,0,This section IS NOT on the NHS,1,Rural,7,Local,2,County Highway Agency,4,County Road,CR-25,,0,None,42.98188056,42.98188056,-77.133266670,-77.133266670,0,No Special Jurisdiction,42,Tree (Standing Only),0,The First Harmful Event was Not a Collision with a Motor Vehicle in Transport,0,No,1,Non-Junction,1,Not an Intersection,0,None,,,4,On Roadside,1,Daylight,,,,,2,Rain,0,No,0000000,Not Applicable,21,9:00pm-9:59pm,36,36,21,9:00pm-9:59pm,49,49,22,10:00pm-10:59pm,34,34,,,,,,,1,1
2020,36,360899,New York,1,1,0,0,0,1,1,53,MADISON (53),850,CANASTOTA,17,17,12,December,2020,5,Thursday,1,1:00am-1:59am,20,20,1,This section IS ON the NHS,2,Urban,1,Interstate,1,State Highway Agency,1,Interstate,I-90,,99998,Not Reported,43.09049167,43.09049167,-75.756905560,-75.756905560,0,No Special Jurisdiction,24,Guardrail Face,0,The First Harmful Event was Not a Collision with a Motor Vehicle in Transport,0,No,1,Non-Junction,1,Not an Intersection,0,None,,,3,On Median,2,Dark - Not Lighted,,,,,4,Snow,0,No,0000000,Not Applicable,1,1:00am-1:59am,20,20,1,1:00am-1:59am,45,45,88,"Not Applicable (Not Transported) ",88,Not Applicable (Not Transported),,,,,,,1,0
2020,36,360900,New York,1,1,0,0,0,1,1,59,NASSAU (59),2600,HEMPSTEAD,13,13,9,September,2020,1,Sunday,9,9:00am-9:59am,5,5,0,This section IS NOT on the NHS,2,Urban,5,Major Collector,3,Town or Township Highway Agency,5,Local Street - Township,ATLANTIC AVE,,0,None,40.64023056,40.64023056,-73.605147220,-73.605147220,0,No Special Jurisdiction,59,"Traffic Sign Support ",0,The First Harmful Event was Not a Collision with a Motor Vehicle in Transport,0,No,1,Non-Junction,1,Not an Intersection,0,None,,,4,On Roadside,1,Daylight,,,,,1,Clear,0,No,0000000,Not Applicable,99,Unknown,99,Unknown,99,Unknown EMS Scene Arrival Hour,99,Unknown EMS Scene Arrival Minutes,99,Unknown,99,Unknown EMS Hospital Arrival Time,,,,,,,1,0
2020,36,360901,New York,2,2,0,0,0,2,2,69,ONTARIO (69),3490,MANCHESTER,20,20,12,December,2020,1,Sunday,21,9:00pm-9:59pm,50,50,0,This section IS NOT on the NHS,1,Rural,7,Local,2,County Highway Agency,4,County Road,CR-13,,0,None,42.96153056,42.96153056,-77.173411110,-77.173411110,0,No Special Jurisdiction,12,Motor Vehicle In-Transport,2,Front-to-Front,0,No,1,Non-Junction,1,Not an Intersection,0,None,,,1,On Roadway,2,Dark - Not Lighted,,,,,10,Cloudy,0,No,0000000,Not Applicable,21,9:00pm-9:59pm,51,51,21,9:00pm-9:59pm,56,56,99,Unknown,99,Unknown EMS Hospital Arrival Time,,,,,,,1,0
2020,36,360902,New York,2,2,0,0,0,4,4,119,WESTCHESTER (119),4700,PEEKSKILL,23,23,12,December,2020,4,Wednesday,21,9:00pm-9:59pm,8,8,1,This section IS ON the NHS,1,Rural,3,Principal Arterial - Other,1,State Highway Agency,2,U.S. Highway,US-9,,99998,Not Reported,99.99990000,99.99990000,999.999900000,999.999900000,0,No Special Jurisdiction,12,Motor Vehicle In-Transport,2,Front-to-Front,0,No,1,Non-Junction,1,Not an Intersection,0,None,,,1,On Roadway,3,Dark - Lighted,,,,,1,Clear,0,No,0000000,Not Applicable,21,9:00pm-9:59pm,8,8,21,9:00pm-9:59pm,15,15,99,Unknown,99,Unknown EMS Hospital Arrival Time,,,,,,,1,1
2020,36,360903,New York,1,1,0,0,0,1,1,29,ERIE (29),750,BUFFALO,24,24,12,December,2020,5,Thursday,4,4:00am-4:59am,18,18,1,This section IS ON the NHS,2,Urban,1,Interstate,1,State Highway Agency,1,Interstate,I-190 RAMP,,99998,Not Reported,42.92714167,42.92714167,-78.898391670,-78.898391670,0,No Special Jurisdiction,25,Concrete Traffic Barrier,0,The First Harmful Event was Not a Collision with a Motor Vehicle in Transport,0,No,5,Entrance/Exit Ramp Related,1,Not an Intersection,0,None,,,4,On Roadside,3,Dark - Lighted,,,,,10,Cloudy,0,No,0000000,Not Applicable,99,Unknown,99,Unknown,99,Unknown EMS Scene Arrival Hour,99,Unknown EMS Scene Arrival Minutes,88,"Not Applicable (Not Transported) ",88,Not Applicable (Not Transported),,,,,,,1,0
2020,36,360904,New York,2,2,0,0,0,4,4,43,HERKIMER (43),2610,HERKIMER,22,22,12,December,2020,3,Tuesday,9,9:00am-9:59am,55,55,1,This section IS ON the NHS,1,Rural,3,Principal Arterial - Other,1,State Highway Agency,3,State Highway,SR-5,,99998,Not Reported,43.01725278,43.01725278,-75.013069440,-75.013069440,0,No Special Jurisdiction,12,Motor Vehicle In-Transport,6,Angle,0,No,8,Driveway Access Related,1,Not an Intersection,0,None,,,1,On Roadway,1,Daylight,,,,,10,Cloudy,0,No,0000000,Not Applicable,9,9:00am-9:59am,57,57,9,9:00am-9:59am,59,59,88,"Not Applicable (Not Transported) ",88,Not Applicable (Not Transported),,,,,,,1,0
2020,36,360905,New York,2,2,0,0,0,3,3,5,BRONX (5),4170,NEW YORK CITY,27,27,12,December,2020,1,Sunday,16,4:00pm-4:59pm,20,20,0,This section IS NOT on the NHS,2,Urban,4,Minor Arterial,4,City or Municipal Highway Agency,6,Local Street - Municipality,BRUCKNER BLVD,E 138TH ST,99998,Not Reported,40.80444444,40.80444444,-73.911927780,-73.911927780,0,No Special Jurisdiction,12,Motor Vehicle In-Transport,6,Angle,0,No,2,Intersection,2,Four-Way Intersection,0,None,,,1,On Roadway,3,Dark - Lighted,,,,,1,Clear,0,No,0000000,Not Applicable,99,Unknown,99,Unknown,99,Unknown EMS Scene Arrival Hour,99,Unknown EMS Scene Arrival Minutes,99,Unknown,99,Unknown EMS Hospital Arrival Time,,,,,,,1,0
2020,36,360906,New York,1,1,0,0,0,1,1,31,ESSEX (31),1425,CROWN POINT,29,29,12,December,2020,3,Tuesday,19,7:00pm-7:59pm,20,20,0,This section IS NOT on the NHS,1,Rural,7,Local,3,Town or Township Highway Agency,5,Local Street - Township,OLD FERRY RD,,0,None,43.95137778,43.95137778,-73.410838890,-73.410838890,0,No Special Jurisdiction,42,Tree (Standing Only),0,The First Harmful Event was Not a Collision with a Motor Vehicle in Transport,0,No,1,Non-Junction,1,Not an Intersection,0,None,,,4,On Roadside,2,Dark - Not Lighted,,,,,1,Clear,0,No,0000000,Not Applicable,19,7:00pm-7:59pm,20,20,19,7:00pm-7:59pm,30,30,99,Unknown,99,Unknown EMS Hospital Arrival Time,,,,,,,1,0
2020,36,360907,New York,1,1,0,0,0,2,2,89,ST LAWRENCE (89),1993,FINE,13,13,11,November,2020,6,Friday,12,12:00pm-12:59pm,25,25,1,This section IS ON the NHS,1,Rural,3,Principal Arterial - Other,1,State Highway Agency,3,State Highway,SR-3,,99998,Not Reported,44.24090556,44.24090556,-75.141900000,-75.141900000,0,No Special Jurisdiction,24,Guardrail Face,0,The First Harmful Event was Not a Collision with a Motor Vehicle in Transport,0,No,1,Non-Junction,1,Not an Intersection,0,None,,,4,On Roadside,1,Daylight,,,,,10,Cloudy,0,No,0000000,Not Applicable,12,12:00pm-12:59pm,25,25,12,12:00pm-12:59pm,40,40,12,12:00pm-12:59pm,55,55,,,,,,,1,0
2020,36,360908,New York,3,3,0,0,0,5,5,119,WESTCHESTER (119),6040,TARRYTOWN,28,28,12,December,2020,2,Monday,1,1:00am-1:59am,6,6,1,This section IS ON the NHS,2,Urban,2,Principal Arterial - Other Freeways and Expressways,1,State Highway Agency,3,State Highway,SR-987F SPRAIN BROOK PKWY,,99998,Not Reported,41.02928333,41.02928333,-73.820663890,-73.820663890,0,No Special Jurisdiction,12,Motor Vehicle In-Transport,2,Front-to-Front,0,No,1,Non-Junction,1,Not an Intersection,0,None,,,1,On Roadway,2,Dark - Not Lighted,,,,,1,Clear,0,No,0000000,Not Applicable,1,1:00am-1:59am,8,8,1,1:00am-1:59am,15,15,99,Unknown,99,Unknown EMS Hospital Arrival Time,,,,,,,1,1