caseyear,state,st_case,statename,ve_total,ve_forms,pvh_invl,peds,pernotmvit,permvit,persons,county,countyname,city,cityname,day,dayname,month,monthname,year,day_week,day_weekname,hour,hourname,minute,minutename,nhs,nhsname,rur_urb,rur_urbname,func_sys,func_sysname,rd_owner,rd_ownername,route,routename,tway_id,tway_id2,milept,mileptname,latitude,latitudename,longitud,longitudname,sp_jur,sp_jurname,harm_ev,harm_evname,man_coll,man_collname,reljct1,reljct1name,reljct2,reljct2name,typ_int,typ_intname,wrk_zone,wrk_zonename,road_fnc,road_fncname,rel_road,rel_roadname,lgt_cond,lgt_condname,weather1,weather1name,weather2,weather2name,weather,weathername,sch_bus,sch_busname,rail,railname,not_hour,not_hourname,not_min,not_minname,arr_hour,arr_hourname,arr_min,arr_minname,hosp_hr,hosp_hrname,hosp_mn,hosp_mnname,cf1,cf1name,cf2,cf2name,cf3,cf3name,fatals,drunk_dr
2020,36,360981,New York,1,1,0,1,1,1,1,59,NASSAU (59),3380,LYNBROOK,23,23,9,September,2020,4,Wednesday,9,9:00am-9:59am,35,35,0,This section IS NOT on the NHS,2,Urban,4,Minor Arterial,3,Town or Township Highway Agency,5,Local Street - Township,MERRICK RD,,0,None,40.65705278,40.65705278,-73.671127780,-73.671127780,0,No Special Jurisdiction,8,Pedestrian,0,The First Harmful Event was Not a Collision with a Motor Vehicle in Transport,0,No,1,Non-Junction,1,Not an Intersection,0,None,,,1,On Roadway,1,Daylight,,,,,1,Clear,0,No,0000000,Not Applicable,99,Unknown,99,Unknown,99,Unknown EMS Scene Arrival Hour,99,Unknown EMS Scene Arrival Minutes,99,Unknown,99,Unknown EMS Hospital Arrival Time,,,,,,,1,0
2020,36,360982,New York,1,1,0,1,1,1,1,59,NASSAU (59),2600,HEMPSTEAD,19,19,10,October,2020,2,Monday,19,7:00pm-7:59pm,15,15,0,This section IS NOT on the NHS,2,Urban,4,Minor Arterial,2,County Highway Agency,4,County Road,CR-105 JERUSALEM AVE,LIBERTY ST,0,None,40.69904167,40.69904167,-73.588583330,-73.588583330,0,No Special Jurisdiction,8,Pedestrian,0,The First Harmful Event was Not a Collision with a Motor Vehicle in Transport,0,No,3,Intersection-Related,3,T-Intersection,0,None,,,1,On Roadway,3,Dark - Lighted,,,,,1,Clear,0,No,0000000,Not Applicable,99,Unknown,99,Unknown,99,Unknown EMS Scene Arrival Hour,99,Unknown EMS Scene Arrival Minutes,99,Unknown,99,Unknown EMS Hospital Arrival Time,,,,,,,1,0
2020,36,360983,New York,1,1,0,1,1,1,1,59,NASSAU (59),2020,FLORAL PARK,25,25,11,November,2020,4,Wednesday,7,7:00am-7:59am,35,35,1,This section IS ON the NHS,2,Urban,3,Principal Arterial - Other,1,State Highway Agency,3,State Highway,SR-25 JERICHO TPK,,99998,Not Reported,40.72973056,40.72973056,-73.698627780,-73.698627780,0,No Special Jurisdiction,15,Non-Motorist on Personal Conveyance,0,The First Harmful Event was Not a Collision with a Motor Vehicle in Transport,0,No,1,Non-Junction,1,Not an Intersection,0,None,,,1,On Roadway,1,Daylight,,,,,1,Clear,0,No,0000000,Not Applicable,99,Unknown,99,Unknown,99,Unknown EMS Scene Arrival Hour,99,Unknown EMS Scene Arrival Minutes,99,Unknown,99,Unknown EMS Hospital Arrival Time,,,,,,,1,0
2020,36,360984,New York,1,1,0,0,0,1,1,103,SUFFOLK (103),360,BABYLON,27,27,7,July,2020,2,Monday,1,1:00am-1:59am,58,58,1,This section IS ON the NHS,2,Urban,2,Principal Arterial - Other Freeways and Expressways,1,State Highway Agency,3,State Highway,SR-909D,,99998,Not Reported,40.62104722,40.62104722,-73.384850000,-73.384850000,0,No Special Jurisdiction,18,Other Object (not fixed),0,The First Harmful Event was Not a Collision with a Motor Vehicle in Transport,0,No,1,Non-Junction,1,Not an Intersection,0,None,,,4,On Roadside,2,Dark - Not Lighted,,,,,10,Cloudy,0,No,0000000,Not Applicable,1,1:00am-1:59am,53,53,3,3:00am-3:59am,8,8,88,"Not Applicable (Not Transported) ",88,Not Applicable (Not Transported),,,,,,,1,1
2020,36,360985,New York,2,2,0,0,0,2,2,21,COLUMBIA (21),2810,HUDSON,14,14,10,October,2020,4,Wednesday,13,1:00pm-1:59pm,57,57,0,This section IS NOT on the NHS,2,Urban,4,Minor Arterial,4,City or Municipal Highway Agency,6,Local Street - Municipality,PROSPECT AVE,,0,None,42.24561667,42.24561667,-73.778430560,-73.778430560,0,No Special Jurisdiction,12,Motor Vehicle In-Transport,6,Angle,0,No,8,Driveway Access Related,1,Not an Intersection,0,None,,,1,On Roadway,1,Daylight,,,,,1,Clear,0,No,0000000,Not Applicable,13,1:00pm-1:59pm,57,57,14,2:00pm-2:59pm,2,2,14,2:00pm-2:59pm,17,17,,,,,,,1,0
2020,36,360986,New York,2,2,0,0,0,2,2,59,NASSAU (59),2600,HEMPSTEAD,30,30,8,August,2020,1,Sunday,22,10:00pm-10:59pm,58,58,1,This section IS ON the NHS,2,Urban,3,Principal Arterial - Other,2,County Highway Agency,8,Other,CLINTON ST,BURR AVE,0,None,40.71518056,40.71518056,-73.620819440,-73.620819440,0,No Special Jurisdiction,12,Motor Vehicle In-Transport,6,Angle,0,No,2,Intersection,3,T-Intersection,0,None,,,1,On Roadway,3,Dark - Lighted,,,,,1,Clear,0,No,0000000,Not Applicable,99,Unknown,99,Unknown,99,Unknown EMS Scene Arrival Hour,99,Unknown EMS Scene Arrival Minutes,99,Unknown,99,Unknown EMS Hospital Arrival Time,,,,,,,1,2
2020,36,360987,New York,1,1,0,1,1,1,1,1,ALBANY (1),50,ALBANY,24,24,9,September,2020,5,Thursday,19,7:00pm-7:59pm,49,49,0,This section IS NOT on the NHS,2,Urban,7,Local,4,City or Municipal Highway Agency,6,Local Street - Municipality,CHURCH ST,,0,None,42.63547222,42.63547222,-73.755413890,-73.755413890,0,No Special Jurisdiction,8,Pedestrian,0,The First Harmful Event was Not a Collision with a Motor Vehicle in Transport,0,No,4,Driveway Access,1,Not an Intersection,0,None,,,1,On Roadway,2,Dark - Not Lighted,,,,,1,Clear,0,No,0000000,Not Applicable,19,7:00pm-7:59pm,49,49,19,7:00pm-7:59pm,56,56,20,8:00pm-8:59pm,16,16,,,,,,,1,0
2020,36,360988,New York,1,1,0,0,0,2,2,29,ERIE (29),156,AMHERST,29,29,11,November,2020,1,Sunday,3,3:00am-3:59am,10,10,0,This section IS NOT on the NHS,2,Urban,7,Local,3,Town or Township Highway Agency,5,Local Street - Township,THISTLE LN,,0,None,42.97231389,42.97231389,-78.772158330,-78.772158330,0,No Special Jurisdiction,5,Fell/Jumped from Vehicle,0,The First Harmful Event was Not a Collision with a Motor Vehicle in Transport,0,No,8,Driveway Access Related,1,Not an Intersection,0,None,,,1,On Roadway,2,Dark - Not Lighted,,,,,1,Clear,0,No,0000000,Not Applicable,3,3:00am-3:59am,12,12,3,3:00am-3:59am,18,18,3,3:00am-3:59am,36,36,,,,,,,1,0
2020,36,360989,New York,3,3,0,0,0,5,5,59,NASSAU (59),4600,OYSTER BAY,20,20,9,September,2020,1,Sunday,13,1:00pm-1:59pm,38,38,1,This section IS ON the NHS,2,Urban,2,Principal Arterial - Other Freeways and Expressways,1,State Highway Agency,3,State Highway,SR-908G NORTHERN STATE PKWY,,99998,Not Reported,40.78439722,40.78439722,-73.529261110,-73.529261110,0,No Special Jurisdiction,12,Motor Vehicle In-Transport,99,Reported as Unknown,0,No,1,Non-Junction,1,Not an Intersection,0,None,,,1,On Roadway,1,Daylight,,,,,1,Clear,0,No,0000000,Not Applicable,13,1:00pm-1:59pm,38,38,99,Unknown EMS Scene Arrival Hour,99,Unknown EMS Scene Arrival Minutes,88,"Not Applicable (Not Transported) ",88,Not Applicable (Not Transported),,,,,,,1,0
2020,36,360990,New York,1,1,0,1,1,2,2,67,ONONDAGA (67),3310,LIVERPOOL,5,5,12,December,2020,7,Saturday,19,7:00pm-7:59pm,26,26,1,This section IS ON the NHS,2,Urban,3,Principal Arterial - Other,1,State Highway Agency,7,Local Street - Frontage Road,I-81 N SERVICE RD,,99998,Not Reported,43.11455000,43.11455000,-76.138572220,-76.138572220,0,No Special Jurisdiction,8,Pedestrian,0,The First Harmful Event was Not a Collision with a Motor Vehicle in Transport,1,Yes,18,Through Roadway,1,Not an Intersection,0,None,,,1,On Roadway,2,Dark - Not Lighted,,,,,10,Cloudy,0,No,0000000,Not Applicable,19,7:00pm-7:59pm,27,27,19,7:00pm-7:59pm,31,31,19,7:00pm-7:59pm,53,53,,,,,,,1,0
2020,36,360991,New York,2,2,0,0,0,2,2,103,SUFFOLK (103),360,BABYLON,6,6,9,September,2020,1,Sunday,22,10:00pm-10:59pm,38,38,1,This section IS ON the NHS,2,Urban,2,Principal Arterial - Other Freeways and Expressways,1,State Highway Agency,3,State Highway,SR-909D OCEAN PKWY,,99998,Not Reported,40.63983611,40.63983611,-73.267841670,-73.267841670,0,No Special Jurisdiction,12,Motor Vehicle In-Transport,1,Front-to-Rear,0,No,1,Non-Junction,1,Not an Intersection,0,None,,,1,On Roadway,2,Dark - Not Lighted,,,,,1,Clear,0,No,0000000,Not Applicable,22,10:00pm-10:59pm,38,38,22,10:00pm-10:59pm,42,42,88,"Not Applicable (Not Transported) ",88,Not Applicable (Not Transported),,,,,,,1,1
2020,36,360992,New York,1,1,0,1,1,1,1,119,WESTCHESTER (119),6820,YONKERS,29,29,7,July,2020,4,Wednesday,0,0:00am-0:59am,18,18,1,This section IS ON the NHS,2,Urban,3,Principal Arterial - Other,1,State Highway Agency,3,State Highway,SR-983C YONKERS AVE,OAK ST,99998,Not Reported,40.93547778,40.93547778,-73.888852780,-73.888852780,0,No Special Jurisdiction,8,Pedestrian,0,The First Harmful Event was Not a Collision with a Motor Vehicle in Transport,0,No,3,Intersection-Related,3,T-Intersection,0,None,,,1,On Roadway,3,Dark - Lighted,,,,,1,Clear,0,No,0000000,Not Applicable,0,0:00am-0:59am,18,18,0,0:00am-0:59am,21,21,1,1:00am-1:59am,9,9,,,,,,,1,0
2020,36,360993,New York,1,1,0,0,0,1,1,81,QUEENS (81),4170,MIDDLE VILLAGE,24,24,7,July,2020,6,Friday,1,1:00am-1:59am,49,49,0,This section IS NOT on the NHS,2,Urban,7,Local,4,City or Municipal Highway Agency,6,Local Street - Municipality,COLLEGE POINT BLVD,,0,None,40.75670000,40.75670000,-73.833786110,-73.833786110,0,No Special Jurisdiction,21,Bridge Pier or Support,0,The First Harmful Event was Not a Collision with a Motor Vehicle in Transport,0,No,1,Non-Junction,1,Not an Intersection,0,None,,,4,On Roadside,3,Dark - Lighted,,,,,1,Clear,0,No,0000000,Not Applicable,99,Unknown,99,Unknown,99,Unknown EMS Scene Arrival Hour,99,Unknown EMS Scene Arrival Minutes,88,"Not Applicable (Not Transported) ",88,Not Applicable (Not Transported),,,,,,,1,1
2020,36,360994,New York,1,1,0,0,0,2,2,103,SUFFOLK (103),5810,SOUTHAMPTON,8,8,11,November,2020,1,Sunday,2,2:00am-2:59am,28,28,1,This section IS ON the NHS,2,Urban,3,Principal Arterial - Other,2,County Highway Agency,4,County Road,CR-51 MORICHES RIVERHEAD RD,,99998,Not Reported,40.87075278,40.87075278,-72.714861110,-72.714861110,0,No Special Jurisdiction,42,Tree (Standing Only),0,The First Harmful Event was Not a Collision with a Motor Vehicle in Transport,0,No,1,Non-Junction,1,Not an Intersection,0,None,,,4,On Roadside,2,Dark - Not Lighted,,,,,1,Clear,0,No,0000000,Not Applicable,2,2:00am-2:59am,28,28,2,2:00am-2:59am,34,34,3,3:00am-3:59am,18,18,,,,,,,1,0
2020,36,360995,New York,1,1,0,0,0,1,1,59,NASSAU (59),2600,HEMPSTEAD,12,12,12,December,2020,7,Saturday,19,7:00pm-7:59pm,40,40,0,This section IS NOT on the NHS,2,Urban,7,Local,3,Town or Township Highway Agency,5,Local Street - Township,ROSEDALE RD,,0,None,40.65161944,40.65161944,-73.716433330,-73.716433330,0,No Special Jurisdiction,42,Tree (Standing Only),0,The First Harmful Event was Not a Collision with a Motor Vehicle in Transport,0,No,1,Non-Junction,1,Not an Intersection,0,None,,,4,On Roadside,3,Dark - Lighted,,,,,10,Cloudy,0,No,0000000,Not Applicable,99,Unknown,99,Unknown,99,Unknown EMS Scene Arrival Hour,99,Unknown EMS Scene Arrival Minutes,99,Unknown,99,Unknown EMS Hospital Arrival Time,,,,,,,1,0
2020,36,360996,New York,1,1,0,1,1,1,1,59,NASSAU (59),2600,HEMPSTEAD,30,30,10,October,2020,6,Friday,7,7:00am-7:59am,35,35,0,This section IS NOT on the NHS,2,Urban,4,Minor Arterial,3,Town or Township Highway Agency,5,Local Street - Township,AUSTIN BLVD,,0,None,40.60101111,40.60101111,-73.653697220,-73.653697220,0,No Special Jurisdiction,8,Pedestrian,0,The First Harmful Event was Not a Collision with a Motor Vehicle in Transport,0,No,1,Non-Junction,1,Not an Intersection,0,None,,,1,On Roadway,4,Dawn,,,,,2,Rain,0,No,0000000,Not Applicable,99,Unknown,99,Unknown,99,Unknown EMS Scene Arrival Hour,99,Unknown EMS Scene Arrival Minutes,99,Unknown,99,Unknown EMS Hospital Arrival Time,,,,,,,1,0
2020,36,360997,New York,1,1,0,1,1,1,1,59,NASSAU (59),2600,HEMPSTEAD,14,14,8,August,2020,6,Friday,16,4:00pm-4:59pm,34,34,0,This section IS NOT on the NHS,2,Urban,5,Major Collector,3,Town or Township Highway Agency,5,Local Street - Township,MERCHANTS CONCOURSE,,0,None,40.73642778,40.73642778,-73.592841670,-73.592841670,0,No Special Jurisdiction,9,Pedalcyclist,0,The First Harmful Event was Not a Collision with a Motor Vehicle in Transport,0,No,1,Non-Junction,1,Not an Intersection,0,None,,,1,On Roadway,1,Daylight,,,,,1,Clear,0,No,0000000,Not Applicable,99,Unknown,99,Unknown,99,Unknown EMS Scene Arrival Hour,99,Unknown EMS Scene Arrival Minutes,88,"Not Applicable (Not Transported) ",88,Not Applicable (Not Transported),,,,,,,1,0
2020,36,360998,New York,2,2,0,0,0,4,4,119,WESTCHESTER (119),6820,YONKERS,11,11,9,September,2020,6,Friday,23,11:00pm-11:59pm,48,48,1,This section IS ON the NHS,2,Urban,3,Principal Arterial - Other,4,City or Municipal Highway Agency,6,Local Street - Municipality,YONKERS AVE,WALNUT ST,99998,Not Reported,40.93533889,40.93533889,-73.886169440,-73.886169440,0,No Special Jurisdiction,12,Motor Vehicle In-Transport,6,Angle,0,No,2,Intersection,2,Four-Way Intersection,0,None,,,1,On Roadway,3,Dark - Lighted,,,,,10,Cloudy,0,No,0000000,Not Applicable,99,Unknown,99,Unknown,99,Unknown EMS Scene Arrival Hour,99,Unknown EMS Scene Arrival Minutes,99,Unknown,99,Unknown EMS Hospital Arrival Time,,,,,,,2,0
2020,36,360999,New York,2,2,0,0,0,5,5,1,ALBANY (1),1290,COLONIE,17,17,7,July,2020,6,Friday,0,0:00am-0:59am,6,6,1,This section IS ON the NHS,2,Urban,3,Principal Arterial - Other,1,State Highway Agency,3,State Highway,SR-5 CENTRAL AVE,,99998,Not Reported,42.75890000,42.75890000,-73.879813890,-73.879813890,0,No Special Jurisdiction,12,Motor Vehicle In-Transport,6,Angle,0,No,8,Driveway Access Related,1,Not an Intersection,0,None,,,1,On Roadway,3,Dark - Lighted,,,,,2,Rain,0,No,0000000,Not Applicable,99,Unknown,99,Unknown,99,Unknown EMS Scene Arrival Hour,99,Unknown EMS Scene Arrival Minutes,99,Unknown,99,Unknown EMS Hospital Arrival Time,,,,,,,2,0
2020,36,361000,New York,1,1,0,1,1,1,1,65,ONEIDA (65),6220,UTICA,23,23,11,November,2020,2,Monday,1,1:00am-1:59am,1,1,1,This section IS ON the NHS,2,Urban,3,Principal Arterial - Other,4,City or Municipal Highway Agency,6,Local Street - Municipality,GENESEE ST,OSWEGO ST,99998,Not Reported,43.09335833,43.09335833,-75.247547220,-75.247547220,0,No Special Jurisdiction,8,Pedestrian,0,The First Harmful Event was Not a Collision with a Motor Vehicle in Transport,0,No,3,Intersection-Related,2,Four-Way Intersection,0,None,,,1,On Roadway,3,Dark - Lighted,,,,,2,Rain,0,No,0000000,Not Applicable,1,1:00am-1:59am,1,1,99,Unknown EMS Scene Arrival Hour,99,Unknown EMS Scene Arrival Minutes,99,Unknown,99,Unknown EMS Hospital Arrival Time,,,,,,,1,1
2020,36,361001,New York,2,2,0,0,0,2,2,1,ALBANY (1),2464,GUILDERLAND,5,5,9,September,2020,7,Saturday,0,0:00am-0:59am,1,1,0,This section IS NOT on the NHS,2,Urban,7,Local,2,County Highway Agency,4,County Road,CR-201 STONE RD,,99998,Not Reported,42.67561389,42.67561389,-73.938050000,-73.938050000,0,No Special Jurisdiction,12,Motor Vehicle In-Transport,2,Front-to-Front,0,No,1,Non-Junction,1,Not an Intersection,0,None,,,1,On Roadway,2,Dark - Not Lighted,,,,,1,Clear,0,No,0000000,Not Applicable,0,0:00am-0:59am,5,5,0,0:00am-0:59am,13,13,0,0:00am-0:59am,55,55,,,,,,,1,2
2020,36,361002,New York,2,2,0,1,1,2,2,65,ONEIDA (65),6220,UTICA,31,31,10,October,2020,7,Saturday,19,7:00pm-7:59pm,45,45,1,This section IS ON the NHS,2,Urban,1,Interstate,1,State Highway Agency,1,Interstate,I-790 EXIT RAMP,,99998,Not Reported,43.12329167,43.12329167,-75.228600000,-75.228600000,0,No Special Jurisdiction,8,Pedestrian,0,The First Harmful Event was Not a Collision with a Motor Vehicle in Transport,1,Yes,5,Entrance/Exit Ramp Related,1,Not an Intersection,0,None,,,1,On Roadway,2,Dark - Not Lighted,,,,,1,Clear,0,No,0000000,Not Applicable,19,7:00pm-7:59pm,55,55,20,8:00pm-8:59pm,0,0,88,"Not Applicable (Not Transported) ",88,Not Applicable (Not Transported),,,,,,,1,0
2020,36,361003,New York,1,1,0,1,1,1,1,27,DUTCHESS (27),470,BEACON,27,27,12,December,2020,1,Sunday,23,11:00pm-11:59pm,30,30,1,This section IS ON the NHS,2,Urban,1,Interstate,1,State Highway Agency,1,Interstate,I-84 NEWBURGH-BEACON BRIDGE,,99998,Not Reported,41.51936944,41.51936944,-73.995636110,-73.995636110,0,No Special Jurisdiction,8,Pedestrian,0,The First Harmful Event was Not a Collision with a Motor Vehicle in Transport,0,No,1,Non-Junction,1,Not an Intersection,0,None,,,1,On Roadway,6,Dark - Unknown Lighting,,,,,98,Not Reported,0,No,0000000,Not Applicable,23,11:00pm-11:59pm,30,30,23,11:00pm-11:59pm,30,30,88,"Not Applicable (Not Transported) ",88,Not Applicable (Not Transported),,,,,,,1,0
2020,36,361004,New York,4,4,0,0,0,5,5,91,SARATOGA (91),1350,CORINTH,8,8,4,April,2020,4,Wednesday,16,4:00pm-4:59pm,54,54,0,This section IS NOT on the NHS,2,Urban,4,Minor Arterial,3,Town or Township Highway Agency,5,Local Street - Township,MAIN ST,,99998,Not Reported,43.24757500,43.24757500,-73.833811110,-73.833811110,0,No Special Jurisdiction,12,Motor Vehicle In-Transport,2,Front-to-Front,0,No,1,Non-Junction,1,Not an Intersection,0,None,,,1,On Roadway,1,Daylight,,,,,1,Clear,0,No,0000000,Not Applicable,16,4:00pm-4:59pm,56,56,16,4:00pm-4:59pm,58,58,17,5:00pm-5:59pm,38,38,,,,,,,1,0
2020,36,361005,New York,7,2,5,0,0,5,5,119,WESTCHESTER (119),6820,YONKERS,22,22,12,December,2020,3,Tuesday,21,9:00pm-9:59pm,23,23,1,This section IS ON the NHS,2,Urban,3,Principal Arterial - Other,1,State Highway Agency,3,State Highway,SR-984H RIVERDALE AVE,CULVER ST,99998,Not Reported,40.91938611,40.91938611,-73.901500000,-73.901500000,0,No Special Jurisdiction,12,Motor Vehicle In-Transport,6,Angle,0,No,2,Intersection,2,Four-Way Intersection,0,None,,,1,On Roadway,3,Dark - Lighted,,,,,1,Clear,0,No,0000000,Not Applicable,21,9:00pm-9:59pm,23,23,21,9:00pm-9:59pm,27,27,22,10:00pm-10:59pm,10,10,,,,,,,5,0
2021,36,360001,New York,2,2,0,0,0,5,5,81,QUEENS (81),4170,MIDDLE VILLAGE,1,1,1,January,2021,6,Friday,4,4:00am-4:59am,40,40,0,This section IS NOT on the NHS,2,Urban,7,Local,4,City or Municipal Highway Agency,6,Local Street - Municipality,ROCKAWAY FREEWAY,OCEAN CREST BLVD,0,None,40.60142222,40.60142222,-73.760022220,-73.760022220,0,No Special Jurisdiction,12,Motor Vehicle In-Transport,6,Angle,0,No,2,Intersection,2,Four-Way Intersection,0,None,,,1,On Roadway,2,Dark - Not Lighted,,,,,1,Clear,0,No,0000000,Not Applicable,4,4:00am-4:59am,40,40,99,Unknown EMS Scene Arrival Hour,99,Unknown EMS Scene Arrival Minutes,99,Unknown,99,Unknown EMS Hospital Arrival Time,,,,,,,2,
2021,36,360002,New York,1,1,0,1,1,2,2,5,BRONX (5),4170,NEW YORK CITY,2,2,1,January,2021,7,Saturday,22,10:00pm-10:59pm,51,51,1,This section IS ON the NHS,2,Urban,3,Principal Arterial - Other,4,City or Municipal Highway Agency,6,Local Street - Municipality,BRUCKNER BLVD,,99998,Not Reported,40.80583611,40.80583611,-73.910019440,-73.910019440,0,No Special Jurisdiction,8,Pedestrian,0,The First Harmful Event was Not a Collision with a Motor Vehicle in Transport,0,No,1,Non-Junction,1,Not an Intersection,0,None,,,1,On Roadway,3,Dark - Lighted,,,,,1,Clear,0,No,0000000,Not Applicable,99,Unknown,99,Unknown,99,Unknown EMS Scene Arrival Hour,99,Unknown EMS Scene Arrival Minutes,88,"Not Applicable (Not Transported) ",88,Not Applicable (Not Transported),,,,,,,1,
2021,36,360003,New York,1,1,0,2,2,1,1,47,KINGS (47),4170,NEW YORK CITY,4,4,1,January,2021,2,Monday,9,9:00am-9:59am,0,0,0,This section IS NOT on the NHS,2,Urban,7,Local,4,City or Municipal Highway Agency,6,Local Street - Municipality,67TH ST,,0,None,40.61490556,40.61490556,-73.986291670,-73.986291670,0,No Special Jurisdiction,8,Pedestrian,0,The First Harmful Event was Not a Collision with a Motor Vehicle in Transport,0,No,1,Non-Junction,1,Not an Intersection,0,None,,,1,On Roadway,1,Daylight,,,,,1,Clear,1,Yes,0000000,Not Applicable,9,9:00am-9:59am,0,0,9,9:00am-9:59am,10,10,9,9:00am-9:59am,15,15,,,,,,,1,
2021,36,360004,New York,1,1,0,0,0,1,1,29,ERIE (29),750,BUFFALO,1,1,1,January,2021,6,Friday,5,5:00am-5:59am,11,11,0,This section IS NOT on the NHS,2,Urban,7,Local,4,City or Municipal Highway Agency,6,Local Street - Municipality,HUMBOLDT PKWY,,0,None,42.91152222,42.91152222,-78.843147220,-78.843147220,0,No Special Jurisdiction,42,Tree (Standing Only),0,The First Harmful Event was Not a Collision with a Motor Vehicle in Transport,0,No,1,Non-Junction,1,Not an Intersection,0,None,,,4,On Roadside,3,Dark - Lighted,,,,,1,Clear,0,No,0000000,Not Applicable,5,5:00am-5:59am,11,11,99,Unknown EMS Scene Arrival Hour,99,Unknown EMS Scene Arrival Minutes,99,Unknown,99,Unknown EMS Hospital Arrival Time,,,,,,,1,
2021,36,360005,New York,3,1,2,0,0,1,1,81,QUEENS (81),4170,MIDDLE VILLAGE,7,7,1,January,2021,5,Thursday,14,2:00pm-2:59pm,8,8,0,This section IS NOT on the NHS,2,Urban,7,Local,4,City or Municipal Highway Agency,6,Local Street - Municipality,80TH AVE,,0,None,40.74580833,40.74580833,-73.706747220,-73.706747220,0,No Special Jurisdiction,42,Tree (Standing Only),0,The First Harmful Event was Not a Collision with a Motor Vehicle in Transport,0,No,1,Non-Junction,1,Not an Intersection,0,None,,,4,On Roadside,1,Daylight,,,,,1,Clear,0,No,0000000,Not Applicable,99,Unknown,99,Unknown,99,Unknown EMS Scene Arrival Hour,99,Unknown EMS Scene Arrival Minutes,99,Unknown,99,Unknown EMS Hospital Arrival Time,,,,,,,1,
2021,36,360007,New York,2,2,0,0,0,2,2,55,MONROE (55),2898,IRONDEQUOIT,12,12,1,January,2021,3,Tuesday,22,10:00pm-10:59pm,46,46,1,This section IS ON the NHS,2,Urban,2,Principal Arterial - Other Freeways and Expressways,1,State Highway Agency,3,State Highway,SR-104,,99998,Not Reported,43.21007222,43.21007222,-77.542241670,-77.542241670,0,No Special Jurisdiction,12,Motor Vehicle In-Transport,1,Front-to-Rear,0,No,1,Non-Junction,1,Not an Intersection,0,None,,,1,On Roadway,3,Dark - Lighted,,,,,10,Cloudy,0,No,0000000,Not Applicable,22,10:00pm-10:59pm,46,46,22,10:00pm-10:59pm,51,51,88,"Not Applicable (Not Transported) ",88,Not Applicable (Not Transported),,,,,,,1,
2021,36,360008,New York,1,1,0,0,0,2,2,119,WESTCHESTER (119),1379,CORTLANDT,13,13,1,January,2021,4,Wednesday,17,5:00pm-5:59pm,25,25,0,This section IS NOT on the NHS,2,Urban,4,Minor Arterial,3,Town or Township Highway Agency,5,Local Street - Township,W MOUNT AIRY RD,,99998,Not Reported,41.23185000,41.23185000,-73.887341670,-73.887341670,0,No Special Jurisdiction,43,Other Fixed Object,0,The First Harmful Event was Not a Collision with a Motor Vehicle in Transport,0,No,1,Non-Junction,1,Not an Intersection,0,None,,,4,On Roadside,2,Dark - Not Lighted,,,,,1,Clear,0,No,0000000,Not Applicable,17,5:00pm-5:59pm,27,27,17,5:00pm-5:59pm,35,35,99,Unknown,99,Unknown EMS Hospital Arrival Time,,,,,,,1,
2021,36,360009,New York,1,1,0,0,0,1,1,121,WYOMING (121),525,BENNINGTON,15,15,1,January,2021,6,Friday,14,2:00pm-2:59pm,41,41,0,This section IS NOT on the NHS,1,Rural,6,Minor Collector,2,County Highway Agency,4,County Road,CR-26 BULLIS RD,,99998,Not Reported,42.84266944,42.84266944,-78.472738890,-78.472738890,0,No Special Jurisdiction,53,Mail Box,0,The First Harmful Event was Not a Collision with a Motor Vehicle in Transport,0,No,1,Non-Junction,1,Not an Intersection,0,None,,,4,On Roadside,1,Daylight,,,,,10,Cloudy,0,No,0000000,Not Applicable,14,2:00pm-2:59pm,51,51,14,2:00pm-2:59pm,53,53,88,"Not Applicable (Not Transported) ",88,Not Applicable (Not Transported),,,,,,,1,
2021,36,360010,New York,1,1,0,1,1,1,1,85,RICHMOND (85),4170,NEW YORK CITY,13,13,1,January,2021,4,Wednesday,13,1:00pm-1:59pm,5,5,1,This section IS ON the NHS,2,Urban,3,Principal Arterial - Other,4,City or Municipal Highway Agency,6,Local Street - Municipality,BAY ST,CANAL ST,99998,Not Reported,40.62661389,40.62661389,-74.075563890,-74.075563890,0,No Special Jurisdiction,8,Pedestrian,0,The First Harmful Event was Not a Collision with a Motor Vehicle in Transport,0,No,3,Intersection-Related,2,Four-Way Intersection,0,None,,,1,On Roadway,1,Daylight,,,,,1,Clear,0,No,0000000,Not Applicable,99,Unknown,99,Unknown,99,Unknown EMS Scene Arrival Hour,99,Unknown EMS Scene Arrival Minutes,99,Unknown,99,Unknown EMS Hospital Arrival Time,,,,,,,1,
2021,36,360011,New York,1,1,0,1,1,1,1,5,BRONX (5),4170,NEW YORK CITY,16,16,1,January,2021,7,Saturday,1,1:00am-1:59am,52,52,1,This section IS ON the NHS,2,Urban,3,Principal Arterial - Other,4,City or Municipal Highway Agency,6,Local Street - Municipality,BAYCHESTER AVE,,0,None,40.88878611,40.88878611,-73.842080560,-73.842080560,0,No Special Jurisdiction,8,Pedestrian,0,The First Harmful Event was Not a Collision with a Motor Vehicle in Transport,0,No,1,Non-Junction,1,Not an Intersection,0,None,,,1,On Roadway,3,Dark - Lighted,,,,,2,Rain,0,No,0000000,Not Applicable,99,Unknown,99,Unknown,99,Unknown EMS Scene Arrival Hour,99,Unknown EMS Scene Arrival Minutes,99,Unknown,99,Unknown EMS Hospital Arrival Time,,,,,,,1,