caseyear,state,st_case,statename,ve_total,ve_forms,pvh_invl,peds,pernotmvit,permvit,persons,county,countyname,city,cityname,day,dayname,month,monthname,year,day_week,day_weekname,hour,hourname,minute,minutename,nhs,nhsname,rur_urb,rur_urbname,func_sys,func_sysname,rd_owner,rd_ownername,route,routename,tway_id,tway_id2,milept,mileptname,latitude,latitudename,longitud,longitudname,sp_jur,sp_jurname,harm_ev,harm_evname,man_coll,man_collname,reljct1,reljct1name,reljct2,reljct2name,typ_int,typ_intname,wrk_zone,wrk_zonename,road_fnc,road_fncname,rel_road,rel_roadname,lgt_cond,lgt_condname,weather1,weather1name,weather2,weather2name,weather,weathername,sch_bus,sch_busname,rail,railname,not_hour,not_hourname,not_min,not_minname,arr_hour,arr_hourname,arr_min,arr_minname,hosp_hr,hosp_hrname,hosp_mn,hosp_mnname,cf1,cf1name,cf2,cf2name,cf3,cf3name,fatals,drunk_dr
2021,36,360047,New York,1,1,0,0,0,2,2,3,ALLEGANY (3),840,CANASERAGA,4,4,1,January,2021,2,Monday,23,11:00pm-11:59pm,2,2,0,This section IS NOT on the NHS,1,Rural,6,Minor Collector,2,County Highway Agency,4,County Road,CR-13B MILL ST,,99998,Not Reported,42.46880000,42.46880000,-77.767641670,-77.767641670,0,No Special Jurisdiction,52,Guardrail End,0,The First Harmful Event was Not a Collision with a Motor Vehicle in Transport,0,No,1,Non-Junction,1,Not an Intersection,0,None,,,4,On Roadside,2,Dark - Not Lighted,,,,,10,Cloudy,0,No,0000000,Not Applicable,5,5:00am-5:59am,20,20,6,6:00am-6:59am,0,0,8,8:00am-8:59am,0,0,,,,,,,1,
2021,36,360048,New York,1,1,0,1,1,1,1,103,SUFFOLK (103),5210,RIVERHEAD,11,11,2,February,2021,5,Thursday,22,10:00pm-10:59pm,5,5,0,This section IS NOT on the NHS,2,Urban,4,Minor Arterial,1,State Highway Agency,3,State Highway,SR-25 W MAIN ST,,99998,Not Reported,40.91778056,40.91778056,-72.678516670,-72.678516670,0,No Special Jurisdiction,8,Pedestrian,0,The First Harmful Event was Not a Collision with a Motor Vehicle in Transport,0,No,1,Non-Junction,1,Not an Intersection,0,None,,,2,On Shoulder,3,Dark - Lighted,,,,,1,Clear,0,No,0000000,Not Applicable,22,10:00pm-10:59pm,5,5,22,10:00pm-10:59pm,12,12,22,10:00pm-10:59pm,24,24,,,,,,,1,
2021,36,360049,New York,2,1,1,1,2,1,2,23,CORTLAND (23),2760,HOMER,4,4,2,February,2021,5,Thursday,16,4:00pm-4:59pm,27,27,0,This section IS NOT on the NHS,1,Rural,4,Minor Arterial,1,State Highway Agency,3,State Highway,SR-13,,99998,Not Reported,42.66743333,42.66743333,-76.098755560,-76.098755560,0,No Special Jurisdiction,8,Pedestrian,0,The First Harmful Event was Not a Collision with a Motor Vehicle in Transport,0,No,1,Non-Junction,1,Not an Intersection,0,None,,,1,On Roadway,1,Daylight,,,,,10,Cloudy,0,No,0000000,Not Applicable,16,4:00pm-4:59pm,27,27,16,4:00pm-4:59pm,36,36,17,5:00pm-5:59pm,20,20,,,,,,,1,
2021,36,360050,New York,1,1,0,2,2,2,2,33,FRANKLIN (33),3460,MALONE,11,11,2,February,2021,5,Thursday,19,7:00pm-7:59pm,30,30,0,This section IS NOT on the NHS,2,Urban,5,Major Collector,2,County Highway Agency,4,County Road,CR-8,,99998,Not Reported,44.87373333,44.87373333,-74.354505560,-74.354505560,0,No Special Jurisdiction,8,Pedestrian,0,The First Harmful Event was Not a Collision with a Motor Vehicle in Transport,0,No,1,Non-Junction,1,Not an Intersection,0,None,,,1,On Roadway,2,Dark - Not Lighted,,,,,1,Clear,0,No,0000000,Not Applicable,19,7:00pm-7:59pm,30,30,19,7:00pm-7:59pm,35,35,99,Unknown,99,Unknown EMS Hospital Arrival Time,,,,,,,1,
2021,36,360052,New York,1,1,0,1,1,1,1,47,KINGS (47),4170,NEW YORK CITY,24,24,2,February,2021,4,Wednesday,8,8:00am-8:59am,34,34,0,This section IS NOT on the NHS,2,Urban,7,Local,4,City or Municipal Highway Agency,6,Local Street - Municipality,S 5TH ST,,0,None,40.70760278,40.70760278,-73.953208330,-73.953208330,0,No Special Jurisdiction,8,Pedestrian,0,The First Harmful Event was Not a Collision with a Motor Vehicle in Transport,0,No,1,Non-Junction,1,Not an Intersection,0,None,,,1,On Roadway,1,Daylight,,,,,1,Clear,1,Yes,0000000,Not Applicable,99,Unknown,99,Unknown,99,Unknown EMS Scene Arrival Hour,99,Unknown EMS Scene Arrival Minutes,99,Unknown,99,Unknown EMS Hospital Arrival Time,,,,,,,1,
2021,36,360053,New York,3,3,0,0,0,8,8,7,BROOME (7),3064,KIRKWOOD,5,5,2,February,2021,6,Friday,23,11:00pm-11:59pm,20,20,1,This section IS ON the NHS,2,Urban,1,Interstate,1,State Highway Agency,1,Interstate,I-86,,99998,Not Reported,42.10130278,42.10130278,-75.804919440,-75.804919440,0,No Special Jurisdiction,12,Motor Vehicle In-Transport,2,Front-to-Front,0,No,1,Non-Junction,1,Not an Intersection,0,None,,,1,On Roadway,2,Dark - Not Lighted,,,,,1,Clear,0,No,0000000,Not Applicable,23,11:00pm-11:59pm,26,26,23,11:00pm-11:59pm,35,35,0,0:00am-0:59am,3,3,,,,,,,2,
2021,36,360054,New York,2,2,0,0,0,4,4,65,ONEIDA (65),6275,VERONA,20,20,2,February,2021,7,Saturday,12,12:00pm-12:59pm,53,53,1,This section IS ON the NHS,1,Rural,3,Principal Arterial - Other,1,State Highway Agency,3,State Highway,SR-365,CR-52 BLACKMANS CORNERS RD,99998,Not Reported,43.16267222,43.16267222,-75.550125000,-75.550125000,0,No Special Jurisdiction,12,Motor Vehicle In-Transport,6,Angle,0,No,2,Intersection,2,Four-Way Intersection,0,None,,,1,On Roadway,1,Daylight,,,,,1,Clear,0,No,0000000,Not Applicable,12,12:00pm-12:59pm,53,53,12,12:00pm-12:59pm,54,54,99,Unknown,99,Unknown EMS Hospital Arrival Time,,,,,,,1,
2021,36,360055,New York,2,2,0,0,0,2,2,87,ROCKLAND (87),1139,CHESTNUT RIDGE,1,1,1,January,2021,6,Friday,2,2:00am-2:59am,36,36,1,This section IS ON the NHS,2,Urban,1,Interstate,1,State Highway Agency,1,Interstate,I-87,,99998,Not Reported,99.99990000,99.99990000,999.999900000,999.999900000,0,No Special Jurisdiction,12,Motor Vehicle In-Transport,1,Front-to-Rear,0,No,1,Non-Junction,1,Not an Intersection,0,None,,,1,On Roadway,2,Dark - Not Lighted,,,,,1,Clear,0,No,0000000,Not Applicable,2,2:00am-2:59am,36,36,2,2:00am-2:59am,46,46,99,Unknown,99,Unknown EMS Hospital Arrival Time,,,,,,,1,
2021,36,360056,New York,1,1,0,1,1,1,1,65,ONEIDA (65),4080,NEW HARTFORD,23,23,1,January,2021,7,Saturday,22,10:00pm-10:59pm,13,13,1,This section IS ON the NHS,2,Urban,3,Principal Arterial - Other,1,State Highway Agency,3,State Highway,"SR-5 SENECA TPKE ",,99998,Not Reported,43.08066944,43.08066944,-75.320277780,-75.320277780,0,No Special Jurisdiction,8,Pedestrian,0,The First Harmful Event was Not a Collision with a Motor Vehicle in Transport,0,No,1,Non-Junction,1,Not an Intersection,0,None,,,1,On Roadway,2,Dark - Not Lighted,,,,,1,Clear,0,No,0000000,Not Applicable,22,10:00pm-10:59pm,13,13,22,10:00pm-10:59pm,14,14,22,10:00pm-10:59pm,35,35,,,,,,,1,
2021,36,360057,New York,2,2,0,0,0,2,2,11,CAYUGA (11),4920,PORT BYRON,8,8,2,February,2021,2,Monday,15,3:00pm-3:59pm,15,15,0,This section IS NOT on the NHS,1,Rural,4,Minor Arterial,1,State Highway Agency,3,State Highway,SR-31,,99998,Not Reported,43.04211667,43.04211667,-76.595241670,-76.595241670,0,No Special Jurisdiction,12,Motor Vehicle In-Transport,2,Front-to-Front,0,No,1,Non-Junction,1,Not an Intersection,0,None,,,1,On Roadway,1,Daylight,,,,,10,Cloudy,0,No,0000000,Not Applicable,15,3:00pm-3:59pm,15,15,15,3:00pm-3:59pm,28,28,99,Unknown,99,Unknown EMS Hospital Arrival Time,,,,,,,1,
2021,36,360058,New York,3,3,0,0,0,4,4,85,RICHMOND (85),4170,NEW YORK CITY,16,16,2,February,2021,3,Tuesday,18,6:00pm-6:59pm,17,17,0,This section IS NOT on the NHS,2,Urban,7,Local,4,City or Municipal Highway Agency,6,Local Street - Municipality,ELSON ST,LAMBERTS LN,99998,Not Reported,40.61642222,40.61642222,-74.166430560,-74.166430560,0,No Special Jurisdiction,12,Motor Vehicle In-Transport,6,Angle,0,No,2,Intersection,2,Four-Way Intersection,0,None,,,1,On Roadway,3,Dark - Lighted,,,,,1,Clear,0,No,0000000,Not Applicable,99,Unknown,99,Unknown,99,Unknown EMS Scene Arrival Hour,99,Unknown EMS Scene Arrival Minutes,99,Unknown,99,Unknown EMS Hospital Arrival Time,,,,,,,2,
2021,36,360059,New York,2,1,1,0,0,3,3,29,ERIE (29),1117,CHEEKTOWAGA,22,22,2,February,2021,2,Monday,3,3:00am-3:59am,47,47,0,This section IS NOT on the NHS,2,Urban,4,Minor Arterial,1,State Highway Agency,3,State Highway,SR-952Q WALDEN AVE,,99998,Not Reported,42.90706111,42.90706111,-78.794783330,-78.794783330,0,No Special Jurisdiction,14,Parked Motor Vehicle,0,The First Harmful Event was Not a Collision with a Motor Vehicle in Transport,0,No,1,Non-Junction,1,Not an Intersection,0,None,,,7,In Parking Lane/Zone,3,Dark - Lighted,,,,,10,Cloudy,0,No,0000000,Not Applicable,3,3:00am-3:59am,49,49,3,3:00am-3:59am,53,53,4,4:00am-4:59am,2,2,,,,,,,1,
2021,36,360060,New York,2,2,0,0,0,2,2,53,MADISON (53),3201,LENOX,2,2,2,February,2021,3,Tuesday,16,4:00pm-4:59pm,52,52,0,This section IS NOT on the NHS,1,Rural,4,Minor Arterial,1,State Highway Agency,3,State Highway,SR-31,,99998,Not Reported,43.15443333,43.15443333,-75.722825000,-75.722825000,0,No Special Jurisdiction,12,Motor Vehicle In-Transport,1,Front-to-Rear,0,No,1,Non-Junction,1,Not an Intersection,0,None,,,1,On Roadway,1,Daylight,,,,,4,Snow,0,No,0000000,Not Applicable,16,4:00pm-4:59pm,52,52,17,5:00pm-5:59pm,2,2,17,5:00pm-5:59pm,36,36,,,,,,,1,
2021,36,360061,New York,1,1,0,1,1,2,2,59,NASSAU (59),2600,HEMPSTEAD,24,24,2,February,2021,4,Wednesday,8,8:00am-8:59am,3,3,0,This section IS NOT on the NHS,2,Urban,5,Major Collector,3,Town or Township Highway Agency,5,Local Street - Township,WEIDNER AVE,NASSAU RD,99998,Not Reported,40.63462778,40.63462778,-73.647261110,-73.647261110,0,No Special Jurisdiction,8,Pedestrian,0,The First Harmful Event was Not a Collision with a Motor Vehicle in Transport,0,No,3,Intersection-Related,2,Four-Way Intersection,0,None,,,1,On Roadway,1,Daylight,,,,,1,Clear,1,Yes,0000000,Not Applicable,8,8:00am-8:59am,8,8,8,8:00am-8:59am,9,9,8,8:00am-8:59am,20,20,,,,,,,1,
2021,36,360062,New York,3,3,0,0,0,3,3,55,MONROE (55),2248,GATES,3,3,2,February,2021,4,Wednesday,15,3:00pm-3:59pm,48,48,0,This section IS NOT on the NHS,2,Urban,4,Minor Arterial,1,State Highway Agency,3,State Highway,SR-31 SPENCERPORT RD,,99998,Not Reported,43.17573611,43.17573611,-77.741591670,-77.741591670,0,No Special Jurisdiction,12,Motor Vehicle In-Transport,1,Front-to-Rear,0,No,1,Non-Junction,1,Not an Intersection,0,None,,,1,On Roadway,1,Daylight,,,,,1,Clear,0,No,0000000,Not Applicable,15,3:00pm-3:59pm,51,51,16,4:00pm-4:59pm,2,2,16,4:00pm-4:59pm,17,17,,,,,,,1,
2021,36,360063,New York,2,2,0,0,0,2,2,89,ST LAWRENCE (89),880,CANTON,24,24,2,February,2021,4,Wednesday,16,4:00pm-4:59pm,8,8,1,This section IS ON the NHS,2,Urban,3,Principal Arterial - Other,1,State Highway Agency,2,U.S. Highway,US-11 SR-68,,99998,Not Reported,44.59654722,44.59654722,-75.154594440,-75.154594440,0,No Special Jurisdiction,12,Motor Vehicle In-Transport,2,Front-to-Front,0,No,1,Non-Junction,1,Not an Intersection,0,None,,,1,On Roadway,1,Daylight,,,,,10,Cloudy,0,No,0000000,Not Applicable,16,4:00pm-4:59pm,10,10,16,4:00pm-4:59pm,14,14,16,4:00pm-4:59pm,44,44,,,,,,,1,
2021,36,360064,New York,2,2,0,0,0,2,2,27,DUTCHESS (27),2000,FISHKILL,20,20,1,January,2021,4,Wednesday,13,1:00pm-1:59pm,36,36,1,This section IS ON the NHS,2,Urban,3,Principal Arterial - Other,1,State Highway Agency,3,State Highway,SR-9D,,99998,Not Reported,41.54283889,41.54283889,-73.947938890,-73.947938890,0,No Special Jurisdiction,12,Motor Vehicle In-Transport,2,Front-to-Front,0,No,1,Non-Junction,1,Not an Intersection,0,None,,,1,On Roadway,1,Daylight,,,,,10,Cloudy,1,Yes,0000000,Not Applicable,13,1:00pm-1:59pm,36,36,13,1:00pm-1:59pm,38,38,16,4:00pm-4:59pm,50,50,,,,,,,1,
2021,36,360065,New York,3,3,0,0,0,4,4,31,ESSEX (31),9997,Other,6,6,2,February,2021,7,Saturday,6,6:00am-6:59am,20,20,0,This section IS NOT on the NHS,1,Rural,5,Major Collector,1,State Highway Agency,3,State Highway,SR-22,,99998,Not Reported,43.83456389,43.83456389,-73.401775000,-73.401775000,0,No Special Jurisdiction,12,Motor Vehicle In-Transport,6,Angle,0,No,1,Non-Junction,1,Not an Intersection,0,None,,,1,On Roadway,4,Dawn,,,,,1,Clear,0,No,0000000,Not Applicable,6,6:00am-6:59am,20,20,6,6:00am-6:59am,27,27,88,"Not Applicable (Not Transported) ",88,Not Applicable (Not Transported),,,,,,,1,
2021,36,360066,New York,1,1,0,1,1,1,1,47,KINGS (47),4170,NEW YORK CITY,15,15,2,February,2021,2,Monday,20,8:00pm-8:59pm,2,2,0,This section IS NOT on the NHS,2,Urban,4,Minor Arterial,4,City or Municipal Highway Agency,6,Local Street - Municipality,BAY RIDGE PKWY,6TH AVE,99998,Not Reported,40.62815278,40.62815278,-74.020363890,-74.020363890,0,No Special Jurisdiction,8,Pedestrian,0,The First Harmful Event was Not a Collision with a Motor Vehicle in Transport,0,No,3,Intersection-Related,2,Four-Way Intersection,0,None,,,1,On Roadway,3,Dark - Lighted,,,,,1,Clear,0,No,0000000,Not Applicable,99,Unknown,99,Unknown,99,Unknown EMS Scene Arrival Hour,99,Unknown EMS Scene Arrival Minutes,99,Unknown,99,Unknown EMS Hospital Arrival Time,,,,,,,1,
2021,36,360067,New York,2,2,0,0,0,2,2,73,ORLEANS (73),60,ALBION,17,17,2,February,2021,4,Wednesday,15,3:00pm-3:59pm,38,38,0,This section IS NOT on the NHS,1,Rural,6,Minor Collector,2,County Highway Agency,4,County Road,CR-45A W COUNTY HOUSE RD,,99998,Not Reported,43.21639167,43.21639167,-78.278127780,-78.278127780,0,No Special Jurisdiction,12,Motor Vehicle In-Transport,2,Front-to-Front,0,No,8,Driveway Access Related,1,Not an Intersection,0,None,,,1,On Roadway,1,Daylight,,,,,1,Clear,0,No,0000000,Not Applicable,15,3:00pm-3:59pm,37,37,15,3:00pm-3:59pm,41,41,88,"Not Applicable (Not Transported) ",88,Not Applicable (Not Transported),,,,,,,1,
2021,36,360068,New York,1,1,0,1,1,1,1,47,KINGS (47),4170,NEW YORK CITY,24,24,2,February,2021,4,Wednesday,18,6:00pm-6:59pm,39,39,1,This section IS ON the NHS,2,Urban,3,Principal Arterial - Other,4,City or Municipal Highway Agency,6,Local Street - Municipality,HAMILTON AVE,COURT ST,99998,Not Reported,40.67423889,40.67423889,-73.999852780,-73.999852780,0,No Special Jurisdiction,8,Pedestrian,0,The First Harmful Event was Not a Collision with a Motor Vehicle in Transport,0,No,3,Intersection-Related,2,Four-Way Intersection,0,None,,,1,On Roadway,3,Dark - Lighted,,,,,1,Clear,0,No,0000000,Not Applicable,18,6:00pm-6:59pm,35,35,18,6:00pm-6:59pm,40,40,99,Unknown,99,Unknown EMS Hospital Arrival Time,,,,,,,1,
2021,36,360069,New York,1,1,0,0,0,2,2,85,RICHMOND (85),4170,NEW YORK CITY,5,5,3,March,2021,6,Friday,6,6:00am-6:59am,38,38,1,This section IS ON the NHS,2,Urban,3,Principal Arterial - Other,4,City or Municipal Highway Agency,6,Local Street - Municipality,TODT HILL RD,,0,None,40.59283333,40.59283333,-74.110775000,-74.110775000,0,No Special Jurisdiction,42,Tree (Standing Only),0,The First Harmful Event was Not a Collision with a Motor Vehicle in Transport,0,No,1,Non-Junction,1,Not an Intersection,0,None,,,4,On Roadside,1,Daylight,,,,,1,Clear,0,No,0000000,Not Applicable,99,Unknown,99,Unknown,99,Unknown EMS Scene Arrival Hour,99,Unknown EMS Scene Arrival Minutes,99,Unknown,99,Unknown EMS Hospital Arrival Time,,,,,,,1,
2021,36,360070,New York,1,1,0,0,0,2,2,59,NASSAU (59),4090,NEW HYDE PARK,5,5,3,March,2021,6,Friday,9,9:00am-9:59am,20,20,1,This section IS ON the NHS,2,Urban,3,Principal Arterial - Other,1,State Highway Agency,3,State Highway,SR-25B HILLSIDE AVE,,99998,Not Reported,40.75286667,40.75286667,-73.661116670,-73.661116670,0,No Special Jurisdiction,30,Utility Pole/Light Support,0,The First Harmful Event was Not a Collision with a Motor Vehicle in Transport,0,No,1,Non-Junction,1,Not an Intersection,0,None,,,4,On Roadside,1,Daylight,,,,,1,Clear,0,No,0000000,Not Applicable,9,9:00am-9:59am,20,20,9,9:00am-9:59am,24,24,99,Unknown,99,Unknown EMS Hospital Arrival Time,,,,,,,1,
2021,36,360071,New York,1,1,0,0,0,4,4,119,WESTCHESTER (119),6820,YONKERS,25,25,2,February,2021,5,Thursday,0,0:00am-0:59am,44,44,1,This section IS ON the NHS,2,Urban,2,Principal Arterial - Other Freeways and Expressways,1,State Highway Agency,3,State Highway,SR-987D SAW MILL RIVER PKWY,,99998,Not Reported,40.93280556,40.93280556,-73.879247220,-73.879247220,0,No Special Jurisdiction,26,Other Traffic Barrier,0,The First Harmful Event was Not a Collision with a Motor Vehicle in Transport,1,Yes,19,Other location within Interchange Area,1,Not an Intersection,0,None,,,8,Gore,2,Dark - Not Lighted,,,,,1,Clear,0,No,0000000,Not Applicable,0,0:00am-0:59am,45,45,0,0:00am-0:59am,51,51,99,Unknown,99,Unknown EMS Hospital Arrival Time,,,,,,,2,
2021,36,360072,New York,1,1,0,1,1,1,1,61,NEW YORK (61),4170,NEW YORK,4,4,3,March,2021,5,Thursday,23,11:00pm-11:59pm,27,27,1,This section IS ON the NHS,2,Urban,3,Principal Arterial - Other,4,City or Municipal Highway Agency,6,Local Street - Municipality,1ST AVE,E 40TH ST,0,None,40.74756944,40.74756944,-73.970677780,-73.970677780,0,No Special Jurisdiction,8,Pedestrian,0,The First Harmful Event was Not a Collision with a Motor Vehicle in Transport,0,No,3,Intersection-Related,2,Four-Way Intersection,0,None,,,1,On Roadway,3,Dark - Lighted,,,,,1,Clear,0,No,0000000,Not Applicable,23,11:00pm-11:59pm,27,27,99,Unknown EMS Scene Arrival Hour,99,Unknown EMS Scene Arrival Minutes,99,Unknown,99,Unknown EMS Hospital Arrival Time,,,,,,,1,
2021,36,360073,New York,1,1,0,0,0,1,1,55,MONROE (55),5920,SPENCERPORT,4,4,3,March,2021,5,Thursday,21,9:00pm-9:59pm,13,13,0,This section IS NOT on the NHS,2,Urban,5,Major Collector,2,County Highway Agency,4,County Road,CR-210 GILLETT RD,,0,None,43.17853056,43.17853056,-77.773916670,-77.773916670,0,No Special Jurisdiction,18,Other Object (not fixed),0,The First Harmful Event was Not a Collision with a Motor Vehicle in Transport,0,No,1,Non-Junction,1,Not an Intersection,0,None,,,4,On Roadside,2,Dark - Not Lighted,,,,,1,Clear,0,No,0000000,Not Applicable,21,9:00pm-9:59pm,13,13,21,9:00pm-9:59pm,18,18,21,9:00pm-9:59pm,42,42,,,,,,,1,
2021,36,360074,New York,1,1,0,1,1,1,1,89,ST LAWRENCE (89),4226,NICHOLVILLE,25,25,2,February,2021,5,Thursday,5,5:00am-5:59am,55,55,0,This section IS NOT on the NHS,1,Rural,7,Local,3,Town or Township Highway Agency,5,Local Street - Township,PERU ST,,99998,Not Reported,44.74699444,44.74699444,-74.625755560,-74.625755560,0,No Special Jurisdiction,8,Pedestrian,0,The First Harmful Event was Not a Collision with a Motor Vehicle in Transport,0,No,1,Non-Junction,1,Not an Intersection,0,None,,,1,On Roadway,2,Dark - Not Lighted,,,,,10,Cloudy,0,No,0000000,Not Applicable,6,6:00am-6:59am,7,7,6,6:00am-6:59am,23,23,6,6:00am-6:59am,53,53,,,,,,,1,
2021,36,360075,New York,1,1,0,0,0,1,1,5,BRONX (5),4170,NEW YORK CITY,10,10,3,March,2021,4,Wednesday,14,2:00pm-2:59pm,55,55,0,This section IS NOT on the NHS,2,Urban,4,Minor Arterial,4,City or Municipal Highway Agency,6,Local Street - Municipality,JEROME AVE,,0,None,40.84591389,40.84591389,-73.913644440,-73.913644440,0,No Special Jurisdiction,5,Fell/Jumped from Vehicle,0,The First Harmful Event was Not a Collision with a Motor Vehicle in Transport,0,No,1,Non-Junction,1,Not an Intersection,0,None,,,1,On Roadway,1,Daylight,,,,,1,Clear,0,No,0000000,Not Applicable,99,Unknown,99,Unknown,99,Unknown EMS Scene Arrival Hour,99,Unknown EMS Scene Arrival Minutes,99,Unknown,99,Unknown EMS Hospital Arrival Time,,,,,,,1,
2021,36,360077,New York,2,1,1,0,0,1,1,5,BRONX (5),4170,NEW YORK CITY,9,9,3,March,2021,3,Tuesday,9,9:00am-9:59am,54,54,1,This section IS ON the NHS,2,Urban,1,Interstate,1,State Highway Agency,1,Interstate,I-87,,99998,Not Reported,40.89412500,40.89412500,-73.882791670,-73.882791670,0,No Special Jurisdiction,45,"Working Motor Vehicle ",0,The First Harmful Event was Not a Collision with a Motor Vehicle in Transport,0,No,1,Non-Junction,1,Not an Intersection,1,Construction,,,1,On Roadway,1,Daylight,,,,,1,Clear,0,No,0000000,Not Applicable,9,9:00am-9:59am,56,56,10,10:00am-10:59am,13,13,10,10:00am-10:59am,20,20,,,,,,,1,
2021,36,360078,New York,1,1,0,1,1,1,1,47,KINGS (47),4170,NEW YORK CITY,26,26,2,February,2021,6,Friday,12,12:00pm-12:59pm,43,43,0,This section IS NOT on the NHS,2,Urban,4,Minor Arterial,4,City or Municipal Highway Agency,5,Local Street - Township,GRAHAM AVE,BROADWAY,99998,Not Reported,40.70093611,40.70093611,-73.942172220,-73.942172220,0,No Special Jurisdiction,8,Pedestrian,0,The First Harmful Event was Not a Collision with a Motor Vehicle in Transport,0,No,3,Intersection-Related,3,T-Intersection,0,None,,,1,On Roadway,1,Daylight,,,,,1,Clear,0,No,0000000,Not Applicable,99,Unknown,99,Unknown,99,Unknown EMS Scene Arrival Hour,99,Unknown EMS Scene Arrival Minutes,99,Unknown,99,Unknown EMS Hospital Arrival Time,,,,,,,1,
2021,36,360079,New York,2,2,0,0,0,3,3,67,ONONDAGA (67),810,CAMILLUS,27,27,2,February,2021,7,Saturday,13,1:00pm-1:59pm,12,12,0,This section IS NOT on the NHS,2,Urban,4,Minor Arterial,2,County Highway Agency,4,County Road,CR-89 W GENESEE ST,WEATHERIDGE DR,99998,Not Reported,43.04016389,43.04016389,-76.290077780,-76.290077780,0,No Special Jurisdiction,12,Motor Vehicle In-Transport,6,Angle,0,No,2,Intersection,3,T-Intersection,0,None,,,1,On Roadway,1,Daylight,,,,,10,Cloudy,0,No,0000000,Not Applicable,13,1:00pm-1:59pm,13,13,13,1:00pm-1:59pm,16,16,13,1:00pm-1:59pm,43,43,,,,,,,1,
2021,36,360081,New York,2,2,0,0,0,2,2,103,SUFFOLK (103),705,BROOKHAVEN,25,25,2,February,2021,5,Thursday,20,8:00pm-8:59pm,50,50,0,This section IS NOT on the NHS,2,Urban,4,Minor Arterial,2,County Highway Agency,4,County Road,CR-21,,0,None,40.93075833,40.93075833,-72.940691670,-72.940691670,0,No Special Jurisdiction,12,Motor Vehicle In-Transport,2,Front-to-Front,0,No,1,Non-Junction,1,Not an Intersection,0,None,,,1,On Roadway,2,Dark - Not Lighted,,,,,1,Clear,0,No,0000000,Not Applicable,20,8:00pm-8:59pm,51,51,21,9:00pm-9:59pm,0,0,99,Unknown,99,Unknown EMS Hospital Arrival Time,,,,,,,1,
2021,36,360082,New York,2,2,0,0,0,2,2,71,ORANGE (71),1169,CIRCLEVILLE,3,3,3,March,2021,4,Wednesday,10,10:00am-10:59am,20,20,1,This section IS ON the NHS,2,Urban,3,Principal Arterial - Other,1,State Highway Agency,3,State Highway,SR-17K,LONG LN,99998,Not Reported,41.54728056,41.54728056,-74.388736110,-74.388736110,0,No Special Jurisdiction,12,Motor Vehicle In-Transport,2,Front-to-Front,0,No,2,Intersection,3,T-Intersection,0,None,,,1,On Roadway,1,Daylight,,,,,1,Clear,0,No,0000000,Not Applicable,10,10:00am-10:59am,22,22,10,10:00am-10:59am,34,34,11,11:00am-11:59am,2,2,,,,,,,1,
2021,36,360083,New York,1,1,0,1,1,1,1,5,BRONX (5),4170,NEW YORK CITY,13,13,3,March,2021,7,Saturday,4,4:00am-4:59am,2,2,1,This section IS ON the NHS,2,Urban,3,Principal Arterial - Other,4,City or Municipal Highway Agency,6,Local Street - Municipality,3RD AVE,E 155TH ST,0,None,40.81956111,40.81956111,-73.913513890,-73.913513890,0,No Special Jurisdiction,8,Pedestrian,0,The First Harmful Event was Not a Collision with a Motor Vehicle in Transport,0,No,3,Intersection-Related,3,T-Intersection,0,None,,,1,On Roadway,3,Dark - Lighted,,,,,1,Clear,0,No,0000000,Not Applicable,4,4:00am-4:59am,2,2,99,Unknown EMS Scene Arrival Hour,99,Unknown EMS Scene Arrival Minutes,99,Unknown,99,Unknown EMS Hospital Arrival Time,,,,,,,1,
2021,36,360084,New York,2,2,0,0,0,3,3,47,KINGS (47),4170,NEW YORK CITY,10,10,3,March,2021,4,Wednesday,23,11:00pm-11:59pm,20,20,1,This section IS ON the NHS,2,Urban,1,Interstate,1,State Highway Agency,1,Interstate,I-278,,99998,Not Reported,40.62060556,40.62060556,-74.022394440,-74.022394440,0,No Special Jurisdiction,12,Motor Vehicle In-Transport,1,Front-to-Rear,0,No,1,Non-Junction,1,Not an Intersection,0,None,,,1,On Roadway,3,Dark - Lighted,,,,,1,Clear,0,No,0000000,Not Applicable,99,Unknown,99,Unknown,99,Unknown EMS Scene Arrival Hour,99,Unknown EMS Scene Arrival Minutes,99,Unknown,99,Unknown EMS Hospital Arrival Time,,,,,,,1,
2021,36,360085,New York,2,2,0,0,0,4,4,55,MONROE (55),5230,ROCHESTER,28,28,2,February,2021,1,Sunday,18,6:00pm-6:59pm,29,29,0,This section IS NOT on the NHS,2,Urban,4,Minor Arterial,4,City or Municipal Highway Agency,6,Local Street - Municipality,CLIFFORD AVE,,99998,Not Reported,43.17533333,43.17533333,-77.601522220,-77.601522220,0,No Special Jurisdiction,12,Motor Vehicle In-Transport,6,Angle,0,No,1,Non-Junction,1,Not an Intersection,0,None,,,1,On Roadway,3,Dark - Lighted,,,,,1,Clear,0,No,0000000,Not Applicable,18,6:00pm-6:59pm,29,29,18,6:00pm-6:59pm,30,30,19,7:00pm-7:59pm,4,4,,,,,,,1,
2021,36,360087,New York,1,1,0,1,1,1,1,85,RICHMOND (85),4170,NEW YORK CITY,3,3,3,March,2021,4,Wednesday,13,1:00pm-1:59pm,42,42,0,This section IS NOT on the NHS,2,Urban,4,Minor Arterial,4,City or Municipal Highway Agency,6,Local Street - Municipality,MARTLING AVE,,99998,Not Reported,40.62134722,40.62134722,-74.121688890,-74.121688890,0,No Special Jurisdiction,8,Pedestrian,0,The First Harmful Event was Not a Collision with a Motor Vehicle in Transport,0,No,1,Non-Junction,1,Not an Intersection,0,None,,,1,On Roadway,1,Daylight,,,,,1,Clear,0,No,0000000,Not Applicable,13,1:00pm-1:59pm,43,43,13,1:00pm-1:59pm,50,50,14,2:00pm-2:59pm,15,15,,,,,,,1,