caseyear,state,st_case,statename,ve_total,ve_forms,pvh_invl,peds,pernotmvit,permvit,persons,county,countyname,city,cityname,day,dayname,month,monthname,year,day_week,day_weekname,hour,hourname,minute,minutename,nhs,nhsname,rur_urb,rur_urbname,func_sys,func_sysname,rd_owner,rd_ownername,route,routename,tway_id,tway_id2,milept,mileptname,latitude,latitudename,longitud,longitudname,sp_jur,sp_jurname,harm_ev,harm_evname,man_coll,man_collname,reljct1,reljct1name,reljct2,reljct2name,typ_int,typ_intname,wrk_zone,wrk_zonename,road_fnc,road_fncname,rel_road,rel_roadname,lgt_cond,lgt_condname,weather1,weather1name,weather2,weather2name,weather,weathername,sch_bus,sch_busname,rail,railname,not_hour,not_hourname,not_min,not_minname,arr_hour,arr_hourname,arr_min,arr_minname,hosp_hr,hosp_hrname,hosp_mn,hosp_mnname,cf1,cf1name,cf2,cf2name,cf3,cf3name,fatals,drunk_dr
2021,36,360124,New York,1,1,0,1,1,1,1,5,BRONX (5),4170,NEW YORK CITY,27,27,3,March,2021,7,Saturday,21,9:00pm-9:59pm,12,12,1,This section IS ON the NHS,2,Urban,1,Interstate,1,State Highway Agency,1,Interstate,I-87 MAJOR DEEGAN EXPY,,99998,Not Reported,40.88731389,40.88731389,-73.894413890,-73.894413890,0,No Special Jurisdiction,8,Pedestrian,0,The First Harmful Event was Not a Collision with a Motor Vehicle in Transport,0,No,1,Non-Junction,1,Not an Intersection,0,None,,,1,On Roadway,2,Dark - Not Lighted,,,,,1,Clear,0,No,0000000,Not Applicable,99,Unknown,99,Unknown,99,Unknown EMS Scene Arrival Hour,99,Unknown EMS Scene Arrival Minutes,88,"Not Applicable (Not Transported) ",88,Not Applicable (Not Transported),,,,,,,1,
2021,36,360125,New York,1,1,0,1,1,1,1,103,SUFFOLK (103),4238,NORTH BABYLON,26,26,3,March,2021,6,Friday,8,8:00am-8:59am,40,40,0,This section IS NOT on the NHS,2,Urban,4,Minor Arterial,1,State Highway Agency,3,State Highway,SR-109,EAST DR,99998,Not Reported,40.70996667,40.70996667,-73.364577780,-73.364577780,0,No Special Jurisdiction,8,Pedestrian,0,The First Harmful Event was Not a Collision with a Motor Vehicle in Transport,0,No,3,Intersection-Related,3,T-Intersection,0,None,,,1,On Roadway,1,Daylight,,,,,1,Clear,0,No,0000000,Not Applicable,8,8:00am-8:59am,40,40,8,8:00am-8:59am,45,45,9,9:00am-9:59am,5,5,,,,,,,1,
2021,36,360126,New York,2,2,0,0,0,3,3,55,MONROE (55),5230,ROCHESTER,22,22,3,March,2021,2,Monday,18,6:00pm-6:59pm,50,50,0,This section IS NOT on the NHS,2,Urban,7,Local,4,City or Municipal Highway Agency,6,Local Street - Municipality,HUDSON AVE,AVE D,0,None,43.18085556,43.18085556,-77.599186110,-77.599186110,0,No Special Jurisdiction,12,Motor Vehicle In-Transport,6,Angle,0,No,2,Intersection,2,Four-Way Intersection,0,None,,,1,On Roadway,1,Daylight,,,,,1,Clear,0,No,0000000,Not Applicable,18,6:00pm-6:59pm,50,50,99,Unknown EMS Scene Arrival Hour,99,Unknown EMS Scene Arrival Minutes,99,Unknown,99,Unknown EMS Hospital Arrival Time,,,,,,,1,
2021,36,360127,New York,2,2,0,0,0,2,2,71,ORANGE (71),4130,NEW WINDSOR,26,26,3,March,2021,6,Friday,22,10:00pm-10:59pm,38,38,0,This section IS NOT on the NHS,2,Urban,4,Minor Arterial,1,State Highway Agency,3,State Highway,SR-300 TEMPLE HILL RD,,99998,Not Reported,41.46524444,41.46524444,-74.060658330,-74.060658330,0,No Special Jurisdiction,12,Motor Vehicle In-Transport,2,Front-to-Front,0,No,1,Non-Junction,1,Not an Intersection,0,None,,,1,On Roadway,3,Dark - Lighted,,,,,1,Clear,0,No,0000000,Not Applicable,22,10:00pm-10:59pm,38,38,22,10:00pm-10:59pm,41,41,99,Unknown,99,Unknown EMS Hospital Arrival Time,,,,,,,1,
2021,36,360128,New York,2,2,0,0,0,4,4,29,ERIE (29),750,BUFFALO,25,25,3,March,2021,5,Thursday,22,10:00pm-10:59pm,4,4,0,This section IS NOT on the NHS,2,Urban,7,Local,4,City or Municipal Highway Agency,6,Local Street - Municipality,S PARK AVE,,0,None,42.86960278,42.86960278,-78.853377780,-78.853377780,0,No Special Jurisdiction,12,Motor Vehicle In-Transport,2,Front-to-Front,0,No,1,Non-Junction,1,Not an Intersection,0,None,,,1,On Roadway,6,Dark - Unknown Lighting,,,,,2,Rain,0,No,0000000,Not Applicable,22,10:00pm-10:59pm,5,5,22,10:00pm-10:59pm,16,16,99,Unknown,99,Unknown EMS Hospital Arrival Time,,,,,,,1,
2021,36,360129,New York,1,1,0,0,0,1,1,95,SCHOHARIE (95),9997,Other,10,10,3,March,2021,4,Wednesday,14,2:00pm-2:59pm,46,46,0,This section IS NOT on the NHS,1,Rural,7,Local,2,County Highway Agency,4,County Road,CR-43,,99998,Not Reported,42.49913611,42.49913611,-74.534261110,-74.534261110,0,No Special Jurisdiction,42,Tree (Standing Only),0,The First Harmful Event was Not a Collision with a Motor Vehicle in Transport,0,No,1,Non-Junction,1,Not an Intersection,0,None,,,4,On Roadside,1,Daylight,,,,,99,Reported as Unknown,0,No,0000000,Not Applicable,14,2:00pm-2:59pm,46,46,15,3:00pm-3:59pm,2,2,88,"Not Applicable (Not Transported) ",88,Not Applicable (Not Transported),,,,,,,1,
2021,36,360130,New York,3,3,0,0,0,7,7,27,DUTCHESS (27),6380,WAPPINGERS FALLS,1,1,3,March,2021,2,Monday,15,3:00pm-3:59pm,25,25,1,This section IS ON the NHS,2,Urban,3,Principal Arterial - Other,1,State Highway Agency,2,U.S. Highway,US-9,,99998,Not Reported,41.59959167,41.59959167,-73.911650000,-73.911650000,0,No Special Jurisdiction,12,Motor Vehicle In-Transport,1,Front-to-Rear,0,No,1,Non-Junction,1,Not an Intersection,0,None,,,1,On Roadway,1,Daylight,,,,,1,Clear,0,No,0000000,Not Applicable,15,3:00pm-3:59pm,25,25,15,3:00pm-3:59pm,31,31,16,4:00pm-4:59pm,40,40,,,,,,,2,
2021,36,360131,New York,2,1,1,0,0,1,1,81,QUEENS (81),4170,MIDDLE VILLAGE,4,4,3,March,2021,5,Thursday,11,11:00am-11:59am,31,31,0,This section IS NOT on the NHS,2,Urban,4,Minor Arterial,4,City or Municipal Highway Agency,6,Local Street - Municipality,BROOKVILLE BLVD,,99998,Not Reported,40.67198333,40.67198333,-73.734686110,-73.734686110,0,No Special Jurisdiction,42,Tree (Standing Only),0,The First Harmful Event was Not a Collision with a Motor Vehicle in Transport,0,No,1,Non-Junction,1,Not an Intersection,0,None,,,4,On Roadside,1,Daylight,,,,,10,Cloudy,0,No,0000000,Not Applicable,99,Unknown,99,Unknown,99,Unknown EMS Scene Arrival Hour,99,Unknown EMS Scene Arrival Minutes,99,Unknown,99,Unknown EMS Hospital Arrival Time,,,,,,,1,
2021,36,360132,New York,1,1,0,1,1,1,1,47,KINGS (47),4170,NEW YORK CITY,12,12,3,March,2021,6,Friday,22,10:00pm-10:59pm,14,14,0,This section IS NOT on the NHS,2,Urban,5,Major Collector,4,City or Municipal Highway Agency,6,Local Street - Municipality,PITKIN AVE,SHEPHERD AVE,99998,Not Reported,40.67416111,40.67416111,-73.880705560,-73.880705560,0,No Special Jurisdiction,8,Pedestrian,0,The First Harmful Event was Not a Collision with a Motor Vehicle in Transport,0,No,3,Intersection-Related,2,Four-Way Intersection,0,None,,,1,On Roadway,3,Dark - Lighted,,,,,1,Clear,0,No,0000000,Not Applicable,22,10:00pm-10:59pm,15,15,22,10:00pm-10:59pm,20,20,22,10:00pm-10:59pm,30,30,,,,,,,1,
2021,36,360133,New York,1,1,0,1,1,1,1,1,ALBANY (1),50,ALBANY,31,31,3,March,2021,4,Wednesday,19,7:00pm-7:59pm,56,56,0,This section IS NOT on the NHS,2,Urban,4,Minor Arterial,4,City or Municipal Highway Agency,6,Local Street - Municipality,WATERVLIET AVE EXT,,99998,Not Reported,42.67973611,42.67973611,-73.782991670,-73.782991670,0,No Special Jurisdiction,8,Pedestrian,0,The First Harmful Event was Not a Collision with a Motor Vehicle in Transport,0,No,1,Non-Junction,1,Not an Intersection,0,None,,,1,On Roadway,3,Dark - Lighted,,,,,10,Cloudy,0,No,0000000,Not Applicable,19,7:00pm-7:59pm,57,57,20,8:00pm-8:59pm,5,5,20,8:00pm-8:59pm,26,26,,,,,,,1,
2021,36,360134,New York,1,1,0,0,0,4,4,59,NASSAU (59),2600,HEMPSTEAD,29,29,3,March,2021,2,Monday,23,11:00pm-11:59pm,28,28,1,This section IS ON the NHS,2,Urban,2,Principal Arterial - Other Freeways and Expressways,1,State Highway Agency,3,State Highway,SR-908M SOUTHERN STATE PKWY,,99998,Not Reported,40.68295556,40.68295556,-73.651233330,-73.651233330,0,No Special Jurisdiction,24,Guardrail Face,0,The First Harmful Event was Not a Collision with a Motor Vehicle in Transport,0,No,1,Non-Junction,1,Not an Intersection,0,None,,,3,On Median,3,Dark - Lighted,,,,,1,Clear,0,No,0000000,Not Applicable,23,11:00pm-11:59pm,28,28,23,11:00pm-11:59pm,35,35,23,11:00pm-11:59pm,45,45,,,,,,,1,
2021,36,360135,New York,1,1,0,1,1,1,1,29,ERIE (29),2485,HAMBURG,30,30,3,March,2021,3,Tuesday,13,1:00pm-1:59pm,40,40,1,This section IS ON the NHS,2,Urban,3,Principal Arterial - Other,1,State Highway Agency,2,U.S. Highway,US-62 S PARK AVE,SOWLES RD,99998,Not Reported,42.75160278,42.75160278,-78.824516670,-78.824516670,0,No Special Jurisdiction,9,Pedalcyclist,0,The First Harmful Event was Not a Collision with a Motor Vehicle in Transport,0,No,3,Intersection-Related,6,Roundabout,0,None,,,1,On Roadway,1,Daylight,,,,,1,Clear,0,No,0000000,Not Applicable,13,1:00pm-1:59pm,38,38,13,1:00pm-1:59pm,46,46,99,Unknown,99,Unknown EMS Hospital Arrival Time,,,,,,,1,
2021,36,360136,New York,1,1,0,1,1,1,1,81,QUEENS (81),4170,MIDDLE VILLAGE,22,22,3,March,2021,2,Monday,22,10:00pm-10:59pm,5,5,1,This section IS ON the NHS,2,Urban,3,Principal Arterial - Other,4,City or Municipal Highway Agency,6,Local Street - Municipality,"FRANCIS LEWIS BLVD ",LINDEN BLVD,99998,Not Reported,40.69598056,40.69598056,-73.746205560,-73.746205560,0,No Special Jurisdiction,8,Pedestrian,0,The First Harmful Event was Not a Collision with a Motor Vehicle in Transport,0,No,3,Intersection-Related,2,Four-Way Intersection,0,None,,,1,On Roadway,3,Dark - Lighted,,,,,1,Clear,0,No,0000000,Not Applicable,99,Unknown,99,Unknown,99,Unknown EMS Scene Arrival Hour,99,Unknown EMS Scene Arrival Minutes,99,Unknown,99,Unknown EMS Hospital Arrival Time,,,,,,,1,
2021,36,360137,New York,1,1,0,0,0,2,2,59,NASSAU (59),4270,NORTH HILLS,5,5,4,April,2021,2,Monday,5,5:00am-5:59am,7,7,1,This section IS ON the NHS,2,Urban,1,Interstate,1,State Highway Agency,1,Interstate,I-495,,99998,Not Reported,40.77425833,40.77425833,-73.670897220,-73.670897220,0,No Special Jurisdiction,24,Guardrail Face,0,The First Harmful Event was Not a Collision with a Motor Vehicle in Transport,0,No,1,Non-Junction,1,Not an Intersection,0,None,,,4,On Roadside,3,Dark - Lighted,,,,,1,Clear,0,No,0000000,Not Applicable,5,5:00am-5:59am,8,8,5,5:00am-5:59am,10,10,88,"Not Applicable (Not Transported) ",88,Not Applicable (Not Transported),,,,,,,2,
2021,36,360138,New York,1,1,0,1,1,1,1,47,KINGS (47),4170,NEW YORK CITY,1,1,4,April,2021,5,Thursday,6,6:00am-6:59am,16,16,1,This section IS ON the NHS,2,Urban,3,Principal Arterial - Other,4,City or Municipal Highway Agency,6,Local Street - Municipality,FLATBUSH AVE EXT,MYRTLE AVE,0,None,40.69381944,40.69381944,-73.983530560,-73.983530560,0,No Special Jurisdiction,8,Pedestrian,0,The First Harmful Event was Not a Collision with a Motor Vehicle in Transport,0,No,3,Intersection-Related,2,Four-Way Intersection,0,None,,,1,On Roadway,3,Dark - Lighted,,,,,2,Rain,0,No,0000000,Not Applicable,99,Unknown,99,Unknown,99,Unknown EMS Scene Arrival Hour,99,Unknown EMS Scene Arrival Minutes,99,Unknown,99,Unknown EMS Hospital Arrival Time,,,,,,,1,
2021,36,360139,New York,1,1,0,1,1,1,1,47,KINGS (47),4170,NEW YORK CITY,7,7,4,April,2021,4,Wednesday,15,3:00pm-3:59pm,44,44,0,This section IS NOT on the NHS,2,Urban,4,Minor Arterial,4,City or Municipal Highway Agency,6,Local Street - Municipality,BRIGHTON BEACH AVE,,0,None,40.57724444,40.57724444,-73.963180560,-73.963180560,0,No Special Jurisdiction,8,Pedestrian,0,The First Harmful Event was Not a Collision with a Motor Vehicle in Transport,0,No,1,Non-Junction,1,Not an Intersection,0,None,,,4,On Roadside,1,Daylight,,,,,1,Clear,0,No,0000000,Not Applicable,99,Unknown,99,Unknown,99,Unknown EMS Scene Arrival Hour,99,Unknown EMS Scene Arrival Minutes,99,Unknown,99,Unknown EMS Hospital Arrival Time,,,,,,,1,
2021,36,360140,New York,1,1,0,0,0,1,1,1,ALBANY (1),6470,WATERVLIET,11,11,2,February,2021,5,Thursday,19,7:00pm-7:59pm,35,35,0,This section IS NOT on the NHS,2,Urban,5,Major Collector,1,State Highway Agency,3,State Highway,SR-32 3RD AVE,,99998,Not Reported,42.71585000,42.71585000,-73.704761110,-73.704761110,0,No Special Jurisdiction,30,Utility Pole/Light Support,0,The First Harmful Event was Not a Collision with a Motor Vehicle in Transport,0,No,1,Non-Junction,1,Not an Intersection,0,None,,,4,On Roadside,3,Dark - Lighted,,,,,1,Clear,0,No,0000000,Not Applicable,19,7:00pm-7:59pm,38,38,99,Unknown EMS Scene Arrival Hour,99,Unknown EMS Scene Arrival Minutes,88,"Not Applicable (Not Transported) ",88,Not Applicable (Not Transported),,,,,,,1,
2021,36,360141,New York,1,1,0,0,0,2,2,55,MONROE (55),5230,ROCHESTER,22,22,3,March,2021,2,Monday,1,1:00am-1:59am,19,19,0,This section IS NOT on the NHS,2,Urban,7,Local,4,City or Municipal Highway Agency,6,Local Street - Municipality,KENSINGTON ST,,0,None,43.15112778,43.15112778,-77.635813890,-77.635813890,0,No Special Jurisdiction,42,Tree (Standing Only),0,The First Harmful Event was Not a Collision with a Motor Vehicle in Transport,0,No,1,Non-Junction,1,Not an Intersection,0,None,,,4,On Roadside,3,Dark - Lighted,,,,,1,Clear,0,No,0000000,Not Applicable,1,1:00am-1:59am,19,19,1,1:00am-1:59am,27,27,1,1:00am-1:59am,45,45,,,,,,,1,
2021,36,360142,New York,1,1,0,0,0,1,1,13,CHAUTAUQUA (13),520,BEMUS POINT,6,6,4,April,2021,3,Tuesday,15,3:00pm-3:59pm,10,10,1,This section IS ON the NHS,2,Urban,1,Interstate,1,State Highway Agency,1,Interstate,I-86,,99998,Not Reported,42.14534722,42.14534722,-79.360872220,-79.360872220,0,No Special Jurisdiction,21,Bridge Pier or Support,0,The First Harmful Event was Not a Collision with a Motor Vehicle in Transport,0,No,1,Non-Junction,1,Not an Intersection,0,None,,,4,On Roadside,1,Daylight,,,,,1,Clear,0,No,0000000,Not Applicable,15,3:00pm-3:59pm,13,13,15,3:00pm-3:59pm,24,24,88,"Not Applicable (Not Transported) ",88,Not Applicable (Not Transported),,,,,,,1,
2021,36,360143,New York,2,2,0,0,0,2,2,87,ROCKLAND (87),5077,RAMAPO,6,6,1,January,2021,4,Wednesday,18,6:00pm-6:59pm,15,15,0,This section IS NOT on the NHS,2,Urban,4,Minor Arterial,1,State Highway Agency,2,U.S. Highway,US-202 HAVERSTRAW RD,,99998,Not Reported,41.15030556,41.15030556,-74.105955560,-74.105955560,0,No Special Jurisdiction,12,Motor Vehicle In-Transport,2,Front-to-Front,0,No,1,Non-Junction,1,Not an Intersection,0,None,,,1,On Roadway,2,Dark - Not Lighted,,,,,1,Clear,0,No,0000000,Not Applicable,18,6:00pm-6:59pm,16,16,18,6:00pm-6:59pm,18,18,99,Unknown,99,Unknown EMS Hospital Arrival Time,,,,,,,1,
2021,36,360144,New York,4,4,0,0,0,4,4,29,ERIE (29),1170,CLARENCE,19,19,1,January,2021,3,Tuesday,12,12:00pm-12:59pm,48,48,1,This section IS ON the NHS,2,Urban,3,Principal Arterial - Other,1,State Highway Agency,3,State Highway,SR-5 MAIN ST,GOODRICH RD,99998,Not Reported,42.97192222,42.97192222,-78.637394440,-78.637394440,0,No Special Jurisdiction,12,Motor Vehicle In-Transport,2,Front-to-Front,0,No,2,Intersection,3,T-Intersection,0,None,,,1,On Roadway,1,Daylight,,,,,1,Clear,0,No,0000000,Not Applicable,12,12:00pm-12:59pm,48,48,12,12:00pm-12:59pm,52,52,99,Unknown,99,Unknown EMS Hospital Arrival Time,,,,,,,1,
2021,36,360145,New York,1,1,0,1,1,1,1,61,NEW YORK (61),4170,NEW YORK,22,22,2,February,2021,2,Monday,12,12:00pm-12:59pm,38,38,0,This section IS NOT on the NHS,2,Urban,4,Minor Arterial,4,City or Municipal Highway Agency,6,Local Street - Municipality,MADISON AVE,E 96TH ST,0,None,40.78728889,40.78728889,-73.954255560,-73.954255560,0,No Special Jurisdiction,8,Pedestrian,0,The First Harmful Event was Not a Collision with a Motor Vehicle in Transport,0,No,3,Intersection-Related,3,T-Intersection,0,None,,,1,On Roadway,1,Daylight,,,,,4,Snow,0,No,0000000,Not Applicable,99,Unknown,99,Unknown,99,Unknown EMS Scene Arrival Hour,99,Unknown EMS Scene Arrival Minutes,99,Unknown,99,Unknown EMS Hospital Arrival Time,,,,,,,1,
2021,36,360146,New York,1,1,0,1,1,1,1,29,ERIE (29),750,BUFFALO,2,2,4,April,2021,6,Friday,22,10:00pm-10:59pm,54,54,1,This section IS ON the NHS,2,Urban,3,Principal Arterial - Other,1,State Highway Agency,3,State Highway,SR-5 MAIN ST,,0,None,42.94863333,42.94863333,-78.828758330,-78.828758330,0,No Special Jurisdiction,8,Pedestrian,0,The First Harmful Event was Not a Collision with a Motor Vehicle in Transport,0,No,1,Non-Junction,1,Not an Intersection,0,None,,,1,On Roadway,3,Dark - Lighted,,,,,1,Clear,0,No,0000000,Not Applicable,22,10:00pm-10:59pm,55,55,99,Unknown EMS Scene Arrival Hour,99,Unknown EMS Scene Arrival Minutes,99,Unknown,99,Unknown EMS Hospital Arrival Time,,,,,,,1,
2021,36,360147,New York,1,1,0,0,0,5,5,61,NEW YORK (61),4170,NEW YORK,15,15,4,April,2021,5,Thursday,22,10:00pm-10:59pm,36,36,1,This section IS ON the NHS,2,Urban,1,Interstate,1,State Highway Agency,1,Interstate,I-95 TRANS MANHATTAN EXPY,,99998,Not Reported,40.84612222,40.84612222,-73.931658330,-73.931658330,0,No Special Jurisdiction,24,Guardrail Face,0,The First Harmful Event was Not a Collision with a Motor Vehicle in Transport,1,Yes,5,Entrance/Exit Ramp Related,1,Not an Intersection,0,None,,,4,On Roadside,2,Dark - Not Lighted,,,,,10,Cloudy,0,No,0000000,Not Applicable,22,10:00pm-10:59pm,36,36,99,Unknown EMS Scene Arrival Hour,99,Unknown EMS Scene Arrival Minutes,99,Unknown,99,Unknown EMS Hospital Arrival Time,,,,,,,1,
2021,36,360148,New York,1,1,0,1,1,1,1,59,NASSAU (59),4600,OYSTER BAY,8,8,4,April,2021,5,Thursday,19,7:00pm-7:59pm,48,48,0,This section IS NOT on the NHS,2,Urban,7,Local,3,Town or Township Highway Agency,5,Local Street - Township,MERRICK RD,,0,None,40.66681667,40.66681667,-73.479222220,-73.479222220,0,No Special Jurisdiction,8,Pedestrian,0,The First Harmful Event was Not a Collision with a Motor Vehicle in Transport,0,No,1,Non-Junction,1,Not an Intersection,0,None,,,1,On Roadway,1,Daylight,,,,,1,Clear,0,No,0000000,Not Applicable,19,7:00pm-7:59pm,51,51,19,7:00pm-7:59pm,55,55,99,Unknown,99,Unknown EMS Hospital Arrival Time,,,,,,,1,
2021,36,360149,New York,2,2,0,0,0,2,2,53,MADISON (53),6004,SULLIVAN,8,8,4,April,2021,5,Thursday,15,3:00pm-3:59pm,2,2,0,This section IS NOT on the NHS,1,Rural,4,Minor Arterial,1,State Highway Agency,3,State Highway,SR-31,,99998,Not Reported,43.15532222,43.15532222,-75.962763890,-75.962763890,0,No Special Jurisdiction,12,Motor Vehicle In-Transport,2,Front-to-Front,0,No,1,Non-Junction,1,Not an Intersection,0,None,,,1,On Roadway,1,Daylight,,,,,1,Clear,0,No,0000000,Not Applicable,15,3:00pm-3:59pm,5,5,15,3:00pm-3:59pm,20,20,16,4:00pm-4:59pm,46,46,,,,,,,1,
2021,36,360150,New York,1,1,0,0,0,1,1,29,ERIE (29),750,BUFFALO,28,28,2,February,2021,1,Sunday,4,4:00am-4:59am,26,26,0,This section IS NOT on the NHS,2,Urban,7,Local,4,City or Municipal Highway Agency,6,Local Street - Municipality,HASTINGS AVE,,0,None,42.93656944,42.93656944,-78.800950000,-78.800950000,0,No Special Jurisdiction,42,Tree (Standing Only),0,The First Harmful Event was Not a Collision with a Motor Vehicle in Transport,0,No,1,Non-Junction,1,Not an Intersection,0,None,,,4,On Roadside,3,Dark - Lighted,,,,,1,Clear,0,No,0000000,Not Applicable,4,4:00am-4:59am,26,26,4,4:00am-4:59am,27,27,88,"Not Applicable (Not Transported) ",88,Not Applicable (Not Transported),,,,,,,1,
2021,36,360151,New York,1,1,0,0,0,3,3,15,CHEMUNG (15),1850,ELMIRA,4,4,4,April,2021,1,Sunday,17,5:00pm-5:59pm,41,41,0,This section IS NOT on the NHS,1,Rural,7,Local,3,Town or Township Highway Agency,5,Local Street - Township,MOUNTAIN VIEW DR,,0,None,42.05484722,42.05484722,-76.846847220,-76.846847220,0,No Special Jurisdiction,42,Tree (Standing Only),0,The First Harmful Event was Not a Collision with a Motor Vehicle in Transport,0,No,1,Non-Junction,1,Not an Intersection,0,None,,,4,On Roadside,1,Daylight,,,,,1,Clear,0,No,0000000,Not Applicable,17,5:00pm-5:59pm,41,41,17,5:00pm-5:59pm,57,57,18,6:00pm-6:59pm,22,22,,,,,,,1,
2021,36,360152,New York,1,1,0,1,1,1,1,109,TOMPKINS (109),708,BROOKTONDALE,1,1,4,April,2021,5,Thursday,15,3:00pm-3:59pm,36,36,0,This section IS NOT on the NHS,1,Rural,7,Local,3,Town or Township Highway Agency,5,Local Street - Township,BUFFALO RD,,0,None,42.38482222,42.38482222,-76.336119440,-76.336119440,0,No Special Jurisdiction,8,Pedestrian,0,The First Harmful Event was Not a Collision with a Motor Vehicle in Transport,0,No,1,Non-Junction,1,Not an Intersection,0,None,,,1,On Roadway,1,Daylight,,,,,4,Snow,0,No,0000000,Not Applicable,15,3:00pm-3:59pm,38,38,15,3:00pm-3:59pm,51,51,16,4:00pm-4:59pm,14,14,,,,,,,1,
2021,36,360153,New York,1,1,0,0,0,1,1,75,OSWEGO (75),1312,CONSTANTIA,10,10,4,April,2021,7,Saturday,22,10:00pm-10:59pm,52,52,0,This section IS NOT on the NHS,1,Rural,4,Minor Arterial,1,State Highway Agency,3,State Highway,SR-49,,99998,Not Reported,43.27391111,43.27391111,-76.038633330,-76.038633330,0,No Special Jurisdiction,42,Tree (Standing Only),0,The First Harmful Event was Not a Collision with a Motor Vehicle in Transport,0,No,1,Non-Junction,1,Not an Intersection,0,None,,,4,On Roadside,2,Dark - Not Lighted,,,,,1,Clear,0,No,0000000,Not Applicable,22,10:00pm-10:59pm,52,52,99,Unknown EMS Scene Arrival Hour,99,Unknown EMS Scene Arrival Minutes,88,"Not Applicable (Not Transported) ",88,Not Applicable (Not Transported),,,,,,,1,
2021,36,360154,New York,1,1,0,1,1,1,1,59,NASSAU (59),6720,WILLISTON PARK,10,10,4,April,2021,7,Saturday,20,8:00pm-8:59pm,23,23,1,This section IS ON the NHS,2,Urban,3,Principal Arterial - Other,1,State Highway Agency,3,State Highway,SR-25B HILLSIDE AVE,BROAD ST,99998,Not Reported,40.75737222,40.75737222,-73.642077780,-73.642077780,0,No Special Jurisdiction,8,Pedestrian,0,The First Harmful Event was Not a Collision with a Motor Vehicle in Transport,0,No,3,Intersection-Related,3,T-Intersection,0,None,,,1,On Roadway,3,Dark - Lighted,,,,,1,Clear,0,No,0000000,Not Applicable,20,8:00pm-8:59pm,23,23,20,8:00pm-8:59pm,31,31,88,"Not Applicable (Not Transported) ",88,Not Applicable (Not Transported),,,,,,,1,
2021,36,360155,New York,1,1,0,1,1,1,1,47,KINGS (47),4170,NEW YORK CITY,15,15,4,April,2021,5,Thursday,15,3:00pm-3:59pm,18,18,0,This section IS NOT on the NHS,2,Urban,7,Local,4,City or Municipal Highway Agency,6,Local Street - Municipality,4TH AVE,,0,None,40.62033333,40.62033333,-74.029525000,-74.029525000,0,No Special Jurisdiction,8,Pedestrian,0,The First Harmful Event was Not a Collision with a Motor Vehicle in Transport,0,No,1,Non-Junction,1,Not an Intersection,0,None,,,4,On Roadside,1,Daylight,,,,,2,Rain,0,No,0000000,Not Applicable,99,Unknown,99,Unknown,99,Unknown EMS Scene Arrival Hour,99,Unknown EMS Scene Arrival Minutes,99,Unknown,99,Unknown EMS Hospital Arrival Time,,,,,,,1,
2021,36,360157,New York,1,1,0,0,0,2,2,95,SCHOHARIE (95),5640,SHARON SPRINGS,25,25,3,March,2021,5,Thursday,14,2:00pm-2:59pm,0,0,1,This section IS ON the NHS,1,Rural,3,Principal Arterial - Other,1,State Highway Agency,2,U.S. Highway,US-20,,99998,Not Reported,42.76477778,42.76477778,-74.543802780,-74.543802780,0,No Special Jurisdiction,35,Embankment,0,The First Harmful Event was Not a Collision with a Motor Vehicle in Transport,0,No,1,Non-Junction,1,Not an Intersection,0,None,,,4,On Roadside,1,Daylight,,,,,1,Clear,0,No,0000000,Not Applicable,14,2:00pm-2:59pm,0,0,14,2:00pm-2:59pm,12,12,14,2:00pm-2:59pm,48,48,,,,,,,1,
2021,36,360158,New York,2,2,0,0,0,2,2,53,MADISON (53),3201,LENOX,1,1,4,April,2021,5,Thursday,14,2:00pm-2:59pm,19,19,1,This section IS ON the NHS,1,Rural,3,Principal Arterial - Other,1,State Highway Agency,3,State Highway,SR-13/5 SENECA TPKE,,99998,Not Reported,43.06657500,43.06657500,-75.780547220,-75.780547220,0,No Special Jurisdiction,12,Motor Vehicle In-Transport,2,Front-to-Front,0,No,1,Non-Junction,1,Not an Intersection,0,None,,,1,On Roadway,1,Daylight,,,,,4,Snow,0,No,0000000,Not Applicable,14,2:00pm-2:59pm,21,21,14,2:00pm-2:59pm,26,26,88,"Not Applicable (Not Transported) ",88,Not Applicable (Not Transported),,,,,,,1,
2021,36,360159,New York,3,3,0,0,0,3,3,87,ROCKLAND (87),5077,RAMAPO,12,12,3,March,2021,6,Friday,4,4:00am-4:59am,56,56,1,This section IS ON the NHS,2,Urban,1,Interstate,1,State Highway Agency,1,Interstate,I-87,,99998,Not Reported,41.11321667,41.11321667,-74.098119440,-74.098119440,0,No Special Jurisdiction,12,Motor Vehicle In-Transport,7,Sideswipe - Same Direction,0,No,1,Non-Junction,1,Not an Intersection,0,None,,,1,On Roadway,2,Dark - Not Lighted,,,,,1,Clear,0,No,0000000,Not Applicable,5,5:00am-5:59am,3,3,5,5:00am-5:59am,20,20,88,"Not Applicable (Not Transported) ",88,Not Applicable (Not Transported),,,,,,,1,
2021,36,360161,New York,2,2,0,0,0,5,5,109,TOMPKINS (109),3146,LANSING,13,13,3,March,2021,7,Saturday,1,1:00am-1:59am,47,47,0,This section IS NOT on the NHS,1,Rural,4,Minor Arterial,1,State Highway Agency,3,State Highway,SR-34 AUBURN RD,,99998,Not Reported,42.56583333,42.56583333,-76.493844440,-76.493844440,0,No Special Jurisdiction,12,Motor Vehicle In-Transport,1,Front-to-Rear,0,No,1,Non-Junction,1,Not an Intersection,0,None,,,1,On Roadway,2,Dark - Not Lighted,,,,,1,Clear,0,No,0000000,Not Applicable,99,Unknown,99,Unknown,99,Unknown EMS Scene Arrival Hour,99,Unknown EMS Scene Arrival Minutes,99,Unknown,99,Unknown EMS Hospital Arrival Time,,,,,,,1,