caseyear,state,st_case,statename,ve_total,ve_forms,pvh_invl,peds,pernotmvit,permvit,persons,county,countyname,city,cityname,day,dayname,month,monthname,year,day_week,day_weekname,hour,hourname,minute,minutename,nhs,nhsname,rur_urb,rur_urbname,func_sys,func_sysname,rd_owner,rd_ownername,route,routename,tway_id,tway_id2,milept,mileptname,latitude,latitudename,longitud,longitudname,sp_jur,sp_jurname,harm_ev,harm_evname,man_coll,man_collname,reljct1,reljct1name,reljct2,reljct2name,typ_int,typ_intname,wrk_zone,wrk_zonename,road_fnc,road_fncname,rel_road,rel_roadname,lgt_cond,lgt_condname,weather1,weather1name,weather2,weather2name,weather,weathername,sch_bus,sch_busname,rail,railname,not_hour,not_hourname,not_min,not_minname,arr_hour,arr_hourname,arr_min,arr_minname,hosp_hr,hosp_hrname,hosp_mn,hosp_mnname,cf1,cf1name,cf2,cf2name,cf3,cf3name,fatals,drunk_dr
2021,36,360315,New York,1,1,0,1,1,1,1,45,JEFFERSON (45),5257,RODMAN,20,20,5,May,2021,5,Thursday,11,11:00am-11:59am,45,45,0,This section IS NOT on the NHS,1,Rural,7,Local,3,Town or Township Highway Agency,5,Local Street - Township,FREEMAN CREEK RD,,0,None,43.88813611,43.88813611,-75.893433330,-75.893433330,0,No Special Jurisdiction,8,Pedestrian,0,The First Harmful Event was Not a Collision with a Motor Vehicle in Transport,0,No,1,Non-Junction,1,Not an Intersection,0,None,,,2,On Shoulder,1,Daylight,,,,,10,Cloudy,0,No,0000000,Not Applicable,99,Unknown,99,Unknown,99,Unknown EMS Scene Arrival Hour,99,Unknown EMS Scene Arrival Minutes,99,Unknown,99,Unknown EMS Hospital Arrival Time,,,,,,,1,
2021,36,360316,New York,4,4,0,0,0,5,5,103,SUFFOLK (103),2840,HUNTINGTON,24,24,5,May,2021,2,Monday,16,4:00pm-4:59pm,58,58,1,This section IS ON the NHS,2,Urban,3,Principal Arterial - Other,1,State Highway Agency,3,State Highway,SR-25 E JERICHO TPKE,"WARNER RD ",99998,Not Reported,40.83198889,40.83198889,-73.343605560,-73.343605560,0,No Special Jurisdiction,12,Motor Vehicle In-Transport,2,Front-to-Front,0,No,2,Intersection,3,T-Intersection,0,None,,,1,On Roadway,1,Daylight,,,,,1,Clear,0,No,0000000,Not Applicable,99,Unknown,99,Unknown,99,Unknown EMS Scene Arrival Hour,99,Unknown EMS Scene Arrival Minutes,99,Unknown,99,Unknown EMS Hospital Arrival Time,,,,,,,1,
2021,36,360317,New York,1,1,0,1,1,1,1,81,QUEENS (81),4170,MIDDLE VILLAGE,28,28,5,May,2021,6,Friday,13,1:00pm-1:59pm,15,15,0,This section IS NOT on the NHS,2,Urban,5,Major Collector,4,City or Municipal Highway Agency,6,Local Street - Municipality,91ST PL,43RD AVE,0,None,40.74326111,40.74326111,-73.874483330,-73.874483330,0,No Special Jurisdiction,8,Pedestrian,0,The First Harmful Event was Not a Collision with a Motor Vehicle in Transport,0,No,3,Intersection-Related,2,Four-Way Intersection,0,None,,,1,On Roadway,1,Daylight,,,,,10,Cloudy,0,No,0000000,Not Applicable,13,1:00pm-1:59pm,18,18,13,1:00pm-1:59pm,20,20,13,1:00pm-1:59pm,28,28,,,,,,,1,
2021,36,360318,New York,2,2,0,0,0,2,2,5,BRONX (5),4170,NEW YORK CITY,25,25,5,May,2021,3,Tuesday,5,5:00am-5:59am,34,34,0,This section IS NOT on the NHS,2,Urban,4,Minor Arterial,4,City or Municipal Highway Agency,6,Local Street - Municipality,MORRIS PARK AVE,,99998,Not Reported,40.84220278,40.84220278,-73.871811110,-73.871811110,0,No Special Jurisdiction,12,Motor Vehicle In-Transport,2,Front-to-Front,0,No,1,Non-Junction,1,Not an Intersection,0,None,,,1,On Roadway,4,Dawn,,,,,1,Clear,0,No,0000000,Not Applicable,99,Unknown,99,Unknown,99,Unknown EMS Scene Arrival Hour,99,Unknown EMS Scene Arrival Minutes,99,Unknown,99,Unknown EMS Hospital Arrival Time,,,,,,,1,
2021,36,360319,New York,2,2,0,0,0,2,2,79,PUTNAM (79),630,BREWSTER,26,26,5,May,2021,4,Wednesday,8,8:00am-8:59am,55,55,0,This section IS NOT on the NHS,2,Urban,4,Minor Arterial,2,County Highway Agency,4,County Road,CR-65,,99998,Not Reported,41.44194444,41.44194444,-73.558722220,-73.558722220,0,No Special Jurisdiction,12,Motor Vehicle In-Transport,2,Front-to-Front,0,No,1,Non-Junction,1,Not an Intersection,0,None,,,1,On Roadway,1,Daylight,,,,,1,Clear,0,No,0000000,Not Applicable,8,8:00am-8:59am,55,55,9,9:00am-9:59am,0,0,9,9:00am-9:59am,55,55,,,,,,,1,
2021,36,360320,New York,2,2,0,0,0,3,3,47,KINGS (47),4170,NEW YORK CITY,30,30,5,May,2021,1,Sunday,19,7:00pm-7:59pm,47,47,1,This section IS ON the NHS,2,Urban,3,Principal Arterial - Other,4,City or Municipal Highway Agency,6,Local Street - Municipality,ATLANTIC AVE,,0,None,40.68209167,40.68209167,-73.969288890,-73.969288890,0,No Special Jurisdiction,5,Fell/Jumped from Vehicle,0,The First Harmful Event was Not a Collision with a Motor Vehicle in Transport,0,No,1,Non-Junction,1,Not an Intersection,0,None,,,1,On Roadway,3,Dark - Lighted,,,,,10,Cloudy,0,No,0000000,Not Applicable,99,Unknown,99,Unknown,99,Unknown EMS Scene Arrival Hour,99,Unknown EMS Scene Arrival Minutes,88,"Not Applicable (Not Transported) ",88,Not Applicable (Not Transported),,,,,,,1,
2021,36,360321,New York,1,1,0,1,1,1,1,5,BRONX (5),4170,NEW YORK CITY,30,30,5,May,2021,1,Sunday,4,4:00am-4:59am,9,9,1,This section IS ON the NHS,2,Urban,2,Principal Arterial - Other Freeways and Expressways,1,State Highway Agency,3,State Highway,SR-908H BRONX RIVER PKWY,,99998,Not Reported,40.83202500,40.83202500,-73.873866670,-73.873866670,0,No Special Jurisdiction,8,Pedestrian,0,The First Harmful Event was Not a Collision with a Motor Vehicle in Transport,0,No,1,Non-Junction,1,Not an Intersection,0,None,,,1,On Roadway,3,Dark - Lighted,,,,,2,Rain,0,No,0000000,Not Applicable,4,4:00am-4:59am,9,9,99,Unknown EMS Scene Arrival Hour,99,Unknown EMS Scene Arrival Minutes,88,"Not Applicable (Not Transported) ",88,Not Applicable (Not Transported),,,,,,,1,
2021,36,360322,New York,1,1,0,1,1,1,1,89,ST LAWRENCE (89),3580,MASSENA,30,30,5,May,2021,1,Sunday,23,11:00pm-11:59pm,38,38,0,This section IS NOT on the NHS,2,Urban,7,Local,3,Town or Township Highway Agency,5,Local Street - Township,WILLOW ST,,0,None,44.93438333,44.93438333,-74.884625000,-74.884625000,0,No Special Jurisdiction,8,Pedestrian,0,The First Harmful Event was Not a Collision with a Motor Vehicle in Transport,0,No,1,Non-Junction,1,Not an Intersection,0,None,,,1,On Roadway,3,Dark - Lighted,,,,,1,Clear,0,No,0000000,Not Applicable,23,11:00pm-11:59pm,38,38,23,11:00pm-11:59pm,44,44,88,"Not Applicable (Not Transported) ",88,Not Applicable (Not Transported),,,,,,,1,
2021,36,360323,New York,1,1,0,1,1,1,1,47,KINGS (47),4170,NEW YORK CITY,31,31,5,May,2021,2,Monday,22,10:00pm-10:59pm,54,54,1,This section IS ON the NHS,2,Urban,3,Principal Arterial - Other,4,City or Municipal Highway Agency,6,Local Street - Municipality,ATLANTIC AVE,,0,None,40.68570556,40.68570556,-73.981719440,-73.981719440,0,No Special Jurisdiction,8,Pedestrian,0,The First Harmful Event was Not a Collision with a Motor Vehicle in Transport,0,No,1,Non-Junction,1,Not an Intersection,0,None,,,1,On Roadway,3,Dark - Lighted,,,,,1,Clear,0,No,0000000,Not Applicable,99,Unknown,99,Unknown,99,Unknown EMS Scene Arrival Hour,99,Unknown EMS Scene Arrival Minutes,99,Unknown,99,Unknown EMS Hospital Arrival Time,,,,,,,1,
2021,36,360324,New York,1,1,0,0,0,1,1,115,WASHINGTON (115),5420,SALEM,11,11,5,May,2021,3,Tuesday,14,2:00pm-2:59pm,36,36,0,This section IS NOT on the NHS,1,Rural,7,Local,3,Town or Township Highway Agency,5,Local Street - Township,CAMDEN VALLEY RD,,0,None,43.10141111,43.10141111,-73.302600000,-73.302600000,0,No Special Jurisdiction,42,Tree (Standing Only),0,The First Harmful Event was Not a Collision with a Motor Vehicle in Transport,0,No,1,Non-Junction,1,Not an Intersection,0,None,,,4,On Roadside,1,Daylight,,,,,1,Clear,0,No,0000000,Not Applicable,14,2:00pm-2:59pm,42,42,14,2:00pm-2:59pm,45,45,15,3:00pm-3:59pm,25,25,,,,,,,1,
2021,36,360325,New York,1,1,0,0,0,1,1,105,SULLIVAN (105),3850,MONTICELLO,18,18,5,May,2021,3,Tuesday,3,3:00am-3:59am,40,40,0,This section IS NOT on the NHS,2,Urban,4,Minor Arterial,1,State Highway Agency,3,State Highway,SR-17B,,99998,Not Reported,41.66720833,41.66720833,-74.777830560,-74.777830560,0,No Special Jurisdiction,11,Live Animal,0,The First Harmful Event was Not a Collision with a Motor Vehicle in Transport,0,No,1,Non-Junction,1,Not an Intersection,0,None,,,1,On Roadway,3,Dark - Lighted,,,,,10,Cloudy,0,No,0000000,Not Applicable,3,3:00am-3:59am,40,40,3,3:00am-3:59am,49,49,4,4:00am-4:59am,5,5,,,,,,,1,
2021,36,360326,New York,2,2,0,0,0,2,2,1,ALBANY (1),2286,GLENMONT,2,2,6,June,2021,4,Wednesday,16,4:00pm-4:59pm,33,33,0,This section IS NOT on the NHS,2,Urban,4,Minor Arterial,1,State Highway Agency,3,State Highway,SR-144 RIVER RD,,99998,Not Reported,42.56860000,42.56860000,-73.766627780,-73.766627780,0,No Special Jurisdiction,12,Motor Vehicle In-Transport,2,Front-to-Front,0,No,1,Non-Junction,1,Not an Intersection,0,None,,,1,On Roadway,1,Daylight,,,,,10,Cloudy,0,No,0000000,Not Applicable,16,4:00pm-4:59pm,41,41,16,4:00pm-4:59pm,41,41,20,8:00pm-8:59pm,20,20,,,,,,,1,
2021,36,360327,New York,1,1,0,1,1,3,3,109,TOMPKINS (109),2940,ITHACA,2,2,6,June,2021,4,Wednesday,19,7:00pm-7:59pm,45,45,0,This section IS NOT on the NHS,1,Rural,4,Minor Arterial,1,State Highway Agency,3,State Highway,SR-79,,99998,Not Reported,42.45111944,42.45111944,-76.626180560,-76.626180560,0,No Special Jurisdiction,8,Pedestrian,0,The First Harmful Event was Not a Collision with a Motor Vehicle in Transport,0,No,1,Non-Junction,1,Not an Intersection,0,None,,,1,On Roadway,1,Daylight,,,,,10,Cloudy,0,No,0000000,Not Applicable,19,7:00pm-7:59pm,45,45,19,7:00pm-7:59pm,53,53,88,"Not Applicable (Not Transported) ",88,Not Applicable (Not Transported),,,,,,,1,
2021,36,360328,New York,1,1,0,1,1,2,2,61,NEW YORK (61),4170,NEW YORK,1,1,6,June,2021,3,Tuesday,8,8:00am-8:59am,8,8,1,This section IS ON the NHS,2,Urban,3,Principal Arterial - Other,4,City or Municipal Highway Agency,6,Local Street - Municipality,W 41 ST,,99998,Not Reported,40.76054722,40.76054722,-73.999597220,-73.999597220,0,No Special Jurisdiction,8,Pedestrian,0,The First Harmful Event was Not a Collision with a Motor Vehicle in Transport,0,No,1,Non-Junction,1,Not an Intersection,0,None,,,1,On Roadway,1,Daylight,,,,,1,Clear,0,No,0000000,Not Applicable,99,Unknown,99,Unknown,99,Unknown EMS Scene Arrival Hour,99,Unknown EMS Scene Arrival Minutes,99,Unknown,99,Unknown EMS Hospital Arrival Time,,,,,,,1,
2021,36,360329,New York,1,1,0,0,0,1,1,65,ONEIDA (65),6021,TABERG,17,17,4,April,2021,7,Saturday,15,3:00pm-3:59pm,48,48,0,This section IS NOT on the NHS,1,Rural,4,Minor Arterial,1,State Highway Agency,3,State Highway,SR-69,,99998,Not Reported,43.28895278,43.28895278,-75.601902780,-75.601902780,0,No Special Jurisdiction,42,Tree (Standing Only),0,The First Harmful Event was Not a Collision with a Motor Vehicle in Transport,0,No,1,Non-Junction,1,Not an Intersection,0,None,,,4,On Roadside,1,Daylight,,,,,10,Cloudy,0,No,0000000,Not Applicable,99,Unknown,99,Unknown,99,Unknown EMS Scene Arrival Hour,99,Unknown EMS Scene Arrival Minutes,99,Unknown,99,Unknown EMS Hospital Arrival Time,,,,,,,1,
2021,36,360330,New York,3,3,0,0,0,4,4,111,ULSTER (111),3531,MARBLETOWN,18,18,5,May,2021,3,Tuesday,8,8:00am-8:59am,1,1,1,This section IS ON the NHS,1,Rural,3,Principal Arterial - Other,1,State Highway Agency,2,U.S. Highway,US-209 MAIN ST,,99998,Not Reported,41.85588333,41.85588333,-74.136202780,-74.136202780,0,No Special Jurisdiction,12,Motor Vehicle In-Transport,2,Front-to-Front,0,No,1,Non-Junction,1,Not an Intersection,0,None,,,1,On Roadway,1,Daylight,,,,,1,Clear,0,No,0000000,Not Applicable,8,8:00am-8:59am,2,2,8,8:00am-8:59am,20,20,99,Unknown,99,Unknown EMS Hospital Arrival Time,,,,,,,1,
2021,36,360331,New York,2,2,0,0,0,2,2,7,BROOME (7),1118,CHENANGO FORKS,25,25,5,May,2021,3,Tuesday,6,6:00am-6:59am,27,27,0,This section IS NOT on the NHS,1,Rural,6,Minor Collector,1,State Highway Agency,3,State Highway,SR-79,,99998,Not Reported,42.26118333,42.26118333,-75.872486110,-75.872486110,0,No Special Jurisdiction,12,Motor Vehicle In-Transport,6,Angle,0,No,4,Driveway Access,1,Not an Intersection,0,None,,,1,On Roadway,1,Daylight,,,,,10,Cloudy,0,No,0000000,Not Applicable,6,6:00am-6:59am,32,32,6,6:00am-6:59am,44,44,99,Unknown,99,Unknown EMS Hospital Arrival Time,,,,,,,1,
2021,36,360332,New York,1,1,0,1,1,1,1,59,NASSAU (59),2600,HEMPSTEAD,3,3,6,June,2021,5,Thursday,22,10:00pm-10:59pm,5,5,1,This section IS ON the NHS,2,Urban,3,Principal Arterial - Other,1,State Highway Agency,3,State Highway,SR-24,WANTAGH AVE,99998,Not Reported,40.72563611,40.72563611,-73.497372220,-73.497372220,0,No Special Jurisdiction,8,Pedestrian,0,The First Harmful Event was Not a Collision with a Motor Vehicle in Transport,0,No,3,Intersection-Related,2,Four-Way Intersection,0,None,,,1,On Roadway,3,Dark - Lighted,,,,,2,Rain,0,No,0000000,Not Applicable,22,10:00pm-10:59pm,8,8,22,10:00pm-10:59pm,9,9,22,10:00pm-10:59pm,20,20,,,,,,,1,
2021,36,360333,New York,1,1,0,1,1,1,1,83,RENSSELAER (83),6110,TROY,29,29,4,April,2021,5,Thursday,22,10:00pm-10:59pm,5,5,1,This section IS ON the NHS,2,Urban,3,Principal Arterial - Other,1,State Highway Agency,2,U.S. Highway,US-4 2ND AVE,SR-470 112TH ST,99998,Not Reported,42.77112778,42.77112778,-73.678805560,-73.678805560,0,No Special Jurisdiction,8,Pedestrian,0,The First Harmful Event was Not a Collision with a Motor Vehicle in Transport,0,No,3,Intersection-Related,2,Four-Way Intersection,0,None,,,1,On Roadway,3,Dark - Lighted,,,,,2,Rain,0,No,0000000,Not Applicable,22,10:00pm-10:59pm,5,5,22,10:00pm-10:59pm,10,10,88,"Not Applicable (Not Transported) ",88,Not Applicable (Not Transported),,,,,,,1,
2021,36,360334,New York,1,1,0,0,0,1,1,119,WESTCHESTER (119),1379,CORTLANDT,15,15,5,May,2021,7,Saturday,18,6:00pm-6:59pm,35,35,1,This section IS ON the NHS,2,Urban,2,Principal Arterial - Other Freeways and Expressways,1,State Highway Agency,3,State Highway,SR-987H BEAR MOUNTAIN STATE PK,,99998,Not Reported,41.30322778,41.30322778,-73.890541670,-73.890541670,0,No Special Jurisdiction,24,Guardrail Face,0,The First Harmful Event was Not a Collision with a Motor Vehicle in Transport,0,No,1,Non-Junction,1,Not an Intersection,0,None,,,3,On Median,1,Daylight,,,,,10,Cloudy,0,No,0000000,Not Applicable,18,6:00pm-6:59pm,41,41,18,6:00pm-6:59pm,48,48,19,7:00pm-7:59pm,20,20,,,,,,,1,
2021,36,360335,New York,1,1,0,1,1,1,1,81,QUEENS (81),4170,MIDDLE VILLAGE,23,23,5,May,2021,1,Sunday,15,3:00pm-3:59pm,21,21,0,This section IS NOT on the NHS,2,Urban,7,Local,4,City or Municipal Highway Agency,6,Local Street - Municipality,CORPORAL KENNEDY ST,43RD AVE,99998,Not Reported,40.76032778,40.76032778,-73.774177780,-73.774177780,0,No Special Jurisdiction,8,Pedestrian,0,The First Harmful Event was Not a Collision with a Motor Vehicle in Transport,0,No,3,Intersection-Related,2,Four-Way Intersection,0,None,,,1,On Roadway,1,Daylight,,,,,1,Clear,0,No,0000000,Not Applicable,99,Unknown,99,Unknown,99,Unknown EMS Scene Arrival Hour,99,Unknown EMS Scene Arrival Minutes,99,Unknown,99,Unknown EMS Hospital Arrival Time,,,,,,,1,
2021,36,360336,New York,2,2,0,0,0,2,2,29,ERIE (29),1844,ELMA,25,25,5,May,2021,3,Tuesday,14,2:00pm-2:59pm,58,58,0,This section IS NOT on the NHS,2,Urban,5,Major Collector,2,County Highway Agency,4,County Road,CR-330 BULLIS RD,POUND RD,99998,Not Reported,42.83900833,42.83900833,-78.679886110,-78.679886110,0,No Special Jurisdiction,12,Motor Vehicle In-Transport,6,Angle,0,No,2,Intersection,2,Four-Way Intersection,0,None,,,1,On Roadway,1,Daylight,,,,,1,Clear,0,No,0000000,Not Applicable,15,3:00pm-3:59pm,0,0,15,3:00pm-3:59pm,8,8,88,"Not Applicable (Not Transported) ",88,Not Applicable (Not Transported),,,,,,,1,
2021,36,360337,New York,1,1,0,0,0,1,1,5,BRONX (5),4170,NEW YORK CITY,10,10,6,June,2021,5,Thursday,6,6:00am-6:59am,12,12,1,This section IS ON the NHS,2,Urban,1,Interstate,1,State Highway Agency,1,Interstate,I-278 BRUCKNER EXPRESSWAY,,99998,Not Reported,40.81646111,40.81646111,-73.894413890,-73.894413890,0,No Special Jurisdiction,25,Concrete Traffic Barrier,0,The First Harmful Event was Not a Collision with a Motor Vehicle in Transport,0,No,1,Non-Junction,1,Not an Intersection,0,None,,,4,On Roadside,1,Daylight,,,,,1,Clear,0,No,0000000,Not Applicable,6,6:00am-6:59am,13,13,6,6:00am-6:59am,20,20,88,"Not Applicable (Not Transported) ",88,Not Applicable (Not Transported),,,,,,,1,
2021,36,360338,New York,1,1,0,0,0,1,1,63,NIAGARA (63),5081,RANSOMVILLE,26,26,5,May,2021,4,Wednesday,23,11:00pm-11:59pm,54,54,0,This section IS NOT on the NHS,1,Rural,4,Minor Arterial,1,State Highway Agency,3,State Highway,SR-18 LAKE RD,COTHRAN RD,99998,Not Reported,43.26952778,43.26952778,-78.994069440,-78.994069440,0,No Special Jurisdiction,1,Rollover/Overturn,0,The First Harmful Event was Not a Collision with a Motor Vehicle in Transport,0,No,2,Intersection,3,T-Intersection,0,None,,,1,On Roadway,2,Dark - Not Lighted,,,,,10,Cloudy,0,No,0000000,Not Applicable,23,11:00pm-11:59pm,54,54,0,0:00am-0:59am,1,1,88,"Not Applicable (Not Transported) ",88,Not Applicable (Not Transported),,,,,,,1,
2021,36,360339,New York,2,2,0,0,0,2,2,65,ONEIDA (65),6270,VERNON,1,1,6,June,2021,3,Tuesday,6,6:00am-6:59am,42,42,0,This section IS NOT on the NHS,1,Rural,5,Major Collector,2,County Highway Agency,4,County Road,CR-13,,99998,Not Reported,43.06408889,43.06408889,-75.533897220,-75.533897220,0,No Special Jurisdiction,12,Motor Vehicle In-Transport,2,Front-to-Front,0,No,1,Non-Junction,1,Not an Intersection,0,None,,,1,On Roadway,1,Daylight,,,,,10,Cloudy,0,No,0000000,Not Applicable,6,6:00am-6:59am,45,45,6,6:00am-6:59am,51,51,99,Unknown,99,Unknown EMS Hospital Arrival Time,,,,,,,1,
2021,36,360340,New York,1,1,0,0,0,5,5,47,KINGS (47),4170,NEW YORK CITY,10,10,6,June,2021,5,Thursday,23,11:00pm-11:59pm,43,43,0,This section IS NOT on the NHS,2,Urban,7,Local,4,City or Municipal Highway Agency,6,Local Street - Municipality,NATIONAL DR,STRICKLAND AVE,99998,Not Reported,40.60746667,40.60746667,-73.916561110,-73.916561110,0,No Special Jurisdiction,38,Fence,0,The First Harmful Event was Not a Collision with a Motor Vehicle in Transport,0,No,3,Intersection-Related,10,L-Intersection,0,None,,,5,Outside Trafficway,3,Dark - Lighted,,,,,1,Clear,0,No,0000000,Not Applicable,23,11:00pm-11:59pm,43,43,99,Unknown EMS Scene Arrival Hour,99,Unknown EMS Scene Arrival Minutes,99,Unknown,99,Unknown EMS Hospital Arrival Time,,,,,,,1,
2021,36,360342,New York,2,2,0,0,0,2,2,81,QUEENS (81),4170,MIDDLE VILLAGE,1,1,5,May,2021,7,Saturday,19,7:00pm-7:59pm,10,10,0,This section IS NOT on the NHS,2,Urban,7,Local,4,City or Municipal Highway Agency,6,Local Street - Municipality,157 ST,115 AVE,99998,Not Reported,40.68652222,40.68652222,-73.788869440,-73.788869440,0,No Special Jurisdiction,12,Motor Vehicle In-Transport,6,Angle,0,No,2,Intersection,3,T-Intersection,0,None,,,1,On Roadway,1,Daylight,,,,,1,Clear,0,No,0000000,Not Applicable,99,Unknown,99,Unknown,99,Unknown EMS Scene Arrival Hour,99,Unknown EMS Scene Arrival Minutes,99,Unknown,99,Unknown EMS Hospital Arrival Time,,,,,,,1,
2021,36,360343,New York,2,2,0,0,0,3,3,91,SARATOGA (91),390,BALLSTON SPA,31,31,5,May,2021,2,Monday,10,10:00am-10:59am,26,26,1,This section IS ON the NHS,2,Urban,3,Principal Arterial - Other,1,State Highway Agency,3,State Highway,SR-29,CR-47 ROWLAND ST,99998,Not Reported,43.07549167,43.07549167,-73.847791670,-73.847791670,0,No Special Jurisdiction,12,Motor Vehicle In-Transport,6,Angle,0,No,2,Intersection,2,Four-Way Intersection,0,None,,,1,On Roadway,1,Daylight,,,,,10,Cloudy,0,No,0000000,Not Applicable,10,10:00am-10:59am,20,20,10,10:00am-10:59am,33,33,11,11:00am-11:59am,34,34,,,,,,,1,
2021,36,360344,New York,1,1,0,0,0,1,1,63,NIAGARA (63),5323,ROYALTON,6,6,6,June,2021,1,Sunday,12,12:00pm-12:59pm,2,2,0,This section IS NOT on the NHS,2,Urban,5,Major Collector,1,State Highway Agency,3,State Highway,SR-77 MILL RD,CHESTNUT RIDGE RD,99998,Not Reported,43.17424167,43.17424167,-78.600186110,-78.600186110,0,No Special Jurisdiction,33,Curb,0,The First Harmful Event was Not a Collision with a Motor Vehicle in Transport,0,No,3,Intersection-Related,3,T-Intersection,0,None,,,4,On Roadside,1,Daylight,,,,,1,Clear,0,No,0000000,Not Applicable,12,12:00pm-12:59pm,2,2,12,12:00pm-12:59pm,3,3,88,"Not Applicable (Not Transported) ",88,Not Applicable (Not Transported),,,,,,,1,
2021,36,360345,New York,1,1,0,0,0,1,1,119,WESTCHESTER (119),6040,TARRYTOWN,6,6,6,June,2021,1,Sunday,11,11:00am-11:59am,5,5,1,This section IS ON the NHS,2,Urban,2,Principal Arterial - Other Freeways and Expressways,1,State Highway Agency,3,State Highway,SR-987G TACONIC STATE PKWY,,99998,Not Reported,41.13156944,41.13156944,-73.815069440,-73.815069440,0,No Special Jurisdiction,24,Guardrail Face,0,The First Harmful Event was Not a Collision with a Motor Vehicle in Transport,0,No,1,Non-Junction,1,Not an Intersection,0,None,,,4,On Roadside,1,Daylight,,,,,1,Clear,0,No,0000000,Not Applicable,11,11:00am-11:59am,8,8,11,11:00am-11:59am,13,13,11,11:00am-11:59am,46,46,,,,,,,1,
2021,36,360346,New York,2,2,0,0,0,2,2,63,NIAGARA (63),3340,LOCKPORT,1,1,6,June,2021,3,Tuesday,7,7:00am-7:59am,10,10,1,This section IS ON the NHS,2,Urban,3,Principal Arterial - Other,1,State Highway Agency,3,State Highway,SR-78 LAKE AVE,CR-7 CRESCENT DR,99998,Not Reported,43.20098611,43.20098611,-78.674850000,-78.674850000,0,No Special Jurisdiction,12,Motor Vehicle In-Transport,6,Angle,0,No,2,Intersection,2,Four-Way Intersection,0,None,,,1,On Roadway,1,Daylight,,,,,10,Cloudy,0,No,0000000,Not Applicable,7,7:00am-7:59am,10,10,7,7:00am-7:59am,19,19,8,8:00am-8:59am,16,16,,,,,,,1,
2021,36,360347,New York,1,1,0,0,0,1,1,65,ONEIDA (65),5453,SANGERFIELD,12,12,6,June,2021,7,Saturday,13,1:00pm-1:59pm,59,59,0,This section IS NOT on the NHS,1,Rural,6,Minor Collector,2,County Highway Agency,4,County Road,CR-3 SANGERHILL RD,,99998,Not Reported,42.93137778,42.93137778,-75.419144440,-75.419144440,0,No Special Jurisdiction,34,Ditch,0,The First Harmful Event was Not a Collision with a Motor Vehicle in Transport,0,No,1,Non-Junction,1,Not an Intersection,0,None,,,4,On Roadside,1,Daylight,,,,,1,Clear,0,No,0000000,Not Applicable,14,2:00pm-2:59pm,2,2,14,2:00pm-2:59pm,8,8,15,3:00pm-3:59pm,0,0,,,,,,,1,
2021,36,360348,New York,1,1,0,1,1,1,1,61,NEW YORK (61),4170,NEW YORK,12,12,6,June,2021,7,Saturday,3,3:00am-3:59am,55,55,0,This section IS NOT on the NHS,2,Urban,5,Major Collector,4,City or Municipal Highway Agency,6,Local Street - Municipality,W 46TH ST,8TH AVE,0,None,40.75985556,40.75985556,-73.988072220,-73.988072220,0,No Special Jurisdiction,8,Pedestrian,0,The First Harmful Event was Not a Collision with a Motor Vehicle in Transport,0,No,3,Intersection-Related,2,Four-Way Intersection,0,None,,,1,On Roadway,3,Dark - Lighted,,,,,1,Clear,0,No,0000000,Not Applicable,3,3:00am-3:59am,55,55,99,Unknown EMS Scene Arrival Hour,99,Unknown EMS Scene Arrival Minutes,99,Unknown,99,Unknown EMS Hospital Arrival Time,,,,,,,1,
2021,36,360349,New York,1,1,0,1,1,1,1,61,NEW YORK (61),4170,NEW YORK,15,15,6,June,2021,3,Tuesday,3,3:00am-3:59am,38,38,1,This section IS ON the NHS,2,Urban,3,Principal Arterial - Other,4,City or Municipal Highway Agency,6,Local Street - Municipality,DELANCEY ST,CHRYSTIE ST,0,None,40.72005556,40.72005556,-73.993036110,-73.993036110,0,No Special Jurisdiction,8,Pedestrian,0,The First Harmful Event was Not a Collision with a Motor Vehicle in Transport,0,No,3,Intersection-Related,2,Four-Way Intersection,0,None,,,1,On Roadway,3,Dark - Lighted,,,,,1,Clear,0,No,0000000,Not Applicable,3,3:00am-3:59am,40,40,3,3:00am-3:59am,47,47,4,4:00am-4:59am,0,0,,,,,,,1,
2021,36,360350,New York,2,2,0,0,0,3,3,81,QUEENS (81),4170,MIDDLE VILLAGE,13,13,6,June,2021,1,Sunday,3,3:00am-3:59am,50,50,1,This section IS ON the NHS,2,Urban,3,Principal Arterial - Other,4,City or Municipal Highway Agency,6,Local Street - Municipality,FRESH POND RD,ELIOT AVE,0,None,40.71465000,40.71465000,-73.901166670,-73.901166670,0,No Special Jurisdiction,12,Motor Vehicle In-Transport,6,Angle,0,No,2,Intersection,2,Four-Way Intersection,0,None,,,1,On Roadway,3,Dark - Lighted,,,,,1,Clear,0,No,0000000,Not Applicable,99,Unknown,99,Unknown,99,Unknown EMS Scene Arrival Hour,99,Unknown EMS Scene Arrival Minutes,99,Unknown,99,Unknown EMS Hospital Arrival Time,,,,,,,1,