caseyear,state,st_case,statename,ve_total,ve_forms,pvh_invl,peds,pernotmvit,permvit,persons,county,countyname,city,cityname,day,dayname,month,monthname,year,day_week,day_weekname,hour,hourname,minute,minutename,nhs,nhsname,rur_urb,rur_urbname,func_sys,func_sysname,rd_owner,rd_ownername,route,routename,tway_id,tway_id2,milept,mileptname,latitude,latitudename,longitud,longitudname,sp_jur,sp_jurname,harm_ev,harm_evname,man_coll,man_collname,reljct1,reljct1name,reljct2,reljct2name,typ_int,typ_intname,wrk_zone,wrk_zonename,road_fnc,road_fncname,rel_road,rel_roadname,lgt_cond,lgt_condname,weather1,weather1name,weather2,weather2name,weather,weathername,sch_bus,sch_busname,rail,railname,not_hour,not_hourname,not_min,not_minname,arr_hour,arr_hourname,arr_min,arr_minname,hosp_hr,hosp_hrname,hosp_mn,hosp_mnname,cf1,cf1name,cf2,cf2name,cf3,cf3name,fatals,drunk_dr
2021,36,360351,New York,3,2,1,0,0,2,2,81,QUEENS (81),4170,MIDDLE VILLAGE,13,13,6,June,2021,1,Sunday,3,3:00am-3:59am,10,10,0,This section IS NOT on the NHS,2,Urban,5,Major Collector,4,City or Municipal Highway Agency,6,Local Street - Municipality,FOCH BLVD,144TH ST,0,None,40.67936944,40.67936944,-73.797308330,-73.797308330,0,No Special Jurisdiction,12,Motor Vehicle In-Transport,6,Angle,0,No,2,Intersection,2,Four-Way Intersection,0,None,,,1,On Roadway,3,Dark - Lighted,,,,,1,Clear,0,No,0000000,Not Applicable,3,3:00am-3:59am,10,10,99,Unknown EMS Scene Arrival Hour,99,Unknown EMS Scene Arrival Minutes,99,Unknown,99,Unknown EMS Hospital Arrival Time,,,,,,,1,
2021,36,360352,New York,1,1,0,0,0,1,1,89,ST LAWRENCE (89),4240,NORFOLK,13,13,6,June,2021,1,Sunday,15,3:00pm-3:59pm,20,20,1,This section IS ON the NHS,1,Rural,3,Principal Arterial - Other,1,State Highway Agency,3,State Highway,SR-56,,99998,Not Reported,44.84913333,44.84913333,-74.977958330,-74.977958330,0,No Special Jurisdiction,1,Rollover/Overturn,0,The First Harmful Event was Not a Collision with a Motor Vehicle in Transport,0,No,1,Non-Junction,1,Not an Intersection,0,None,,,4,On Roadside,1,Daylight,,,,,10,Cloudy,0,No,0000000,Not Applicable,15,3:00pm-3:59pm,20,20,15,3:00pm-3:59pm,35,35,16,4:00pm-4:59pm,4,4,,,,,,,1,
2021,36,360353,New York,1,1,0,0,0,1,1,81,QUEENS (81),4170,MIDDLE VILLAGE,20,20,6,June,2021,1,Sunday,23,11:00pm-11:59pm,22,22,0,This section IS NOT on the NHS,2,Urban,4,Minor Arterial,4,City or Municipal Highway Agency,6,Local Street - Municipality,SHORE FRONT PKWY,,0,None,40.58626111,40.58626111,-73.806555560,-73.806555560,0,No Special Jurisdiction,30,Utility Pole/Light Support,0,The First Harmful Event was Not a Collision with a Motor Vehicle in Transport,0,No,1,Non-Junction,1,Not an Intersection,0,None,,,3,On Median,3,Dark - Lighted,,,,,1,Clear,0,No,0000000,Not Applicable,23,11:00pm-11:59pm,22,22,99,Unknown EMS Scene Arrival Hour,99,Unknown EMS Scene Arrival Minutes,88,"Not Applicable (Not Transported) ",88,Not Applicable (Not Transported),,,,,,,1,
2021,36,360354,New York,1,1,0,0,0,1,1,5,BRONX (5),4170,NEW YORK CITY,18,18,6,June,2021,6,Friday,17,5:00pm-5:59pm,33,33,0,This section IS NOT on the NHS,2,Urban,4,Minor Arterial,4,City or Municipal Highway Agency,6,Local Street - Municipality,ORCHARD BEACH RD,BARTOW CIR,0,None,40.86890833,40.86890833,-73.809958330,-73.809958330,0,No Special Jurisdiction,1,Rollover/Overturn,0,The First Harmful Event was Not a Collision with a Motor Vehicle in Transport,0,No,3,Intersection-Related,6,Roundabout,0,None,,,1,On Roadway,1,Daylight,,,,,1,Clear,0,No,0000000,Not Applicable,99,Unknown,99,Unknown,99,Unknown EMS Scene Arrival Hour,99,Unknown EMS Scene Arrival Minutes,99,Unknown,99,Unknown EMS Hospital Arrival Time,,,,,,,1,
2021,36,360355,New York,1,1,0,2,2,2,2,123,YATES (123),4740,PENN YAN,13,13,6,June,2021,1,Sunday,16,4:00pm-4:59pm,9,9,0,This section IS NOT on the NHS,1,Rural,4,Minor Arterial,1,State Highway Agency,3,State Highway,SR-364,,99998,Not Reported,42.69270000,42.69270000,-77.145213890,-77.145213890,0,No Special Jurisdiction,49,Ridden Animal or Animal Drawn Conveyance,0,The First Harmful Event was Not a Collision with a Motor Vehicle in Transport,0,No,1,Non-Junction,1,Not an Intersection,0,None,,,1,On Roadway,1,Daylight,,,,,10,Cloudy,0,No,0000000,Not Applicable,16,4:00pm-4:59pm,9,9,16,4:00pm-4:59pm,19,19,17,5:00pm-5:59pm,48,48,,,,,,,1,
2021,36,360356,New York,3,3,0,0,0,5,5,79,PUTNAM (79),630,BREWSTER,26,26,4,April,2021,2,Monday,15,3:00pm-3:59pm,53,53,1,This section IS ON the NHS,2,Urban,3,Principal Arterial - Other,1,State Highway Agency,3,State Highway,SR-22,,99998,Not Reported,41.42456944,41.42456944,-73.577680560,-73.577680560,0,No Special Jurisdiction,12,Motor Vehicle In-Transport,6,Angle,0,No,4,Driveway Access,1,Not an Intersection,0,None,,,1,On Roadway,1,Daylight,,,,,1,Clear,0,No,0000000,Not Applicable,15,3:00pm-3:59pm,53,53,16,4:00pm-4:59pm,4,4,16,4:00pm-4:59pm,45,45,,,,,,,2,
2021,36,360358,New York,2,2,0,0,0,5,5,55,MONROE (55),5230,ROCHESTER,17,17,6,June,2021,5,Thursday,1,1:00am-1:59am,27,27,0,This section IS NOT on the NHS,2,Urban,7,Local,4,City or Municipal Highway Agency,6,Local Street - Municipality,N GOODMAN ST,CENTRAL PARK,0,None,43.16853056,43.16853056,-77.580100000,-77.580100000,0,No Special Jurisdiction,12,Motor Vehicle In-Transport,2,Front-to-Front,0,No,3,Intersection-Related,3,T-Intersection,0,None,,,1,On Roadway,3,Dark - Lighted,,,,,1,Clear,0,No,0000000,Not Applicable,1,1:00am-1:59am,27,27,99,Unknown EMS Scene Arrival Hour,99,Unknown EMS Scene Arrival Minutes,99,Unknown,99,Unknown EMS Hospital Arrival Time,,,,,,,1,
2021,36,360359,New York,1,1,0,0,0,1,1,59,NASSAU (59),2600,HEMPSTEAD,6,6,4,April,2021,3,Tuesday,8,8:00am-8:59am,5,5,1,This section IS ON the NHS,2,Urban,2,Principal Arterial - Other Freeways and Expressways,1,State Highway Agency,3,State Highway,SR-908T,,99998,Not Reported,40.61216389,40.61216389,-73.549983330,-73.549983330,0,No Special Jurisdiction,59,"Traffic Sign Support ",0,The First Harmful Event was Not a Collision with a Motor Vehicle in Transport,0,No,1,Non-Junction,1,Not an Intersection,0,None,,,8,Gore,1,Daylight,,,,,1,Clear,0,No,0000000,Not Applicable,8,8:00am-8:59am,5,5,8,8:00am-8:59am,25,25,88,"Not Applicable (Not Transported) ",88,Not Applicable (Not Transported),,,,,,,1,
2021,36,360360,New York,1,1,0,0,0,1,1,103,SUFFOLK (103),5769,SMITHTOWN,4,4,6,June,2021,6,Friday,15,3:00pm-3:59pm,13,13,0,This section IS NOT on the NHS,2,Urban,7,Local,3,Town or Township Highway Agency,5,Local Street - Township,OLD COMMACK RD,,0,None,40.86828611,40.86828611,-73.278238890,-73.278238890,0,No Special Jurisdiction,42,Tree (Standing Only),0,The First Harmful Event was Not a Collision with a Motor Vehicle in Transport,0,No,1,Non-Junction,1,Not an Intersection,0,None,,,4,On Roadside,1,Daylight,,,,,1,Clear,0,No,0000000,Not Applicable,15,3:00pm-3:59pm,20,20,99,Unknown EMS Scene Arrival Hour,99,Unknown EMS Scene Arrival Minutes,88,"Not Applicable (Not Transported) ",88,Not Applicable (Not Transported),,,,,,,1,
2021,36,360361,New York,1,1,0,0,0,1,1,71,ORANGE (71),2690,HIGHLAND FALLS,5,5,6,June,2021,7,Saturday,0,0:00am-0:59am,32,32,1,This section IS ON the NHS,1,Rural,2,Principal Arterial - Other Freeways and Expressways,1,State Highway Agency,2,U.S. Highway,US-6,SEVEN LAKES DR,99998,Not Reported,41.30508056,41.30508056,-74.034097220,-74.034097220,0,No Special Jurisdiction,35,Embankment,0,The First Harmful Event was Not a Collision with a Motor Vehicle in Transport,0,No,3,Intersection-Related,5,Traffic Circle,0,None,,,12,Pedestrian Refuge Island or Traffic Island,2,Dark - Not Lighted,,,,,98,Not Reported,0,No,0000000,Not Applicable,0,0:00am-0:59am,36,36,0,0:00am-0:59am,57,57,2,2:00am-2:59am,2,2,,,,,,,1,
2021,36,360362,New York,1,1,0,0,0,1,1,29,ERIE (29),210,ANGOLA,14,14,6,June,2021,2,Monday,20,8:00pm-8:59pm,42,42,0,This section IS NOT on the NHS,2,Urban,5,Major Collector,1,State Highway Agency,3,State Highway,SR-32 EDEN EVANS CENTER RD,,99998,Not Reported,42.65250833,42.65250833,-79.010338890,-79.010338890,0,No Special Jurisdiction,10,Railway Vehicle,0,The First Harmful Event was Not a Collision with a Motor Vehicle in Transport,0,No,6,"Railway Grade Crossing ",1,Not an Intersection,0,None,,,1,On Roadway,1,Daylight,,,,,1,Clear,0,No,471728W,471728W,20,8:00pm-8:59pm,42,42,20,8:00pm-8:59pm,43,43,99,Unknown,99,Unknown EMS Hospital Arrival Time,,,,,,,1,
2021,36,360363,New York,1,1,0,0,0,2,2,63,NIAGARA (63),3220,LEWISTON,18,18,6,June,2021,6,Friday,21,9:00pm-9:59pm,30,30,1,This section IS ON the NHS,2,Urban,3,Principal Arterial - Other,1,State Highway Agency,3,State Highway,SR-104 LEWISTON RD,,99998,Not Reported,43.14564444,43.14564444,-79.039119440,-79.039119440,0,No Special Jurisdiction,42,Tree (Standing Only),0,The First Harmful Event was Not a Collision with a Motor Vehicle in Transport,0,No,1,Non-Junction,1,Not an Intersection,0,None,,,4,On Roadside,3,Dark - Lighted,,,,,1,Clear,0,No,0000000,Not Applicable,21,9:00pm-9:59pm,30,30,21,9:00pm-9:59pm,46,46,99,Unknown,99,Unknown EMS Hospital Arrival Time,,,,,,,1,
2021,36,360364,New York,1,1,0,0,0,1,1,119,WESTCHESTER (119),6670,WHITE PLAINS,19,19,6,June,2021,7,Saturday,21,9:00pm-9:59pm,0,0,1,This section IS ON the NHS,2,Urban,2,Principal Arterial - Other Freeways and Expressways,1,State Highway Agency,3,State Highway,SR-907W HUTCHINSON RIVER PKWY,,99998,Not Reported,40.98322500,40.98322500,-73.744166670,-73.744166670,0,No Special Jurisdiction,25,Concrete Traffic Barrier,0,The First Harmful Event was Not a Collision with a Motor Vehicle in Transport,0,No,1,Non-Junction,1,Not an Intersection,0,None,,,3,On Median,3,Dark - Lighted,,,,,2,Rain,0,No,0000000,Not Applicable,21,9:00pm-9:59pm,0,0,21,9:00pm-9:59pm,10,10,21,9:00pm-9:59pm,23,23,,,,,,,1,
2021,36,360365,New York,1,1,0,2,2,1,1,75,OSWEGO (75),5174,RICHLAND,6,6,6,June,2021,1,Sunday,17,5:00pm-5:59pm,35,35,0,This section IS NOT on the NHS,1,Rural,7,Local,3,Town or Township Highway Agency,4,County Road,CR-41,,99998,Not Reported,43.49683056,43.49683056,-76.177586110,-76.177586110,0,No Special Jurisdiction,49,Ridden Animal or Animal Drawn Conveyance,0,The First Harmful Event was Not a Collision with a Motor Vehicle in Transport,0,No,1,Non-Junction,1,Not an Intersection,0,None,,,1,On Roadway,1,Daylight,,,,,10,Cloudy,0,No,0000000,Not Applicable,17,5:00pm-5:59pm,35,35,17,5:00pm-5:59pm,40,40,99,Unknown,99,Unknown EMS Hospital Arrival Time,,,,,,,1,
2021,36,360366,New York,1,1,0,1,1,1,1,61,NEW YORK (61),4170,NEW YORK,4,4,6,June,2021,6,Friday,18,6:00pm-6:59pm,34,34,1,This section IS ON the NHS,2,Urban,3,Principal Arterial - Other,4,City or Municipal Highway Agency,6,Local Street - Municipality,AMSTERDAM AVE,W 64 ST,99998,Not Reported,40.77351389,40.77351389,-73.985411110,-73.985411110,0,No Special Jurisdiction,8,Pedestrian,0,The First Harmful Event was Not a Collision with a Motor Vehicle in Transport,0,No,3,Intersection-Related,3,T-Intersection,0,None,,,1,On Roadway,1,Daylight,,,,,1,Clear,0,No,0000000,Not Applicable,99,Unknown,99,Unknown,99,Unknown EMS Scene Arrival Hour,99,Unknown EMS Scene Arrival Minutes,99,Unknown,99,Unknown EMS Hospital Arrival Time,,,,,,,1,
2021,36,360367,New York,1,1,0,1,1,1,1,105,SULLIVAN (105),6800,WURTSBORO,12,12,5,May,2021,4,Wednesday,18,6:00pm-6:59pm,22,22,0,This section IS NOT on the NHS,1,Rural,5,Major Collector,2,County Highway Agency,4,County Road,CR-171 MAMAKATING RD,,99998,Not Reported,41.55790278,41.55790278,-74.450619440,-74.450619440,0,No Special Jurisdiction,8,Pedestrian,0,The First Harmful Event was Not a Collision with a Motor Vehicle in Transport,0,No,1,Non-Junction,1,Not an Intersection,0,None,,,2,On Shoulder,1,Daylight,,,,,1,Clear,0,No,0000000,Not Applicable,18,6:00pm-6:59pm,25,25,18,6:00pm-6:59pm,28,28,18,6:00pm-6:59pm,39,39,,,,,,,1,
2021,36,360368,New York,2,2,0,0,0,2,2,55,MONROE (55),1160,CHURCHVILLE,9,9,6,June,2021,4,Wednesday,8,8:00am-8:59am,32,32,0,This section IS NOT on the NHS,2,Urban,4,Minor Arterial,1,State Highway Agency,3,State Highway,SR-252 BEAVER RD,SR-386 SCOTTSVILLE CHILI RD,99998,Not Reported,43.09533889,43.09533889,-77.758444440,-77.758444440,0,No Special Jurisdiction,12,Motor Vehicle In-Transport,6,Angle,0,No,2,Intersection,2,Four-Way Intersection,0,None,,,1,On Roadway,1,Daylight,,,,,1,Clear,0,No,0000000,Not Applicable,8,8:00am-8:59am,32,32,8,8:00am-8:59am,35,35,88,"Not Applicable (Not Transported) ",88,Not Applicable (Not Transported),,,,,,,1,
2021,36,360369,New York,1,1,0,0,0,1,1,87,ROCKLAND (87),4063,NEW CITY,13,13,6,June,2021,1,Sunday,3,3:00am-3:59am,40,40,1,This section IS ON the NHS,2,Urban,3,Principal Arterial - Other,1,State Highway Agency,3,State Highway,SR-304,,99998,Not Reported,41.09221667,41.09221667,-73.998602780,-73.998602780,0,No Special Jurisdiction,24,Guardrail Face,0,The First Harmful Event was Not a Collision with a Motor Vehicle in Transport,0,No,1,Non-Junction,1,Not an Intersection,0,None,,,4,On Roadside,2,Dark - Not Lighted,,,,,1,Clear,0,No,0000000,Not Applicable,3,3:00am-3:59am,51,51,3,3:00am-3:59am,58,58,88,"Not Applicable (Not Transported) ",88,Not Applicable (Not Transported),,,,,,,1,
2021,36,360370,New York,2,2,0,0,0,3,3,47,KINGS (47),4170,NEW YORK CITY,18,18,6,June,2021,6,Friday,10,10:00am-10:59am,0,0,1,This section IS ON the NHS,2,Urban,3,Principal Arterial - Other,4,City or Municipal Highway Agency,6,Local Street - Municipality,ROGERS AVE,,99998,Not Reported,40.67577500,40.67577500,-73.952752780,-73.952752780,0,No Special Jurisdiction,5,Fell/Jumped from Vehicle,0,The First Harmful Event was Not a Collision with a Motor Vehicle in Transport,0,No,1,Non-Junction,1,Not an Intersection,0,None,,,1,On Roadway,1,Daylight,,,,,1,Clear,0,No,0000000,Not Applicable,10,10:00am-10:59am,4,4,10,10:00am-10:59am,9,9,10,10:00am-10:59am,20,20,,,,,,,2,
2021,36,360371,New York,2,2,0,0,0,2,2,5,BRONX (5),4170,NEW YORK CITY,18,18,6,June,2021,6,Friday,23,11:00pm-11:59pm,22,22,1,This section IS ON the NHS,2,Urban,2,Principal Arterial - Other Freeways and Expressways,4,City or Municipal Highway Agency,3,State Highway,SR-908F SOUTHERN BLVD,,99998,Not Reported,40.86610000,40.86610000,-73.872208330,-73.872208330,0,No Special Jurisdiction,12,Motor Vehicle In-Transport,1,Front-to-Rear,0,No,1,Non-Junction,1,Not an Intersection,0,None,,,1,On Roadway,3,Dark - Lighted,,,,,1,Clear,0,No,0000000,Not Applicable,23,11:00pm-11:59pm,22,22,99,Unknown EMS Scene Arrival Hour,99,Unknown EMS Scene Arrival Minutes,88,"Not Applicable (Not Transported) ",88,Not Applicable (Not Transported),,,,,,,1,
2021,36,360372,New York,2,1,1,1,1,1,1,5,BRONX (5),4170,NEW YORK CITY,19,19,6,June,2021,7,Saturday,19,7:00pm-7:59pm,18,18,1,This section IS ON the NHS,2,Urban,3,Principal Arterial - Other,4,City or Municipal Highway Agency,6,Local Street - Municipality,E TREMONT AVE,,99998,Not Reported,40.83975833,40.83975833,-73.872263890,-73.872263890,0,No Special Jurisdiction,15,Non-Motorist on Personal Conveyance,0,The First Harmful Event was Not a Collision with a Motor Vehicle in Transport,0,No,1,Non-Junction,1,Not an Intersection,0,None,,,1,On Roadway,1,Daylight,,,,,10,Cloudy,0,No,0000000,Not Applicable,99,Unknown,99,Unknown,99,Unknown EMS Scene Arrival Hour,99,Unknown EMS Scene Arrival Minutes,88,"Not Applicable (Not Transported) ",88,Not Applicable (Not Transported),,,,,,,1,
2021,36,360373,New York,2,2,0,0,0,3,3,23,CORTLAND (23),1380,CORTLAND,21,21,6,June,2021,2,Monday,11,11:00am-11:59am,18,18,1,This section IS ON the NHS,2,Urban,3,Principal Arterial - Other,1,State Highway Agency,3,State Highway,SR-13,,99998,Not Reported,42.56665833,42.56665833,-76.221316670,-76.221316670,0,No Special Jurisdiction,12,Motor Vehicle In-Transport,1,Front-to-Rear,0,No,1,Non-Junction,1,Not an Intersection,0,None,,,1,On Roadway,1,Daylight,,,,,1,Clear,0,No,0000000,Not Applicable,11,11:00am-11:59am,20,20,11,11:00am-11:59am,24,24,12,12:00pm-12:59pm,24,24,,,,,,,1,
2021,36,360374,New York,1,1,0,2,2,1,1,23,CORTLAND (23),1168,CINCINNATUS,15,15,6,June,2021,3,Tuesday,19,7:00pm-7:59pm,26,26,0,This section IS NOT on the NHS,1,Rural,6,Minor Collector,1,State Highway Agency,3,State Highway,SR-26,,99998,Not Reported,42.54928333,42.54928333,-75.902152780,-75.902152780,0,No Special Jurisdiction,9,Pedalcyclist,0,The First Harmful Event was Not a Collision with a Motor Vehicle in Transport,0,No,1,Non-Junction,1,Not an Intersection,0,None,,,2,On Shoulder,1,Daylight,,,,,1,Clear,0,No,0000000,Not Applicable,19,7:00pm-7:59pm,26,26,19,7:00pm-7:59pm,31,31,99,Unknown,99,Unknown EMS Hospital Arrival Time,,,,,,,1,
2021,36,360375,New York,1,1,0,1,1,1,1,59,NASSAU (59),4090,NEW HYDE PARK,22,22,6,June,2021,3,Tuesday,22,10:00pm-10:59pm,24,24,1,This section IS ON the NHS,2,Urban,3,Principal Arterial - Other,1,State Highway Agency,3,State Highway,SR-25 JERICHO TPKE,,99998,Not Reported,40.74126111,40.74126111,-73.662555560,-73.662555560,0,No Special Jurisdiction,8,Pedestrian,0,The First Harmful Event was Not a Collision with a Motor Vehicle in Transport,0,No,1,Non-Junction,1,Not an Intersection,0,None,,,1,On Roadway,3,Dark - Lighted,,,,,10,Cloudy,0,No,0000000,Not Applicable,22,10:00pm-10:59pm,27,27,22,10:00pm-10:59pm,29,29,22,10:00pm-10:59pm,46,46,,,,,,,1,
2021,36,360376,New York,1,1,0,1,1,1,1,61,NEW YORK (61),4170,NEW YORK,29,29,6,June,2021,3,Tuesday,17,5:00pm-5:59pm,38,38,0,This section IS NOT on the NHS,2,Urban,4,Minor Arterial,4,City or Municipal Highway Agency,6,Local Street - Municipality,CENTRAL PARK W,W 86TH ST,0,None,40.78528333,40.78528333,-73.969333330,-73.969333330,0,No Special Jurisdiction,9,Pedalcyclist,0,The First Harmful Event was Not a Collision with a Motor Vehicle in Transport,0,No,3,Intersection-Related,2,Four-Way Intersection,0,None,,,1,On Roadway,1,Daylight,,,,,1,Clear,0,No,0000000,Not Applicable,17,5:00pm-5:59pm,40,40,99,Unknown EMS Scene Arrival Hour,99,Unknown EMS Scene Arrival Minutes,99,Unknown,99,Unknown EMS Hospital Arrival Time,,,,,,,1,
2021,36,360377,New York,2,2,0,0,0,2,2,29,ERIE (29),3140,LANCASTER,28,28,4,April,2021,4,Wednesday,18,6:00pm-6:59pm,47,47,1,This section IS ON the NHS,2,Urban,3,Principal Arterial - Other,1,State Highway Agency,2,U.S. Highway,US-20 BROADWAY,CEMETERY RD,99998,Not Reported,42.89577500,42.89577500,-78.638222220,-78.638222220,0,No Special Jurisdiction,12,Motor Vehicle In-Transport,6,Angle,0,No,2,Intersection,3,T-Intersection,0,None,,,1,On Roadway,1,Daylight,,,,,10,Cloudy,1,Yes,0000000,Not Applicable,18,6:00pm-6:59pm,47,47,18,6:00pm-6:59pm,53,53,88,"Not Applicable (Not Transported) ",88,Not Applicable (Not Transported),,,,,,,1,
2021,36,360378,New York,4,2,2,0,0,5,5,47,KINGS (47),4170,NEW YORK CITY,29,29,6,June,2021,3,Tuesday,0,0:00am-0:59am,21,21,1,This section IS ON the NHS,2,Urban,3,Principal Arterial - Other,4,City or Municipal Highway Agency,6,Local Street - Municipality,ATLANTIC AVE,BRADFORD ST,99998,Not Reported,40.67621944,40.67621944,-73.893066670,-73.893066670,0,No Special Jurisdiction,12,Motor Vehicle In-Transport,6,Angle,0,No,2,Intersection,2,Four-Way Intersection,0,None,,,1,On Roadway,3,Dark - Lighted,,,,,1,Clear,0,No,0000000,Not Applicable,0,0:00am-0:59am,21,21,99,Unknown EMS Scene Arrival Hour,99,Unknown EMS Scene Arrival Minutes,99,Unknown,99,Unknown EMS Hospital Arrival Time,,,,,,,1,
2021,36,360379,New York,1,1,0,0,0,1,1,103,SUFFOLK (103),2920,ISLIP,23,23,3,March,2021,3,Tuesday,11,11:00am-11:59am,33,33,1,This section IS ON the NHS,2,Urban,2,Principal Arterial - Other Freeways and Expressways,1,State Highway Agency,3,State Highway,SR-908M SOUTHERN STATE PKWY,,99998,Not Reported,40.75362778,40.75362778,-73.238538890,-73.238538890,0,No Special Jurisdiction,42,Tree (Standing Only),0,The First Harmful Event was Not a Collision with a Motor Vehicle in Transport,0,No,1,Non-Junction,1,Not an Intersection,0,None,,,4,On Roadside,1,Daylight,,,,,1,Clear,0,No,0000000,Not Applicable,11,11:00am-11:59am,43,43,12,12:00pm-12:59pm,3,3,12,12:00pm-12:59pm,12,12,,,,,,,1,
2021,36,360380,New York,1,1,0,0,0,1,1,89,ST LAWRENCE (89),2330,GOUVERNEUR,12,12,6,June,2021,7,Saturday,13,1:00pm-1:59pm,8,8,0,This section IS NOT on the NHS,1,Rural,7,Local,3,Town or Township Highway Agency,5,Local Street - Township,ISLAND BRANCH RD,,0,None,44.31787500,44.31787500,-75.424602780,-75.424602780,0,No Special Jurisdiction,38,Fence,0,The First Harmful Event was Not a Collision with a Motor Vehicle in Transport,0,No,1,Non-Junction,1,Not an Intersection,0,None,,,4,On Roadside,1,Daylight,,,,,1,Clear,0,No,0000000,Not Applicable,13,1:00pm-1:59pm,8,8,13,1:00pm-1:59pm,20,20,99,Unknown,99,Unknown EMS Hospital Arrival Time,,,,,,,1,
2021,36,360381,New York,1,1,0,0,0,1,1,55,MONROE (55),5230,ROCHESTER,23,23,6,June,2021,4,Wednesday,13,1:00pm-1:59pm,8,8,1,This section IS ON the NHS,2,Urban,1,Interstate,1,State Highway Agency,1,Interstate,I-390,,99998,Not Reported,43.11760556,43.11760556,-77.636352780,-77.636352780,0,No Special Jurisdiction,24,Guardrail Face,0,The First Harmful Event was Not a Collision with a Motor Vehicle in Transport,0,No,1,Non-Junction,1,Not an Intersection,0,None,,,4,On Roadside,1,Daylight,,,,,1,Clear,0,No,0000000,Not Applicable,13,1:00pm-1:59pm,8,8,13,1:00pm-1:59pm,18,18,13,1:00pm-1:59pm,38,38,,,,,,,1,
2021,36,360382,New York,1,1,0,0,0,1,1,29,ERIE (29),156,AMHERST,13,13,6,June,2021,1,Sunday,5,5:00am-5:59am,40,40,1,This section IS ON the NHS,2,Urban,1,Interstate,1,State Highway Agency,1,Interstate,I-990 EXIT RAMP,,99998,Not Reported,43.02626667,43.02626667,-78.780855560,-78.780855560,0,No Special Jurisdiction,24,Guardrail Face,0,The First Harmful Event was Not a Collision with a Motor Vehicle in Transport,1,Yes,5,Entrance/Exit Ramp Related,1,Not an Intersection,0,None,,,4,On Roadside,2,Dark - Not Lighted,,,,,1,Clear,0,No,0000000,Not Applicable,99,Unknown,99,Unknown,99,Unknown EMS Scene Arrival Hour,99,Unknown EMS Scene Arrival Minutes,88,"Not Applicable (Not Transported) ",88,Not Applicable (Not Transported),,,,,,,1,
2021,36,360383,New York,1,1,0,0,0,1,1,65,ONEIDA (65),650,BRIDGEWATER,24,24,6,June,2021,5,Thursday,19,7:00pm-7:59pm,17,17,1,This section IS ON the NHS,1,Rural,3,Principal Arterial - Other,1,State Highway Agency,2,U.S. Highway,US-20,,99998,Not Reported,42.89951111,42.89951111,-75.306513890,-75.306513890,0,No Special Jurisdiction,24,Guardrail Face,0,The First Harmful Event was Not a Collision with a Motor Vehicle in Transport,0,No,1,Non-Junction,1,Not an Intersection,0,None,,,4,On Roadside,1,Daylight,,,,,1,Clear,0,No,0000000,Not Applicable,19,7:00pm-7:59pm,18,18,19,7:00pm-7:59pm,25,25,19,7:00pm-7:59pm,55,55,,,,,,,1,
2021,36,360384,New York,1,1,0,2,2,1,1,81,QUEENS (81),4170,MIDDLE VILLAGE,24,24,6,June,2021,5,Thursday,10,10:00am-10:59am,18,18,0,This section IS NOT on the NHS,2,Urban,4,Minor Arterial,4,City or Municipal Highway Agency,6,Local Street - Municipality,150 ST,CROSS ISLAND PKWY,99998,Not Reported,40.78695278,40.78695278,-73.813327780,-73.813327780,0,No Special Jurisdiction,8,Pedestrian,0,The First Harmful Event was Not a Collision with a Motor Vehicle in Transport,0,No,3,Intersection-Related,2,Four-Way Intersection,0,None,,,1,On Roadway,1,Daylight,,,,,1,Clear,0,No,0000000,Not Applicable,99,Unknown,99,Unknown,99,Unknown EMS Scene Arrival Hour,99,Unknown EMS Scene Arrival Minutes,99,Unknown,99,Unknown EMS Hospital Arrival Time,,,,,,,1,
2021,36,360385,New York,1,1,0,0,0,1,1,71,ORANGE (71),1140,CHESTER,25,25,6,June,2021,6,Friday,19,7:00pm-7:59pm,15,15,0,This section IS NOT on the NHS,2,Urban,5,Major Collector,1,State Highway Agency,3,State Highway,SR-17M,,99998,Not Reported,41.35446111,41.35446111,-74.254400000,-74.254400000,0,No Special Jurisdiction,24,Guardrail Face,0,The First Harmful Event was Not a Collision with a Motor Vehicle in Transport,0,No,1,Non-Junction,1,Not an Intersection,0,None,,,4,On Roadside,1,Daylight,,,,,10,Cloudy,0,No,0000000,Not Applicable,19,7:00pm-7:59pm,18,18,19,7:00pm-7:59pm,27,27,20,8:00pm-8:59pm,11,11,,,,,,,1,
2021,36,360386,New York,1,1,0,0,0,1,1,65,ONEIDA (65),6626,WESTMORELAND,21,21,6,June,2021,2,Monday,19,7:00pm-7:59pm,25,25,1,This section IS ON the NHS,1,Rural,3,Principal Arterial - Other,1,State Highway Agency,3,State Highway,SR-5,,99998,Not Reported,43.08057222,43.08057222,-75.425750000,-75.425750000,0,No Special Jurisdiction,30,Utility Pole/Light Support,0,The First Harmful Event was Not a Collision with a Motor Vehicle in Transport,0,No,1,Non-Junction,1,Not an Intersection,0,None,,,4,On Roadside,1,Daylight,,,,,2,Rain,0,No,0000000,Not Applicable,19,7:00pm-7:59pm,27,27,19,7:00pm-7:59pm,32,32,20,8:00pm-8:59pm,1,1,,,,,,,1,
2021,36,360387,New York,2,1,1,1,1,1,1,79,PUTNAM (79),900,CARMEL,25,25,6,June,2021,6,Friday,20,8:00pm-8:59pm,7,7,0,This section IS NOT on the NHS,2,Urban,4,Minor Arterial,1,State Highway Agency,3,State Highway,SR-6N S LAKE BLVD,,99998,Not Reported,41.37286667,41.37286667,-73.741530560,-73.741530560,0,No Special Jurisdiction,8,Pedestrian,0,The First Harmful Event was Not a Collision with a Motor Vehicle in Transport,0,No,1,Non-Junction,1,Not an Intersection,0,None,,,2,On Shoulder,1,Daylight,,,,,1,Clear,0,No,0000000,Not Applicable,20,8:00pm-8:59pm,7,7,20,8:00pm-8:59pm,9,9,20,8:00pm-8:59pm,46,46,,,,,,,1,