caseyear,state,st_case,statename,ve_total,ve_forms,pvh_invl,peds,pernotmvit,permvit,persons,county,countyname,city,cityname,day,dayname,month,monthname,year,day_week,day_weekname,hour,hourname,minute,minutename,nhs,nhsname,rur_urb,rur_urbname,func_sys,func_sysname,rd_owner,rd_ownername,route,routename,tway_id,tway_id2,milept,mileptname,latitude,latitudename,longitud,longitudname,sp_jur,sp_jurname,harm_ev,harm_evname,man_coll,man_collname,reljct1,reljct1name,reljct2,reljct2name,typ_int,typ_intname,wrk_zone,wrk_zonename,road_fnc,road_fncname,rel_road,rel_roadname,lgt_cond,lgt_condname,weather1,weather1name,weather2,weather2name,weather,weathername,sch_bus,sch_busname,rail,railname,not_hour,not_hourname,not_min,not_minname,arr_hour,arr_hourname,arr_min,arr_minname,hosp_hr,hosp_hrname,hosp_mn,hosp_mnname,cf1,cf1name,cf2,cf2name,cf3,cf3name,fatals,drunk_dr
2021,36,360462,New York,1,1,0,0,0,2,2,47,KINGS (47),4170,NEW YORK CITY,1,1,8,August,2021,1,Sunday,2,2:00am-2:59am,13,13,1,This section IS ON the NHS,2,Urban,3,Principal Arterial - Other,4,City or Municipal Highway Agency,6,Local Street - Municipality,ATLANTIC AVE,,0,None,40.67766667,40.67766667,-73.935922220,-73.935922220,0,No Special Jurisdiction,5,Fell/Jumped from Vehicle,0,The First Harmful Event was Not a Collision with a Motor Vehicle in Transport,0,No,1,Non-Junction,1,Not an Intersection,0,None,,,1,On Roadway,3,Dark - Lighted,,,,,1,Clear,0,No,0000000,Not Applicable,2,2:00am-2:59am,13,13,99,Unknown EMS Scene Arrival Hour,99,Unknown EMS Scene Arrival Minutes,99,Unknown,99,Unknown EMS Hospital Arrival Time,,,,,,,1,
2021,36,360463,New York,1,1,0,1,1,1,1,77,OTSEGO (77),3180,LAURENS,2,2,7,July,2021,6,Friday,21,9:00pm-9:59pm,45,45,0,This section IS NOT on the NHS,1,Rural,4,Minor Arterial,1,State Highway Agency,3,State Highway,SR-205,,99998,Not Reported,42.51935278,42.51935278,-75.092108330,-75.092108330,0,No Special Jurisdiction,9,Pedalcyclist,0,The First Harmful Event was Not a Collision with a Motor Vehicle in Transport,0,No,1,Non-Junction,1,Not an Intersection,0,None,,,2,On Shoulder,2,Dark - Not Lighted,,,,,2,Rain,0,No,0000000,Not Applicable,21,9:00pm-9:59pm,45,45,22,10:00pm-10:59pm,0,0,88,"Not Applicable (Not Transported) ",88,Not Applicable (Not Transported),,,,,,,1,
2021,36,360465,New York,1,1,0,1,1,1,1,119,WESTCHESTER (119),3480,MAMARONECK,21,21,7,July,2021,4,Wednesday,23,11:00pm-11:59pm,20,20,1,This section IS ON the NHS,2,Urban,3,Principal Arterial - Other,3,Town or Township Highway Agency,5,Local Street - Township,MAMARONECK AVE,,99998,Not Reported,40.95463056,40.95463056,-73.738958330,-73.738958330,0,No Special Jurisdiction,8,Pedestrian,0,The First Harmful Event was Not a Collision with a Motor Vehicle in Transport,0,No,1,Non-Junction,1,Not an Intersection,0,None,,,1,On Roadway,3,Dark - Lighted,,,,,1,Clear,0,No,0000000,Not Applicable,99,Unknown,99,Unknown,99,Unknown EMS Scene Arrival Hour,99,Unknown EMS Scene Arrival Minutes,99,Unknown,99,Unknown EMS Hospital Arrival Time,,,,,,,1,
2021,36,360466,New York,2,2,0,0,0,2,2,75,OSWEGO (75),4540,OSWEGO,1,1,7,July,2021,5,Thursday,16,4:00pm-4:59pm,18,18,1,This section IS ON the NHS,2,Urban,3,Principal Arterial - Other,1,State Highway Agency,3,State Highway,SR-481,CHURCHILL RD,99998,Not Reported,43.42949722,43.42949722,-76.478541670,-76.478541670,0,No Special Jurisdiction,12,Motor Vehicle In-Transport,6,Angle,0,No,2,Intersection,3,T-Intersection,0,None,,,1,On Roadway,1,Daylight,,,,,1,Clear,0,No,0000000,Not Applicable,16,4:00pm-4:59pm,18,18,16,4:00pm-4:59pm,20,20,17,5:00pm-5:59pm,41,41,,,,,,,1,
2021,36,360467,New York,1,1,0,2,2,2,2,109,TOMPKINS (109),2940,ITHACA,21,21,7,July,2021,4,Wednesday,18,6:00pm-6:59pm,24,24,0,This section IS NOT on the NHS,2,Urban,4,Minor Arterial,1,State Highway Agency,3,State Highway,SR-96 TRUMANSBURG RD,,99998,Not Reported,42.47141944,42.47141944,-76.547266670,-76.547266670,0,No Special Jurisdiction,8,Pedestrian,0,The First Harmful Event was Not a Collision with a Motor Vehicle in Transport,0,No,1,Non-Junction,1,Not an Intersection,0,None,,,2,On Shoulder,1,Daylight,,,,,1,Clear,0,No,0000000,Not Applicable,18,6:00pm-6:59pm,24,24,18,6:00pm-6:59pm,26,26,18,6:00pm-6:59pm,42,42,,,,,,,1,
2021,36,360468,New York,1,1,0,1,1,3,3,81,QUEENS (81),4170,MIDDLE VILLAGE,26,26,7,July,2021,2,Monday,0,0:00am-0:59am,9,9,1,This section IS ON the NHS,2,Urban,1,Interstate,1,State Highway Agency,1,Interstate,I-495 LONG ISLAND EXPY,,99998,Not Reported,40.74232778,40.74232778,-73.825366670,-73.825366670,0,No Special Jurisdiction,8,Pedestrian,0,The First Harmful Event was Not a Collision with a Motor Vehicle in Transport,0,No,1,Non-Junction,1,Not an Intersection,0,None,,,1,On Roadway,3,Dark - Lighted,,,,,1,Clear,0,No,0000000,Not Applicable,0,0:00am-0:59am,9,9,99,Unknown EMS Scene Arrival Hour,99,Unknown EMS Scene Arrival Minutes,99,Unknown,99,Unknown EMS Hospital Arrival Time,,,,,,,1,
2021,36,360469,New York,1,1,0,0,0,1,1,89,ST LAWRENCE (89),3580,MASSENA,24,24,6,June,2021,5,Thursday,22,10:00pm-10:59pm,45,45,1,This section IS ON the NHS,1,Rural,3,Principal Arterial - Other,1,State Highway Agency,3,State Highway,SR-37,,99998,Not Reported,44.97150556,44.97150556,-74.756077780,-74.756077780,0,No Special Jurisdiction,1,Rollover/Overturn,0,The First Harmful Event was Not a Collision with a Motor Vehicle in Transport,0,No,1,Non-Junction,1,Not an Intersection,0,None,,,3,On Median,2,Dark - Not Lighted,,,,,10,Cloudy,0,No,0000000,Not Applicable,22,10:00pm-10:59pm,45,45,22,10:00pm-10:59pm,51,51,23,11:00pm-11:59pm,50,50,,,,,,,1,
2021,36,360470,New York,2,2,0,0,0,2,2,53,MADISON (53),2490,HAMILTON,22,22,7,July,2021,5,Thursday,9,9:00am-9:59am,54,54,0,This section IS NOT on the NHS,1,Rural,4,Minor Arterial,1,State Highway Agency,3,State Highway,SR-12B UTICA ST,,99998,Not Reported,42.82843889,42.82843889,-75.546780560,-75.546780560,0,No Special Jurisdiction,12,Motor Vehicle In-Transport,2,Front-to-Front,0,No,1,Non-Junction,1,Not an Intersection,0,None,,,1,On Roadway,1,Daylight,,,,,1,Clear,0,No,0000000,Not Applicable,9,9:00am-9:59am,54,54,9,9:00am-9:59am,58,58,10,10:00am-10:59am,49,49,,,,,,,1,
2021,36,360471,New York,2,2,0,0,0,2,2,47,KINGS (47),4170,NEW YORK CITY,22,22,7,July,2021,5,Thursday,6,6:00am-6:59am,8,8,1,This section IS ON the NHS,2,Urban,3,Principal Arterial - Other,1,State Highway Agency,3,State Highway,SR-27 CATON AVE,E 7TH ST,0,None,40.64757778,40.64757778,-73.973552780,-73.973552780,0,No Special Jurisdiction,12,Motor Vehicle In-Transport,7,Sideswipe - Same Direction,0,No,2,Intersection,2,Four-Way Intersection,0,None,,,1,On Roadway,1,Daylight,,,,,1,Clear,0,No,0000000,Not Applicable,99,Unknown,99,Unknown,99,Unknown EMS Scene Arrival Hour,99,Unknown EMS Scene Arrival Minutes,88,"Not Applicable (Not Transported) ",88,Not Applicable (Not Transported),,,,,,,1,
2021,36,360472,New York,2,2,0,0,0,4,4,59,NASSAU (59),2600,HEMPSTEAD,23,23,7,July,2021,6,Friday,4,4:00am-4:59am,55,55,0,This section IS NOT on the NHS,2,Urban,4,Minor Arterial,3,Town or Township Highway Agency,5,Local Street - Township,ROCKAWAY TPK,,0,None,40.62344167,40.62344167,-73.734752780,-73.734752780,0,No Special Jurisdiction,12,Motor Vehicle In-Transport,6,Angle,0,No,1,Non-Junction,1,Not an Intersection,0,None,,,1,On Roadway,3,Dark - Lighted,,,,,10,Cloudy,0,No,0000000,Not Applicable,99,Unknown,99,Unknown,99,Unknown EMS Scene Arrival Hour,99,Unknown EMS Scene Arrival Minutes,99,Unknown,99,Unknown EMS Hospital Arrival Time,,,,,,,1,
2021,36,360473,New York,1,1,0,0,0,1,1,75,OSWEGO (75),2200,FULTON,25,25,7,July,2021,1,Sunday,2,2:00am-2:59am,4,4,0,This section IS NOT on the NHS,1,Rural,4,Minor Arterial,1,State Highway Agency,3,State Highway,SR-48,,99998,Not Reported,43.23891389,43.23891389,-76.358019440,-76.358019440,0,No Special Jurisdiction,1,Rollover/Overturn,0,The First Harmful Event was Not a Collision with a Motor Vehicle in Transport,0,No,1,Non-Junction,1,Not an Intersection,0,None,,,4,On Roadside,2,Dark - Not Lighted,,,,,2,Rain,0,No,0000000,Not Applicable,2,2:00am-2:59am,4,4,2,2:00am-2:59am,17,17,88,"Not Applicable (Not Transported) ",88,Not Applicable (Not Transported),,,,,,,1,
2021,36,360474,New York,1,1,0,0,0,1,1,93,SCHENECTADY (93),4683,PATTERSONVILLE,28,28,7,July,2021,4,Wednesday,22,10:00pm-10:59pm,35,35,0,This section IS NOT on the NHS,1,Rural,4,Minor Arterial,1,State Highway Agency,3,State Highway,SR-160 SCOTCH CHURCH RD,,99998,Not Reported,42.87197778,42.87197778,-74.103130560,-74.103130560,0,No Special Jurisdiction,30,Utility Pole/Light Support,0,The First Harmful Event was Not a Collision with a Motor Vehicle in Transport,0,No,1,Non-Junction,1,Not an Intersection,0,None,,,4,On Roadside,2,Dark - Not Lighted,,,,,10,Cloudy,0,No,0000000,Not Applicable,22,10:00pm-10:59pm,38,38,23,11:00pm-11:59pm,26,26,88,"Not Applicable (Not Transported) ",88,Not Applicable (Not Transported),,,,,,,1,
2021,36,360475,New York,1,1,0,0,0,5,5,119,WESTCHESTER (119),6820,YONKERS,31,31,7,July,2021,7,Saturday,23,11:00pm-11:59pm,51,51,1,This section IS ON the NHS,2,Urban,2,Principal Arterial - Other Freeways and Expressways,1,State Highway Agency,3,State Highway,SR-907K CROSS COUNTY PKWY,,99998,Not Reported,40.93242778,40.93242778,-73.879311110,-73.879311110,0,No Special Jurisdiction,25,Concrete Traffic Barrier,0,The First Harmful Event was Not a Collision with a Motor Vehicle in Transport,0,No,1,Non-Junction,1,Not an Intersection,0,None,,,4,On Roadside,2,Dark - Not Lighted,,,,,1,Clear,0,No,0000000,Not Applicable,23,11:00pm-11:59pm,51,51,99,Unknown EMS Scene Arrival Hour,99,Unknown EMS Scene Arrival Minutes,99,Unknown,99,Unknown EMS Hospital Arrival Time,,,,,,,1,
2021,36,360476,New York,2,2,0,0,0,3,3,99,SENECA (99),6440,WATERLOO,23,23,6,June,2021,4,Wednesday,19,7:00pm-7:59pm,17,17,0,This section IS NOT on the NHS,1,Rural,5,Major Collector,1,State Highway Agency,3,State Highway,SR-318,,99998,Not Reported,42.95470556,42.95470556,-76.900241670,-76.900241670,0,No Special Jurisdiction,12,Motor Vehicle In-Transport,1,Front-to-Rear,0,No,1,Non-Junction,1,Not an Intersection,0,None,,,1,On Roadway,1,Daylight,,,,,1,Clear,0,No,0000000,Not Applicable,19,7:00pm-7:59pm,17,17,19,7:00pm-7:59pm,25,25,20,8:00pm-8:59pm,40,40,,,,,,,1,
2021,36,360477,New York,2,2,0,0,0,2,2,1,ALBANY (1),1245,COEYMANS,25,25,7,July,2021,1,Sunday,16,4:00pm-4:59pm,20,20,1,This section IS ON the NHS,1,Rural,1,Interstate,1,State Highway Agency,1,Interstate,I-87,,99998,Not Reported,42.50994167,42.50994167,-73.790641670,-73.790641670,0,No Special Jurisdiction,12,Motor Vehicle In-Transport,1,Front-to-Rear,1,Yes,5,Entrance/Exit Ramp Related,1,Not an Intersection,0,None,,,1,On Roadway,1,Daylight,,,,,1,Clear,0,No,0000000,Not Applicable,16,4:00pm-4:59pm,20,20,16,4:00pm-4:59pm,35,35,88,"Not Applicable (Not Transported) ",88,Not Applicable (Not Transported),,,,,,,1,
2021,36,360478,New York,4,4,0,0,0,4,4,59,NASSAU (59),4600,OYSTER BAY,17,17,6,June,2021,5,Thursday,17,5:00pm-5:59pm,10,10,1,This section IS ON the NHS,2,Urban,2,Principal Arterial - Other Freeways and Expressways,1,State Highway Agency,3,State Highway,SR-908M,,99998,Not Reported,40.70525278,40.70525278,-73.443163890,-73.443163890,0,No Special Jurisdiction,12,Motor Vehicle In-Transport,1,Front-to-Rear,0,No,1,Non-Junction,1,Not an Intersection,0,None,,,1,On Roadway,1,Daylight,,,,,1,Clear,0,No,0000000,Not Applicable,17,5:00pm-5:59pm,10,10,17,5:00pm-5:59pm,12,12,17,5:00pm-5:59pm,21,21,,,,,,,1,
2021,36,360479,New York,2,1,1,0,1,1,2,59,NASSAU (59),4600,OYSTER BAY,23,23,7,July,2021,6,Friday,23,11:00pm-11:59pm,45,45,1,This section IS ON the NHS,2,Urban,2,Principal Arterial - Other Freeways and Expressways,1,State Highway Agency,3,State Highway,SR-135,,99998,Not Reported,40.74036667,40.74036667,-73.473894440,-73.473894440,0,No Special Jurisdiction,45,"Working Motor Vehicle ",0,The First Harmful Event was Not a Collision with a Motor Vehicle in Transport,0,No,1,Non-Junction,1,Not an Intersection,4,"Work Zone, Type Unknown",,,1,On Roadway,2,Dark - Not Lighted,,,,,1,Clear,0,No,0000000,Not Applicable,23,11:00pm-11:59pm,49,49,23,11:00pm-11:59pm,53,53,0,0:00am-0:59am,20,20,,,,,,,1,
2021,36,360480,New York,1,1,0,1,1,1,1,103,SUFFOLK (103),2840,HUNTINGTON,3,3,5,May,2021,2,Monday,18,6:00pm-6:59pm,26,26,1,This section IS ON the NHS,2,Urban,3,Principal Arterial - Other,1,State Highway Agency,3,State Highway,SR-25A MAIN ST,,99998,Not Reported,40.87115833,40.87115833,-73.426700000,-73.426700000,0,No Special Jurisdiction,8,Pedestrian,0,The First Harmful Event was Not a Collision with a Motor Vehicle in Transport,0,No,1,Non-Junction,1,Not an Intersection,0,None,,,1,On Roadway,1,Daylight,,,,,10,Cloudy,0,No,0000000,Not Applicable,99,Unknown,99,Unknown,99,Unknown EMS Scene Arrival Hour,99,Unknown EMS Scene Arrival Minutes,99,Unknown,99,Unknown EMS Hospital Arrival Time,,,,,,,1,
2021,36,360481,New York,1,1,0,0,0,2,2,33,FRANKLIN (33),5401,ST. REGIS FALLS,5,5,7,July,2021,2,Monday,1,1:00am-1:59am,26,26,0,This section IS NOT on the NHS,1,Rural,5,Major Collector,1,State Highway Agency,3,State Highway,SR-458,,99998,Not Reported,44.66487500,44.66487500,-74.575569440,-74.575569440,0,No Special Jurisdiction,1,Rollover/Overturn,0,The First Harmful Event was Not a Collision with a Motor Vehicle in Transport,0,No,1,Non-Junction,1,Not an Intersection,0,None,,,1,On Roadway,2,Dark - Not Lighted,,,,,10,Cloudy,0,No,0000000,Not Applicable,1,1:00am-1:59am,22,22,1,1:00am-1:59am,36,36,2,2:00am-2:59am,15,15,,,,,,,1,
2021,36,360482,New York,2,2,0,0,0,6,6,103,SUFFOLK (103),5070,QUOGUE,24,24,7,July,2021,7,Saturday,23,11:00pm-11:59pm,19,19,0,This section IS NOT on the NHS,2,Urban,4,Minor Arterial,2,County Highway Agency,4,County Road,CR-80 MONTAUK HWY,,99998,Not Reported,40.82245833,40.82245833,-72.616561110,-72.616561110,0,No Special Jurisdiction,12,Motor Vehicle In-Transport,2,Front-to-Front,0,No,1,Non-Junction,1,Not an Intersection,0,None,,,1,On Roadway,3,Dark - Lighted,,,,,1,Clear,0,No,0000000,Not Applicable,23,11:00pm-11:59pm,20,20,23,11:00pm-11:59pm,24,24,0,0:00am-0:59am,21,21,,,,,,,5,
2021,36,360483,New York,2,2,0,0,0,6,6,81,QUEENS (81),4170,MIDDLE VILLAGE,24,24,7,July,2021,7,Saturday,20,8:00pm-8:59pm,45,45,1,This section IS ON the NHS,2,Urban,3,Principal Arterial - Other,4,City or Municipal Highway Agency,6,Local Street - Municipality,ROCKAWAY BLVD,GUY R BREWER BLVD,99998,Not Reported,40.65628611,40.65628611,-73.767363890,-73.767363890,0,No Special Jurisdiction,12,Motor Vehicle In-Transport,6,Angle,0,No,2,Intersection,2,Four-Way Intersection,0,None,,,1,On Roadway,5,Dusk,,,,,1,Clear,0,No,0000000,Not Applicable,20,8:00pm-8:59pm,45,45,20,8:00pm-8:59pm,50,50,99,Unknown,99,Unknown EMS Hospital Arrival Time,,,,,,,2,
2021,36,360484,New York,1,1,0,0,0,2,2,103,SUFFOLK (103),5769,SMITHTOWN,23,23,4,April,2021,6,Friday,13,1:00pm-1:59pm,15,15,0,This section IS NOT on the NHS,2,Urban,7,Local,3,Town or Township Highway Agency,5,Local Street - Township,LAKE AVE,,0,None,40.87219722,40.87219722,-73.155680560,-73.155680560,0,No Special Jurisdiction,30,Utility Pole/Light Support,0,The First Harmful Event was Not a Collision with a Motor Vehicle in Transport,0,No,1,Non-Junction,1,Not an Intersection,0,None,,,4,On Roadside,1,Daylight,,,,,1,Clear,0,No,0000000,Not Applicable,99,Unknown,99,Unknown,99,Unknown EMS Scene Arrival Hour,99,Unknown EMS Scene Arrival Minutes,99,Unknown,99,Unknown EMS Hospital Arrival Time,,,,,,,1,
2021,36,360485,New York,1,1,0,0,0,1,1,33,FRANKLIN (33),6150,TUPPER LAKE,28,28,7,July,2021,4,Wednesday,14,2:00pm-2:59pm,3,3,0,This section IS NOT on the NHS,2,Urban,7,Local,3,Town or Township Highway Agency,5,Local Street - Township,2ND ST,SEYMOUR AVE,0,None,44.21876111,44.21876111,-74.461088890,-74.461088890,0,No Special Jurisdiction,42,Tree (Standing Only),0,The First Harmful Event was Not a Collision with a Motor Vehicle in Transport,0,No,3,Intersection-Related,3,T-Intersection,0,None,,,4,On Roadside,1,Daylight,,,,,10,Cloudy,0,No,0000000,Not Applicable,14,2:00pm-2:59pm,5,5,14,2:00pm-2:59pm,12,12,99,Unknown,99,Unknown EMS Hospital Arrival Time,,,,,,,1,
2021,36,360486,New York,1,1,0,1,1,1,1,103,SUFFOLK (103),2920,ISLIP,17,17,4,April,2021,7,Saturday,1,1:00am-1:59am,1,1,1,This section IS ON the NHS,2,Urban,2,Principal Arterial - Other Freeways and Expressways,1,State Highway Agency,3,State Highway,"SR-27 SUNRISE HWY ",,99998,Not Reported,40.73196667,40.73196667,-73.266058330,-73.266058330,0,No Special Jurisdiction,8,Pedestrian,0,The First Harmful Event was Not a Collision with a Motor Vehicle in Transport,1,Yes,18,Through Roadway,1,Not an Intersection,0,None,,,1,On Roadway,2,Dark - Not Lighted,,,,,10,Cloudy,0,No,0000000,Not Applicable,99,Unknown,99,Unknown,99,Unknown EMS Scene Arrival Hour,99,Unknown EMS Scene Arrival Minutes,99,Unknown,99,Unknown EMS Hospital Arrival Time,,,,,,,1,
2021,36,360487,New York,2,2,0,1,1,2,2,103,SUFFOLK (103),705,BROOKHAVEN,24,24,4,April,2021,7,Saturday,3,3:00am-3:59am,10,10,1,This section IS ON the NHS,2,Urban,1,Interstate,1,State Highway Agency,1,Interstate,I-495,,99998,Not Reported,99.99990000,99.99990000,999.999900000,999.999900000,0,No Special Jurisdiction,12,Motor Vehicle In-Transport,6,Angle,0,No,1,Non-Junction,1,Not an Intersection,0,None,,,1,On Roadway,2,Dark - Not Lighted,,,,,1,Clear,0,No,0000000,Not Applicable,3,3:00am-3:59am,13,13,3,3:00am-3:59am,15,15,88,"Not Applicable (Not Transported) ",88,Not Applicable (Not Transported),,,,,,,1,
2021,36,360488,New York,3,2,1,0,0,5,5,29,ERIE (29),750,BUFFALO,28,28,7,July,2021,4,Wednesday,21,9:00pm-9:59pm,9,9,0,This section IS NOT on the NHS,2,Urban,7,Local,4,City or Municipal Highway Agency,6,Local Street - Municipality,WALDEN AVE,BARTHEL ST,0,None,42.90356944,42.90356944,-78.827347220,-78.827347220,0,No Special Jurisdiction,12,Motor Vehicle In-Transport,6,Angle,0,No,2,Intersection,3,T-Intersection,0,None,,,1,On Roadway,3,Dark - Lighted,,,,,1,Clear,0,No,0000000,Not Applicable,99,Unknown,99,Unknown,21,9:00pm-9:59pm,16,16,21,9:00pm-9:59pm,21,21,,,,,,,1,
2021,36,360489,New York,1,1,0,0,0,1,1,103,SUFFOLK (103),705,BROOKHAVEN,17,17,7,July,2021,7,Saturday,23,11:00pm-11:59pm,40,40,1,This section IS ON the NHS,2,Urban,3,Principal Arterial - Other,1,State Highway Agency,3,State Highway,SR-112,,99998,Not Reported,40.83956667,40.83956667,-72.996461110,-72.996461110,0,No Special Jurisdiction,59,"Traffic Sign Support ",0,The First Harmful Event was Not a Collision with a Motor Vehicle in Transport,0,No,1,Non-Junction,1,Not an Intersection,0,None,,,3,On Median,3,Dark - Lighted,,,,,1,Clear,0,No,0000000,Not Applicable,99,Unknown,99,Unknown,99,Unknown EMS Scene Arrival Hour,99,Unknown EMS Scene Arrival Minutes,88,"Not Applicable (Not Transported) ",88,Not Applicable (Not Transported),,,,,,,1,
2021,36,360490,New York,1,1,0,1,1,1,1,119,WESTCHESTER (119),6670,WHITE PLAINS,31,31,7,July,2021,7,Saturday,20,8:00pm-8:59pm,28,28,1,This section IS ON the NHS,2,Urban,3,Principal Arterial - Other,1,State Highway Agency,3,State Highway,SR-100 CENTRAL AVE,,99998,Not Reported,41.03402222,41.03402222,-73.784486110,-73.784486110,0,No Special Jurisdiction,8,Pedestrian,0,The First Harmful Event was Not a Collision with a Motor Vehicle in Transport,0,No,1,Non-Junction,1,Not an Intersection,0,None,,,1,On Roadway,5,Dusk,,,,,1,Clear,0,No,0000000,Not Applicable,20,8:00pm-8:59pm,28,28,20,8:00pm-8:59pm,38,38,21,9:00pm-9:59pm,10,10,,,,,,,1,
2021,36,360491,New York,2,2,0,0,0,5,5,103,SUFFOLK (103),705,BROOKHAVEN,20,20,4,April,2021,3,Tuesday,18,6:00pm-6:59pm,28,28,1,This section IS ON the NHS,2,Urban,3,Principal Arterial - Other,1,State Highway Agency,3,State Highway,SR-25A,,99998,Not Reported,40.93388611,40.93388611,-73.025913890,-73.025913890,0,No Special Jurisdiction,12,Motor Vehicle In-Transport,2,Front-to-Front,0,No,1,Non-Junction,1,Not an Intersection,0,None,,,1,On Roadway,1,Daylight,,,,,1,Clear,0,No,0000000,Not Applicable,99,Unknown,99,Unknown,99,Unknown EMS Scene Arrival Hour,99,Unknown EMS Scene Arrival Minutes,99,Unknown,99,Unknown EMS Hospital Arrival Time,,,,,,,1,
2021,36,360492,New York,2,2,0,0,0,3,3,103,SUFFOLK (103),705,BROOKHAVEN,21,21,4,April,2021,4,Wednesday,10,10:00am-10:59am,55,55,0,This section IS NOT on the NHS,2,Urban,4,Minor Arterial,3,Town or Township Highway Agency,5,Local Street - Township,NEIGHBORHOOD RD,COMMACK RD,0,None,40.76210000,40.76210000,-72.859036110,-72.859036110,0,No Special Jurisdiction,12,Motor Vehicle In-Transport,2,Front-to-Front,0,No,2,Intersection,2,Four-Way Intersection,0,None,,,1,On Roadway,1,Daylight,,,,,10,Cloudy,0,No,0000000,Not Applicable,99,Unknown,99,Unknown,99,Unknown EMS Scene Arrival Hour,99,Unknown EMS Scene Arrival Minutes,99,Unknown,99,Unknown EMS Hospital Arrival Time,,,,,,,1,
2021,36,360493,New York,2,2,0,0,0,2,2,13,CHAUTAUQUA (13),2950,JAMESTOWN,30,30,7,July,2021,6,Friday,5,5:00am-5:59am,45,45,0,This section IS NOT on the NHS,2,Urban,7,Local,2,County Highway Agency,4,County Road,CR-322 NEWLAND AVE,,0,None,42.08612222,42.08612222,-79.248958330,-79.248958330,0,No Special Jurisdiction,12,Motor Vehicle In-Transport,2,Front-to-Front,0,No,1,Non-Junction,1,Not an Intersection,0,None,,,1,On Roadway,4,Dawn,,,,,1,Clear,0,No,0000000,Not Applicable,5,5:00am-5:59am,45,45,5,5:00am-5:59am,47,47,88,"Not Applicable (Not Transported) ",88,Not Applicable (Not Transported),,,,,,,1,
2021,36,360494,New York,1,1,0,0,0,1,1,95,SCHOHARIE (95),1240,COBLESKILL,16,16,7,July,2021,6,Friday,20,8:00pm-8:59pm,10,10,0,This section IS NOT on the NHS,1,Rural,7,Local,3,Town or Township Highway Agency,5,Local Street - Township,LOONENBERGH TURNPIKE,,99998,Not Reported,42.72271389,42.72271389,-74.550944440,-74.550944440,0,No Special Jurisdiction,1,Rollover/Overturn,0,The First Harmful Event was Not a Collision with a Motor Vehicle in Transport,0,No,1,Non-Junction,1,Not an Intersection,0,None,,,1,On Roadway,5,Dusk,,,,,1,Clear,0,No,0000000,Not Applicable,20,8:00pm-8:59pm,8,8,20,8:00pm-8:59pm,15,15,88,"Not Applicable (Not Transported) ",88,Not Applicable (Not Transported),,,,,,,1,
2021,36,360495,New York,2,2,0,0,0,2,2,61,NEW YORK (61),4170,NEW YORK,24,24,7,July,2021,7,Saturday,2,2:00am-2:59am,36,36,1,This section IS ON the NHS,2,Urban,3,Principal Arterial - Other,4,City or Municipal Highway Agency,6,Local Street - Municipality,FREDERICK DOUGLASS BLVD,W 142 ST,99998,Not Reported,40.82095000,40.82095000,-73.943380560,-73.943380560,0,No Special Jurisdiction,12,Motor Vehicle In-Transport,6,Angle,0,No,2,Intersection,2,Four-Way Intersection,0,None,,,1,On Roadway,3,Dark - Lighted,,,,,1,Clear,0,No,0000000,Not Applicable,2,2:00am-2:59am,36,36,99,Unknown EMS Scene Arrival Hour,99,Unknown EMS Scene Arrival Minutes,99,Unknown,99,Unknown EMS Hospital Arrival Time,,,,,,,1,
2021,36,360496,New York,2,1,1,0,0,1,1,5,BRONX (5),4170,NEW YORK CITY,26,26,7,July,2021,2,Monday,0,0:00am-0:59am,37,37,1,This section IS ON the NHS,2,Urban,1,Interstate,1,State Highway Agency,1,Interstate,I-95 BRUCKNER EXPY,,99998,Not Reported,40.84781111,40.84781111,-73.826586110,-73.826586110,0,No Special Jurisdiction,25,Concrete Traffic Barrier,0,The First Harmful Event was Not a Collision with a Motor Vehicle in Transport,0,No,1,Non-Junction,1,Not an Intersection,0,None,,,4,On Roadside,3,Dark - Lighted,,,,,2,Rain,0,No,0000000,Not Applicable,0,0:00am-0:59am,37,37,99,Unknown EMS Scene Arrival Hour,99,Unknown EMS Scene Arrival Minutes,88,"Not Applicable (Not Transported) ",88,Not Applicable (Not Transported),,,,,,,1,
2021,36,360497,New York,2,2,0,0,0,4,4,47,KINGS (47),4170,NEW YORK CITY,31,31,7,July,2021,7,Saturday,21,9:00pm-9:59pm,38,38,1,This section IS ON the NHS,2,Urban,2,Principal Arterial - Other Freeways and Expressways,4,City or Municipal Highway Agency,6,Local Street - Municipality,WILLIAMSBURG BRIDGE,,99998,Not Reported,40.71240000,40.71240000,-73.968527780,-73.968527780,0,No Special Jurisdiction,12,Motor Vehicle In-Transport,7,Sideswipe - Same Direction,0,No,1,Non-Junction,1,Not an Intersection,0,None,,,1,On Roadway,3,Dark - Lighted,,,,,1,Clear,0,No,0000000,Not Applicable,21,9:00pm-9:59pm,38,38,99,Unknown EMS Scene Arrival Hour,99,Unknown EMS Scene Arrival Minutes,88,"Not Applicable (Not Transported) ",88,Not Applicable (Not Transported),,,,,,,1,