caseyear,state,st_case,statename,ve_total,ve_forms,pvh_invl,peds,pernotmvit,permvit,persons,county,countyname,city,cityname,day,dayname,month,monthname,year,day_week,day_weekname,hour,hourname,minute,minutename,nhs,nhsname,rur_urb,rur_urbname,func_sys,func_sysname,rd_owner,rd_ownername,route,routename,tway_id,tway_id2,milept,mileptname,latitude,latitudename,longitud,longitudname,sp_jur,sp_jurname,harm_ev,harm_evname,man_coll,man_collname,reljct1,reljct1name,reljct2,reljct2name,typ_int,typ_intname,wrk_zone,wrk_zonename,road_fnc,road_fncname,rel_road,rel_roadname,lgt_cond,lgt_condname,weather1,weather1name,weather2,weather2name,weather,weathername,sch_bus,sch_busname,rail,railname,not_hour,not_hourname,not_min,not_minname,arr_hour,arr_hourname,arr_min,arr_minname,hosp_hr,hosp_hrname,hosp_mn,hosp_mnname,cf1,cf1name,cf2,cf2name,cf3,cf3name,fatals,drunk_dr
2021,36,360498,New York,1,1,0,1,1,1,1,45,JEFFERSON (45),1900,EVANS MILLS,6,6,7,July,2021,3,Tuesday,22,10:00pm-10:59pm,29,29,1,This section IS ON the NHS,2,Urban,3,Principal Arterial - Other,1,State Highway Agency,2,U.S. Highway,US-11,JOHNSON RD,99998,Not Reported,44.04032778,44.04032778,-75.840375000,-75.840375000,0,No Special Jurisdiction,8,Pedestrian,0,The First Harmful Event was Not a Collision with a Motor Vehicle in Transport,0,No,2,Intersection,2,Four-Way Intersection,0,None,,,1,On Roadway,2,Dark - Not Lighted,,,,,10,Cloudy,0,No,0000000,Not Applicable,22,10:00pm-10:59pm,29,29,23,11:00pm-11:59pm,35,35,88,"Not Applicable (Not Transported) ",88,Not Applicable (Not Transported),,,,,,,1,
2021,36,360499,New York,2,2,0,0,0,2,2,1,ALBANY (1),2464,GUILDERLAND,25,25,6,June,2021,6,Friday,6,6:00am-6:59am,43,43,1,This section IS ON the NHS,2,Urban,3,Principal Arterial - Other,1,State Highway Agency,2,U.S. Highway,US-20 WESTERN AVE,,99998,Not Reported,42.68443889,42.68443889,-73.847827780,-73.847827780,0,No Special Jurisdiction,12,Motor Vehicle In-Transport,6,Angle,0,No,8,Driveway Access Related,1,Not an Intersection,0,None,,,1,On Roadway,1,Daylight,,,,,1,Clear,0,No,0000000,Not Applicable,6,6:00am-6:59am,43,43,6,6:00am-6:59am,48,48,7,7:00am-7:59am,7,7,,,,,,,1,
2021,36,360500,New York,2,2,0,0,0,2,2,47,KINGS (47),4170,NEW YORK CITY,28,28,6,June,2021,2,Monday,7,7:00am-7:59am,10,10,1,This section IS ON the NHS,2,Urban,3,Principal Arterial - Other,4,City or Municipal Highway Agency,6,Local Street - Municipality,KINGS HWY,AVENUE J,99998,Not Reported,40.62786389,40.62786389,-73.932419440,-73.932419440,0,No Special Jurisdiction,12,Motor Vehicle In-Transport,6,Angle,0,No,2,Intersection,2,Four-Way Intersection,0,None,,,1,On Roadway,1,Daylight,,,,,1,Clear,0,No,0000000,Not Applicable,99,Unknown,99,Unknown,99,Unknown EMS Scene Arrival Hour,99,Unknown EMS Scene Arrival Minutes,99,Unknown,99,Unknown EMS Hospital Arrival Time,,,,,,,1,
2021,36,360501,New York,1,1,0,1,1,1,1,47,KINGS (47),4170,NEW YORK CITY,9,9,7,July,2021,6,Friday,19,7:00pm-7:59pm,40,40,1,This section IS ON the NHS,2,Urban,3,Principal Arterial - Other,4,City or Municipal Highway Agency,6,Local Street - Municipality,3RD AVE,,99998,Not Reported,40.64632778,40.64632778,-74.015847220,-74.015847220,0,No Special Jurisdiction,8,Pedestrian,0,The First Harmful Event was Not a Collision with a Motor Vehicle in Transport,0,No,8,Driveway Access Related,1,Not an Intersection,0,None,,,5,Outside Trafficway,1,Daylight,,,,,1,Clear,0,No,0000000,Not Applicable,99,Unknown,99,Unknown,99,Unknown EMS Scene Arrival Hour,99,Unknown EMS Scene Arrival Minutes,99,Unknown,99,Unknown EMS Hospital Arrival Time,,,,,,,1,
2021,36,360502,New York,2,2,0,0,0,2,2,59,NASSAU (59),3800,MINEOLA,19,19,7,July,2021,2,Monday,21,9:00pm-9:59pm,34,34,0,This section IS NOT on the NHS,2,Urban,4,Minor Arterial,2,County Highway Agency,4,County Road,CR-25 OLD COUNTRY RD,WILLIS AVE,99998,Not Reported,40.73986389,40.73986389,-73.635150000,-73.635150000,0,No Special Jurisdiction,12,Motor Vehicle In-Transport,6,Angle,0,No,2,Intersection,3,T-Intersection,0,None,,,1,On Roadway,3,Dark - Lighted,,,,,1,Clear,0,No,0000000,Not Applicable,21,9:00pm-9:59pm,34,34,21,9:00pm-9:59pm,36,36,21,9:00pm-9:59pm,48,48,,,,,,,1,
2021,36,360503,New York,2,2,0,0,0,2,2,35,FULTON (35),2980,JOHNSTOWN,22,22,7,July,2021,5,Thursday,14,2:00pm-2:59pm,25,25,0,This section IS NOT on the NHS,2,Urban,7,Local,4,City or Municipal Highway Agency,6,Local Street - Municipality,ENTERPRISE RD,,99998,Not Reported,42.98896389,42.98896389,-74.400727780,-74.400727780,0,No Special Jurisdiction,12,Motor Vehicle In-Transport,2,Front-to-Front,0,No,1,Non-Junction,1,Not an Intersection,0,None,,,1,On Roadway,1,Daylight,,,,,10,Cloudy,0,No,0000000,Not Applicable,14,2:00pm-2:59pm,27,27,14,2:00pm-2:59pm,31,31,15,3:00pm-3:59pm,40,40,,,,,,,1,
2021,36,360504,New York,1,1,0,0,0,1,1,117,WAYNE (117),4030,NEWARK,23,23,7,July,2021,6,Friday,14,2:00pm-2:59pm,48,48,0,This section IS NOT on the NHS,1,Rural,7,Local,2,County Highway Agency,4,County Road,CR-234 WELCHER RD,,99998,Not Reported,43.08642778,43.08642778,-77.066261110,-77.066261110,0,No Special Jurisdiction,35,Embankment,0,The First Harmful Event was Not a Collision with a Motor Vehicle in Transport,0,No,1,Non-Junction,1,Not an Intersection,0,None,,,4,On Roadside,1,Daylight,,,,,1,Clear,0,No,0000000,Not Applicable,14,2:00pm-2:59pm,54,54,15,3:00pm-3:59pm,2,2,88,"Not Applicable (Not Transported) ",88,Not Applicable (Not Transported),,,,,,,1,
2021,36,360505,New York,1,1,0,0,0,1,1,55,MONROE (55),5230,ROCHESTER,6,6,8,August,2021,6,Friday,4,4:00am-4:59am,54,54,1,This section IS ON the NHS,2,Urban,3,Principal Arterial - Other,1,State Highway Agency,3,State Highway,SR-908M LAKE AVE,,99998,Not Reported,43.17934722,43.17934722,-77.631725000,-77.631725000,0,No Special Jurisdiction,30,Utility Pole/Light Support,0,The First Harmful Event was Not a Collision with a Motor Vehicle in Transport,0,No,1,Non-Junction,1,Not an Intersection,0,None,,,4,On Roadside,3,Dark - Lighted,,,,,1,Clear,0,No,0000000,Not Applicable,4,4:00am-4:59am,55,55,4,4:00am-4:59am,59,59,5,5:00am-5:59am,18,18,,,,,,,1,
2021,36,360506,New York,1,1,0,0,0,1,1,61,NEW YORK (61),4170,NEW YORK,8,8,8,August,2021,1,Sunday,2,2:00am-2:59am,9,9,1,This section IS ON the NHS,2,Urban,2,Principal Arterial - Other Freeways and Expressways,1,State Highway Agency,3,State Highway,SR-907L FDR DR EXIT RAMP,,99998,Not Reported,40.70851667,40.70851667,-73.999036110,-73.999036110,0,No Special Jurisdiction,25,Concrete Traffic Barrier,0,The First Harmful Event was Not a Collision with a Motor Vehicle in Transport,1,Yes,5,Entrance/Exit Ramp Related,1,Not an Intersection,0,None,,,4,On Roadside,3,Dark - Lighted,,,,,1,Clear,0,No,0000000,Not Applicable,99,Unknown,99,Unknown,99,Unknown EMS Scene Arrival Hour,99,Unknown EMS Scene Arrival Minutes,99,Unknown,99,Unknown EMS Hospital Arrival Time,,,,,,,1,
2021,36,360507,New York,1,1,0,2,2,1,1,47,KINGS (47),4170,NEW YORK CITY,9,9,8,August,2021,2,Monday,2,2:00am-2:59am,48,48,1,This section IS ON the NHS,2,Urban,3,Principal Arterial - Other,4,City or Municipal Highway Agency,6,Local Street - Municipality,UTICA AVE,,0,None,40.66847778,40.66847778,-73.931155560,-73.931155560,0,No Special Jurisdiction,8,Pedestrian,0,The First Harmful Event was Not a Collision with a Motor Vehicle in Transport,0,No,1,Non-Junction,1,Not an Intersection,0,None,,,4,On Roadside,3,Dark - Lighted,,,,,10,Cloudy,0,No,0000000,Not Applicable,2,2:00am-2:59am,48,48,99,Unknown EMS Scene Arrival Hour,99,Unknown EMS Scene Arrival Minutes,99,Unknown,99,Unknown EMS Hospital Arrival Time,,,,,,,1,
2021,36,360508,New York,1,1,0,1,1,1,1,61,NEW YORK (61),4170,NEW YORK,9,9,8,August,2021,2,Monday,5,5:00am-5:59am,6,6,1,This section IS ON the NHS,2,Urban,2,Principal Arterial - Other Freeways and Expressways,1,State Highway Agency,3,State Highway,SR-907P HARLEM RIVER DR,,99998,Not Reported,40.84527222,40.84527222,-73.929863890,-73.929863890,0,No Special Jurisdiction,8,Pedestrian,0,The First Harmful Event was Not a Collision with a Motor Vehicle in Transport,0,No,1,Non-Junction,1,Not an Intersection,0,None,,,1,On Roadway,3,Dark - Lighted,,,,,2,Rain,0,No,0000000,Not Applicable,5,5:00am-5:59am,6,6,5,5:00am-5:59am,16,16,5,5:00am-5:59am,37,37,,,,,,,1,
2021,36,360509,New York,2,2,0,0,0,2,2,67,ONONDAGA (67),1179,CLAY,19,19,5,May,2021,4,Wednesday,17,5:00pm-5:59pm,2,2,1,This section IS ON the NHS,2,Urban,2,Principal Arterial - Other Freeways and Expressways,1,State Highway Agency,3,State Highway,SR-481,,99998,Not Reported,43.16277222,43.16277222,-76.166238890,-76.166238890,0,No Special Jurisdiction,12,Motor Vehicle In-Transport,1,Front-to-Rear,0,No,1,Non-Junction,1,Not an Intersection,0,None,,,1,On Roadway,1,Daylight,,,,,10,Cloudy,0,No,0000000,Not Applicable,17,5:00pm-5:59pm,2,2,17,5:00pm-5:59pm,8,8,17,5:00pm-5:59pm,44,44,,,,,,,1,
2021,36,360510,New York,1,1,0,0,0,1,1,67,ONONDAGA (67),6010,SYRACUSE,31,31,7,July,2021,7,Saturday,12,12:00pm-12:59pm,22,22,1,This section IS ON the NHS,2,Urban,1,Interstate,1,State Highway Agency,1,Interstate,I-81,,99998,Not Reported,43.05861389,43.05861389,-76.154197220,-76.154197220,0,No Special Jurisdiction,1,Rollover/Overturn,0,The First Harmful Event was Not a Collision with a Motor Vehicle in Transport,1,Yes,18,Through Roadway,1,Not an Intersection,0,None,,,1,On Roadway,1,Daylight,,,,,10,Cloudy,0,No,0000000,Not Applicable,12,12:00pm-12:59pm,22,22,12,12:00pm-12:59pm,31,31,12,12:00pm-12:59pm,48,48,,,,,,,1,
2021,36,360511,New York,2,2,0,0,0,4,4,15,CHEMUNG (15),4836,PINE VALLEY,31,31,7,July,2021,7,Saturday,10,10:00am-10:59am,15,15,1,This section IS ON the NHS,2,Urban,3,Principal Arterial - Other,1,State Highway Agency,3,State Highway,SR-14 WATKINS RD,,99998,Not Reported,42.21877222,42.21877222,-76.847297220,-76.847297220,0,No Special Jurisdiction,12,Motor Vehicle In-Transport,6,Angle,0,No,4,Driveway Access,1,Not an Intersection,0,None,,,1,On Roadway,1,Daylight,,,,,10,Cloudy,0,No,0000000,Not Applicable,10,10:00am-10:59am,16,16,10,10:00am-10:59am,26,26,11,11:00am-11:59am,19,19,,,,,,,2,
2021,36,360512,New York,2,2,0,0,0,4,4,5,BRONX (5),4170,NEW YORK CITY,10,10,8,August,2021,3,Tuesday,13,1:00pm-1:59pm,28,28,0,This section IS NOT on the NHS,2,Urban,4,Minor Arterial,4,City or Municipal Highway Agency,6,Local Street - Municipality,WHITE PLAINS RD,E 222ND ST,0,None,40.88568333,40.88568333,-73.861583330,-73.861583330,0,No Special Jurisdiction,12,Motor Vehicle In-Transport,2,Front-to-Front,0,No,2,Intersection,2,Four-Way Intersection,0,None,,,1,On Roadway,1,Daylight,,,,,10,Cloudy,0,No,0000000,Not Applicable,99,Unknown,99,Unknown,99,Unknown EMS Scene Arrival Hour,99,Unknown EMS Scene Arrival Minutes,99,Unknown,99,Unknown EMS Hospital Arrival Time,,,,,,,1,
2021,36,360513,New York,1,1,0,1,1,1,1,59,NASSAU (59),2600,HEMPSTEAD,28,28,7,July,2021,4,Wednesday,17,5:00pm-5:59pm,23,23,0,This section IS NOT on the NHS,2,Urban,7,Local,3,Town or Township Highway Agency,5,Local Street - Township,CATHEDRAL AVE,,0,None,40.71018611,40.71018611,-73.635313890,-73.635313890,0,No Special Jurisdiction,9,Pedalcyclist,0,The First Harmful Event was Not a Collision with a Motor Vehicle in Transport,0,No,1,Non-Junction,1,Not an Intersection,0,None,,,1,On Roadway,1,Daylight,,,,,1,Clear,0,No,0000000,Not Applicable,99,Unknown,99,Unknown,99,Unknown EMS Scene Arrival Hour,99,Unknown EMS Scene Arrival Minutes,99,Unknown,99,Unknown EMS Hospital Arrival Time,,,,,,,1,
2021,36,360514,New York,1,1,0,1,1,1,1,29,ERIE (29),750,BUFFALO,1,1,8,August,2021,1,Sunday,2,2:00am-2:59am,53,53,0,This section IS NOT on the NHS,2,Urban,4,Minor Arterial,4,City or Municipal Highway Agency,6,Local Street - Municipality,WALDEN AVE,,99998,Not Reported,42.90354167,42.90354167,-78.830938890,-78.830938890,0,No Special Jurisdiction,8,Pedestrian,0,The First Harmful Event was Not a Collision with a Motor Vehicle in Transport,0,No,1,Non-Junction,1,Not an Intersection,0,None,,,1,On Roadway,3,Dark - Lighted,,,,,1,Clear,0,No,0000000,Not Applicable,99,Unknown,99,Unknown,99,Unknown EMS Scene Arrival Hour,99,Unknown EMS Scene Arrival Minutes,99,Unknown,99,Unknown EMS Hospital Arrival Time,,,,,,,1,
2021,36,360515,New York,1,1,0,1,1,1,1,47,KINGS (47),4170,NEW YORK CITY,29,29,7,July,2021,5,Thursday,13,1:00pm-1:59pm,12,12,0,This section IS NOT on the NHS,2,Urban,4,Minor Arterial,4,City or Municipal Highway Agency,6,Local Street - Municipality,MARCUS GARVEY BLVD,MADISON ST,0,None,40.68606389,40.68606389,-73.938672220,-73.938672220,0,No Special Jurisdiction,8,Pedestrian,0,The First Harmful Event was Not a Collision with a Motor Vehicle in Transport,0,No,3,Intersection-Related,2,Four-Way Intersection,0,None,,,1,On Roadway,1,Daylight,,,,,10,Cloudy,0,No,0000000,Not Applicable,99,Unknown,99,Unknown,99,Unknown EMS Scene Arrival Hour,99,Unknown EMS Scene Arrival Minutes,99,Unknown,99,Unknown EMS Hospital Arrival Time,,,,,,,1,
2021,36,360516,New York,2,2,0,0,0,2,2,59,NASSAU (59),2600,HEMPSTEAD,21,21,7,July,2021,4,Wednesday,21,9:00pm-9:59pm,56,56,0,This section IS NOT on the NHS,2,Urban,4,Minor Arterial,3,Town or Township Highway Agency,5,Local Street - Township,BALDWIN RD,LAWSON ST,99998,Not Reported,40.69353056,40.69353056,-73.613927780,-73.613927780,0,No Special Jurisdiction,12,Motor Vehicle In-Transport,6,Angle,0,No,2,Intersection,2,Four-Way Intersection,0,None,,,1,On Roadway,3,Dark - Lighted,,,,,10,Cloudy,0,No,0000000,Not Applicable,99,Unknown,99,Unknown,99,Unknown EMS Scene Arrival Hour,99,Unknown EMS Scene Arrival Minutes,99,Unknown,99,Unknown EMS Hospital Arrival Time,,,,,,,1,
2021,36,360517,New York,1,1,0,0,0,1,1,81,QUEENS (81),4170,MIDDLE VILLAGE,15,15,8,August,2021,1,Sunday,3,3:00am-3:59am,59,59,1,This section IS ON the NHS,2,Urban,3,Principal Arterial - Other,1,State Highway Agency,3,State Highway,SR-27 LINDEN BLVD,,99998,Not Reported,40.67056389,40.67056389,-73.854638890,-73.854638890,0,No Special Jurisdiction,30,Utility Pole/Light Support,0,The First Harmful Event was Not a Collision with a Motor Vehicle in Transport,0,No,1,Non-Junction,1,Not an Intersection,0,None,,,4,On Roadside,3,Dark - Lighted,,,,,1,Clear,0,No,0000000,Not Applicable,3,3:00am-3:59am,59,59,99,Unknown EMS Scene Arrival Hour,99,Unknown EMS Scene Arrival Minutes,99,Unknown,99,Unknown EMS Hospital Arrival Time,,,,,,,1,
2021,36,360518,New York,1,1,0,1,1,2,2,47,KINGS (47),4170,NEW YORK CITY,14,14,8,August,2021,7,Saturday,2,2:00am-2:59am,20,20,0,This section IS NOT on the NHS,2,Urban,7,Local,4,City or Municipal Highway Agency,6,Local Street - Municipality,FULTON ST,HOYT ST,0,None,40.69058889,40.69058889,-73.985161110,-73.985161110,0,No Special Jurisdiction,15,Non-Motorist on Personal Conveyance,0,The First Harmful Event was Not a Collision with a Motor Vehicle in Transport,0,No,3,Intersection-Related,2,Four-Way Intersection,0,None,,,1,On Roadway,3,Dark - Lighted,,,,,1,Clear,0,No,0000000,Not Applicable,2,2:00am-2:59am,20,20,99,Unknown EMS Scene Arrival Hour,99,Unknown EMS Scene Arrival Minutes,99,Unknown,99,Unknown EMS Hospital Arrival Time,,,,,,,1,
2021,36,360519,New York,1,1,0,0,0,2,2,51,LIVINGSTON (51),1298,CONESUS,7,7,8,August,2021,7,Saturday,1,1:00am-1:59am,39,39,0,This section IS NOT on the NHS,1,Rural,7,Local,3,Town or Township Highway Agency,5,Local Street - Township,PARTRIDGE CORNERS RD,,99998,Not Reported,42.73660278,42.73660278,-77.652288890,-77.652288890,0,No Special Jurisdiction,42,Tree (Standing Only),0,The First Harmful Event was Not a Collision with a Motor Vehicle in Transport,0,No,1,Non-Junction,1,Not an Intersection,0,None,,,4,On Roadside,2,Dark - Not Lighted,,,,,1,Clear,0,No,0000000,Not Applicable,1,1:00am-1:59am,43,43,1,1:00am-1:59am,50,50,99,Unknown,99,Unknown EMS Hospital Arrival Time,,,,,,,1,
2021,36,360521,New York,1,1,0,0,0,1,1,119,WESTCHESTER (119),6820,YONKERS,13,13,8,August,2021,6,Friday,0,0:00am-0:59am,51,51,1,This section IS ON the NHS,2,Urban,1,Interstate,1,State Highway Agency,1,Interstate,I-87,,99998,Not Reported,40.94628889,40.94628889,-73.853913890,-73.853913890,0,No Special Jurisdiction,24,Guardrail Face,0,The First Harmful Event was Not a Collision with a Motor Vehicle in Transport,0,No,1,Non-Junction,1,Not an Intersection,0,None,,,4,On Roadside,2,Dark - Not Lighted,,,,,1,Clear,0,No,0000000,Not Applicable,2,2:00am-2:59am,20,20,2,2:00am-2:59am,50,50,88,"Not Applicable (Not Transported) ",88,Not Applicable (Not Transported),,,,,,,1,
2021,36,360522,New York,1,1,0,4,4,2,2,61,NEW YORK (61),4170,NEW YORK,30,30,7,July,2021,6,Friday,23,11:00pm-11:59pm,14,14,1,This section IS ON the NHS,2,Urban,3,Principal Arterial - Other,4,City or Municipal Highway Agency,6,Local Street - Municipality,E 42ND ST,,0,None,40.75315000,40.75315000,-73.980011110,-73.980011110,0,No Special Jurisdiction,9,Pedalcyclist,0,The First Harmful Event was Not a Collision with a Motor Vehicle in Transport,0,No,1,Non-Junction,1,Not an Intersection,0,None,,,1,On Roadway,3,Dark - Lighted,,,,,1,Clear,0,No,0000000,Not Applicable,99,Unknown,99,Unknown,99,Unknown EMS Scene Arrival Hour,99,Unknown EMS Scene Arrival Minutes,99,Unknown,99,Unknown EMS Hospital Arrival Time,,,,,,,1,
2021,36,360523,New York,3,3,0,0,0,4,4,81,QUEENS (81),4170,MIDDLE VILLAGE,1,1,8,August,2021,1,Sunday,3,3:00am-3:59am,23,23,1,This section IS ON the NHS,2,Urban,1,Interstate,1,State Highway Agency,1,Interstate,I-678,,99998,Not Reported,40.67956944,40.67956944,-73.804300000,-73.804300000,0,No Special Jurisdiction,12,Motor Vehicle In-Transport,1,Front-to-Rear,0,No,1,Non-Junction,1,Not an Intersection,0,None,,,1,On Roadway,3,Dark - Lighted,,,,,1,Clear,0,No,0000000,Not Applicable,3,3:00am-3:59am,23,23,99,Unknown EMS Scene Arrival Hour,99,Unknown EMS Scene Arrival Minutes,99,Unknown,99,Unknown EMS Hospital Arrival Time,,,,,,,1,
2021,36,360524,New York,1,1,0,1,1,1,1,81,QUEENS (81),4170,MIDDLE VILLAGE,3,3,8,August,2021,3,Tuesday,12,12:00pm-12:59pm,39,39,1,This section IS ON the NHS,2,Urban,3,Principal Arterial - Other,4,City or Municipal Highway Agency,6,Local Street - Municipality,ELIOT AVE,72 ST,99998,Not Reported,40.72174444,40.72174444,-73.886475000,-73.886475000,0,No Special Jurisdiction,8,Pedestrian,0,The First Harmful Event was Not a Collision with a Motor Vehicle in Transport,0,No,3,Intersection-Related,3,T-Intersection,0,None,,,1,On Roadway,1,Daylight,,,,,1,Clear,0,No,0000000,Not Applicable,12,12:00pm-12:59pm,39,39,12,12:00pm-12:59pm,44,44,13,1:00pm-1:59pm,1,1,,,,,,,1,
2021,36,360525,New York,1,1,0,0,0,1,1,65,ONEIDA (65),2740,HOLLAND PATENT,3,3,8,August,2021,3,Tuesday,16,4:00pm-4:59pm,35,35,0,This section IS NOT on the NHS,1,Rural,6,Minor Collector,1,State Highway Agency,3,State Highway,SR-274,,99998,Not Reported,43.31897778,43.31897778,-75.307088890,-75.307088890,0,No Special Jurisdiction,34,Ditch,0,The First Harmful Event was Not a Collision with a Motor Vehicle in Transport,0,No,1,Non-Junction,1,Not an Intersection,0,None,,,4,On Roadside,1,Daylight,,,,,1,Clear,0,No,0000000,Not Applicable,16,4:00pm-4:59pm,38,38,16,4:00pm-4:59pm,45,45,18,6:00pm-6:59pm,24,24,,,,,,,1,
2021,36,360526,New York,2,2,0,0,0,3,3,65,ONEIDA (65),403,BARNEVELD,31,31,7,July,2021,7,Saturday,14,2:00pm-2:59pm,20,20,0,This section IS NOT on the NHS,1,Rural,5,Major Collector,1,State Highway Agency,3,State Highway,SR-365,PROSPECT DEPOT RD,99998,Not Reported,43.28976389,43.28976389,-75.173186110,-75.173186110,0,No Special Jurisdiction,12,Motor Vehicle In-Transport,6,Angle,0,No,2,Intersection,3,T-Intersection,0,None,,,1,On Roadway,1,Daylight,,,,,10,Cloudy,0,No,0000000,Not Applicable,14,2:00pm-2:59pm,20,20,14,2:00pm-2:59pm,38,38,18,6:00pm-6:59pm,34,34,,,,,,,1,
2021,36,360527,New York,2,2,0,0,0,2,2,97,SCHUYLER (97),6480,WATKINS GLEN,4,4,8,August,2021,4,Wednesday,7,7:00am-7:59am,18,18,0,This section IS NOT on the NHS,1,Rural,4,Minor Arterial,1,State Highway Agency,3,State Highway,SR-414,CR-31,99998,Not Reported,42.35927500,42.35927500,-76.868777780,-76.868777780,0,No Special Jurisdiction,12,Motor Vehicle In-Transport,6,Angle,0,No,2,Intersection,3,T-Intersection,0,None,,,1,On Roadway,1,Daylight,,,,,1,Clear,0,No,0000000,Not Applicable,7,7:00am-7:59am,19,19,7,7:00am-7:59am,23,23,88,"Not Applicable (Not Transported) ",88,Not Applicable (Not Transported),,,,,,,1,
2021,36,360528,New York,1,1,0,0,0,1,1,71,ORANGE (71),4980,PORT JERVIS,7,7,8,August,2021,7,Saturday,0,0:00am-0:59am,0,0,0,This section IS NOT on the NHS,1,Rural,6,Minor Collector,1,State Highway Agency,2,U.S. Highway,US-6,,99998,Not Reported,41.37845000,41.37845000,-74.546311110,-74.546311110,0,No Special Jurisdiction,30,Utility Pole/Light Support,0,The First Harmful Event was Not a Collision with a Motor Vehicle in Transport,0,No,1,Non-Junction,1,Not an Intersection,0,None,,,4,On Roadside,2,Dark - Not Lighted,,,,,1,Clear,0,No,0000000,Not Applicable,0,0:00am-0:59am,0,0,0,0:00am-0:59am,10,10,99,Unknown,99,Unknown EMS Hospital Arrival Time,,,,,,,1,
2021,36,360529,New York,1,1,0,0,0,1,1,59,NASSAU (59),2600,HEMPSTEAD,3,3,8,August,2021,3,Tuesday,13,1:00pm-1:59pm,48,48,0,This section IS NOT on the NHS,2,Urban,4,Minor Arterial,2,County Highway Agency,4,County Road,CR-C62 DUTCH BROADWAY,128TH ST,99998,Not Reported,40.69668056,40.69668056,-73.724694440,-73.724694440,0,No Special Jurisdiction,19,Building,0,The First Harmful Event was Not a Collision with a Motor Vehicle in Transport,0,No,3,Intersection-Related,3,T-Intersection,0,None,,,5,Outside Trafficway,1,Daylight,,,,,10,Cloudy,0,No,0000000,Not Applicable,13,1:00pm-1:59pm,51,51,14,2:00pm-2:59pm,0,0,14,2:00pm-2:59pm,16,16,,,,,,,1,
2021,36,360530,New York,1,1,0,0,0,1,1,75,OSWEGO (75),2569,HASTINGS,4,4,8,August,2021,4,Wednesday,20,8:00pm-8:59pm,42,42,0,This section IS NOT on the NHS,1,Rural,6,Minor Collector,2,County Highway Agency,4,County Road,CR-33,,99998,Not Reported,43.29249167,43.29249167,-76.210766670,-76.210766670,0,No Special Jurisdiction,35,Embankment,0,The First Harmful Event was Not a Collision with a Motor Vehicle in Transport,0,No,1,Non-Junction,1,Not an Intersection,0,None,,,4,On Roadside,2,Dark - Not Lighted,,,,,1,Clear,0,No,0000000,Not Applicable,99,Unknown,99,Unknown,99,Unknown EMS Scene Arrival Hour,99,Unknown EMS Scene Arrival Minutes,88,"Not Applicable (Not Transported) ",88,Not Applicable (Not Transported),,,,,,,1,
2021,36,360531,New York,2,2,0,0,0,2,2,59,NASSAU (59),2600,HEMPSTEAD,12,12,8,August,2021,5,Thursday,20,8:00pm-8:59pm,52,52,0,This section IS NOT on the NHS,2,Urban,5,Major Collector,3,Town or Township Highway Agency,5,Local Street - Township,GRAND AVE,VILLAGE AVE,99998,Not Reported,40.68198056,40.68198056,-73.615086110,-73.615086110,0,No Special Jurisdiction,12,Motor Vehicle In-Transport,6,Angle,0,No,2,Intersection,3,T-Intersection,0,None,,,1,On Roadway,3,Dark - Lighted,,,,,10,Cloudy,0,No,0000000,Not Applicable,20,8:00pm-8:59pm,52,52,21,9:00pm-9:59pm,3,3,88,"Not Applicable (Not Transported) ",88,Not Applicable (Not Transported),,,,,,,1,
2021,36,360532,New York,1,1,0,1,1,2,2,71,ORANGE (71),3830,MONROE,10,10,8,August,2021,3,Tuesday,21,9:00pm-9:59pm,24,24,0,This section IS NOT on the NHS,2,Urban,7,Local,3,Town or Township Highway Agency,5,Local Street - Township,FOREST RD,,0,None,41.34357500,41.34357500,-74.168694440,-74.168694440,0,No Special Jurisdiction,8,Pedestrian,0,The First Harmful Event was Not a Collision with a Motor Vehicle in Transport,0,No,1,Non-Junction,1,Not an Intersection,0,None,,,1,On Roadway,3,Dark - Lighted,,,,,1,Clear,0,No,0000000,Not Applicable,21,9:00pm-9:59pm,24,24,21,9:00pm-9:59pm,24,24,22,10:00pm-10:59pm,0,0,,,,,,,1,
2021,36,360533,New York,1,1,0,1,1,1,1,111,ULSTER (111),3060,KINGSTON,30,30,7,July,2021,6,Friday,20,8:00pm-8:59pm,9,9,0,This section IS NOT on the NHS,2,Urban,4,Minor Arterial,4,City or Municipal Highway Agency,6,Local Street - Municipality,WASHINGTON AVE,,99998,Not Reported,41.93833056,41.93833056,-74.026697220,-74.026697220,0,No Special Jurisdiction,9,Pedalcyclist,0,The First Harmful Event was Not a Collision with a Motor Vehicle in Transport,0,No,8,Driveway Access Related,1,Not an Intersection,0,None,,,1,On Roadway,1,Daylight,,,,,1,Clear,0,No,0000000,Not Applicable,20,8:00pm-8:59pm,9,9,20,8:00pm-8:59pm,12,12,88,"Not Applicable (Not Transported) ",88,Not Applicable (Not Transported),,,,,,,1,
2021,36,360534,New York,2,2,0,0,0,2,2,5,BRONX (5),4170,NEW YORK CITY,5,5,8,August,2021,5,Thursday,23,11:00pm-11:59pm,12,12,0,This section IS NOT on the NHS,2,Urban,4,Minor Arterial,4,City or Municipal Highway Agency,6,Local Street - Municipality,"BAILEY AVE ",W 229 ST,99998,Not Reported,40.87458611,40.87458611,-73.904711110,-73.904711110,0,No Special Jurisdiction,12,Motor Vehicle In-Transport,6,Angle,0,No,2,Intersection,3,T-Intersection,0,None,,,1,On Roadway,6,Dark - Unknown Lighting,,,,,1,Clear,0,No,0000000,Not Applicable,99,Unknown,99,Unknown,99,Unknown EMS Scene Arrival Hour,99,Unknown EMS Scene Arrival Minutes,99,Unknown,99,Unknown EMS Hospital Arrival Time,,,,,,,1,