caseyear,state,st_case,statename,ve_total,ve_forms,pvh_invl,peds,pernotmvit,permvit,persons,county,countyname,city,cityname,day,dayname,month,monthname,year,day_week,day_weekname,hour,hourname,minute,minutename,nhs,nhsname,rur_urb,rur_urbname,func_sys,func_sysname,rd_owner,rd_ownername,route,routename,tway_id,tway_id2,milept,mileptname,latitude,latitudename,longitud,longitudname,sp_jur,sp_jurname,harm_ev,harm_evname,man_coll,man_collname,reljct1,reljct1name,reljct2,reljct2name,typ_int,typ_intname,wrk_zone,wrk_zonename,road_fnc,road_fncname,rel_road,rel_roadname,lgt_cond,lgt_condname,weather1,weather1name,weather2,weather2name,weather,weathername,sch_bus,sch_busname,rail,railname,not_hour,not_hourname,not_min,not_minname,arr_hour,arr_hourname,arr_min,arr_minname,hosp_hr,hosp_hrname,hosp_mn,hosp_mnname,cf1,cf1name,cf2,cf2name,cf3,cf3name,fatals,drunk_dr
2021,36,360643,New York,1,1,0,1,1,1,1,29,ERIE (29),156,AMHERST,16,16,8,August,2021,2,Monday,14,2:00pm-2:59pm,48,48,1,This section IS ON the NHS,2,Urban,3,Principal Arterial - Other,2,County Highway Agency,4,County Road,CR-192 MAPLE RD,,99998,Not Reported,42.99113889,42.99113889,-78.753452780,-78.753452780,0,No Special Jurisdiction,9,Pedalcyclist,0,The First Harmful Event was Not a Collision with a Motor Vehicle in Transport,0,No,8,Driveway Access Related,1,Not an Intersection,0,None,,,1,On Roadway,1,Daylight,,,,,10,Cloudy,0,No,0000000,Not Applicable,14,2:00pm-2:59pm,48,48,14,2:00pm-2:59pm,53,53,15,3:00pm-3:59pm,16,16,,,,,,,1,
2021,36,360644,New York,1,1,0,1,1,1,1,29,ERIE (29),156,AMHERST,29,29,8,August,2021,1,Sunday,20,8:00pm-8:59pm,8,8,0,This section IS NOT on the NHS,2,Urban,7,Local,3,Town or Township Highway Agency,5,Local Street - Township,LONGMEADOW RD,,0,None,42.97246389,42.97246389,-78.818388890,-78.818388890,0,No Special Jurisdiction,9,Pedalcyclist,0,The First Harmful Event was Not a Collision with a Motor Vehicle in Transport,0,No,1,Non-Junction,1,Not an Intersection,0,None,,,1,On Roadway,5,Dusk,,,,,1,Clear,0,No,0000000,Not Applicable,20,8:00pm-8:59pm,8,8,20,8:00pm-8:59pm,10,10,20,8:00pm-8:59pm,55,55,,,,,,,1,
2021,36,360645,New York,1,1,0,0,0,3,3,7,BROOME (7),1510,DEPOSIT,5,5,6,June,2021,7,Saturday,16,4:00pm-4:59pm,40,40,1,This section IS ON the NHS,2,Urban,2,Principal Arterial - Other Freeways and Expressways,1,State Highway Agency,3,State Highway,SR-17,,99998,Not Reported,99.99990000,99.99990000,999.999900000,999.999900000,0,No Special Jurisdiction,57,Cable Barrier,0,The First Harmful Event was Not a Collision with a Motor Vehicle in Transport,0,No,1,Non-Junction,1,Not an Intersection,0,None,,,3,On Median,1,Daylight,,,,,1,Clear,0,No,0000000,Not Applicable,16,4:00pm-4:59pm,48,48,17,5:00pm-5:59pm,7,7,19,7:00pm-7:59pm,45,45,,,,,,,1,
2021,36,360646,New York,2,2,0,0,0,2,2,17,CHENANGO (17),2466,GUILFORD,13,13,9,September,2021,2,Monday,12,12:00pm-12:59pm,20,20,0,This section IS NOT on the NHS,1,Rural,5,Major Collector,2,County Highway Agency,4,County Road,CR-36,,99998,Not Reported,42.42792500,42.42792500,-75.478691670,-75.478691670,0,No Special Jurisdiction,12,Motor Vehicle In-Transport,2,Front-to-Front,0,No,1,Non-Junction,1,Not an Intersection,0,None,,,1,On Roadway,1,Daylight,,,,,10,Cloudy,0,No,0000000,Not Applicable,12,12:00pm-12:59pm,23,23,12,12:00pm-12:59pm,28,28,99,Unknown,99,Unknown EMS Hospital Arrival Time,,,,,,,1,
2021,36,360647,New York,1,1,0,0,0,1,1,55,MONROE (55),1930,FAIRPORT,13,13,9,September,2021,2,Monday,22,10:00pm-10:59pm,56,56,1,This section IS ON the NHS,2,Urban,1,Interstate,1,State Highway Agency,1,Interstate,I-490,,99998,Not Reported,43.04911389,43.04911389,-77.464733330,-77.464733330,0,No Special Jurisdiction,1,Rollover/Overturn,0,The First Harmful Event was Not a Collision with a Motor Vehicle in Transport,0,No,1,Non-Junction,1,Not an Intersection,0,None,,,3,On Median,2,Dark - Not Lighted,,,,,1,Clear,0,No,0000000,Not Applicable,23,11:00pm-11:59pm,52,52,23,11:00pm-11:59pm,59,59,88,"Not Applicable (Not Transported) ",88,Not Applicable (Not Transported),,,,,,,1,
2021,36,360648,New York,1,1,0,1,1,1,1,59,NASSAU (59),2600,HEMPSTEAD,13,13,9,September,2021,2,Monday,21,9:00pm-9:59pm,50,50,1,This section IS ON the NHS,2,Urban,3,Principal Arterial - Other,1,State Highway Agency,3,State Highway,SR-24 HEMPSTEAD TPKE,MERRICK AVE,99998,Not Reported,40.72308611,40.72308611,-73.576808330,-73.576808330,0,No Special Jurisdiction,8,Pedestrian,0,The First Harmful Event was Not a Collision with a Motor Vehicle in Transport,0,No,3,Intersection-Related,2,Four-Way Intersection,0,None,,,1,On Roadway,3,Dark - Lighted,,,,,1,Clear,0,No,0000000,Not Applicable,21,9:00pm-9:59pm,59,59,21,9:00pm-9:59pm,59,59,88,"Not Applicable (Not Transported) ",88,Not Applicable (Not Transported),,,,,,,1,
2021,36,360649,New York,1,1,0,0,0,1,1,101,STEUBEN (101),4620,PAINTED POST,15,15,9,September,2021,4,Wednesday,9,9:00am-9:59am,32,32,0,This section IS NOT on the NHS,2,Urban,4,Minor Arterial,1,State Highway Agency,3,State Highway,SR-417 S HAMILTON ST,I-86 RAMP,99998,Not Reported,42.15556667,42.15556667,-77.097375000,-77.097375000,0,No Special Jurisdiction,21,Bridge Pier or Support,0,The First Harmful Event was Not a Collision with a Motor Vehicle in Transport,1,Yes,3,Intersection-Related,3,T-Intersection,0,None,,,4,On Roadside,1,Daylight,,,,,10,Cloudy,0,No,0000000,Not Applicable,9,9:00am-9:59am,32,32,9,9:00am-9:59am,35,35,88,"Not Applicable (Not Transported) ",88,Not Applicable (Not Transported),,,,,,,1,
2021,36,360650,New York,1,1,0,0,0,1,1,105,SULLIVAN (105),3230,LIBERTY,15,15,8,August,2021,1,Sunday,19,7:00pm-7:59pm,29,29,0,This section IS NOT on the NHS,1,Rural,7,Local,3,Town or Township Highway Agency,5,Local Street - Township,MONGAUP RD,,99998,Not Reported,41.74273333,41.74273333,-74.706458330,-74.706458330,0,No Special Jurisdiction,42,Tree (Standing Only),0,The First Harmful Event was Not a Collision with a Motor Vehicle in Transport,0,No,1,Non-Junction,1,Not an Intersection,0,None,,,4,On Roadside,1,Daylight,,,,,1,Clear,0,No,0000000,Not Applicable,19,7:00pm-7:59pm,29,29,19,7:00pm-7:59pm,35,35,88,"Not Applicable (Not Transported) ",88,Not Applicable (Not Transported),,,,,,,1,
2021,36,360651,New York,1,1,0,1,1,1,1,81,QUEENS (81),4170,MIDDLE VILLAGE,27,27,9,September,2021,2,Monday,1,1:00am-1:59am,0,0,1,This section IS ON the NHS,2,Urban,3,Principal Arterial - Other,4,City or Municipal Highway Agency,4,County Road,CR-257 ROCKAWAY BLVD,,99998,Not Reported,40.63790278,40.63790278,-73.740941670,-73.740941670,0,No Special Jurisdiction,8,Pedestrian,0,The First Harmful Event was Not a Collision with a Motor Vehicle in Transport,0,No,1,Non-Junction,1,Not an Intersection,0,None,,,1,On Roadway,3,Dark - Lighted,,,,,1,Clear,0,No,0000000,Not Applicable,1,1:00am-1:59am,0,0,99,Unknown EMS Scene Arrival Hour,99,Unknown EMS Scene Arrival Minutes,88,"Not Applicable (Not Transported) ",88,Not Applicable (Not Transported),,,,,,,1,
2021,36,360652,New York,2,2,0,0,0,2,2,75,OSWEGO (75),6319,VOLNEY,16,16,9,September,2021,5,Thursday,11,11:00am-11:59am,38,38,1,This section IS ON the NHS,2,Urban,3,Principal Arterial - Other,1,State Highway Agency,3,State Highway,SR-481,,99998,Not Reported,43.34492222,43.34492222,-76.422930560,-76.422930560,0,No Special Jurisdiction,12,Motor Vehicle In-Transport,2,Front-to-Front,0,No,1,Non-Junction,1,Not an Intersection,0,None,,,1,On Roadway,1,Daylight,,,,,1,Clear,0,No,0000000,Not Applicable,11,11:00am-11:59am,38,38,11,11:00am-11:59am,44,44,99,Unknown,99,Unknown EMS Hospital Arrival Time,,,,,,,1,
2021,36,360653,New York,2,2,0,0,0,5,5,55,MONROE (55),680,BROCKPORT,13,13,8,August,2021,6,Friday,17,5:00pm-5:59pm,31,31,0,This section IS NOT on the NHS,2,Urban,4,Minor Arterial,1,State Highway Agency,3,State Highway,SR-272 MONROE ORLEANS CTY LINE,,99998,Not Reported,43.23789444,43.23789444,-77.996747220,-77.996747220,0,No Special Jurisdiction,12,Motor Vehicle In-Transport,6,Angle,0,No,1,Non-Junction,1,Not an Intersection,0,None,,,1,On Roadway,1,Daylight,,,,,1,Clear,0,No,0000000,Not Applicable,17,5:00pm-5:59pm,31,31,17,5:00pm-5:59pm,41,41,99,Unknown,99,Unknown EMS Hospital Arrival Time,,,,,,,1,
2021,36,360654,New York,1,1,0,1,1,1,1,69,ONTARIO (69),4770,PHELPS,16,16,9,September,2021,5,Thursday,18,6:00pm-6:59pm,3,3,0,This section IS NOT on the NHS,1,Rural,4,Minor Arterial,1,State Highway Agency,3,State Highway,SR-96,,99998,Not Reported,42.96830000,42.96830000,-77.118872220,-77.118872220,0,No Special Jurisdiction,8,Pedestrian,0,The First Harmful Event was Not a Collision with a Motor Vehicle in Transport,0,No,1,Non-Junction,1,Not an Intersection,2,Maintenance,,,1,On Roadway,1,Daylight,,,,,10,Cloudy,0,No,0000000,Not Applicable,18,6:00pm-6:59pm,4,4,18,6:00pm-6:59pm,8,8,18,6:00pm-6:59pm,28,28,,,,,,,1,
2021,36,360655,New York,2,2,0,0,0,2,2,47,KINGS (47),4170,NEW YORK CITY,25,25,9,September,2021,7,Saturday,22,10:00pm-10:59pm,26,26,1,This section IS ON the NHS,2,Urban,3,Principal Arterial - Other,1,State Highway Agency,3,State Highway,SR-27 LINDEN BLVD,SNEDIKER AVE,99998,Not Reported,40.65739722,40.65739722,-73.897938890,-73.897938890,0,No Special Jurisdiction,12,Motor Vehicle In-Transport,6,Angle,0,No,2,Intersection,2,Four-Way Intersection,0,None,,,1,On Roadway,3,Dark - Lighted,,,,,1,Clear,0,No,0000000,Not Applicable,22,10:00pm-10:59pm,26,26,99,Unknown EMS Scene Arrival Hour,99,Unknown EMS Scene Arrival Minutes,99,Unknown,99,Unknown EMS Hospital Arrival Time,,,,,,,1,
2021,36,360656,New York,1,1,0,1,1,1,1,59,NASSAU (59),4270,NORTH HILLS,18,18,9,September,2021,7,Saturday,16,4:00pm-4:59pm,44,44,1,This section IS ON the NHS,2,Urban,3,Principal Arterial - Other,2,County Highway Agency,4,County Road,CR-101 SEARINGTOWN RD,,99998,Not Reported,40.78169444,40.78169444,-73.662858330,-73.662858330,0,No Special Jurisdiction,8,Pedestrian,0,The First Harmful Event was Not a Collision with a Motor Vehicle in Transport,0,No,1,Non-Junction,1,Not an Intersection,0,None,,,4,On Roadside,1,Daylight,,,,,1,Clear,0,No,0000000,Not Applicable,16,4:00pm-4:59pm,44,44,16,4:00pm-4:59pm,49,49,17,5:00pm-5:59pm,8,8,,,,,,,1,
2021,36,360657,New York,1,1,0,1,1,1,1,105,SULLIVAN (105),6800,WURTSBORO,4,4,9,September,2021,7,Saturday,22,10:00pm-10:59pm,54,54,1,This section IS ON the NHS,1,Rural,3,Principal Arterial - Other,1,State Highway Agency,2,U.S. Highway,US-209,,99998,Not Reported,41.56717500,41.56717500,-74.497847220,-74.497847220,0,No Special Jurisdiction,8,Pedestrian,0,The First Harmful Event was Not a Collision with a Motor Vehicle in Transport,0,No,1,Non-Junction,1,Not an Intersection,0,None,,,1,On Roadway,2,Dark - Not Lighted,,,,,1,Clear,0,No,0000000,Not Applicable,22,10:00pm-10:59pm,56,56,23,11:00pm-11:59pm,6,6,23,11:00pm-11:59pm,54,54,,,,,,,1,
2021,36,360658,New York,2,2,0,0,0,3,3,59,NASSAU (59),2600,HEMPSTEAD,1,1,5,May,2021,7,Saturday,2,2:00am-2:59am,37,37,1,This section IS ON the NHS,2,Urban,3,Principal Arterial - Other,1,State Highway Agency,3,State Highway,SR-908M SOUTHERN STATE PKWY,,99998,Not Reported,40.68360278,40.68360278,-73.679388890,-73.679388890,0,No Special Jurisdiction,12,Motor Vehicle In-Transport,1,Front-to-Rear,0,No,1,Non-Junction,1,Not an Intersection,0,None,,,1,On Roadway,3,Dark - Lighted,,,,,1,Clear,0,No,0000000,Not Applicable,2,2:00am-2:59am,37,37,2,2:00am-2:59am,45,45,99,Unknown,99,Unknown EMS Hospital Arrival Time,,,,,,,1,
2021,36,360659,New York,3,3,0,0,0,5,5,1,ALBANY (1),1260,COHOES,5,5,8,August,2021,5,Thursday,21,9:00pm-9:59pm,46,46,1,This section IS ON the NHS,2,Urban,1,Interstate,1,State Highway Agency,1,Interstate,I-787,BRIDGE AVE,99998,Not Reported,42.76886944,42.76886944,-73.697811110,-73.697811110,0,No Special Jurisdiction,12,Motor Vehicle In-Transport,1,Front-to-Rear,1,Yes,2,Intersection,2,Four-Way Intersection,0,None,,,1,On Roadway,3,Dark - Lighted,,,,,10,Cloudy,0,No,0000000,Not Applicable,99,Unknown,99,Unknown,99,Unknown EMS Scene Arrival Hour,99,Unknown EMS Scene Arrival Minutes,99,Unknown,99,Unknown EMS Hospital Arrival Time,,,,,,,1,
2021,36,360660,New York,2,2,0,0,0,5,5,59,NASSAU (59),4600,OYSTER BAY,19,19,9,September,2021,1,Sunday,5,5:00am-5:59am,0,0,1,This section IS ON the NHS,2,Urban,1,Interstate,1,State Highway Agency,1,Interstate,I-495,,99998,Not Reported,40.79675000,40.79675000,-73.472041670,-73.472041670,0,No Special Jurisdiction,12,Motor Vehicle In-Transport,1,Front-to-Rear,0,No,1,Non-Junction,1,Not an Intersection,0,None,,,1,On Roadway,3,Dark - Lighted,,,,,1,Clear,0,No,0000000,Not Applicable,5,5:00am-5:59am,11,11,5,5:00am-5:59am,25,25,5,5:00am-5:59am,50,50,,,,,,,1,
2021,36,360661,New York,2,2,0,0,0,2,2,61,NEW YORK (61),4170,NEW YORK,19,19,9,September,2021,1,Sunday,23,11:00pm-11:59pm,17,17,1,This section IS ON the NHS,2,Urban,3,Principal Arterial - Other,4,City or Municipal Highway Agency,6,Local Street - Municipality,1ST AVE,,99998,Not Reported,40.75191389,40.75191389,-73.967705560,-73.967705560,0,No Special Jurisdiction,5,Fell/Jumped from Vehicle,0,The First Harmful Event was Not a Collision with a Motor Vehicle in Transport,0,No,1,Non-Junction,1,Not an Intersection,0,None,,,1,On Roadway,3,Dark - Lighted,,,,,1,Clear,0,No,0000000,Not Applicable,23,11:00pm-11:59pm,17,17,99,Unknown EMS Scene Arrival Hour,99,Unknown EMS Scene Arrival Minutes,99,Unknown,99,Unknown EMS Hospital Arrival Time,,,,,,,1,
2021,36,360663,New York,3,3,0,0,0,4,4,5,BRONX (5),4170,NEW YORK CITY,21,21,9,September,2021,3,Tuesday,10,10:00am-10:59am,41,41,1,This section IS ON the NHS,2,Urban,1,Interstate,1,State Highway Agency,1,Interstate,I-87 MAJOR DEEGAN EXPY,,99998,Not Reported,40.90151944,40.90151944,-73.878886110,-73.878886110,0,No Special Jurisdiction,12,Motor Vehicle In-Transport,1,Front-to-Rear,0,No,1,Non-Junction,1,Not an Intersection,0,None,,,1,On Roadway,1,Daylight,,,,,1,Clear,0,No,0000000,Not Applicable,99,Unknown,99,Unknown,99,Unknown EMS Scene Arrival Hour,99,Unknown EMS Scene Arrival Minutes,99,Unknown,99,Unknown EMS Hospital Arrival Time,,,,,,,1,
2021,36,360664,New York,1,1,0,0,0,2,2,67,ONONDAGA (67),6010,SYRACUSE,18,18,9,September,2021,7,Saturday,0,0:00am-0:59am,45,45,1,This section IS ON the NHS,2,Urban,3,Principal Arterial - Other,1,State Highway Agency,3,State Highway,SR-290 JAMES ST,,99998,Not Reported,43.06851389,43.06851389,-76.115516670,-76.115516670,0,No Special Jurisdiction,42,Tree (Standing Only),0,The First Harmful Event was Not a Collision with a Motor Vehicle in Transport,0,No,1,Non-Junction,1,Not an Intersection,0,None,,,12,Pedestrian Refuge Island or Traffic Island,3,Dark - Lighted,,,,,10,Cloudy,0,No,0000000,Not Applicable,0,0:00am-0:59am,46,46,0,0:00am-0:59am,54,54,1,1:00am-1:59am,15,15,,,,,,,2,
2021,36,360665,New York,2,2,0,0,0,4,4,113,WARREN (113),5025,POTTERSVILLE,3,3,9,September,2021,6,Friday,21,9:00pm-9:59pm,32,32,1,This section IS ON the NHS,2,Urban,1,Interstate,1,State Highway Agency,1,Interstate,I-87,,99998,Not Reported,43.67116111,43.67116111,-73.782569440,-73.782569440,0,No Special Jurisdiction,12,Motor Vehicle In-Transport,6,Angle,0,No,1,Non-Junction,1,Not an Intersection,0,None,,,1,On Roadway,2,Dark - Not Lighted,,,,,1,Clear,0,No,0000000,Not Applicable,21,9:00pm-9:59pm,32,32,21,9:00pm-9:59pm,36,36,99,Unknown,99,Unknown EMS Hospital Arrival Time,,,,,,,2,
2021,36,360666,New York,2,2,0,0,0,2,2,89,ST LAWRENCE (89),880,CANTON,20,20,9,September,2021,2,Monday,11,11:00am-11:59am,10,10,0,This section IS NOT on the NHS,1,Rural,5,Major Collector,1,State Highway Agency,3,State Highway,SR-310,CR-34,99998,Not Reported,44.69705000,44.69705000,-75.150305560,-75.150305560,0,No Special Jurisdiction,12,Motor Vehicle In-Transport,6,Angle,0,No,2,Intersection,2,Four-Way Intersection,0,None,,,1,On Roadway,1,Daylight,,,,,1,Clear,0,No,0000000,Not Applicable,11,11:00am-11:59am,11,11,11,11:00am-11:59am,45,45,12,12:00pm-12:59pm,5,5,,,,,,,1,
2021,36,360667,New York,1,1,0,0,0,1,1,37,GENESEE (37),771,BYRON,25,25,9,September,2021,7,Saturday,18,6:00pm-6:59pm,10,10,0,This section IS NOT on the NHS,1,Rural,7,Local,3,Town or Township Highway Agency,5,Local Street - Township,CHAPELL RD,,99998,Not Reported,43.08642778,43.08642778,-78.103072220,-78.103072220,0,No Special Jurisdiction,59,"Traffic Sign Support ",0,The First Harmful Event was Not a Collision with a Motor Vehicle in Transport,0,No,1,Non-Junction,1,Not an Intersection,0,None,,,4,On Roadside,1,Daylight,,,,,2,Rain,0,No,0000000,Not Applicable,18,6:00pm-6:59pm,13,13,18,6:00pm-6:59pm,19,19,88,"Not Applicable (Not Transported) ",88,Not Applicable (Not Transported),,,,,,,1,
2021,36,360668,New York,1,1,0,2,2,2,2,47,KINGS (47),4170,NEW YORK CITY,28,28,9,September,2021,3,Tuesday,11,11:00am-11:59am,13,13,1,This section IS ON the NHS,2,Urban,3,Principal Arterial - Other,4,City or Municipal Highway Agency,6,Local Street - Municipality,OCEAN PKWY,AVE U,0,None,40.59785278,40.59785278,-73.965472220,-73.965472220,0,No Special Jurisdiction,8,Pedestrian,0,The First Harmful Event was Not a Collision with a Motor Vehicle in Transport,0,No,3,Intersection-Related,2,Four-Way Intersection,0,None,,,1,On Roadway,1,Daylight,,,,,10,Cloudy,0,No,0000000,Not Applicable,11,11:00am-11:59am,13,13,11,11:00am-11:59am,16,16,11,11:00am-11:59am,30,30,,,,,,,1,
2021,36,360669,New York,2,2,0,0,0,2,2,39,GREENE (39),4045,NEW BALTIMORE,24,24,8,August,2021,3,Tuesday,20,8:00pm-8:59pm,47,47,1,This section IS ON the NHS,1,Rural,3,Principal Arterial - Other,1,State Highway Agency,2,U.S. Highway,US-9W,,99998,Not Reported,42.42620000,42.42620000,-73.817233330,-73.817233330,0,No Special Jurisdiction,12,Motor Vehicle In-Transport,2,Front-to-Front,0,No,1,Non-Junction,1,Not an Intersection,0,None,,,1,On Roadway,2,Dark - Not Lighted,,,,,1,Clear,0,No,0000000,Not Applicable,20,8:00pm-8:59pm,50,50,21,9:00pm-9:59pm,3,3,99,Unknown,99,Unknown EMS Hospital Arrival Time,,,,,,,1,
2021,36,360670,New York,3,3,0,0,0,3,3,103,SUFFOLK (103),2920,ISLIP,15,15,4,April,2021,5,Thursday,20,8:00pm-8:59pm,15,15,1,This section IS ON the NHS,2,Urban,3,Principal Arterial - Other,1,State Highway Agency,3,State Highway,SR-111 ISLIP AVE,LOCUST ST,99998,Not Reported,40.76268333,40.76268333,-73.210230560,-73.210230560,0,No Special Jurisdiction,12,Motor Vehicle In-Transport,6,Angle,0,No,2,Intersection,2,Four-Way Intersection,0,None,,,1,On Roadway,3,Dark - Lighted,,,,,2,Rain,0,No,0000000,Not Applicable,99,Unknown,99,Unknown,99,Unknown EMS Scene Arrival Hour,99,Unknown EMS Scene Arrival Minutes,99,Unknown,99,Unknown EMS Hospital Arrival Time,,,,,,,1,
2021,36,360671,New York,1,1,0,0,0,1,1,103,SUFFOLK (103),2920,ISLIP,30,30,4,April,2021,6,Friday,14,2:00pm-2:59pm,40,40,1,This section IS ON the NHS,2,Urban,1,Interstate,1,State Highway Agency,1,Interstate,I-495,,99998,Not Reported,40.80475000,40.80475000,-73.285877780,-73.285877780,0,No Special Jurisdiction,1,Rollover/Overturn,0,The First Harmful Event was Not a Collision with a Motor Vehicle in Transport,0,No,1,Non-Junction,1,Not an Intersection,0,None,,,1,On Roadway,1,Daylight,,,,,10,Cloudy,0,No,0000000,Not Applicable,14,2:00pm-2:59pm,40,40,99,Unknown EMS Scene Arrival Hour,99,Unknown EMS Scene Arrival Minutes,99,Unknown,99,Unknown EMS Hospital Arrival Time,,,,,,,1,
2021,36,360672,New York,4,2,2,0,0,4,4,103,SUFFOLK (103),360,BABYLON,2,2,5,May,2021,1,Sunday,20,8:00pm-8:59pm,55,55,0,This section IS NOT on the NHS,2,Urban,7,Local,3,Town or Township Highway Agency,5,Local Street - Township,DAVIDSON ST,,99998,Not Reported,40.74030278,40.74030278,-73.366269440,-73.366269440,0,No Special Jurisdiction,12,Motor Vehicle In-Transport,2,Front-to-Front,0,No,1,Non-Junction,1,Not an Intersection,0,None,,,1,On Roadway,3,Dark - Lighted,,,,,1,Clear,0,No,0000000,Not Applicable,99,Unknown,99,Unknown,99,Unknown EMS Scene Arrival Hour,99,Unknown EMS Scene Arrival Minutes,99,Unknown,99,Unknown EMS Hospital Arrival Time,,,,,,,1,
2021,36,360673,New York,2,2,0,0,0,2,2,103,SUFFOLK (103),1039,CENTEREACH,3,3,5,May,2021,2,Monday,17,5:00pm-5:59pm,29,29,0,This section IS NOT on the NHS,2,Urban,7,Local,3,Town or Township Highway Agency,5,Local Street - Township,OXHEAD RD,,99998,Not Reported,40.87708611,40.87708611,-73.100161110,-73.100161110,0,No Special Jurisdiction,1,Rollover/Overturn,0,The First Harmful Event was Not a Collision with a Motor Vehicle in Transport,0,No,8,Driveway Access Related,1,Not an Intersection,0,None,,,1,On Roadway,1,Daylight,,,,,2,Rain,0,No,0000000,Not Applicable,99,Unknown,99,Unknown,99,Unknown EMS Scene Arrival Hour,99,Unknown EMS Scene Arrival Minutes,99,Unknown,99,Unknown EMS Hospital Arrival Time,,,,,,,1,
2021,36,360674,New York,2,2,0,0,0,2,2,103,SUFFOLK (103),5769,SMITHTOWN,4,4,5,May,2021,3,Tuesday,23,11:00pm-11:59pm,37,37,1,This section IS ON the NHS,2,Urban,1,Interstate,1,State Highway Agency,1,Interstate,I-495,,99998,Not Reported,40.81268889,40.81268889,-73.116366670,-73.116366670,0,No Special Jurisdiction,12,Motor Vehicle In-Transport,6,Angle,0,No,1,Non-Junction,1,Not an Intersection,0,None,,,1,On Roadway,3,Dark - Lighted,,,,,10,Cloudy,0,No,0000000,Not Applicable,99,Unknown,99,Unknown,99,Unknown EMS Scene Arrival Hour,99,Unknown EMS Scene Arrival Minutes,88,"Not Applicable (Not Transported) ",88,Not Applicable (Not Transported),,,,,,,1,
2021,36,360675,New York,1,1,0,1,1,2,2,103,SUFFOLK (103),705,BROOKHAVEN,8,8,5,May,2021,7,Saturday,10,10:00am-10:59am,30,30,0,This section IS NOT on the NHS,2,Urban,7,Local,3,Town or Township Highway Agency,5,Local Street - Township,FLOYD RD N,,99998,Not Reported,40.79608611,40.79608611,-72.859691670,-72.859691670,0,No Special Jurisdiction,8,Pedestrian,0,The First Harmful Event was Not a Collision with a Motor Vehicle in Transport,0,No,8,Driveway Access Related,1,Not an Intersection,0,None,,,1,On Roadway,1,Daylight,,,,,10,Cloudy,0,No,0000000,Not Applicable,10,10:00am-10:59am,33,33,10,10:00am-10:59am,34,34,10,10:00am-10:59am,52,52,,,,,,,1,
2021,36,360676,New York,1,1,0,0,0,1,1,103,SUFFOLK (103),2840,HUNTINGTON,10,10,5,May,2021,2,Monday,22,10:00pm-10:59pm,57,57,1,This section IS ON the NHS,2,Urban,1,Interstate,1,State Highway Agency,1,Interstate,I-495,,99998,Not Reported,40.80456389,40.80456389,-73.295872220,-73.295872220,0,No Special Jurisdiction,25,Concrete Traffic Barrier,0,The First Harmful Event was Not a Collision with a Motor Vehicle in Transport,0,No,1,Non-Junction,1,Not an Intersection,0,None,,,3,On Median,3,Dark - Lighted,,,,,1,Clear,0,No,0000000,Not Applicable,22,10:00pm-10:59pm,58,58,23,11:00pm-11:59pm,8,8,23,11:00pm-11:59pm,29,29,,,,,,,1,
2021,36,360677,New York,1,1,0,0,0,1,1,103,SUFFOLK (103),705,BROOKHAVEN,14,14,5,May,2021,6,Friday,19,7:00pm-7:59pm,30,30,1,This section IS ON the NHS,2,Urban,3,Principal Arterial - Other,2,County Highway Agency,4,County Road,CR-83,,99998,Not Reported,40.86125000,40.86125000,-73.021483330,-73.021483330,0,No Special Jurisdiction,24,Guardrail Face,0,The First Harmful Event was Not a Collision with a Motor Vehicle in Transport,0,No,1,Non-Junction,1,Not an Intersection,0,None,,,3,On Median,1,Daylight,,,,,1,Clear,0,No,0000000,Not Applicable,99,Unknown,99,Unknown,99,Unknown EMS Scene Arrival Hour,99,Unknown EMS Scene Arrival Minutes,99,Unknown,99,Unknown EMS Hospital Arrival Time,,,,,,,1,
2021,36,360678,New York,3,3,0,0,0,3,3,65,ONEIDA (65),6220,UTICA,12,12,5,May,2021,4,Wednesday,18,6:00pm-6:59pm,8,8,1,This section IS ON the NHS,2,Urban,3,Principal Arterial - Other,4,City or Municipal Highway Agency,6,Local Street - Municipality,BURRSTONE RD,GENESEE ST,99998,Not Reported,43.08913333,43.08913333,-75.256366670,-75.256366670,0,No Special Jurisdiction,12,Motor Vehicle In-Transport,6,Angle,0,No,2,Intersection,2,Four-Way Intersection,0,None,,,1,On Roadway,1,Daylight,,,,,1,Clear,0,No,0000000,Not Applicable,18,6:00pm-6:59pm,8,8,18,6:00pm-6:59pm,9,9,18,6:00pm-6:59pm,17,17,,,,,,,1,
2021,36,360679,New York,1,1,0,0,0,1,1,83,RENSSELAER (83),2974,JOHNSONVILLE,19,19,5,May,2021,4,Wednesday,18,6:00pm-6:59pm,44,44,0,This section IS NOT on the NHS,1,Rural,7,Local,3,Town or Township Highway Agency,5,Local Street - Township,GOOSEN REGAN RD,,99998,Not Reported,42.90060278,42.90060278,-73.474005560,-73.474005560,0,No Special Jurisdiction,42,Tree (Standing Only),0,The First Harmful Event was Not a Collision with a Motor Vehicle in Transport,0,No,1,Non-Junction,1,Not an Intersection,0,None,,,4,On Roadside,1,Daylight,,,,,1,Clear,0,No,0000000,Not Applicable,18,6:00pm-6:59pm,45,45,18,6:00pm-6:59pm,54,54,20,8:00pm-8:59pm,3,3,,,,,,,1,