caseyear,state,st_case,statename,ve_total,ve_forms,pvh_invl,peds,pernotmvit,permvit,persons,county,countyname,city,cityname,day,dayname,month,monthname,year,day_week,day_weekname,hour,hourname,minute,minutename,nhs,nhsname,rur_urb,rur_urbname,func_sys,func_sysname,rd_owner,rd_ownername,route,routename,tway_id,tway_id2,milept,mileptname,latitude,latitudename,longitud,longitudname,sp_jur,sp_jurname,harm_ev,harm_evname,man_coll,man_collname,reljct1,reljct1name,reljct2,reljct2name,typ_int,typ_intname,wrk_zone,wrk_zonename,road_fnc,road_fncname,rel_road,rel_roadname,lgt_cond,lgt_condname,weather1,weather1name,weather2,weather2name,weather,weathername,sch_bus,sch_busname,rail,railname,not_hour,not_hourname,not_min,not_minname,arr_hour,arr_hourname,arr_min,arr_minname,hosp_hr,hosp_hrname,hosp_mn,hosp_mnname,cf1,cf1name,cf2,cf2name,cf3,cf3name,fatals,drunk_dr
2021,36,360750,New York,3,1,2,0,0,2,2,87,ROCKLAND (87),1300,CONGERS,24,24,9,September,2021,6,Friday,23,11:00pm-11:59pm,45,45,1,This section IS ON the NHS,2,Urban,3,Principal Arterial - Other,1,State Highway Agency,2,U.S. Highway,US-9W,,99998,Not Reported,41.14716944,41.14716944,-73.928052780,-73.928052780,0,No Special Jurisdiction,17,Boulder,0,The First Harmful Event was Not a Collision with a Motor Vehicle in Transport,0,No,1,Non-Junction,1,Not an Intersection,0,None,,,4,On Roadside,3,Dark - Lighted,,,,,1,Clear,0,No,0000000,Not Applicable,23,11:00pm-11:59pm,45,45,23,11:00pm-11:59pm,52,52,99,Unknown,99,Unknown EMS Hospital Arrival Time,,,,,,,1,
2021,36,360751,New York,1,1,0,0,0,2,2,11,CAYUGA (11),310,AUBURN,2,2,10,October,2021,7,Saturday,4,4:00am-4:59am,22,22,0,This section IS NOT on the NHS,2,Urban,4,Minor Arterial,4,City or Municipal Highway Agency,3,State Highway,SR-38 LAKE AVE,METCALF DR,99998,Not Reported,42.91675000,42.91675000,-76.552975000,-76.552975000,0,No Special Jurisdiction,42,Tree (Standing Only),0,The First Harmful Event was Not a Collision with a Motor Vehicle in Transport,0,No,3,Intersection-Related,3,T-Intersection,0,None,,,4,On Roadside,3,Dark - Lighted,,,,,10,Cloudy,0,No,0000000,Not Applicable,4,4:00am-4:59am,23,23,4,4:00am-4:59am,29,29,88,"Not Applicable (Not Transported) ",88,Not Applicable (Not Transported),,,,,,,2,
2021,36,360752,New York,1,1,0,0,0,4,4,119,WESTCHESTER (119),4120,NEW ROCHELLE,3,3,10,October,2021,1,Sunday,1,1:00am-1:59am,32,32,0,This section IS NOT on the NHS,2,Urban,7,Local,3,Town or Township Highway Agency,5,Local Street - Township,PELHAMDALE AVE,HUTCHINSON RIVER PKWY RAMP,99998,Not Reported,40.92550833,40.92550833,-73.804736110,-73.804736110,0,No Special Jurisdiction,39,Wall,0,The First Harmful Event was Not a Collision with a Motor Vehicle in Transport,1,Yes,3,Intersection-Related,3,T-Intersection,0,None,,,4,On Roadside,2,Dark - Not Lighted,,,,,1,Clear,0,No,0000000,Not Applicable,99,Unknown,99,Unknown,1,1:00am-1:59am,45,45,2,2:00am-2:59am,0,0,,,,,,,2,
2021,36,360753,New York,2,2,0,0,0,4,4,47,KINGS (47),4170,NEW YORK CITY,2,2,10,October,2021,7,Saturday,13,1:00pm-1:59pm,35,35,0,This section IS NOT on the NHS,2,Urban,3,Principal Arterial - Other,4,City or Municipal Highway Agency,6,Local Street - Municipality,HAMILTON AVE,,99998,Not Reported,40.67694167,40.67694167,-74.002280560,-74.002280560,0,No Special Jurisdiction,12,Motor Vehicle In-Transport,6,Angle,0,No,8,Driveway Access Related,1,Not an Intersection,0,None,,,1,On Roadway,1,Daylight,,,,,1,Clear,0,No,0000000,Not Applicable,99,Unknown,99,Unknown,99,Unknown EMS Scene Arrival Hour,99,Unknown EMS Scene Arrival Minutes,99,Unknown,99,Unknown EMS Hospital Arrival Time,,,,,,,1,
2021,36,360754,New York,1,1,0,0,0,1,1,55,MONROE (55),5230,ROCHESTER,10,10,10,October,2021,1,Sunday,17,5:00pm-5:59pm,25,25,1,This section IS ON the NHS,2,Urban,3,Principal Arterial - Other,1,State Highway Agency,3,State Highway,SR-940K MOUNT READ BLVD,,99998,Not Reported,43.18669722,43.18669722,-77.659330560,-77.659330560,0,No Special Jurisdiction,30,Utility Pole/Light Support,0,The First Harmful Event was Not a Collision with a Motor Vehicle in Transport,0,No,1,Non-Junction,1,Not an Intersection,0,None,,,3,On Median,3,Dark - Lighted,,,,,1,Clear,0,No,0000000,Not Applicable,99,Unknown,99,Unknown,99,Unknown EMS Scene Arrival Hour,99,Unknown EMS Scene Arrival Minutes,88,"Not Applicable (Not Transported) ",88,Not Applicable (Not Transported),,,,,,,1,
2021,36,360755,New York,1,1,0,0,0,1,1,67,ONONDAGA (67),1910,FABIUS,17,17,10,October,2021,1,Sunday,20,8:00pm-8:59pm,35,35,0,This section IS NOT on the NHS,1,Rural,7,Local,3,Town or Township Highway Agency,5,Local Street - Township,TOGGENBURG RD,,99998,Not Reported,42.81382778,42.81382778,-75.961522220,-75.961522220,0,No Special Jurisdiction,31,"Post, Pole or Other Supports",0,The First Harmful Event was Not a Collision with a Motor Vehicle in Transport,0,No,1,Non-Junction,1,Not an Intersection,0,None,,,4,On Roadside,2,Dark - Not Lighted,,,,,10,Cloudy,0,No,0000000,Not Applicable,20,8:00pm-8:59pm,35,35,20,8:00pm-8:59pm,58,58,21,9:00pm-9:59pm,40,40,,,,,,,1,
2021,36,360756,New York,1,1,0,0,0,1,1,15,CHEMUNG (15),6530,WELLSBURG,4,4,10,October,2021,2,Monday,9,9:00am-9:59am,22,22,0,This section IS NOT on the NHS,1,Rural,7,Local,3,Town or Township Highway Agency,5,Local Street - Township,COMFORT HILL RD,,99998,Not Reported,42.00516389,42.00516389,-76.737122220,-76.737122220,0,No Special Jurisdiction,35,Embankment,0,The First Harmful Event was Not a Collision with a Motor Vehicle in Transport,0,No,1,Non-Junction,1,Not an Intersection,0,None,,,4,On Roadside,1,Daylight,,,,,2,Rain,0,No,0000000,Not Applicable,9,9:00am-9:59am,23,23,9,9:00am-9:59am,34,34,10,10:00am-10:59am,4,4,,,,,,,1,
2021,36,360757,New York,1,1,0,1,1,1,1,47,KINGS (47),4170,NEW YORK CITY,7,7,10,October,2021,5,Thursday,5,5:00am-5:59am,10,10,0,This section IS NOT on the NHS,2,Urban,7,Local,4,City or Municipal Highway Agency,6,Local Street - Municipality,GRAND ST,,0,None,40.71295278,40.71295278,-73.936691670,-73.936691670,0,No Special Jurisdiction,8,Pedestrian,0,The First Harmful Event was Not a Collision with a Motor Vehicle in Transport,0,No,1,Non-Junction,1,Not an Intersection,0,None,,,1,On Roadway,3,Dark - Lighted,,,,,1,Clear,0,No,0000000,Not Applicable,99,Unknown,99,Unknown,99,Unknown EMS Scene Arrival Hour,99,Unknown EMS Scene Arrival Minutes,99,Unknown,99,Unknown EMS Hospital Arrival Time,,,,,,,1,
2021,36,360758,New York,2,2,0,0,0,2,2,29,ERIE (29),750,BUFFALO,7,7,10,October,2021,5,Thursday,21,9:00pm-9:59pm,30,30,0,This section IS NOT on the NHS,2,Urban,4,Minor Arterial,4,City or Municipal Highway Agency,6,Local Street - Municipality,"GENESEE ST ",RAPIN PL,99998,Not Reported,42.91095000,42.91095000,-78.817811110,-78.817811110,0,No Special Jurisdiction,12,Motor Vehicle In-Transport,6,Angle,0,No,2,Intersection,3,T-Intersection,0,None,,,1,On Roadway,5,Dusk,,,,,1,Clear,0,No,0000000,Not Applicable,21,9:00pm-9:59pm,30,30,21,9:00pm-9:59pm,30,30,99,Unknown,99,Unknown EMS Hospital Arrival Time,,,,,,,1,
2021,36,360759,New York,3,3,0,0,0,5,5,39,GREENE (39),970,CATSKILL,19,19,9,September,2021,1,Sunday,13,1:00pm-1:59pm,52,52,0,This section IS NOT on the NHS,1,Rural,5,Major Collector,1,State Highway Agency,3,State Highway,SR-23A,,99998,Not Reported,42.19710000,42.19710000,-73.970891670,-73.970891670,0,No Special Jurisdiction,52,Guardrail End,0,The First Harmful Event was Not a Collision with a Motor Vehicle in Transport,0,No,1,Non-Junction,1,Not an Intersection,0,None,,,4,On Roadside,1,Daylight,,,,,1,Clear,0,No,0000000,Not Applicable,13,1:00pm-1:59pm,55,55,14,2:00pm-2:59pm,2,2,88,"Not Applicable (Not Transported) ",88,Not Applicable (Not Transported),,,,,,,1,
2021,36,360760,New York,1,1,0,0,0,1,1,75,OSWEGO (75),5105,REDFIELD,8,8,10,October,2021,6,Friday,13,1:00pm-1:59pm,52,52,0,This section IS NOT on the NHS,1,Rural,7,Local,3,Town or Township Highway Agency,5,Local Street - Township,TEACHOUT RD,,99998,Not Reported,43.48368889,43.48368889,-75.809505560,-75.809505560,0,No Special Jurisdiction,1,Rollover/Overturn,0,The First Harmful Event was Not a Collision with a Motor Vehicle in Transport,0,No,1,Non-Junction,1,Not an Intersection,0,None,,,4,On Roadside,1,Daylight,,,,,1,Clear,0,No,0000000,Not Applicable,13,1:00pm-1:59pm,52,52,14,2:00pm-2:59pm,10,10,15,3:00pm-3:59pm,12,12,,,,,,,1,
2021,36,360761,New York,1,1,0,0,0,1,1,83,RENSSELAER (83),5439,SAND LAKE,3,3,10,October,2021,1,Sunday,0,0:00am-0:59am,54,54,0,This section IS NOT on the NHS,2,Urban,5,Major Collector,1,State Highway Agency,3,State Highway,SR-351,SR-43,99998,Not Reported,42.64580278,42.64580278,-73.597022220,-73.597022220,0,No Special Jurisdiction,19,Building,0,The First Harmful Event was Not a Collision with a Motor Vehicle in Transport,0,No,3,Intersection-Related,3,T-Intersection,0,None,,,5,Outside Trafficway,3,Dark - Lighted,,,,,10,Cloudy,0,No,0000000,Not Applicable,0,0:00am-0:59am,54,54,0,0:00am-0:59am,59,59,88,"Not Applicable (Not Transported) ",88,Not Applicable (Not Transported),,,,,,,1,
2021,36,360762,New York,5,5,0,0,0,6,6,119,WESTCHESTER (119),2555,HARRISON,19,19,8,August,2021,5,Thursday,8,8:00am-8:59am,24,24,1,This section IS ON the NHS,2,Urban,1,Interstate,1,State Highway Agency,1,Interstate,I-287,,99998,Not Reported,99.99990000,99.99990000,999.999900000,999.999900000,0,No Special Jurisdiction,12,Motor Vehicle In-Transport,1,Front-to-Rear,0,No,1,Non-Junction,1,Not an Intersection,0,None,,,1,On Roadway,1,Daylight,,,,,10,Cloudy,0,No,0000000,Not Applicable,11,11:00am-11:59am,5,5,11,11:00am-11:59am,53,53,99,Unknown,99,Unknown EMS Hospital Arrival Time,,,,,,,2,
2021,36,360763,New York,1,1,0,0,0,1,1,49,LEWIS (49),4058,NEW BREMEN,9,9,10,October,2021,7,Saturday,0,0:00am-0:59am,30,30,0,This section IS NOT on the NHS,1,Rural,7,Local,3,Town or Township Highway Agency,5,Local Street - Township,ERIE CANAL RD,,99998,Not Reported,43.89193056,43.89193056,-75.334991670,-75.334991670,0,No Special Jurisdiction,42,Tree (Standing Only),0,The First Harmful Event was Not a Collision with a Motor Vehicle in Transport,0,No,1,Non-Junction,1,Not an Intersection,0,None,,,4,On Roadside,2,Dark - Not Lighted,,,,,10,Cloudy,0,No,0000000,Not Applicable,0,0:00am-0:59am,31,31,0,0:00am-0:59am,45,45,1,1:00am-1:59am,19,19,,,,,,,1,
2021,36,360764,New York,1,1,0,1,1,1,1,111,ULSTER (111),4100,NEW PALTZ,11,11,10,October,2021,2,Monday,5,5:00am-5:59am,16,16,0,This section IS NOT on the NHS,2,Urban,7,Local,3,Town or Township Highway Agency,5,Local Street - Township,S OHIOVILLE RD,,99998,Not Reported,41.73217222,41.73217222,-74.058619440,-74.058619440,0,No Special Jurisdiction,8,Pedestrian,0,The First Harmful Event was Not a Collision with a Motor Vehicle in Transport,0,No,1,Non-Junction,1,Not an Intersection,0,None,,,1,On Roadway,2,Dark - Not Lighted,,,,,1,Clear,0,No,0000000,Not Applicable,5,5:00am-5:59am,16,16,5,5:00am-5:59am,24,24,88,"Not Applicable (Not Transported) ",88,Not Applicable (Not Transported),,,,,,,1,
2021,36,360765,New York,1,1,0,1,1,1,1,47,KINGS (47),4170,NEW YORK CITY,10,10,10,October,2021,1,Sunday,17,5:00pm-5:59pm,58,58,1,This section IS ON the NHS,2,Urban,2,Principal Arterial - Other Freeways and Expressways,1,State Highway Agency,3,State Highway,SR-907C BELT PARKWAY,,99998,Not Reported,40.61755833,40.61755833,-74.040622220,-74.040622220,0,No Special Jurisdiction,8,Pedestrian,0,The First Harmful Event was Not a Collision with a Motor Vehicle in Transport,0,No,1,Non-Junction,1,Not an Intersection,0,None,,,1,On Roadway,1,Daylight,,,,,1,Clear,0,No,0000000,Not Applicable,99,Unknown,99,Unknown,99,Unknown EMS Scene Arrival Hour,99,Unknown EMS Scene Arrival Minutes,99,Unknown,99,Unknown EMS Hospital Arrival Time,,,,,,,1,
2021,36,360766,New York,1,1,0,1,1,1,1,5,BRONX (5),4170,NEW YORK CITY,23,23,10,October,2021,7,Saturday,4,4:00am-4:59am,27,27,1,This section IS ON the NHS,2,Urban,3,Principal Arterial - Other,1,State Highway Agency,3,State Highway,SR-9A BROADWAY,,99998,Not Reported,40.91071389,40.91071389,-73.896569440,-73.896569440,0,No Special Jurisdiction,8,Pedestrian,0,The First Harmful Event was Not a Collision with a Motor Vehicle in Transport,0,No,1,Non-Junction,1,Not an Intersection,0,None,,,1,On Roadway,3,Dark - Lighted,,,,,1,Clear,0,No,0000000,Not Applicable,4,4:00am-4:59am,28,28,4,4:00am-4:59am,36,36,88,"Not Applicable (Not Transported) ",88,Not Applicable (Not Transported),,,,,,,1,
2021,36,360767,New York,2,2,0,0,0,3,3,51,LIVINGSTON (51),6822,YORK,10,10,10,October,2021,1,Sunday,15,3:00pm-3:59pm,48,48,1,This section IS ON the NHS,1,Rural,3,Principal Arterial - Other,1,State Highway Agency,2,U.S. Highway,US-20 TELEPHONE RD,SR-36 MAIN ST,99998,Not Reported,42.91394722,42.91394722,-77.880811110,-77.880811110,0,No Special Jurisdiction,12,Motor Vehicle In-Transport,6,Angle,0,No,2,Intersection,2,Four-Way Intersection,0,None,,,1,On Roadway,1,Daylight,,,,,10,Cloudy,0,No,0000000,Not Applicable,15,3:00pm-3:59pm,50,50,16,4:00pm-4:59pm,3,3,99,Unknown,99,Unknown EMS Hospital Arrival Time,,,,,,,1,
2021,36,360768,New York,1,1,0,1,1,2,2,5,BRONX (5),4170,NEW YORK CITY,23,23,10,October,2021,7,Saturday,23,11:00pm-11:59pm,34,34,1,This section IS ON the NHS,2,Urban,1,Interstate,1,State Highway Agency,1,Interstate,I-278 BRUCKNER EXPY,,99998,Not Reported,99.99990000,99.99990000,999.999900000,999.999900000,0,No Special Jurisdiction,8,Pedestrian,0,The First Harmful Event was Not a Collision with a Motor Vehicle in Transport,0,No,1,Non-Junction,1,Not an Intersection,0,None,,,1,On Roadway,3,Dark - Lighted,,,,,1,Clear,0,No,0000000,Not Applicable,23,11:00pm-11:59pm,34,34,99,Unknown EMS Scene Arrival Hour,99,Unknown EMS Scene Arrival Minutes,88,"Not Applicable (Not Transported) ",88,Not Applicable (Not Transported),,,,,,,1,
2021,36,360769,New York,1,1,0,1,1,1,1,81,QUEENS (81),4170,MIDDLE VILLAGE,24,24,10,October,2021,1,Sunday,20,8:00pm-8:59pm,36,36,0,This section IS NOT on the NHS,2,Urban,7,Local,4,City or Municipal Highway Agency,6,Local Street - Municipality,216TH ST,,0,None,40.76695833,40.76695833,-73.767480560,-73.767480560,0,No Special Jurisdiction,8,Pedestrian,0,The First Harmful Event was Not a Collision with a Motor Vehicle in Transport,0,No,1,Non-Junction,1,Not an Intersection,0,None,,,1,On Roadway,3,Dark - Lighted,,,,,10,Cloudy,0,No,0000000,Not Applicable,20,8:00pm-8:59pm,36,36,99,Unknown EMS Scene Arrival Hour,99,Unknown EMS Scene Arrival Minutes,99,Unknown,99,Unknown EMS Hospital Arrival Time,,,,,,,1,
2021,36,360770,New York,2,2,0,0,0,2,2,47,KINGS (47),4170,NEW YORK CITY,17,17,10,October,2021,1,Sunday,17,5:00pm-5:59pm,5,5,0,This section IS NOT on the NHS,2,Urban,4,Minor Arterial,4,City or Municipal Highway Agency,6,Local Street - Municipality,RALPH AVE,,0,None,40.64528611,40.64528611,-73.920061110,-73.920061110,0,No Special Jurisdiction,12,Motor Vehicle In-Transport,1,Front-to-Rear,0,No,1,Non-Junction,1,Not an Intersection,0,None,,,1,On Roadway,1,Daylight,,,,,1,Clear,0,No,0000000,Not Applicable,99,Unknown,99,Unknown,99,Unknown EMS Scene Arrival Hour,99,Unknown EMS Scene Arrival Minutes,88,"Not Applicable (Not Transported) ",88,Not Applicable (Not Transported),,,,,,,1,
2021,36,360771,New York,1,1,0,0,0,1,1,33,FRANKLIN (33),2080,FORT COVINGTON,7,7,10,October,2021,5,Thursday,9,9:00am-9:59am,36,36,0,This section IS NOT on the NHS,1,Rural,5,Major Collector,2,County Highway Agency,4,County Road,CR-1,,99998,Not Reported,44.96941944,44.96941944,-74.511752780,-74.511752780,0,No Special Jurisdiction,43,Other Fixed Object,0,The First Harmful Event was Not a Collision with a Motor Vehicle in Transport,0,No,1,Non-Junction,1,Not an Intersection,0,None,,,4,On Roadside,1,Daylight,,,,,1,Clear,0,No,0000000,Not Applicable,99,Unknown,99,Unknown,99,Unknown EMS Scene Arrival Hour,99,Unknown EMS Scene Arrival Minutes,88,"Not Applicable (Not Transported) ",88,Not Applicable (Not Transported),,,,,,,1,
2021,36,360772,New York,1,1,0,1,1,2,2,15,CHEMUNG (15),1850,ELMIRA,11,11,10,October,2021,2,Monday,4,4:00am-4:59am,16,16,1,This section IS ON the NHS,2,Urban,3,Principal Arterial - Other,1,State Highway Agency,3,State Highway,SR-14 CLEMENS CENTER PKWY,,99998,Not Reported,42.08508056,42.08508056,-76.802947220,-76.802947220,0,No Special Jurisdiction,8,Pedestrian,0,The First Harmful Event was Not a Collision with a Motor Vehicle in Transport,0,No,1,Non-Junction,1,Not an Intersection,0,None,,,1,On Roadway,3,Dark - Lighted,,,,,1,Clear,0,No,0000000,Not Applicable,4,4:00am-4:59am,16,16,4,4:00am-4:59am,23,23,4,4:00am-4:59am,47,47,,,,,,,1,
2021,36,360773,New York,2,2,0,0,0,4,4,55,MONROE (55),5230,ROCHESTER,20,20,9,September,2021,2,Monday,1,1:00am-1:59am,40,40,0,This section IS NOT on the NHS,2,Urban,5,Major Collector,2,County Highway Agency,4,County Road,CR-119 WESTSIDE DR,,99998,Not Reported,43.12580000,43.12580000,-77.704961110,-77.704961110,0,No Special Jurisdiction,12,Motor Vehicle In-Transport,6,Angle,0,No,8,Driveway Access Related,1,Not an Intersection,0,None,,,1,On Roadway,3,Dark - Lighted,,,,,1,Clear,0,No,0000000,Not Applicable,1,1:00am-1:59am,40,40,1,1:00am-1:59am,49,49,2,2:00am-2:59am,3,3,,,,,,,1,
2021,36,360774,New York,2,2,0,0,0,2,2,61,NEW YORK (61),4170,NEW YORK,28,28,9,September,2021,3,Tuesday,20,8:00pm-8:59pm,55,55,0,This section IS NOT on the NHS,2,Urban,5,Major Collector,4,City or Municipal Highway Agency,6,Local Street - Municipality,AMSTERDAM AVE,,0,None,40.85620556,40.85620556,-73.924961110,-73.924961110,0,No Special Jurisdiction,12,Motor Vehicle In-Transport,1,Front-to-Rear,0,No,1,Non-Junction,1,Not an Intersection,0,None,,,1,On Roadway,3,Dark - Lighted,,,,,10,Cloudy,0,No,0000000,Not Applicable,20,8:00pm-8:59pm,55,55,21,9:00pm-9:59pm,0,0,21,9:00pm-9:59pm,15,15,,,,,,,1,
2021,36,360775,New York,2,2,0,0,0,3,3,87,ROCKLAND (87),2580,HAVERSTRAW,8,8,10,October,2021,6,Friday,9,9:00am-9:59am,0,0,1,This section IS ON the NHS,2,Urban,3,Principal Arterial - Other,1,State Highway Agency,2,U.S. Highway,US-9W,,99998,Not Reported,41.17792222,41.17792222,-73.945625000,-73.945625000,0,No Special Jurisdiction,12,Motor Vehicle In-Transport,2,Front-to-Front,0,No,1,Non-Junction,1,Not an Intersection,0,None,,,1,On Roadway,1,Daylight,,,,,5,"Fog, Smog, Smoke",0,No,0000000,Not Applicable,9,9:00am-9:59am,6,6,9,9:00am-9:59am,13,13,99,Unknown,99,Unknown EMS Hospital Arrival Time,,,,,,,1,
2021,36,360776,New York,2,2,0,0,0,2,2,71,ORANGE (71),3840,MONTGOMERY,9,9,10,October,2021,7,Saturday,0,0:00am-0:59am,29,29,1,This section IS ON the NHS,2,Urban,3,Principal Arterial - Other,1,State Highway Agency,3,State Highway,SR-17K,,99998,Not Reported,41.52436667,41.52436667,-74.179569440,-74.179569440,0,No Special Jurisdiction,12,Motor Vehicle In-Transport,1,Front-to-Rear,0,No,1,Non-Junction,1,Not an Intersection,0,None,,,1,On Roadway,3,Dark - Lighted,,,,,1,Clear,0,No,0000000,Not Applicable,0,0:00am-0:59am,30,30,0,0:00am-0:59am,36,36,1,1:00am-1:59am,8,8,,,,,,,1,
2021,36,360777,New York,1,1,0,1,1,1,1,59,NASSAU (59),4090,NEW HYDE PARK,11,11,10,October,2021,2,Monday,4,4:00am-4:59am,35,35,0,This section IS NOT on the NHS,2,Urban,4,Minor Arterial,2,County Highway Agency,4,County Road,CR-25 OLD COUNTRY RD,HILTON ST,99998,Not Reported,40.75298611,40.75298611,-73.565363890,-73.565363890,0,No Special Jurisdiction,8,Pedestrian,0,The First Harmful Event was Not a Collision with a Motor Vehicle in Transport,0,No,3,Intersection-Related,3,T-Intersection,0,None,,,1,On Roadway,3,Dark - Lighted,,,,,2,Rain,0,No,0000000,Not Applicable,4,4:00am-4:59am,38,38,4,4:00am-4:59am,41,41,88,"Not Applicable (Not Transported) ",88,Not Applicable (Not Transported),,,,,,,1,
2021,36,360779,New York,2,2,0,0,0,3,3,81,QUEENS (81),4170,MIDDLE VILLAGE,11,11,10,October,2021,2,Monday,7,7:00am-7:59am,21,21,0,This section IS NOT on the NHS,2,Urban,7,Local,4,City or Municipal Highway Agency,6,Local Street - Municipality,HONEYWELL ST,,0,None,40.74868056,40.74868056,-73.930238890,-73.930238890,0,No Special Jurisdiction,12,Motor Vehicle In-Transport,2,Front-to-Front,0,No,1,Non-Junction,1,Not an Intersection,0,None,,,1,On Roadway,1,Daylight,,,,,10,Cloudy,0,No,0000000,Not Applicable,99,Unknown,99,Unknown,99,Unknown EMS Scene Arrival Hour,99,Unknown EMS Scene Arrival Minutes,99,Unknown,99,Unknown EMS Hospital Arrival Time,,,,,,,1,
2021,36,360780,New York,2,2,0,0,0,2,2,29,ERIE (29),3140,LANCASTER,7,7,8,August,2021,7,Saturday,17,5:00pm-5:59pm,43,43,1,This section IS ON the NHS,2,Urban,3,Principal Arterial - Other,1,State Highway Agency,2,U.S. Highway,US-20 BROADWAY,RANSOM RD,99998,Not Reported,42.89140556,42.89140556,-78.592652780,-78.592652780,0,No Special Jurisdiction,12,Motor Vehicle In-Transport,6,Angle,0,No,2,Intersection,2,Four-Way Intersection,0,None,,,1,On Roadway,1,Daylight,,,,,1,Clear,0,No,0000000,Not Applicable,17,5:00pm-5:59pm,42,42,17,5:00pm-5:59pm,46,46,18,6:00pm-6:59pm,20,20,,,,,,,1,
2021,36,360781,New York,1,1,0,0,0,1,1,65,ONEIDA (65),6680,WHITESBORO,5,5,9,September,2021,1,Sunday,1,1:00am-1:59am,15,15,0,This section IS NOT on the NHS,2,Urban,4,Minor Arterial,1,State Highway Agency,3,State Highway,SR-69 ORISKANY BLVD,,99998,Not Reported,43.12123611,43.12123611,-75.293963890,-75.293963890,0,No Special Jurisdiction,33,Curb,0,The First Harmful Event was Not a Collision with a Motor Vehicle in Transport,0,No,1,Non-Junction,1,Not an Intersection,0,None,,,4,On Roadside,3,Dark - Lighted,,,,,10,Cloudy,0,No,0000000,Not Applicable,1,1:00am-1:59am,17,17,1,1:00am-1:59am,19,19,88,"Not Applicable (Not Transported) ",88,Not Applicable (Not Transported),,,,,,,1,
2021,36,360782,New York,1,1,0,1,1,2,2,7,BROOME (7),6277,VESTAL,8,8,10,October,2021,6,Friday,14,2:00pm-2:59pm,45,45,1,This section IS ON the NHS,2,Urban,3,Principal Arterial - Other,2,County Highway Agency,4,County Road,CR-44 VESTAL RD,,99998,Not Reported,42.09780278,42.09780278,-75.971925000,-75.971925000,0,No Special Jurisdiction,9,Pedalcyclist,0,The First Harmful Event was Not a Collision with a Motor Vehicle in Transport,0,No,1,Non-Junction,1,Not an Intersection,0,None,,,1,On Roadway,1,Daylight,,,,,10,Cloudy,0,No,0000000,Not Applicable,14,2:00pm-2:59pm,46,46,14,2:00pm-2:59pm,52,52,15,3:00pm-3:59pm,4,4,,,,,,,1,
2021,36,360783,New York,1,1,0,1,1,1,1,119,WESTCHESTER (119),6820,YONKERS,8,8,2,February,2021,2,Monday,13,1:00pm-1:59pm,6,6,0,This section IS NOT on the NHS,2,Urban,7,Local,4,City or Municipal Highway Agency,6,Local Street - Municipality,KIMBALL AVE,,99998,Not Reported,40.92785278,40.92785278,-73.849369440,-73.849369440,0,No Special Jurisdiction,8,Pedestrian,0,The First Harmful Event was Not a Collision with a Motor Vehicle in Transport,0,No,1,Non-Junction,1,Not an Intersection,0,None,,,1,On Roadway,1,Daylight,,,,,1,Clear,0,No,0000000,Not Applicable,99,Unknown,99,Unknown,99,Unknown EMS Scene Arrival Hour,99,Unknown EMS Scene Arrival Minutes,99,Unknown,99,Unknown EMS Hospital Arrival Time,,,,,,,1,
2021,36,360784,New York,2,2,0,0,0,2,2,29,ERIE (29),2340,GOWANDA,21,21,10,October,2021,5,Thursday,12,12:00pm-12:59pm,41,41,1,This section IS ON the NHS,2,Urban,3,Principal Arterial - Other,1,State Highway Agency,2,U.S. Highway,US-62 SANDHILL RD,,99998,Not Reported,42.47581111,42.47581111,-78.929105560,-78.929105560,0,No Special Jurisdiction,12,Motor Vehicle In-Transport,2,Front-to-Front,0,No,1,Non-Junction,1,Not an Intersection,0,None,,,1,On Roadway,1,Daylight,,,,,10,Cloudy,0,No,0000000,Not Applicable,12,12:00pm-12:59pm,41,41,12,12:00pm-12:59pm,45,45,99,Unknown,99,Unknown EMS Hospital Arrival Time,,,,,,,1,
2021,36,360785,New York,1,1,0,1,1,1,1,61,NEW YORK (61),4170,NEW YORK,28,28,10,October,2021,5,Thursday,20,8:00pm-8:59pm,51,51,0,This section IS NOT on the NHS,2,Urban,4,Minor Arterial,4,City or Municipal Highway Agency,6,Local Street - Municipality,W 41ST ST,,0,None,40.75677222,40.75677222,-73.990711110,-73.990711110,0,No Special Jurisdiction,8,Pedestrian,0,The First Harmful Event was Not a Collision with a Motor Vehicle in Transport,0,No,1,Non-Junction,1,Not an Intersection,0,None,,,1,On Roadway,3,Dark - Lighted,,,,,1,Clear,0,No,0000000,Not Applicable,99,Unknown,99,Unknown,99,Unknown EMS Scene Arrival Hour,99,Unknown EMS Scene Arrival Minutes,88,"Not Applicable (Not Transported) ",88,Not Applicable (Not Transported),,,,,,,1,
2021,36,360786,New York,2,2,0,0,0,2,2,35,FULTON (35),2980,JOHNSTOWN,17,17,9,September,2021,6,Friday,6,6:00am-6:59am,59,59,0,This section IS NOT on the NHS,1,Rural,4,Minor Arterial,1,State Highway Agency,3,State Highway,SR-67,CR-116,99998,Not Reported,43.00750556,43.00750556,-74.456736110,-74.456736110,0,No Special Jurisdiction,12,Motor Vehicle In-Transport,2,Front-to-Front,0,No,2,Intersection,4,Y-Intersection,0,None,,,1,On Roadway,4,Dawn,,,,,10,Cloudy,0,No,0000000,Not Applicable,6,6:00am-6:59am,59,59,7,7:00am-7:59am,10,10,99,Unknown,99,Unknown EMS Hospital Arrival Time,,,,,,,1,