caseyear,state,st_case,statename,ve_total,ve_forms,pvh_invl,peds,pernotmvit,permvit,persons,county,countyname,city,cityname,day,dayname,month,monthname,year,day_week,day_weekname,hour,hourname,minute,minutename,nhs,nhsname,rur_urb,rur_urbname,func_sys,func_sysname,rd_owner,rd_ownername,route,routename,tway_id,tway_id2,milept,mileptname,latitude,latitudename,longitud,longitudname,sp_jur,sp_jurname,harm_ev,harm_evname,man_coll,man_collname,reljct1,reljct1name,reljct2,reljct2name,typ_int,typ_intname,wrk_zone,wrk_zonename,road_fnc,road_fncname,rel_road,rel_roadname,lgt_cond,lgt_condname,weather1,weather1name,weather2,weather2name,weather,weathername,sch_bus,sch_busname,rail,railname,not_hour,not_hourname,not_min,not_minname,arr_hour,arr_hourname,arr_min,arr_minname,hosp_hr,hosp_hrname,hosp_mn,hosp_mnname,cf1,cf1name,cf2,cf2name,cf3,cf3name,fatals,drunk_dr
2021,36,360933,New York,1,1,0,0,0,1,1,15,CHEMUNG (15),2800,HORSEHEADS,20,20,11,November,2021,7,Saturday,7,7:00am-7:59am,25,25,0,This section IS NOT on the NHS,1,Rural,7,Local,3,Town or Township Highway Agency,5,Local Street - Township,PROSPECT HILL RD,,99998,Not Reported,42.19465000,42.19465000,-76.858161110,-76.858161110,0,No Special Jurisdiction,42,Tree (Standing Only),0,The First Harmful Event was Not a Collision with a Motor Vehicle in Transport,0,No,1,Non-Junction,1,Not an Intersection,0,None,,,4,On Roadside,1,Daylight,,,,,10,Cloudy,0,No,0000000,Not Applicable,99,Unknown,99,Unknown,99,Unknown EMS Scene Arrival Hour,99,Unknown EMS Scene Arrival Minutes,88,"Not Applicable (Not Transported) ",88,Not Applicable (Not Transported),,,,,,,1,
2021,36,360934,New York,1,1,0,1,1,1,1,59,NASSAU (59),2600,HEMPSTEAD,21,21,8,August,2021,7,Saturday,22,10:00pm-10:59pm,23,23,1,This section IS ON the NHS,2,Urban,3,Principal Arterial - Other,3,Town or Township Highway Agency,5,Local Street - Township,PENINSULA BLVD,W MARSHALL ST,99998,Not Reported,40.69243611,40.69243611,-73.632066670,-73.632066670,0,No Special Jurisdiction,8,Pedestrian,0,The First Harmful Event was Not a Collision with a Motor Vehicle in Transport,0,No,3,Intersection-Related,2,Four-Way Intersection,0,None,,,1,On Roadway,3,Dark - Lighted,,,,,2,Rain,0,No,0000000,Not Applicable,99,Unknown,99,Unknown,99,Unknown EMS Scene Arrival Hour,99,Unknown EMS Scene Arrival Minutes,99,Unknown,99,Unknown EMS Hospital Arrival Time,,,,,,,1,
2021,36,360935,New York,1,1,0,1,1,2,2,59,NASSAU (59),4090,NEW HYDE PARK,17,17,9,September,2021,6,Friday,22,10:00pm-10:59pm,4,4,0,This section IS NOT on the NHS,2,Urban,3,Principal Arterial - Other,1,State Highway Agency,7,Local Street - Frontage Road,I-495 SERVICE RD,,99998,Not Reported,40.78426667,40.78426667,-73.650580560,-73.650580560,0,No Special Jurisdiction,8,Pedestrian,0,The First Harmful Event was Not a Collision with a Motor Vehicle in Transport,0,No,1,Non-Junction,1,Not an Intersection,0,None,,,1,On Roadway,2,Dark - Not Lighted,,,,,1,Clear,0,No,0000000,Not Applicable,99,Unknown,99,Unknown,99,Unknown EMS Scene Arrival Hour,99,Unknown EMS Scene Arrival Minutes,99,Unknown,99,Unknown EMS Hospital Arrival Time,,,,,,,1,
2021,36,360936,New York,1,1,0,1,1,1,1,87,ROCKLAND (87),6032,TAPPAN,18,18,11,November,2021,5,Thursday,17,5:00pm-5:59pm,13,13,0,This section IS NOT on the NHS,2,Urban,4,Minor Arterial,2,County Highway Agency,4,County Road,CR-15 WESTERN HWY,,99998,Not Reported,41.02511667,41.02511667,-73.952275000,-73.952275000,0,No Special Jurisdiction,8,Pedestrian,0,The First Harmful Event was Not a Collision with a Motor Vehicle in Transport,0,No,1,Non-Junction,1,Not an Intersection,0,None,,,1,On Roadway,3,Dark - Lighted,,,,,10,Cloudy,0,No,0000000,Not Applicable,17,5:00pm-5:59pm,13,13,17,5:00pm-5:59pm,16,16,17,5:00pm-5:59pm,31,31,,,,,,,1,
2021,36,360937,New York,2,2,0,0,0,2,2,29,ERIE (29),3140,LANCASTER,7,7,12,December,2021,3,Tuesday,10,10:00am-10:59am,26,26,1,This section IS ON the NHS,2,Urban,3,Principal Arterial - Other,1,State Highway Agency,2,U.S. Highway,US-20 BROADWAY,,99998,Not Reported,42.89219444,42.89219444,-78.613394440,-78.613394440,0,No Special Jurisdiction,12,Motor Vehicle In-Transport,2,Front-to-Front,0,No,1,Non-Junction,1,Not an Intersection,0,None,,,1,On Roadway,1,Daylight,,,,,10,Cloudy,0,No,0000000,Not Applicable,10,10:00am-10:59am,26,26,10,10:00am-10:59am,28,28,88,"Not Applicable (Not Transported) ",88,Not Applicable (Not Transported),,,,,,,2,
2021,36,360938,New York,3,3,0,0,0,5,5,27,DUTCHESS (27),1565,DOVER PLAINS,30,30,11,November,2021,3,Tuesday,18,6:00pm-6:59pm,30,30,1,This section IS ON the NHS,1,Rural,3,Principal Arterial - Other,1,State Highway Agency,3,State Highway,SR-22,,99998,Not Reported,41.73593333,41.73593333,-73.580486110,-73.580486110,0,No Special Jurisdiction,12,Motor Vehicle In-Transport,2,Front-to-Front,0,No,1,Non-Junction,1,Not an Intersection,0,None,,,1,On Roadway,2,Dark - Not Lighted,,,,,10,Cloudy,0,No,0000000,Not Applicable,18,6:00pm-6:59pm,30,30,18,6:00pm-6:59pm,35,35,99,Unknown,99,Unknown EMS Hospital Arrival Time,,,,,,,1,
2021,36,360939,New York,2,2,0,0,0,2,2,91,SARATOGA (91),5470,SARATOGA SPGS,12,12,10,October,2021,3,Tuesday,19,7:00pm-7:59pm,47,47,1,This section IS ON the NHS,2,Urban,3,Principal Arterial - Other,1,State Highway Agency,3,State Highway,SR-29 WASHINGTON ST,BROOK RD,99998,Not Reported,43.07593333,43.07593333,-73.835386110,-73.835386110,0,No Special Jurisdiction,12,Motor Vehicle In-Transport,2,Front-to-Front,0,No,2,Intersection,2,Four-Way Intersection,0,None,,,1,On Roadway,3,Dark - Lighted,,,,,1,Clear,0,No,0000000,Not Applicable,19,7:00pm-7:59pm,47,47,19,7:00pm-7:59pm,52,52,88,"Not Applicable (Not Transported) ",88,Not Applicable (Not Transported),,,,,,,1,
2021,36,360940,New York,2,2,0,0,0,3,3,117,WAYNE (117),4492,ONTARIO,28,28,10,October,2021,5,Thursday,13,1:00pm-1:59pm,56,56,0,This section IS NOT on the NHS,2,Urban,7,Local,2,County Highway Agency,4,County Road,CR-200 LINCOLN RD,CLEVENGER RD,99998,Not Reported,43.21000833,43.21000833,-77.346313890,-77.346313890,0,No Special Jurisdiction,12,Motor Vehicle In-Transport,6,Angle,0,No,2,Intersection,2,Four-Way Intersection,0,None,,,1,On Roadway,1,Daylight,,,,,1,Clear,0,No,0000000,Not Applicable,13,1:00pm-1:59pm,56,56,14,2:00pm-2:59pm,5,5,15,3:00pm-3:59pm,35,35,,,,,,,1,
2021,36,360941,New York,1,1,0,0,0,1,1,27,DUTCHESS (27),3760,MILLBROOK,7,7,12,December,2021,3,Tuesday,12,12:00pm-12:59pm,17,17,1,This section IS ON the NHS,1,Rural,3,Principal Arterial - Other,1,State Highway Agency,2,U.S. Highway,US-44,,99998,Not Reported,41.77970833,41.77970833,-73.742825000,-73.742825000,0,No Special Jurisdiction,42,Tree (Standing Only),0,The First Harmful Event was Not a Collision with a Motor Vehicle in Transport,0,No,1,Non-Junction,1,Not an Intersection,0,None,,,4,On Roadside,1,Daylight,,,,,1,Clear,0,No,0000000,Not Applicable,12,12:00pm-12:59pm,7,7,12,12:00pm-12:59pm,17,17,88,"Not Applicable (Not Transported) ",88,Not Applicable (Not Transported),,,,,,,1,
2021,36,360942,New York,1,1,0,0,0,1,1,59,NASSAU (59),2600,HEMPSTEAD,10,10,12,December,2021,6,Friday,3,3:00am-3:59am,14,14,1,This section IS ON the NHS,2,Urban,2,Principal Arterial - Other Freeways and Expressways,1,State Highway Agency,3,State Highway,SR-908G NORTHERN STATE PKWY,,99998,Not Reported,40.77228889,40.77228889,-73.625855560,-73.625855560,0,No Special Jurisdiction,50,Bridge Overhead Structure,0,The First Harmful Event was Not a Collision with a Motor Vehicle in Transport,0,No,1,Non-Junction,1,Not an Intersection,0,None,,,4,On Roadside,3,Dark - Lighted,,,,,1,Clear,0,No,0000000,Not Applicable,3,3:00am-3:59am,14,14,3,3:00am-3:59am,21,21,3,3:00am-3:59am,50,50,,,,,,,1,
2021,36,360943,New York,1,1,0,0,0,1,1,81,QUEENS (81),4170,MIDDLE VILLAGE,11,11,12,December,2021,7,Saturday,4,4:00am-4:59am,20,20,1,This section IS ON the NHS,2,Urban,1,Interstate,1,State Highway Agency,1,Interstate,I-678 WHITESTONE EXPY,,99998,Not Reported,40.77467778,40.77467778,-73.828822220,-73.828822220,0,No Special Jurisdiction,24,Guardrail Face,0,The First Harmful Event was Not a Collision with a Motor Vehicle in Transport,0,No,1,Non-Junction,1,Not an Intersection,0,None,,,4,On Roadside,3,Dark - Lighted,,,,,2,Rain,0,No,0000000,Not Applicable,4,4:00am-4:59am,20,20,99,Unknown EMS Scene Arrival Hour,99,Unknown EMS Scene Arrival Minutes,99,Unknown,99,Unknown EMS Hospital Arrival Time,,,,,,,1,
2021,36,360944,New York,1,1,0,1,1,1,1,1,ALBANY (1),1290,COLONIE,6,6,12,December,2021,2,Monday,16,4:00pm-4:59pm,8,8,1,This section IS ON the NHS,2,Urban,3,Principal Arterial - Other,2,County Highway Agency,4,County Road,CR-1563 FULLER RD,,99998,Not Reported,42.70146667,42.70146667,-73.819266670,-73.819266670,0,No Special Jurisdiction,8,Pedestrian,0,The First Harmful Event was Not a Collision with a Motor Vehicle in Transport,0,No,1,Non-Junction,1,Not an Intersection,0,None,,,1,On Roadway,3,Dark - Lighted,,,,,2,Rain,0,No,0000000,Not Applicable,16,4:00pm-4:59pm,10,10,16,4:00pm-4:59pm,17,17,16,4:00pm-4:59pm,46,46,,,,,,,1,
2021,36,360945,New York,1,1,0,1,1,2,2,5,BRONX (5),4170,NEW YORK CITY,12,12,12,December,2021,1,Sunday,9,9:00am-9:59am,9,9,0,This section IS NOT on the NHS,2,Urban,4,Minor Arterial,4,City or Municipal Highway Agency,6,Local Street - Municipality,JEROME AVE,,0,None,40.84003056,40.84003056,-73.917941670,-73.917941670,0,No Special Jurisdiction,8,Pedestrian,0,The First Harmful Event was Not a Collision with a Motor Vehicle in Transport,0,No,1,Non-Junction,1,Not an Intersection,0,None,,,1,On Roadway,1,Daylight,,,,,1,Clear,0,No,0000000,Not Applicable,9,9:00am-9:59am,9,9,9,9:00am-9:59am,10,10,9,9:00am-9:59am,37,37,,,,,,,1,
2021,36,360946,New York,1,1,0,1,1,1,1,81,QUEENS (81),4170,MIDDLE VILLAGE,13,13,12,December,2021,2,Monday,16,4:00pm-4:59pm,52,52,0,This section IS NOT on the NHS,2,Urban,4,Minor Arterial,4,City or Municipal Highway Agency,6,Local Street - Municipality,COOPER AVE,,0,None,40.71029167,40.71029167,-73.866969440,-73.866969440,0,No Special Jurisdiction,8,Pedestrian,0,The First Harmful Event was Not a Collision with a Motor Vehicle in Transport,0,No,1,Non-Junction,1,Not an Intersection,0,None,,,1,On Roadway,5,Dusk,,,,,1,Clear,0,No,0000000,Not Applicable,16,4:00pm-4:59pm,52,52,99,Unknown EMS Scene Arrival Hour,99,Unknown EMS Scene Arrival Minutes,99,Unknown,99,Unknown EMS Hospital Arrival Time,,,,,,,1,
2021,36,360947,New York,1,1,0,0,0,1,1,3,ALLEGANY (3),5584,SCIO,13,13,12,December,2021,2,Monday,14,2:00pm-2:59pm,44,44,0,This section IS NOT on the NHS,1,Rural,5,Major Collector,2,County Highway Agency,4,County Road,CR-9,,99998,Not Reported,42.13091389,42.13091389,-78.017372220,-78.017372220,0,No Special Jurisdiction,1,Rollover/Overturn,0,The First Harmful Event was Not a Collision with a Motor Vehicle in Transport,0,No,1,Non-Junction,1,Not an Intersection,0,None,,,4,On Roadside,1,Daylight,,,,,1,Clear,0,No,0000000,Not Applicable,14,2:00pm-2:59pm,44,44,14,2:00pm-2:59pm,48,48,88,"Not Applicable (Not Transported) ",88,Not Applicable (Not Transported),,,,,,,1,
2021,36,360948,New York,2,2,0,0,0,2,2,71,ORANGE (71),4130,NEW WINDSOR,10,10,10,October,2021,1,Sunday,12,12:00pm-12:59pm,20,20,0,This section IS NOT on the NHS,2,Urban,4,Minor Arterial,1,State Highway Agency,3,State Highway,SR-32,,99998,Not Reported,41.43615000,41.43615000,-74.055380560,-74.055380560,0,No Special Jurisdiction,12,Motor Vehicle In-Transport,2,Front-to-Front,0,No,1,Non-Junction,1,Not an Intersection,0,None,,,1,On Roadway,1,Daylight,,,,,10,Cloudy,0,No,0000000,Not Applicable,12,12:00pm-12:59pm,24,24,12,12:00pm-12:59pm,35,35,99,Unknown,99,Unknown EMS Hospital Arrival Time,,,,,,,1,
2021,36,360949,New York,2,2,0,0,0,3,3,57,MONTGOMERY (57),2210,FULTONVILLE,8,8,12,December,2021,4,Wednesday,14,2:00pm-2:59pm,31,31,0,This section IS NOT on the NHS,1,Rural,5,Major Collector,1,State Highway Agency,3,State Highway,SR-5S,,99998,Not Reported,42.89497222,42.89497222,-74.475775000,-74.475775000,0,No Special Jurisdiction,12,Motor Vehicle In-Transport,2,Front-to-Front,0,No,1,Non-Junction,1,Not an Intersection,0,None,,,1,On Roadway,1,Daylight,,,,,4,Snow,0,No,0000000,Not Applicable,14,2:00pm-2:59pm,34,34,14,2:00pm-2:59pm,41,41,99,Unknown,99,Unknown EMS Hospital Arrival Time,,,,,,,1,
2021,36,360950,New York,3,1,2,1,2,1,2,51,LIVINGSTON (51),2461,GROVELAND CORNERS,6,6,12,December,2021,2,Monday,21,9:00pm-9:59pm,5,5,1,This section IS ON the NHS,1,Rural,1,Interstate,1,State Highway Agency,1,Interstate,I-390,,99998,Not Reported,42.69924444,42.69924444,-77.820369440,-77.820369440,0,No Special Jurisdiction,14,Parked Motor Vehicle,0,The First Harmful Event was Not a Collision with a Motor Vehicle in Transport,0,No,1,Non-Junction,1,Not an Intersection,0,None,,,2,On Shoulder,2,Dark - Not Lighted,,,,,1,Clear,0,No,0000000,Not Applicable,21,9:00pm-9:59pm,8,8,21,9:00pm-9:59pm,18,18,99,Unknown,99,Unknown EMS Hospital Arrival Time,,,,,,,1,
2021,36,360951,New York,1,1,0,1,1,1,1,103,SUFFOLK (103),5810,SOUTHAMPTON,3,3,5,May,2021,2,Monday,19,7:00pm-7:59pm,58,58,0,This section IS NOT on the NHS,2,Urban,7,Local,1,State Highway Agency,6,Local Street - Municipality,"HALSEY ST ",WHITE ST,99998,Not Reported,40.89090556,40.89090556,-72.403116670,-72.403116670,0,No Special Jurisdiction,9,Pedalcyclist,0,The First Harmful Event was Not a Collision with a Motor Vehicle in Transport,0,No,3,Intersection-Related,3,T-Intersection,0,None,,,1,On Roadway,3,Dark - Lighted,,,,,2,Rain,0,No,0000000,Not Applicable,19,7:00pm-7:59pm,58,58,20,8:00pm-8:59pm,1,1,20,8:00pm-8:59pm,30,30,,,,,,,1,
2021,36,360952,New York,2,2,0,0,0,4,4,105,SULLIVAN (105),1954,FALLSBURG,21,21,5,May,2021,6,Friday,11,11:00am-11:59am,49,49,0,This section IS NOT on the NHS,2,Urban,4,Minor Arterial,1,State Highway Agency,3,State Highway,SR-42 MAIN ST,,99998,Not Reported,41.71173333,41.71173333,-74.625197220,-74.625197220,0,No Special Jurisdiction,12,Motor Vehicle In-Transport,2,Front-to-Front,0,No,1,Non-Junction,1,Not an Intersection,0,None,,,1,On Roadway,1,Daylight,,,,,1,Clear,0,No,0000000,Not Applicable,11,11:00am-11:59am,48,48,12,12:00pm-12:59pm,2,2,13,1:00pm-1:59pm,14,14,,,,,,,1,
2021,36,360953,New York,2,2,0,0,0,2,2,5,BRONX (5),4170,NEW YORK CITY,5,5,9,September,2021,1,Sunday,3,3:00am-3:59am,19,19,1,This section IS ON the NHS,2,Urban,3,Principal Arterial - Other,4,City or Municipal Highway Agency,6,Local Street - Municipality,SHORE RD,,99998,Not Reported,40.85957222,40.85957222,-73.817677780,-73.817677780,0,No Special Jurisdiction,12,Motor Vehicle In-Transport,1,Front-to-Rear,0,No,1,Non-Junction,1,Not an Intersection,0,None,,,1,On Roadway,3,Dark - Lighted,,,,,1,Clear,0,No,0000000,Not Applicable,99,Unknown,99,Unknown,99,Unknown EMS Scene Arrival Hour,99,Unknown EMS Scene Arrival Minutes,99,Unknown,99,Unknown EMS Hospital Arrival Time,,,,,,,1,
2021,36,360954,New York,1,1,0,1,1,1,1,3,ALLEGANY (3),6540,WELLSVILLE,28,28,10,October,2021,5,Thursday,5,5:00am-5:59am,25,25,1,This section IS ON the NHS,2,Urban,3,Principal Arterial - Other,1,State Highway Agency,3,State Highway,SR-19 STANNARDS RD,,99998,Not Reported,42.10103889,42.10103889,-77.925580560,-77.925580560,0,No Special Jurisdiction,9,Pedalcyclist,0,The First Harmful Event was Not a Collision with a Motor Vehicle in Transport,0,No,1,Non-Junction,1,Not an Intersection,0,None,,,1,On Roadway,2,Dark - Not Lighted,,,,,5,"Fog, Smog, Smoke",0,No,0000000,Not Applicable,5,5:00am-5:59am,26,26,5,5:00am-5:59am,29,29,88,"Not Applicable (Not Transported) ",88,Not Applicable (Not Transported),,,,,,,1,
2021,36,360955,New York,2,2,0,0,0,2,2,67,ONONDAGA (67),1166,CICERO,19,19,11,November,2021,6,Friday,17,5:00pm-5:59pm,4,4,0,This section IS NOT on the NHS,2,Urban,4,Minor Arterial,1,State Highway Agency,3,State Highway,SR-31,,99998,Not Reported,43.16957222,43.16957222,-75.998319440,-75.998319440,0,No Special Jurisdiction,12,Motor Vehicle In-Transport,2,Front-to-Front,0,No,1,Non-Junction,1,Not an Intersection,0,None,,,1,On Roadway,5,Dusk,,,,,10,Cloudy,0,No,0000000,Not Applicable,17,5:00pm-5:59pm,5,5,17,5:00pm-5:59pm,39,39,17,5:00pm-5:59pm,58,58,,,,,,,1,
2021,36,360956,New York,2,1,1,1,1,1,1,29,ERIE (29),5940,SPRINGVILLE,23,23,11,November,2021,3,Tuesday,12,12:00pm-12:59pm,17,17,0,This section IS NOT on the NHS,1,Rural,5,Major Collector,2,County Highway Agency,5,Local Street - Township,CR-49 GENESEE RD,,99998,Not Reported,42.55269167,42.55269167,-78.670216670,-78.670216670,0,No Special Jurisdiction,8,Pedestrian,0,The First Harmful Event was Not a Collision with a Motor Vehicle in Transport,0,No,1,Non-Junction,1,Not an Intersection,0,None,,,1,On Roadway,1,Daylight,,,,,1,Clear,0,No,0000000,Not Applicable,12,12:00pm-12:59pm,19,19,12,12:00pm-12:59pm,27,27,88,"Not Applicable (Not Transported) ",88,Not Applicable (Not Transported),,,,,,,1,
2021,36,360957,New York,1,1,0,0,0,1,1,29,ERIE (29),70,ALDEN,5,5,12,December,2021,1,Sunday,20,8:00pm-8:59pm,24,24,0,This section IS NOT on the NHS,1,Rural,7,Local,2,County Highway Agency,4,County Road,CR-64 S NEWSTEAD RD,,99998,Not Reported,42.95403333,42.95403333,-78.513183330,-78.513183330,0,No Special Jurisdiction,34,Ditch,0,The First Harmful Event was Not a Collision with a Motor Vehicle in Transport,0,No,1,Non-Junction,1,Not an Intersection,0,None,,,4,On Roadside,2,Dark - Not Lighted,,,,,1,Clear,0,No,0000000,Not Applicable,20,8:00pm-8:59pm,24,24,20,8:00pm-8:59pm,30,30,88,"Not Applicable (Not Transported) ",88,Not Applicable (Not Transported),,,,,,,1,
2021,36,360958,New York,2,2,0,0,0,9,9,59,NASSAU (59),2600,HEMPSTEAD,11,11,12,December,2021,7,Saturday,22,10:00pm-10:59pm,54,54,1,This section IS ON the NHS,2,Urban,3,Principal Arterial - Other,2,County Highway Agency,4,County Road,CR-2 PENINSULA BLVD,EDWARD AVE,99998,Not Reported,40.63278333,40.63278333,-73.723883330,-73.723883330,0,No Special Jurisdiction,12,Motor Vehicle In-Transport,6,Angle,0,No,2,Intersection,3,T-Intersection,0,None,,,1,On Roadway,3,Dark - Lighted,,,,,10,Cloudy,0,No,0000000,Not Applicable,22,10:00pm-10:59pm,58,58,23,11:00pm-11:59pm,3,3,23,11:00pm-11:59pm,24,24,,,,,,,1,
2021,36,360959,New York,2,2,0,0,0,2,2,59,NASSAU (59),4450,OLD WESTBURY,12,12,12,December,2021,1,Sunday,22,10:00pm-10:59pm,39,39,1,This section IS ON the NHS,2,Urban,3,Principal Arterial - Other,1,State Highway Agency,3,State Highway,SR-25 JERICHO TURNPIKE,,99998,Not Reported,40.75949722,40.75949722,-73.615511110,-73.615511110,0,No Special Jurisdiction,12,Motor Vehicle In-Transport,6,Angle,0,No,8,Driveway Access Related,1,Not an Intersection,0,None,,,1,On Roadway,2,Dark - Not Lighted,,,,,1,Clear,0,No,0000000,Not Applicable,99,Unknown,99,Unknown,99,Unknown EMS Scene Arrival Hour,99,Unknown EMS Scene Arrival Minutes,99,Unknown,99,Unknown EMS Hospital Arrival Time,,,,,,,1,
2021,36,360960,New York,1,1,0,0,0,2,2,45,JEFFERSON (45),1182,CLAYTON,4,4,12,December,2021,7,Saturday,2,2:00am-2:59am,30,30,0,This section IS NOT on the NHS,1,Rural,7,Local,3,Town or Township Highway Agency,5,Local Street - Township,DEFERNO RD,,99998,Not Reported,44.20342778,44.20342778,-76.106488890,-76.106488890,0,No Special Jurisdiction,42,Tree (Standing Only),0,The First Harmful Event was Not a Collision with a Motor Vehicle in Transport,0,No,1,Non-Junction,1,Not an Intersection,0,None,,,4,On Roadside,2,Dark - Not Lighted,,,,,10,Cloudy,0,No,0000000,Not Applicable,2,2:00am-2:59am,37,37,2,2:00am-2:59am,56,56,99,Unknown,99,Unknown EMS Hospital Arrival Time,,,,,,,1,
2021,36,360961,New York,1,1,0,0,0,1,1,13,CHAUTAUQUA (13),3130,LAKEWOOD,10,10,12,December,2021,6,Friday,20,8:00pm-8:59pm,59,59,0,This section IS NOT on the NHS,2,Urban,4,Minor Arterial,2,County Highway Agency,4,County Road,CR-110 E TERRACE AVE,,99998,Not Reported,42.10067500,42.10067500,-79.296530560,-79.296530560,0,No Special Jurisdiction,30,Utility Pole/Light Support,0,The First Harmful Event was Not a Collision with a Motor Vehicle in Transport,0,No,1,Non-Junction,1,Not an Intersection,0,None,,,4,On Roadside,3,Dark - Lighted,,,,,10,Cloudy,0,No,0000000,Not Applicable,20,8:00pm-8:59pm,59,59,21,9:00pm-9:59pm,3,3,88,"Not Applicable (Not Transported) ",88,Not Applicable (Not Transported),,,,,,,1,
2021,36,360962,New York,1,1,0,0,0,2,2,85,RICHMOND (85),4170,NEW YORK CITY,17,17,12,December,2021,6,Friday,23,11:00pm-11:59pm,50,50,1,This section IS ON the NHS,2,Urban,3,Principal Arterial - Other,4,City or Municipal Highway Agency,6,Local Street - Municipality,RICHMOND AVE,,99998,Not Reported,40.54803611,40.54803611,-74.166161110,-74.166161110,0,No Special Jurisdiction,30,Utility Pole/Light Support,0,The First Harmful Event was Not a Collision with a Motor Vehicle in Transport,0,No,1,Non-Junction,1,Not an Intersection,0,None,,,4,On Roadside,3,Dark - Lighted,,,,,1,Clear,0,No,0000000,Not Applicable,99,Unknown,99,Unknown,99,Unknown EMS Scene Arrival Hour,99,Unknown EMS Scene Arrival Minutes,99,Unknown,99,Unknown EMS Hospital Arrival Time,,,,,,,1,
2021,36,360964,New York,4,2,2,0,0,3,3,5,BRONX (5),4170,NEW YORK CITY,12,12,12,December,2021,1,Sunday,4,4:00am-4:59am,47,47,1,This section IS ON the NHS,2,Urban,1,Interstate,1,State Highway Agency,1,Interstate,I-87 MAJOR DEEGAN EXPY,,99998,Not Reported,40.81056944,40.81056944,-73.930997220,-73.930997220,0,No Special Jurisdiction,12,Motor Vehicle In-Transport,7,Sideswipe - Same Direction,1,Yes,17,Acceleration/Deceleration Lane,1,Not an Intersection,0,None,,,1,On Roadway,3,Dark - Lighted,,,,,1,Clear,0,No,0000000,Not Applicable,4,4:00am-4:59am,47,47,99,Unknown EMS Scene Arrival Hour,99,Unknown EMS Scene Arrival Minutes,99,Unknown,99,Unknown EMS Hospital Arrival Time,,,,,,,1,
2021,36,360965,New York,1,1,0,0,0,1,1,39,GREENE (39),3225,LEXINGTON,1,1,12,December,2021,4,Wednesday,20,8:00pm-8:59pm,11,11,0,This section IS NOT on the NHS,1,Rural,5,Major Collector,1,State Highway Agency,3,State Highway,SR-42,,99998,Not Reported,42.15938333,42.15938333,-74.408433330,-74.408433330,0,No Special Jurisdiction,42,Tree (Standing Only),0,The First Harmful Event was Not a Collision with a Motor Vehicle in Transport,0,No,1,Non-Junction,1,Not an Intersection,0,None,,,4,On Roadside,2,Dark - Not Lighted,,,,,1,Clear,0,No,0000000,Not Applicable,20,8:00pm-8:59pm,11,11,20,8:00pm-8:59pm,33,33,88,"Not Applicable (Not Transported) ",88,Not Applicable (Not Transported),,,,,,,1,
2021,36,360966,New York,1,1,0,0,0,1,1,81,QUEENS (81),4170,MIDDLE VILLAGE,17,17,12,December,2021,6,Friday,21,9:00pm-9:59pm,55,55,1,This section IS ON the NHS,2,Urban,2,Principal Arterial - Other Freeways and Expressways,1,State Highway Agency,3,State Highway,SR-908B JACKIE ROBINSON PKWY,,99998,Not Reported,40.70797778,40.70797778,-73.847727780,-73.847727780,0,No Special Jurisdiction,25,Concrete Traffic Barrier,0,The First Harmful Event was Not a Collision with a Motor Vehicle in Transport,0,No,1,Non-Junction,1,Not an Intersection,0,None,,,3,On Median,3,Dark - Lighted,,,,,1,Clear,0,No,0000000,Not Applicable,99,Unknown,99,Unknown,99,Unknown EMS Scene Arrival Hour,99,Unknown EMS Scene Arrival Minutes,99,Unknown,99,Unknown EMS Hospital Arrival Time,,,,,,,1,
2021,36,360967,New York,1,1,0,1,1,1,1,47,KINGS (47),4170,NEW YORK CITY,9,9,11,November,2021,3,Tuesday,6,6:00am-6:59am,5,5,0,This section IS NOT on the NHS,2,Urban,3,Principal Arterial - Other,4,City or Municipal Highway Agency,6,Local Street - Municipality,EASTERN PKWY,BUSHWICK AVE,0,None,40.68145000,40.68145000,-73.904175000,-73.904175000,0,No Special Jurisdiction,8,Pedestrian,0,The First Harmful Event was Not a Collision with a Motor Vehicle in Transport,0,No,3,Intersection-Related,2,Four-Way Intersection,0,None,,,1,On Roadway,1,Daylight,,,,,1,Clear,0,No,0000000,Not Applicable,99,Unknown,99,Unknown,99,Unknown EMS Scene Arrival Hour,99,Unknown EMS Scene Arrival Minutes,99,Unknown,99,Unknown EMS Hospital Arrival Time,,,,,,,1,
2021,36,360968,New York,1,1,0,1,1,1,1,59,NASSAU (59),2600,HEMPSTEAD,15,15,11,November,2021,2,Monday,3,3:00am-3:59am,51,51,0,This section IS NOT on the NHS,2,Urban,4,Minor Arterial,1,State Highway Agency,3,State Highway,SR-105 JERUSALEM AVE,NEWBRIDGE RD,99998,Not Reported,40.69121944,40.69121944,-73.542427780,-73.542427780,0,No Special Jurisdiction,8,Pedestrian,0,The First Harmful Event was Not a Collision with a Motor Vehicle in Transport,0,No,3,Intersection-Related,2,Four-Way Intersection,0,None,,,1,On Roadway,3,Dark - Lighted,,,,,10,Cloudy,0,No,0000000,Not Applicable,3,3:00am-3:59am,52,52,4,4:00am-4:59am,1,1,4,4:00am-4:59am,12,12,,,,,,,1,