caseyear,state,st_case,statename,ve_total,ve_forms,pvh_invl,peds,pernotmvit,permvit,persons,county,countyname,city,cityname,day,dayname,month,monthname,year,day_week,day_weekname,hour,hourname,minute,minutename,nhs,nhsname,rur_urb,rur_urbname,func_sys,func_sysname,rd_owner,rd_ownername,route,routename,tway_id,tway_id2,milept,mileptname,latitude,latitudename,longitud,longitudname,sp_jur,sp_jurname,harm_ev,harm_evname,man_coll,man_collname,reljct1,reljct1name,reljct2,reljct2name,typ_int,typ_intname,wrk_zone,wrk_zonename,road_fnc,road_fncname,rel_road,rel_roadname,lgt_cond,lgt_condname,weather1,weather1name,weather2,weather2name,weather,weathername,sch_bus,sch_busname,rail,railname,not_hour,not_hourname,not_min,not_minname,arr_hour,arr_hourname,arr_min,arr_minname,hosp_hr,hosp_hrname,hosp_mn,hosp_mnname,cf1,cf1name,cf2,cf2name,cf3,cf3name,fatals,drunk_dr
2021,36,361003,New York,1,1,0,1,1,2,2,13,CHAUTAUQUA (13),2950,JAMESTOWN,31,31,12,December,2021,6,Friday,12,12:00pm-12:59pm,24,24,1,This section IS ON the NHS,2,Urban,3,Principal Arterial - Other,1,State Highway Agency,3,State Highway,SR-394 W 6TH ST,SR-60 N MAIN ST,99998,Not Reported,42.09899722,42.09899722,-79.241925000,-79.241925000,0,No Special Jurisdiction,8,Pedestrian,0,The First Harmful Event was Not a Collision with a Motor Vehicle in Transport,0,No,3,Intersection-Related,2,Four-Way Intersection,0,None,,,1,On Roadway,1,Daylight,,,,,10,Cloudy,0,No,0000000,Not Applicable,12,12:00pm-12:59pm,24,24,12,12:00pm-12:59pm,47,47,88,"Not Applicable (Not Transported) ",88,Not Applicable (Not Transported),,,,,,,1,
2021,36,361004,New York,2,2,0,0,0,2,2,3,ALLEGANY (3),9997,Other,16,16,12,December,2021,5,Thursday,13,1:00pm-1:59pm,51,51,0,This section IS NOT on the NHS,1,Rural,3,Principal Arterial - Other,1,State Highway Agency,3,State Highway,SR-70,SR-961F,99998,Not Reported,42.46200278,42.46200278,-77.749622220,-77.749622220,0,No Special Jurisdiction,12,Motor Vehicle In-Transport,8,Sideswipe - Opposite Direction,0,No,2,Intersection,3,T-Intersection,0,None,,,1,On Roadway,1,Daylight,,,,,10,Cloudy,0,No,0000000,Not Applicable,13,1:00pm-1:59pm,51,51,13,1:00pm-1:59pm,58,58,99,Unknown,99,Unknown EMS Hospital Arrival Time,,,,,,,1,
2021,36,361005,New York,1,1,0,0,0,1,1,105,SULLIVAN (105),3230,LIBERTY,16,16,12,December,2021,5,Thursday,15,3:00pm-3:59pm,52,52,0,This section IS NOT on the NHS,2,Urban,7,Local,3,Town or Township Highway Agency,5,Local Street - Township,STANTON CORNER RD,,99998,Not Reported,41.74342500,41.74342500,-74.747022220,-74.747022220,0,No Special Jurisdiction,42,Tree (Standing Only),0,The First Harmful Event was Not a Collision with a Motor Vehicle in Transport,0,No,1,Non-Junction,1,Not an Intersection,0,None,,,4,On Roadside,1,Daylight,,,,,1,Clear,0,No,0000000,Not Applicable,15,3:00pm-3:59pm,52,52,15,3:00pm-3:59pm,56,56,88,"Not Applicable (Not Transported) ",88,Not Applicable (Not Transported),,,,,,,1,
2021,36,361006,New York,1,1,0,1,1,1,1,5,BRONX (5),4170,NEW YORK CITY,26,26,12,December,2021,1,Sunday,22,10:00pm-10:59pm,52,52,1,This section IS ON the NHS,2,Urban,1,Interstate,1,State Highway Agency,1,Interstate,I-278 BRUCKNER EXPY,,99998,Not Reported,40.82424444,40.82424444,-73.874088890,-73.874088890,0,No Special Jurisdiction,8,Pedestrian,0,The First Harmful Event was Not a Collision with a Motor Vehicle in Transport,0,No,1,Non-Junction,1,Not an Intersection,0,None,,,1,On Roadway,3,Dark - Lighted,,,,,1,Clear,0,No,0000000,Not Applicable,22,10:00pm-10:59pm,52,52,99,Unknown EMS Scene Arrival Hour,99,Unknown EMS Scene Arrival Minutes,88,"Not Applicable (Not Transported) ",88,Not Applicable (Not Transported),,,,,,,1,
2021,36,361007,New York,2,2,0,0,0,3,3,103,SUFFOLK (103),5210,RIVERHEAD,15,15,12,December,2021,4,Wednesday,14,2:00pm-2:59pm,59,59,0,This section IS NOT on the NHS,2,Urban,5,Major Collector,3,Town or Township Highway Agency,5,Local Street - Township,HORTON AVE,REEVES AVE,99998,Not Reported,40.94856111,40.94856111,-72.706597220,-72.706597220,0,No Special Jurisdiction,12,Motor Vehicle In-Transport,6,Angle,0,No,2,Intersection,2,Four-Way Intersection,0,None,,,1,On Roadway,1,Daylight,,,,,10,Cloudy,0,No,0000000,Not Applicable,14,2:00pm-2:59pm,59,59,15,3:00pm-3:59pm,7,7,99,Unknown,99,Unknown EMS Hospital Arrival Time,,,,,,,1,
2021,36,361008,New York,1,1,0,1,1,1,1,43,HERKIMER (43),6641,WEST SCHUYLER,25,25,12,December,2021,7,Saturday,19,7:00pm-7:59pm,20,20,1,This section IS ON the NHS,2,Urban,3,Principal Arterial - Other,1,State Highway Agency,3,State Highway,SR-5,,99998,Not Reported,43.10461667,43.10461667,-75.163005560,-75.163005560,0,No Special Jurisdiction,8,Pedestrian,0,The First Harmful Event was Not a Collision with a Motor Vehicle in Transport,0,No,1,Non-Junction,1,Not an Intersection,0,None,,,1,On Roadway,3,Dark - Lighted,,,,,2,Rain,0,No,0000000,Not Applicable,19,7:00pm-7:59pm,21,21,19,7:00pm-7:59pm,33,33,19,7:00pm-7:59pm,41,41,,,,,,,1,
2021,36,361009,New York,2,2,0,0,0,2,2,71,ORANGE (71),3840,MONTGOMERY,15,15,12,December,2021,4,Wednesday,16,4:00pm-4:59pm,21,21,1,This section IS ON the NHS,2,Urban,3,Principal Arterial - Other,1,State Highway Agency,3,State Highway,SR-17K,,99998,Not Reported,41.53045278,41.53045278,-74.284250000,-74.284250000,0,No Special Jurisdiction,12,Motor Vehicle In-Transport,2,Front-to-Front,0,No,1,Non-Junction,1,Not an Intersection,0,None,,,1,On Roadway,5,Dusk,,,,,10,Cloudy,0,No,0000000,Not Applicable,99,Unknown,99,Unknown,99,Unknown EMS Scene Arrival Hour,99,Unknown EMS Scene Arrival Minutes,99,Unknown,99,Unknown EMS Hospital Arrival Time,,,,,,,1,
2021,36,361010,New York,2,2,0,0,0,2,2,15,CHEMUNG (15),1850,ELMIRA,19,19,12,December,2021,1,Sunday,19,7:00pm-7:59pm,43,43,1,This section IS ON the NHS,2,Urban,3,Principal Arterial - Other,1,State Highway Agency,3,State Highway,SR-352 W WATER ST,,99998,Not Reported,42.07776389,42.07776389,-76.851977780,-76.851977780,0,No Special Jurisdiction,12,Motor Vehicle In-Transport,2,Front-to-Front,0,No,1,Non-Junction,1,Not an Intersection,0,None,,,1,On Roadway,3,Dark - Lighted,,,,,1,Clear,0,No,0000000,Not Applicable,19,7:00pm-7:59pm,43,43,19,7:00pm-7:59pm,46,46,88,"Not Applicable (Not Transported) ",88,Not Applicable (Not Transported),,,,,,,1,
2021,36,361011,New York,2,2,0,0,0,2,2,5,BRONX (5),4170,NEW YORK CITY,29,29,11,November,2021,2,Monday,9,9:00am-9:59am,2,2,1,This section IS ON the NHS,2,Urban,3,Principal Arterial - Other,4,City or Municipal Highway Agency,6,Local Street - Municipality,SOUTHERN BLVD,,0,None,40.83270278,40.83270278,-73.890425000,-73.890425000,0,No Special Jurisdiction,12,Motor Vehicle In-Transport,6,Angle,0,No,1,Non-Junction,1,Not an Intersection,0,None,,,1,On Roadway,1,Daylight,,,,,1,Clear,0,No,0000000,Not Applicable,99,Unknown,99,Unknown,99,Unknown EMS Scene Arrival Hour,99,Unknown EMS Scene Arrival Minutes,99,Unknown,99,Unknown EMS Hospital Arrival Time,,,,,,,1,
2021,36,361012,New York,1,1,0,0,0,1,1,71,ORANGE (71),4980,PORT JERVIS,22,22,12,December,2021,4,Wednesday,1,1:00am-1:59am,5,5,1,This section IS ON the NHS,2,Urban,1,Interstate,1,State Highway Agency,1,Interstate,I-84,,99998,Not Reported,41.43754722,41.43754722,-74.379572220,-74.379572220,0,No Special Jurisdiction,26,Other Traffic Barrier,0,The First Harmful Event was Not a Collision with a Motor Vehicle in Transport,0,No,1,Non-Junction,1,Not an Intersection,0,None,,,3,On Median,2,Dark - Not Lighted,,,,,98,Not Reported,0,No,0000000,Not Applicable,1,1:00am-1:59am,5,5,1,1:00am-1:59am,25,25,88,"Not Applicable (Not Transported) ",88,Not Applicable (Not Transported),,,,,,,1,
2021,36,361013,New York,2,2,0,0,0,2,2,59,NASSAU (59),2600,HEMPSTEAD,7,7,12,December,2021,3,Tuesday,20,8:00pm-8:59pm,31,31,0,This section IS NOT on the NHS,2,Urban,7,Local,3,Town or Township Highway Agency,5,Local Street - Township,JACKSON ST,MAIN ST,99998,Not Reported,40.71026667,40.71026667,-73.625450000,-73.625450000,0,No Special Jurisdiction,12,Motor Vehicle In-Transport,6,Angle,0,No,2,Intersection,2,Four-Way Intersection,0,None,,,1,On Roadway,3,Dark - Lighted,,,,,1,Clear,0,No,0000000,Not Applicable,99,Unknown,99,Unknown,99,Unknown EMS Scene Arrival Hour,99,Unknown EMS Scene Arrival Minutes,99,Unknown,99,Unknown EMS Hospital Arrival Time,,,,,,,1,
2021,36,361014,New York,2,2,0,0,0,3,3,81,QUEENS (81),4170,MIDDLE VILLAGE,24,24,12,December,2021,6,Friday,22,10:00pm-10:59pm,38,38,1,This section IS ON the NHS,2,Urban,1,Interstate,1,State Highway Agency,1,Interstate,I-295 RAMP,WILLETS POINT BLVD,99998,Not Reported,40.78796111,40.78796111,-73.789908330,-73.789908330,0,No Special Jurisdiction,12,Motor Vehicle In-Transport,7,Sideswipe - Same Direction,1,Yes,2,Intersection,3,T-Intersection,0,None,,,1,On Roadway,3,Dark - Lighted,,,,,1,Clear,0,No,0000000,Not Applicable,22,10:00pm-10:59pm,38,38,99,Unknown EMS Scene Arrival Hour,99,Unknown EMS Scene Arrival Minutes,99,Unknown,99,Unknown EMS Hospital Arrival Time,,,,,,,1,
2021,36,361015,New York,2,2,0,0,0,3,3,89,ST LAWRENCE (89),3580,MASSENA,25,25,12,December,2021,7,Saturday,11,11:00am-11:59am,18,18,0,This section IS NOT on the NHS,1,Rural,6,Minor Collector,1,State Highway Agency,3,State Highway,SR-37C,,99998,Not Reported,44.95587778,44.95587778,-74.761938890,-74.761938890,0,No Special Jurisdiction,12,Motor Vehicle In-Transport,6,Angle,0,No,1,Non-Junction,1,Not an Intersection,0,None,,,1,On Roadway,1,Daylight,,,,,98,Not Reported,0,No,0000000,Not Applicable,11,11:00am-11:59am,18,18,11,11:00am-11:59am,35,35,11,11:00am-11:59am,46,46,,,,,,,1,
2021,36,361016,New York,2,2,0,0,0,5,5,101,STEUBEN (101),1250,COHOCTON,29,29,12,December,2021,4,Wednesday,16,4:00pm-4:59pm,3,3,0,This section IS NOT on the NHS,1,Rural,5,Major Collector,1,State Highway Agency,3,State Highway,SR-371,,99998,Not Reported,42.52644722,42.52644722,-77.468927780,-77.468927780,0,No Special Jurisdiction,12,Motor Vehicle In-Transport,1,Front-to-Rear,0,No,1,Non-Junction,1,Not an Intersection,0,None,,,1,On Roadway,1,Daylight,,,,,10,Cloudy,0,No,0000000,Not Applicable,16,4:00pm-4:59pm,4,4,16,4:00pm-4:59pm,9,9,99,Unknown,99,Unknown EMS Hospital Arrival Time,,,,,,,1,
2021,36,361017,New York,1,1,0,0,0,1,1,71,ORANGE (71),3919,MOUNT HOPE,23,23,12,December,2021,5,Thursday,0,0:00am-0:59am,58,58,0,This section IS NOT on the NHS,1,Rural,5,Major Collector,2,County Highway Agency,4,County Road,CR-11 MT HOPE RD,,99998,Not Reported,41.44030556,41.44030556,-74.510883330,-74.510883330,0,No Special Jurisdiction,52,Guardrail End,0,The First Harmful Event was Not a Collision with a Motor Vehicle in Transport,0,No,1,Non-Junction,1,Not an Intersection,0,None,,,4,On Roadside,2,Dark - Not Lighted,,,,,10,Cloudy,0,No,0000000,Not Applicable,0,0:00am-0:59am,59,59,1,1:00am-1:59am,9,9,88,"Not Applicable (Not Transported) ",88,Not Applicable (Not Transported),,,,,,,1,
2021,36,361018,New York,3,2,1,1,1,3,3,61,NEW YORK (61),4170,NEW YORK,24,24,12,December,2021,6,Friday,9,9:00am-9:59am,21,21,0,This section IS NOT on the NHS,2,Urban,7,Local,4,City or Municipal Highway Agency,6,Local Street - Municipality,E 61ST ST,3RD AVE,0,None,40.76275278,40.76275278,-73.965452780,-73.965452780,0,No Special Jurisdiction,12,Motor Vehicle In-Transport,1,Front-to-Rear,0,No,3,Intersection-Related,3,T-Intersection,0,None,,,1,On Roadway,1,Daylight,,,,,1,Clear,0,No,0000000,Not Applicable,99,Unknown,99,Unknown,99,Unknown EMS Scene Arrival Hour,99,Unknown EMS Scene Arrival Minutes,99,Unknown,99,Unknown EMS Hospital Arrival Time,,,,,,,2,
2021,36,361019,New York,2,1,1,0,0,1,1,59,NASSAU (59),2600,HEMPSTEAD,27,27,12,December,2021,2,Monday,2,2:00am-2:59am,20,20,0,This section IS NOT on the NHS,2,Urban,4,Minor Arterial,2,County Highway Agency,4,County Road,CR-181 N JERUSALEM RD,,99998,Not Reported,40.70144444,40.70144444,-73.552002780,-73.552002780,0,No Special Jurisdiction,30,Utility Pole/Light Support,0,The First Harmful Event was Not a Collision with a Motor Vehicle in Transport,0,No,1,Non-Junction,1,Not an Intersection,0,None,,,4,On Roadside,3,Dark - Lighted,,,,,1,Clear,0,No,0000000,Not Applicable,2,2:00am-2:59am,24,24,2,2:00am-2:59am,35,35,88,"Not Applicable (Not Transported) ",88,Not Applicable (Not Transported),,,,,,,1,
2021,36,361020,New York,2,1,1,0,0,1,1,105,SULLIVAN (105),6800,WURTSBORO,29,29,12,December,2021,4,Wednesday,17,5:00pm-5:59pm,40,40,0,This section IS NOT on the NHS,1,Rural,7,Local,3,Town or Township Highway Agency,5,Local Street - Township,MOUNT PROSPER RD,,99998,Not Reported,41.58666667,41.58666667,-74.513797220,-74.513797220,0,No Special Jurisdiction,35,Embankment,0,The First Harmful Event was Not a Collision with a Motor Vehicle in Transport,0,No,1,Non-Junction,1,Not an Intersection,0,None,,,4,On Roadside,2,Dark - Not Lighted,,,,,5,"Fog, Smog, Smoke",0,No,0000000,Not Applicable,17,5:00pm-5:59pm,40,40,17,5:00pm-5:59pm,46,46,88,"Not Applicable (Not Transported) ",88,Not Applicable (Not Transported),,,,,,,1,
2021,36,361021,New York,1,1,0,2,2,1,1,47,KINGS (47),4170,NEW YORK CITY,20,20,12,December,2021,2,Monday,10,10:00am-10:59am,40,40,0,This section IS NOT on the NHS,2,Urban,7,Local,4,City or Municipal Highway Agency,6,Local Street - Municipality,5TH AVE,UNION ST,0,None,40.67636667,40.67636667,-73.980363890,-73.980363890,0,No Special Jurisdiction,8,Pedestrian,0,The First Harmful Event was Not a Collision with a Motor Vehicle in Transport,0,No,3,Intersection-Related,2,Four-Way Intersection,0,None,,,1,On Roadway,1,Daylight,,,,,1,Clear,0,No,0000000,Not Applicable,10,10:00am-10:59am,40,40,10,10:00am-10:59am,50,50,11,11:00am-11:59am,3,3,,,,,,,1,
2021,36,361022,New York,1,1,0,0,0,3,3,17,CHENANGO (17),9997,Other,19,19,8,August,2021,5,Thursday,23,11:00pm-11:59pm,39,39,0,This section IS NOT on the NHS,1,Rural,7,Local,3,Town or Township Highway Agency,5,Local Street - Township,BAMBERRY RD,,99998,Not Reported,42.71895556,42.71895556,-75.811555560,-75.811555560,0,No Special Jurisdiction,32,Culvert,0,The First Harmful Event was Not a Collision with a Motor Vehicle in Transport,0,No,1,Non-Junction,1,Not an Intersection,0,None,,,4,On Roadside,2,Dark - Not Lighted,,,,,10,Cloudy,0,No,0000000,Not Applicable,23,11:00pm-11:59pm,41,41,23,11:00pm-11:59pm,57,57,88,"Not Applicable (Not Transported) ",88,Not Applicable (Not Transported),,,,,,,1,
2021,36,361023,New York,1,1,0,0,0,1,1,59,NASSAU (59),2600,HEMPSTEAD,25,25,7,July,2021,1,Sunday,10,10:00am-10:59am,28,28,1,This section IS ON the NHS,2,Urban,2,Principal Arterial - Other Freeways and Expressways,1,State Highway Agency,3,State Highway,SR-908T,,99998,Not Reported,40.69476389,40.69476389,-73.519408330,-73.519408330,0,No Special Jurisdiction,42,Tree (Standing Only),0,The First Harmful Event was Not a Collision with a Motor Vehicle in Transport,0,No,1,Non-Junction,1,Not an Intersection,0,None,,,5,Outside Trafficway,1,Daylight,,,,,2,Rain,0,No,0000000,Not Applicable,10,10:00am-10:59am,33,33,10,10:00am-10:59am,38,38,11,11:00am-11:59am,11,11,,,,,,,1,
2021,36,361024,New York,3,3,0,0,0,3,3,115,WASHINGTON (115),2820,HUDSON FALLS,20,20,9,September,2021,2,Monday,14,2:00pm-2:59pm,27,27,1,This section IS ON the NHS,2,Urban,3,Principal Arterial - Other,1,State Highway Agency,2,U.S. Highway,US-4 MAIN ST,WILLOW ST,99998,Not Reported,43.29612778,43.29612778,-73.585336110,-73.585336110,0,No Special Jurisdiction,12,Motor Vehicle In-Transport,1,Front-to-Rear,0,No,3,Intersection-Related,3,T-Intersection,0,None,,,1,On Roadway,1,Daylight,,,,,1,Clear,0,No,0000000,Not Applicable,14,2:00pm-2:59pm,29,29,14,2:00pm-2:59pm,30,30,15,3:00pm-3:59pm,43,43,,,,,,,1,
2021,36,361025,New York,3,3,0,0,0,4,4,87,ROCKLAND (87),4380,NYACK,15,15,11,November,2021,2,Monday,17,5:00pm-5:59pm,3,3,1,This section IS ON the NHS,2,Urban,3,Principal Arterial - Other,1,State Highway Agency,3,State Highway,SR-303," E ERIE ST",99998,Not Reported,41.06377222,41.06377222,-73.949086110,-73.949086110,0,No Special Jurisdiction,12,Motor Vehicle In-Transport,6,Angle,0,No,2,Intersection,2,Four-Way Intersection,0,None,,,1,On Roadway,5,Dusk,,,,,10,Cloudy,0,No,0000000,Not Applicable,17,5:00pm-5:59pm,4,4,17,5:00pm-5:59pm,14,14,17,5:00pm-5:59pm,43,43,,,,,,,1,
2021,36,361027,New York,2,2,0,0,0,3,3,29,ERIE (29),2485,HAMBURG,3,3,12,December,2021,6,Friday,17,5:00pm-5:59pm,8,8,0,This section IS NOT on the NHS,2,Urban,4,Minor Arterial,2,County Highway Agency,4,County Road,CR-204 MCKINLEY PKWY,CR-169 BAYVIEW RD,99998,Not Reported,42.75113889,42.75113889,-78.812080560,-78.812080560,0,No Special Jurisdiction,12,Motor Vehicle In-Transport,2,Front-to-Front,0,No,2,Intersection,2,Four-Way Intersection,0,None,,,1,On Roadway,3,Dark - Lighted,,,,,10,Cloudy,0,No,0000000,Not Applicable,17,5:00pm-5:59pm,10,10,17,5:00pm-5:59pm,16,16,17,5:00pm-5:59pm,36,36,,,,,,,1,
2021,36,361028,New York,2,2,0,0,0,3,3,115,WASHINGTON (115),2070,FORT ANN,11,11,12,December,2021,7,Saturday,10,10:00am-10:59am,55,55,0,This section IS NOT on the NHS,1,Rural,7,Local,3,Town or Township Highway Agency,5,Local Street - Township,PATTEN MILLS RD,,99998,Not Reported,43.39032500,43.39032500,-73.599519440,-73.599519440,0,No Special Jurisdiction,12,Motor Vehicle In-Transport,6,Angle,0,No,1,Non-Junction,1,Not an Intersection,0,None,,,1,On Roadway,1,Daylight,,,,,5,"Fog, Smog, Smoke",0,No,0000000,Not Applicable,10,10:00am-10:59am,55,55,10,10:00am-10:59am,57,57,11,11:00am-11:59am,30,30,,,,,,,1,
2021,36,361029,New York,1,1,0,0,0,1,1,39,GREENE (39),290,ATHENS,26,26,12,December,2021,1,Sunday,6,6:00am-6:59am,56,56,0,This section IS NOT on the NHS,1,Rural,7,Local,3,Town or Township Highway Agency,5,Local Street - Township,POTIC MOUNTAIN RD,,99998,Not Reported,42.29819722,42.29819722,-73.901947220,-73.901947220,0,No Special Jurisdiction,53,Mail Box,0,The First Harmful Event was Not a Collision with a Motor Vehicle in Transport,0,No,1,Non-Junction,1,Not an Intersection,0,None,,,4,On Roadside,2,Dark - Not Lighted,,,,,10,Cloudy,0,No,0000000,Not Applicable,7,7:00am-7:59am,1,1,7,7:00am-7:59am,11,11,8,8:00am-8:59am,10,10,,,,,,,1,
2021,36,361030,New York,2,2,0,0,0,2,2,61,NEW YORK (61),4170,NEW YORK,29,29,12,December,2021,4,Wednesday,4,4:00am-4:59am,20,20,1,This section IS ON the NHS,2,Urban,3,Principal Arterial - Other,1,State Highway Agency,3,State Highway,SR-91 12TH AVE,W 50TH ST,99998,Not Reported,40.76672778,40.76672778,-73.996683330,-73.996683330,0,No Special Jurisdiction,12,Motor Vehicle In-Transport,6,Angle,0,No,2,Intersection,2,Four-Way Intersection,0,None,,,1,On Roadway,3,Dark - Lighted,,,,,2,Rain,0,No,0000000,Not Applicable,99,Unknown,99,Unknown,99,Unknown EMS Scene Arrival Hour,99,Unknown EMS Scene Arrival Minutes,99,Unknown,99,Unknown EMS Hospital Arrival Time,,,,,,,1,
2021,36,361031,New York,2,2,0,0,0,2,2,13,CHAUTAUQUA (13),6590,WESTFIELD,30,30,12,December,2021,5,Thursday,13,1:00pm-1:59pm,26,26,0,This section IS NOT on the NHS,1,Rural,5,Major Collector,1,State Highway Agency,3,State Highway,SR-5,,99998,Not Reported,42.31829722,42.31829722,-79.632083330,-79.632083330,0,No Special Jurisdiction,12,Motor Vehicle In-Transport,6,Angle,0,No,1,Non-Junction,1,Not an Intersection,0,None,,,1,On Roadway,1,Daylight,,,,,10,Cloudy,0,No,0000000,Not Applicable,13,1:00pm-1:59pm,26,26,13,1:00pm-1:59pm,37,37,88,"Not Applicable (Not Transported) ",88,Not Applicable (Not Transported),,,,,,,1,
2021,36,361033,New York,1,1,0,0,0,1,1,21,COLUMBIA (21),2810,HUDSON,25,25,8,August,2021,4,Wednesday,17,5:00pm-5:59pm,59,59,0,This section IS NOT on the NHS,2,Urban,7,Local,4,City or Municipal Highway Agency,6,Local Street - Municipality," N 2ND ST EXT",,99998,Not Reported,42.25861667,42.25861667,-73.787994440,-73.787994440,0,No Special Jurisdiction,5,Fell/Jumped from Vehicle,0,The First Harmful Event was Not a Collision with a Motor Vehicle in Transport,0,No,1,Non-Junction,1,Not an Intersection,0,None,,,1,On Roadway,1,Daylight,,,,,1,Clear,0,No,0000000,Not Applicable,17,5:00pm-5:59pm,59,59,18,6:00pm-6:59pm,2,2,19,7:00pm-7:59pm,20,20,,,,,,,1,
2021,36,361034,New York,1,1,0,0,0,2,2,3,ALLEGANY (3),5584,SCIO,30,30,12,December,2021,5,Thursday,17,5:00pm-5:59pm,37,37,0,This section IS NOT on the NHS,1,Rural,5,Major Collector,2,County Highway Agency,4,County Road,CR-10,,99998,Not Reported,42.20239722,42.20239722,-77.888544440,-77.888544440,0,No Special Jurisdiction,24,Guardrail Face,0,The First Harmful Event was Not a Collision with a Motor Vehicle in Transport,0,No,1,Non-Junction,1,Not an Intersection,0,None,,,4,On Roadside,2,Dark - Not Lighted,,,,,2,Rain,0,No,0000000,Not Applicable,17,5:00pm-5:59pm,37,37,17,5:00pm-5:59pm,48,48,22,10:00pm-10:59pm,35,35,,,,,,,1,
2021,36,361035,New York,1,1,0,1,1,1,1,5,BRONX (5),4170,NEW YORK CITY,18,18,2,February,2021,5,Thursday,20,8:00pm-8:59pm,58,58,1,This section IS ON the NHS,2,Urban,3,Principal Arterial - Other,1,State Highway Agency,2,U.S. Highway,US-9 BROADWAY,W 231ST ST,0,None,40.87886111,40.87886111,-73.904919440,-73.904919440,0,No Special Jurisdiction,8,Pedestrian,0,The First Harmful Event was Not a Collision with a Motor Vehicle in Transport,0,No,3,Intersection-Related,3,T-Intersection,0,None,,,1,On Roadway,3,Dark - Lighted,,,,,98,Not Reported,0,No,0000000,Not Applicable,99,Unknown,99,Unknown,99,Unknown EMS Scene Arrival Hour,99,Unknown EMS Scene Arrival Minutes,99,Unknown,99,Unknown EMS Hospital Arrival Time,,,,,,,1,
2021,36,361036,New York,2,2,0,0,0,3,3,5,BRONX (5),4170,NEW YORK CITY,31,31,12,December,2021,6,Friday,19,7:00pm-7:59pm,40,40,1,This section IS ON the NHS,2,Urban,3,Principal Arterial - Other,4,City or Municipal Highway Agency,6,Local Street - Municipality,SOUTHERN BLVD,,0,None,40.83167222,40.83167222,-73.891130560,-73.891130560,0,No Special Jurisdiction,12,Motor Vehicle In-Transport,6,Angle,0,No,1,Non-Junction,1,Not an Intersection,0,None,,,1,On Roadway,5,Dusk,,,,,1,Clear,0,No,0000000,Not Applicable,99,Unknown,99,Unknown,99,Unknown EMS Scene Arrival Hour,99,Unknown EMS Scene Arrival Minutes,99,Unknown,99,Unknown EMS Hospital Arrival Time,,,,,,,1,
2021,36,361037,New York,1,1,0,0,0,1,1,1,ALBANY (1),1290,COLONIE,16,16,8,August,2021,2,Monday,9,9:00am-9:59am,7,7,1,This section IS ON the NHS,2,Urban,3,Principal Arterial - Other,1,State Highway Agency,3,State Highway,SR-155 WATERVLIET SHAKER RD,,99998,Not Reported,42.74220278,42.74220278,-73.835111110,-73.835111110,0,No Special Jurisdiction,42,Tree (Standing Only),0,The First Harmful Event was Not a Collision with a Motor Vehicle in Transport,0,No,1,Non-Junction,1,Not an Intersection,0,None,,,4,On Roadside,1,Daylight,,,,,1,Clear,0,No,0000000,Not Applicable,9,9:00am-9:59am,9,9,9,9:00am-9:59am,14,14,88,"Not Applicable (Not Transported) ",88,Not Applicable (Not Transported),,,,,,,1,
2021,36,361038,New York,1,1,0,1,1,3,3,103,SUFFOLK (103),5810,SOUTHAMPTON,28,28,7,July,2021,4,Wednesday,21,9:00pm-9:59pm,53,53,0,This section IS NOT on the NHS,2,Urban,4,Minor Arterial,2,County Highway Agency,4,County Road,CR-104 RIVERLEIGH AVE,,99998,Not Reported,40.91221667,40.91221667,-72.660908330,-72.660908330,0,No Special Jurisdiction,8,Pedestrian,0,The First Harmful Event was Not a Collision with a Motor Vehicle in Transport,0,No,1,Non-Junction,1,Not an Intersection,0,None,,,1,On Roadway,3,Dark - Lighted,,,,,1,Clear,0,No,0000000,Not Applicable,99,Unknown,99,Unknown,99,Unknown EMS Scene Arrival Hour,99,Unknown EMS Scene Arrival Minutes,99,Unknown,99,Unknown EMS Hospital Arrival Time,,,,,,,1,
2021,36,361039,New York,1,1,0,1,1,1,1,27,DUTCHESS (27),3084,LAGRANGEVILLE,31,31,12,December,2021,6,Friday,21,9:00pm-9:59pm,29,29,1,This section IS ON the NHS,2,Urban,3,Principal Arterial - Other,1,State Highway Agency,3,State Highway,SR-55,,99998,Not Reported,41.68307500,41.68307500,-73.861661110,-73.861661110,0,No Special Jurisdiction,8,Pedestrian,0,The First Harmful Event was Not a Collision with a Motor Vehicle in Transport,0,No,1,Non-Junction,1,Not an Intersection,0,None,,,1,On Roadway,3,Dark - Lighted,,,,,10,Cloudy,0,No,0000000,Not Applicable,21,9:00pm-9:59pm,29,29,21,9:00pm-9:59pm,32,32,21,9:00pm-9:59pm,52,52,,,,,,,1,
2021,36,361040,New York,1,1,0,1,1,1,1,103,SUFFOLK (103),160,AMITYVILLE,25,25,9,September,2021,7,Saturday,19,7:00pm-7:59pm,51,51,0,This section IS NOT on the NHS,2,Urban,7,Local,3,Town or Township Highway Agency,5,Local Street - Township,BAYVIEW AVE,AVON PL,99998,Not Reported,40.67610833,40.67610833,-73.410027780,-73.410027780,0,No Special Jurisdiction,8,Pedestrian,0,The First Harmful Event was Not a Collision with a Motor Vehicle in Transport,0,No,3,Intersection-Related,3,T-Intersection,0,None,,,1,On Roadway,1,Daylight,,,,,1,Clear,0,No,0000000,Not Applicable,19,7:00pm-7:59pm,51,51,99,Unknown EMS Scene Arrival Hour,99,Unknown EMS Scene Arrival Minutes,99,Unknown,99,Unknown EMS Hospital Arrival Time,,,,,,,1,