caseyear,state,st_case,statename,ve_total,ve_forms,pvh_invl,peds,pernotmvit,permvit,persons,county,countyname,city,cityname,day,dayname,month,monthname,year,day_week,day_weekname,hour,hourname,minute,minutename,nhs,nhsname,rur_urb,rur_urbname,func_sys,func_sysname,rd_owner,rd_ownername,route,routename,tway_id,tway_id2,milept,mileptname,latitude,latitudename,longitud,longitudname,sp_jur,sp_jurname,harm_ev,harm_evname,man_coll,man_collname,reljct1,reljct1name,reljct2,reljct2name,typ_int,typ_intname,wrk_zone,wrk_zonename,road_fnc,road_fncname,rel_road,rel_roadname,lgt_cond,lgt_condname,weather1,weather1name,weather2,weather2name,weather,weathername,sch_bus,sch_busname,rail,railname,not_hour,not_hourname,not_min,not_minname,arr_hour,arr_hourname,arr_min,arr_minname,hosp_hr,hosp_hrname,hosp_mn,hosp_mnname,cf1,cf1name,cf2,cf2name,cf3,cf3name,fatals,drunk_dr
2021,36,361041,New York,1,1,0,1,1,1,1,55,MONROE (55),5230,ROCHESTER,15,15,10,October,2021,6,Friday,20,8:00pm-8:59pm,37,37,0,This section IS NOT on the NHS,2,Urban,7,Local,4,City or Municipal Highway Agency,6,Local Street - Municipality,EMERSON ST,SAWDEY AVE,0,None,43.17367500,43.17367500,-77.634727780,-77.634727780,0,No Special Jurisdiction,8,Pedestrian,0,The First Harmful Event was Not a Collision with a Motor Vehicle in Transport,0,No,3,Intersection-Related,3,T-Intersection,0,None,,,1,On Roadway,2,Dark - Not Lighted,,,,,1,Clear,0,No,0000000,Not Applicable,20,8:00pm-8:59pm,37,37,20,8:00pm-8:59pm,41,41,21,9:00pm-9:59pm,12,12,,,,,,,1,
2021,36,361042,New York,1,1,0,0,0,2,2,89,ST LAWRENCE (89),2330,GOUVERNEUR,20,20,11,November,2021,7,Saturday,21,9:00pm-9:59pm,53,53,0,This section IS NOT on the NHS,1,Rural,7,Local,3,Town or Township Highway Agency,5,Local Street - Township,BEAMAN RD,,99998,Not Reported,44.37240278,44.37240278,-75.484100000,-75.484100000,0,No Special Jurisdiction,34,Ditch,0,The First Harmful Event was Not a Collision with a Motor Vehicle in Transport,0,No,1,Non-Junction,1,Not an Intersection,0,None,,,4,On Roadside,2,Dark - Not Lighted,,,,,10,Cloudy,0,No,0000000,Not Applicable,21,9:00pm-9:59pm,53,53,22,10:00pm-10:59pm,0,0,22,10:00pm-10:59pm,21,21,,,,,,,1,
2021,36,361043,New York,1,1,0,0,0,1,1,71,ORANGE (71),4828,PINE BUSH,17,17,12,December,2021,6,Friday,21,9:00pm-9:59pm,13,13,0,This section IS NOT on the NHS,1,Rural,5,Major Collector,1,State Highway Agency,3,State Highway,SR-302,,99998,Not Reported,41.55428333,41.55428333,-74.351552780,-74.351552780,0,No Special Jurisdiction,42,Tree (Standing Only),0,The First Harmful Event was Not a Collision with a Motor Vehicle in Transport,0,No,1,Non-Junction,1,Not an Intersection,0,None,,,4,On Roadside,2,Dark - Not Lighted,,,,,10,Cloudy,0,No,0000000,Not Applicable,21,9:00pm-9:59pm,15,15,21,9:00pm-9:59pm,26,26,99,Unknown,99,Unknown EMS Hospital Arrival Time,,,,,,,1,
2021,36,361044,New York,1,1,0,1,1,2,2,103,SUFFOLK (103),705,BROOKHAVEN,22,22,11,November,2021,2,Monday,16,4:00pm-4:59pm,58,58,1,This section IS ON the NHS,2,Urban,3,Principal Arterial - Other,1,State Highway Agency,3,State Highway,SR-25 MIDDLE COUNTRY RD,,99998,Not Reported,40.86503333,40.86503333,-73.042894440,-73.042894440,0,No Special Jurisdiction,8,Pedestrian,0,The First Harmful Event was Not a Collision with a Motor Vehicle in Transport,0,No,1,Non-Junction,1,Not an Intersection,0,None,,,1,On Roadway,3,Dark - Lighted,,,,,10,Cloudy,0,No,0000000,Not Applicable,16,4:00pm-4:59pm,58,58,17,5:00pm-5:59pm,3,3,88,"Not Applicable (Not Transported) ",88,Not Applicable (Not Transported),,,,,,,1,
2021,36,361045,New York,3,3,0,1,1,3,3,59,NASSAU (59),2160,FREEPORT,29,29,12,December,2021,4,Wednesday,18,6:00pm-6:59pm,19,19,0,This section IS NOT on the NHS,2,Urban,4,Minor Arterial,2,County Highway Agency,4,County Road,CR-D13 HENRY ST,,99998,Not Reported,40.65444167,40.65444167,-73.578800000,-73.578800000,0,No Special Jurisdiction,8,Pedestrian,0,The First Harmful Event was Not a Collision with a Motor Vehicle in Transport,0,No,1,Non-Junction,1,Not an Intersection,0,None,,,1,On Roadway,3,Dark - Lighted,,,,,1,Clear,0,No,0000000,Not Applicable,18,6:00pm-6:59pm,19,19,18,6:00pm-6:59pm,27,27,18,6:00pm-6:59pm,52,52,,,,,,,1,
2021,36,361046,New York,2,2,0,0,0,9,9,29,ERIE (29),1117,CHEEKTOWAGA,13,13,12,December,2021,2,Monday,20,8:00pm-8:59pm,15,15,0,This section IS NOT on the NHS,2,Urban,4,Minor Arterial,1,State Highway Agency,3,State Highway,SR-952A GENESEE ST,PINE RIDGE HERITAGE RD,99998,Not Reported,42.91997222,42.91997222,-78.793472220,-78.793472220,0,No Special Jurisdiction,12,Motor Vehicle In-Transport,6,Angle,0,No,2,Intersection,2,Four-Way Intersection,0,None,,,1,On Roadway,3,Dark - Lighted,,,,,1,Clear,0,No,0000000,Not Applicable,20,8:00pm-8:59pm,15,15,20,8:00pm-8:59pm,23,23,20,8:00pm-8:59pm,32,32,,,,,,,1,
2021,36,361047,New York,2,1,1,0,0,2,2,103,SUFFOLK (103),5810,SOUTHAMPTON,17,17,12,December,2021,6,Friday,5,5:00am-5:59am,1,1,1,This section IS ON the NHS,2,Urban,3,Principal Arterial - Other,1,State Highway Agency,3,State Highway,SR-24 FLANDERS RD,,99998,Not Reported,40.90307778,40.90307778,-72.603208330,-72.603208330,0,No Special Jurisdiction,38,Fence,0,The First Harmful Event was Not a Collision with a Motor Vehicle in Transport,0,No,1,Non-Junction,1,Not an Intersection,0,None,,,4,On Roadside,2,Dark - Not Lighted,,,,,10,Cloudy,0,No,0000000,Not Applicable,5,5:00am-5:59am,8,8,5,5:00am-5:59am,17,17,5,5:00am-5:59am,43,43,,,,,,,1,
2021,36,361048,New York,1,1,0,0,0,1,1,65,ONEIDA (65),6275,VERONA,24,24,12,December,2021,6,Friday,12,12:00pm-12:59pm,11,11,0,This section IS NOT on the NHS,1,Rural,5,Major Collector,1,State Highway Agency,3,State Highway,SR-46,,99998,Not Reported,43.19643889,43.19643889,-75.618441670,-75.618441670,0,No Special Jurisdiction,24,Guardrail Face,0,The First Harmful Event was Not a Collision with a Motor Vehicle in Transport,0,No,1,Non-Junction,1,Not an Intersection,0,None,,,4,On Roadside,1,Daylight,,,,,10,Cloudy,0,No,0000000,Not Applicable,12,12:00pm-12:59pm,14,14,12,12:00pm-12:59pm,23,23,99,Unknown,99,Unknown EMS Hospital Arrival Time,,,,,,,1,
2021,36,361049,New York,1,1,0,0,0,1,1,63,NIAGARA (63),4330,NORTH TONAWANDA,31,31,12,December,2021,6,Friday,18,6:00pm-6:59pm,2,2,0,This section IS NOT on the NHS,2,Urban,4,Minor Arterial,1,State Highway Agency,3,State Highway,SR-429 OLIVER ST,,0,None,43.04438611,43.04438611,-78.882769440,-78.882769440,0,No Special Jurisdiction,30,Utility Pole/Light Support,0,The First Harmful Event was Not a Collision with a Motor Vehicle in Transport,0,No,1,Non-Junction,1,Not an Intersection,0,None,,,4,On Roadside,3,Dark - Lighted,,,,,10,Cloudy,0,No,0000000,Not Applicable,99,Unknown,99,Unknown,99,Unknown EMS Scene Arrival Hour,99,Unknown EMS Scene Arrival Minutes,99,Unknown,99,Unknown EMS Hospital Arrival Time,,,,,,,1,
2021,36,361050,New York,2,2,0,0,0,4,4,71,ORANGE (71),3840,MONTGOMERY,29,29,10,October,2021,6,Friday,22,10:00pm-10:59pm,26,26,0,This section IS NOT on the NHS,2,Urban,4,Minor Arterial,1,State Highway Agency,3,State Highway,SR-52,,99998,Not Reported,41.57154167,41.57154167,-74.197472220,-74.197472220,0,No Special Jurisdiction,12,Motor Vehicle In-Transport,2,Front-to-Front,0,No,1,Non-Junction,1,Not an Intersection,0,None,,,1,On Roadway,2,Dark - Not Lighted,,,,,2,Rain,0,No,0000000,Not Applicable,22,10:00pm-10:59pm,40,40,22,10:00pm-10:59pm,58,58,23,11:00pm-11:59pm,12,12,,,,,,,2,
2021,36,361051,New York,2,2,0,0,0,2,2,115,WASHINGTON (115),6660,WHITEHALL,18,18,11,November,2021,5,Thursday,17,5:00pm-5:59pm,13,13,1,This section IS ON the NHS,1,Rural,3,Principal Arterial - Other,1,State Highway Agency,2,U.S. Highway,US-4,,99998,Not Reported,43.53814722,43.53814722,-73.409491670,-73.409491670,0,No Special Jurisdiction,12,Motor Vehicle In-Transport,2,Front-to-Front,0,No,1,Non-Junction,1,Not an Intersection,0,None,,,1,On Roadway,2,Dark - Not Lighted,,,,,2,Rain,0,No,0000000,Not Applicable,17,5:00pm-5:59pm,13,13,17,5:00pm-5:59pm,25,25,99,Unknown,99,Unknown EMS Hospital Arrival Time,,,,,,,1,
2021,36,361052,New York,2,2,0,0,0,7,7,103,SUFFOLK (103),2920,ISLIP,21,21,11,November,2021,1,Sunday,19,7:00pm-7:59pm,34,34,1,This section IS ON the NHS,2,Urban,2,Principal Arterial - Other Freeways and Expressways,1,State Highway Agency,3,State Highway,SR-908J ROBERT MOSES CAUSEWAY,,99998,Not Reported,99.99990000,99.99990000,999.999900000,999.999900000,0,No Special Jurisdiction,12,Motor Vehicle In-Transport,7,Sideswipe - Same Direction,0,No,1,Non-Junction,1,Not an Intersection,0,None,,,1,On Roadway,3,Dark - Lighted,,,,,10,Cloudy,0,No,0000000,Not Applicable,19,7:00pm-7:59pm,34,34,19,7:00pm-7:59pm,43,43,20,8:00pm-8:59pm,2,2,,,,,,,1,
2021,36,361053,New York,1,1,0,0,0,5,5,59,NASSAU (59),2600,HEMPSTEAD,28,28,11,November,2021,1,Sunday,12,12:00pm-12:59pm,49,49,1,This section IS ON the NHS,2,Urban,2,Principal Arterial - Other Freeways and Expressways,1,State Highway Agency,3,State Highway,SR-908M,,99998,Not Reported,40.69128333,40.69128333,-73.586863890,-73.586863890,0,No Special Jurisdiction,30,Utility Pole/Light Support,0,The First Harmful Event was Not a Collision with a Motor Vehicle in Transport,0,No,1,Non-Junction,1,Not an Intersection,0,None,,,4,On Roadside,1,Daylight,,,,,10,Cloudy,0,No,0000000,Not Applicable,12,12:00pm-12:59pm,49,49,13,1:00pm-1:59pm,17,17,13,1:00pm-1:59pm,27,27,,,,,,,1,
2021,36,361054,New York,1,1,0,1,1,1,1,87,ROCKLAND (87),5980,STONY POINT,14,14,11,November,2021,1,Sunday,11,11:00am-11:59am,20,20,1,This section IS ON the NHS,2,Urban,2,Principal Arterial - Other Freeways and Expressways,1,State Highway Agency,3,State Highway,SR-987C,,99998,Not Reported,41.28245556,41.28245556,-74.028338890,-74.028338890,0,No Special Jurisdiction,8,Pedestrian,0,The First Harmful Event was Not a Collision with a Motor Vehicle in Transport,0,No,1,Non-Junction,1,Not an Intersection,0,None,,,1,On Roadway,1,Daylight,,,,,10,Cloudy,0,No,0000000,Not Applicable,11,11:00am-11:59am,24,24,11,11:00am-11:59am,27,27,88,"Not Applicable (Not Transported) ",88,Not Applicable (Not Transported),,,,,,,1,
2021,36,361055,New York,2,1,1,1,2,1,2,55,MONROE (55),5230,ROCHESTER,20,20,12,December,2021,2,Monday,16,4:00pm-4:59pm,5,5,0,This section IS NOT on the NHS,2,Urban,4,Minor Arterial,4,City or Municipal Highway Agency,6,Local Street - Municipality,HUDSON AVE,WILKINS ST,99998,Not Reported,43.17850833,43.17850833,-77.599125000,-77.599125000,0,No Special Jurisdiction,8,Pedestrian,0,The First Harmful Event was Not a Collision with a Motor Vehicle in Transport,1,Yes,3,Intersection-Related,2,Four-Way Intersection,0,None,,,4,On Roadside,1,Daylight,,,,,1,Clear,0,No,0000000,Not Applicable,16,4:00pm-4:59pm,5,5,16,4:00pm-4:59pm,13,13,16,4:00pm-4:59pm,23,23,,,,,,,1,
2021,36,361056,New York,4,4,0,0,0,5,5,75,OSWEGO (75),6319,VOLNEY,27,27,12,December,2021,2,Monday,16,4:00pm-4:59pm,4,4,0,This section IS NOT on the NHS,1,Rural,6,Minor Collector,2,County Highway Agency,4,County Road,CR-6,,99998,Not Reported,43.32966667,43.32966667,-76.360800000,-76.360800000,0,No Special Jurisdiction,12,Motor Vehicle In-Transport,2,Front-to-Front,0,No,1,Non-Junction,1,Not an Intersection,0,None,,,1,On Roadway,1,Daylight,,,,,98,Not Reported,0,No,0000000,Not Applicable,16,4:00pm-4:59pm,4,4,16,4:00pm-4:59pm,10,10,99,Unknown,99,Unknown EMS Hospital Arrival Time,,,,,,,1,
2021,36,361057,New York,1,1,0,0,0,1,1,111,ULSTER (111),6797,WOODSTOCK,30,30,12,December,2021,5,Thursday,19,7:00pm-7:59pm,43,43,0,This section IS NOT on the NHS,1,Rural,6,Minor Collector,2,County Highway Agency,4,County Road,CR-52 ZENA RD,,99998,Not Reported,41.99420278,41.99420278,-74.083530560,-74.083530560,0,No Special Jurisdiction,42,Tree (Standing Only),0,The First Harmful Event was Not a Collision with a Motor Vehicle in Transport,0,No,1,Non-Junction,1,Not an Intersection,0,None,,,4,On Roadside,2,Dark - Not Lighted,,,,,10,Cloudy,0,No,0000000,Not Applicable,99,Unknown,99,Unknown,99,Unknown EMS Scene Arrival Hour,99,Unknown EMS Scene Arrival Minutes,88,"Not Applicable (Not Transported) ",88,Not Applicable (Not Transported),,,,,,,1,
2021,36,361058,New York,1,1,0,0,0,1,1,23,CORTLAND (23),1643,EAST FREETOWN,5,5,6,June,2021,7,Saturday,22,10:00pm-10:59pm,30,30,0,This section IS NOT on the NHS,1,Rural,5,Major Collector,2,County Highway Agency,5,Local Street - Township,CR-159 TELEPHONE RD,,99998,Not Reported,42.59377778,42.59377778,-75.981333330,-75.981333330,0,No Special Jurisdiction,34,Ditch,0,The First Harmful Event was Not a Collision with a Motor Vehicle in Transport,0,No,1,Non-Junction,1,Not an Intersection,0,None,,,4,On Roadside,2,Dark - Not Lighted,,,,,1,Clear,0,No,0000000,Not Applicable,12,12:00pm-12:59pm,52,52,12,12:00pm-12:59pm,54,54,88,"Not Applicable (Not Transported) ",88,Not Applicable (Not Transported),,,,,,,1,
2021,36,361059,New York,1,1,0,1,1,1,1,63,NIAGARA (63),3340,LOCKPORT,20,20,8,August,2021,6,Friday,12,12:00pm-12:59pm,1,1,1,This section IS ON the NHS,2,Urban,3,Principal Arterial - Other,1,State Highway Agency,3,State Highway,SR-31 MAIN ST,,99998,Not Reported,43.17034722,43.17034722,-78.690813890,-78.690813890,0,No Special Jurisdiction,43,Other Fixed Object,0,The First Harmful Event was Not a Collision with a Motor Vehicle in Transport,0,No,1,Non-Junction,1,Not an Intersection,0,None,,,4,On Roadside,1,Daylight,,,,,1,Clear,0,No,0000000,Not Applicable,12,12:00pm-12:59pm,45,45,99,Unknown EMS Scene Arrival Hour,99,Unknown EMS Scene Arrival Minutes,99,Unknown,99,Unknown EMS Hospital Arrival Time,,,,,,,1,
2021,36,361060,New York,1,1,0,0,0,1,1,59,NASSAU (59),4600,OYSTER BAY,6,6,7,July,2021,3,Tuesday,19,7:00pm-7:59pm,45,45,0,This section IS NOT on the NHS,2,Urban,4,Minor Arterial,3,Town or Township Highway Agency,5,Local Street - Township,COLD SPRING RD,,99998,Not Reported,40.83181944,40.83181944,-73.494102780,-73.494102780,0,No Special Jurisdiction,42,Tree (Standing Only),0,The First Harmful Event was Not a Collision with a Motor Vehicle in Transport,0,No,1,Non-Junction,1,Not an Intersection,0,None,,,4,On Roadside,5,Dusk,,,,,2,Rain,0,No,0000000,Not Applicable,99,Unknown,99,Unknown,99,Unknown EMS Scene Arrival Hour,99,Unknown EMS Scene Arrival Minutes,99,Unknown,99,Unknown EMS Hospital Arrival Time,,,,,,,1,
2021,36,361061,New York,1,1,0,1,1,1,1,59,NASSAU (59),2600,HEMPSTEAD,27,27,7,July,2021,3,Tuesday,22,10:00pm-10:59pm,9,9,1,This section IS ON the NHS,2,Urban,3,Principal Arterial - Other,1,State Highway Agency,3,State Highway,SR-24 HEMPSTEAD TPK,,99998,Not Reported,40.72463333,40.72463333,-73.545938890,-73.545938890,0,No Special Jurisdiction,8,Pedestrian,0,The First Harmful Event was Not a Collision with a Motor Vehicle in Transport,0,No,1,Non-Junction,1,Not an Intersection,0,None,,,1,On Roadway,3,Dark - Lighted,,,,,1,Clear,0,No,0000000,Not Applicable,99,Unknown,99,Unknown,99,Unknown EMS Scene Arrival Hour,99,Unknown EMS Scene Arrival Minutes,99,Unknown,99,Unknown EMS Hospital Arrival Time,,,,,,,1,
2021,36,361062,New York,1,1,0,1,1,1,1,45,JEFFERSON (45),6450,WATERTOWN,22,22,7,July,2021,5,Thursday,12,12:00pm-12:59pm,19,19,1,This section IS ON the NHS,2,Urban,3,Principal Arterial - Other,1,State Highway Agency,2,U.S. Highway,US-11,,99998,Not Reported,43.94712500,43.94712500,-75.915194440,-75.915194440,0,No Special Jurisdiction,9,Pedalcyclist,0,The First Harmful Event was Not a Collision with a Motor Vehicle in Transport,0,No,1,Non-Junction,1,Not an Intersection,0,None,,,2,On Shoulder,1,Daylight,,,,,1,Clear,0,No,0000000,Not Applicable,12,12:00pm-12:59pm,19,19,12,12:00pm-12:59pm,23,23,12,12:00pm-12:59pm,40,40,,,,,,,1,
2021,36,361063,New York,1,1,0,0,0,4,4,49,LEWIS (49),6160,TURIN,10,10,7,July,2021,7,Saturday,10,10:00am-10:59am,51,51,1,This section IS ON the NHS,1,Rural,3,Principal Arterial - Other,1,State Highway Agency,3,State Highway,SR-12,,99998,Not Reported,43.70403056,43.70403056,-75.405155560,-75.405155560,0,No Special Jurisdiction,52,Guardrail End,0,The First Harmful Event was Not a Collision with a Motor Vehicle in Transport,0,No,1,Non-Junction,1,Not an Intersection,0,None,,,4,On Roadside,1,Daylight,,,,,1,Clear,0,No,0000000,Not Applicable,10,10:00am-10:59am,51,51,11,11:00am-11:59am,5,5,11,11:00am-11:59am,22,22,,,,,,,1,
2021,36,361064,New York,1,1,0,0,0,1,1,29,ERIE (29),1286,COLLINS,28,28,12,December,2021,3,Tuesday,23,11:00pm-11:59pm,5,5,0,This section IS NOT on the NHS,1,Rural,5,Major Collector,1,State Highway Agency,3,State Highway,SR-438,,99998,Not Reported,42.53148056,42.53148056,-78.983258330,-78.983258330,0,No Special Jurisdiction,30,Utility Pole/Light Support,0,The First Harmful Event was Not a Collision with a Motor Vehicle in Transport,0,No,1,Non-Junction,1,Not an Intersection,0,None,,,4,On Roadside,2,Dark - Not Lighted,,,,,2,Rain,0,No,0000000,Not Applicable,23,11:00pm-11:59pm,4,4,23,11:00pm-11:59pm,13,13,88,"Not Applicable (Not Transported) ",88,Not Applicable (Not Transported),,,,,,,1,
2021,36,361065,New York,1,1,0,1,1,1,1,59,NASSAU (59),2160,FREEPORT,17,17,5,May,2021,2,Monday,18,6:00pm-6:59pm,18,18,0,This section IS NOT on the NHS,2,Urban,7,Local,3,Town or Township Highway Agency,5,Local Street - Township,BROADWAY,,99998,Not Reported,40.65810278,40.65810278,-73.582883330,-73.582883330,0,No Special Jurisdiction,8,Pedestrian,0,The First Harmful Event was Not a Collision with a Motor Vehicle in Transport,0,No,4,Driveway Access,1,Not an Intersection,0,None,,,1,On Roadway,1,Daylight,,,,,1,Clear,0,No,0000000,Not Applicable,18,6:00pm-6:59pm,20,20,18,6:00pm-6:59pm,20,20,18,6:00pm-6:59pm,41,41,,,,,,,1,
2021,36,361066,New York,2,2,0,0,0,6,6,91,SARATOGA (91),2402,GREENFIELD CENTER,9,9,10,October,2021,7,Saturday,20,8:00pm-8:59pm,45,45,0,This section IS NOT on the NHS,2,Urban,4,Minor Arterial,1,State Highway Agency,3,State Highway,SR-9N,LANIE DR,99998,Not Reported,43.09420278,43.09420278,-73.835872220,-73.835872220,0,No Special Jurisdiction,12,Motor Vehicle In-Transport,6,Angle,0,No,2,Intersection,3,T-Intersection,0,None,,,1,On Roadway,2,Dark - Not Lighted,,,,,2,Rain,0,No,0000000,Not Applicable,20,8:00pm-8:59pm,45,45,20,8:00pm-8:59pm,55,55,99,Unknown,99,Unknown EMS Hospital Arrival Time,,,,,,,1,
2021,36,361067,New York,1,1,0,0,0,1,1,103,SUFFOLK (103),705,BROOKHAVEN,5,5,11,November,2021,6,Friday,0,0:00am-0:59am,41,41,1,This section IS ON the NHS,2,Urban,3,Principal Arterial - Other,2,County Highway Agency,4,County Road,CR-97,,99998,Not Reported,40.84502500,40.84502500,-73.058122220,-73.058122220,0,No Special Jurisdiction,1,Rollover/Overturn,0,The First Harmful Event was Not a Collision with a Motor Vehicle in Transport,0,No,1,Non-Junction,1,Not an Intersection,0,None,,,4,On Roadside,2,Dark - Not Lighted,,,,,10,Cloudy,0,No,0000000,Not Applicable,99,Unknown,99,Unknown,99,Unknown EMS Scene Arrival Hour,99,Unknown EMS Scene Arrival Minutes,99,Unknown,99,Unknown EMS Hospital Arrival Time,,,,,,,1,
2021,36,361068,New York,1,1,0,0,0,1,1,103,SUFFOLK (103),2920,ISLIP,28,28,11,November,2021,1,Sunday,20,8:00pm-8:59pm,40,40,0,This section IS NOT on the NHS,2,Urban,3,Principal Arterial - Other,3,Town or Township Highway Agency,7,Local Street - Frontage Road,SUNRISE HWY SERVICE RD,,99998,Not Reported,40.72578611,40.72578611,-73.287036110,-73.287036110,0,No Special Jurisdiction,50,Bridge Overhead Structure,0,The First Harmful Event was Not a Collision with a Motor Vehicle in Transport,0,No,1,Non-Junction,1,Not an Intersection,0,None,,,4,On Roadside,3,Dark - Lighted,,,,,1,Clear,0,No,0000000,Not Applicable,99,Unknown,99,Unknown,99,Unknown EMS Scene Arrival Hour,99,Unknown EMS Scene Arrival Minutes,99,Unknown,99,Unknown EMS Hospital Arrival Time,,,,,,,1,
2021,36,361069,New York,1,1,0,0,0,1,1,103,SUFFOLK (103),360,BABYLON,9,9,10,October,2021,7,Saturday,1,1:00am-1:59am,16,16,0,This section IS NOT on the NHS,2,Urban,7,Local,3,Town or Township Highway Agency,5,Local Street - Township,DEAUVILLE BLVD,,99998,Not Reported,40.67065556,40.67065556,-73.402697220,-73.402697220,0,No Special Jurisdiction,42,Tree (Standing Only),0,The First Harmful Event was Not a Collision with a Motor Vehicle in Transport,0,No,1,Non-Junction,1,Not an Intersection,0,None,,,4,On Roadside,2,Dark - Not Lighted,,,,,1,Clear,0,No,0000000,Not Applicable,1,1:00am-1:59am,16,16,1,1:00am-1:59am,22,22,1,1:00am-1:59am,52,52,,,,,,,1,
2021,36,361070,New York,2,2,0,1,1,3,3,103,SUFFOLK (103),2920,ISLIP,16,16,10,October,2021,7,Saturday,0,0:00am-0:59am,19,19,0,This section IS NOT on the NHS,2,Urban,4,Minor Arterial,2,County Highway Agency,4,County Road,CR-13 5TH AVE,,99998,Not Reported,40.76585278,40.76585278,-73.261130560,-73.261130560,0,No Special Jurisdiction,8,Pedestrian,0,The First Harmful Event was Not a Collision with a Motor Vehicle in Transport,0,No,1,Non-Junction,1,Not an Intersection,0,None,,,1,On Roadway,3,Dark - Lighted,,,,,1,Clear,0,No,0000000,Not Applicable,99,Unknown,99,Unknown,99,Unknown EMS Scene Arrival Hour,99,Unknown EMS Scene Arrival Minutes,99,Unknown,99,Unknown EMS Hospital Arrival Time,,,,,,,1,
2021,36,361071,New York,1,1,0,1,1,2,2,103,SUFFOLK (103),2920,ISLIP,1,1,10,October,2021,6,Friday,4,4:00am-4:59am,38,38,0,This section IS NOT on the NHS,2,Urban,4,Minor Arterial,2,County Highway Agency,4,County Road,CR-100 SUFFOLK AVE,CR-17 CARLETON AVE,99998,Not Reported,40.79065000,40.79065000,-73.201619440,-73.201619440,0,No Special Jurisdiction,8,Pedestrian,0,The First Harmful Event was Not a Collision with a Motor Vehicle in Transport,0,No,3,Intersection-Related,2,Four-Way Intersection,0,None,,,1,On Roadway,3,Dark - Lighted,,,,,1,Clear,0,No,0000000,Not Applicable,99,Unknown,99,Unknown,99,Unknown EMS Scene Arrival Hour,99,Unknown EMS Scene Arrival Minutes,99,Unknown,99,Unknown EMS Hospital Arrival Time,,,,,,,1,
2021,36,361072,New York,1,1,0,1,1,1,1,103,SUFFOLK (103),705,BROOKHAVEN,12,12,10,October,2021,3,Tuesday,21,9:00pm-9:59pm,36,36,1,This section IS ON the NHS,2,Urban,3,Principal Arterial - Other,1,State Highway Agency,3,State Highway,SR-112,,99998,Not Reported,40.89076389,40.89076389,-73.013913890,-73.013913890,0,No Special Jurisdiction,8,Pedestrian,0,The First Harmful Event was Not a Collision with a Motor Vehicle in Transport,0,No,1,Non-Junction,1,Not an Intersection,0,None,,,1,On Roadway,3,Dark - Lighted,,,,,1,Clear,0,No,0000000,Not Applicable,99,Unknown,99,Unknown,99,Unknown EMS Scene Arrival Hour,99,Unknown EMS Scene Arrival Minutes,88,"Not Applicable (Not Transported) ",88,Not Applicable (Not Transported),,,,,,,1,
2021,36,361073,New York,2,2,0,1,1,2,2,103,SUFFOLK (103),5675,SHIRLEY,12,12,10,October,2021,3,Tuesday,23,11:00pm-11:59pm,29,29,1,This section IS ON the NHS,2,Urban,3,Principal Arterial - Other,2,County Highway Agency,4,County Road,CR-46 WILLIAM FLOYD PKWY,VICTORY AVE,99998,Not Reported,40.80536667,40.80536667,-72.871697220,-72.871697220,0,No Special Jurisdiction,8,Pedestrian,0,The First Harmful Event was Not a Collision with a Motor Vehicle in Transport,0,No,3,Intersection-Related,2,Four-Way Intersection,0,None,,,1,On Roadway,3,Dark - Lighted,,,,,1,Clear,0,No,0000000,Not Applicable,99,Unknown,99,Unknown,99,Unknown EMS Scene Arrival Hour,99,Unknown EMS Scene Arrival Minutes,88,"Not Applicable (Not Transported) ",88,Not Applicable (Not Transported),,,,,,,1,
2021,36,361074,New York,2,2,0,0,0,3,3,103,SUFFOLK (103),4670,PATCHOGUE,4,4,10,October,2021,2,Monday,5,5:00am-5:59am,50,50,1,This section IS ON the NHS,2,Urban,3,Principal Arterial - Other,1,State Highway Agency,3,State Highway,SR-27 SUNRISE HWY,,99998,Not Reported,40.77499444,40.77499444,-73.039452780,-73.039452780,0,No Special Jurisdiction,12,Motor Vehicle In-Transport,1,Front-to-Rear,0,No,1,Non-Junction,1,Not an Intersection,0,None,,,1,On Roadway,4,Dawn,,,,,2,Rain,0,No,0000000,Not Applicable,5,5:00am-5:59am,55,55,6,6:00am-6:59am,5,5,99,Unknown,99,Unknown EMS Hospital Arrival Time,,,,,,,1,
2021,36,361075,New York,3,3,0,0,0,9,9,103,SUFFOLK (103),2920,ISLIP,2,2,10,October,2021,7,Saturday,21,9:00pm-9:59pm,40,40,0,This section IS NOT on the NHS,2,Urban,7,Local,3,Town or Township Highway Agency,5,Local Street - Township,2ND AVE,,0,None,40.77834722,40.77834722,-73.235175000,-73.235175000,0,No Special Jurisdiction,12,Motor Vehicle In-Transport,1,Front-to-Rear,0,No,1,Non-Junction,1,Not an Intersection,0,None,,,1,On Roadway,3,Dark - Lighted,,,,,1,Clear,0,No,0000000,Not Applicable,99,Unknown,99,Unknown,99,Unknown EMS Scene Arrival Hour,99,Unknown EMS Scene Arrival Minutes,99,Unknown,99,Unknown EMS Hospital Arrival Time,,,,,,,2,