caseyear,state,st_case,statename,ve_total,ve_forms,pvh_invl,peds,pernotmvit,permvit,persons,county,countyname,city,cityname,day,dayname,month,monthname,year,day_week,day_weekname,hour,hourname,minute,minutename,nhs,nhsname,rur_urb,rur_urbname,func_sys,func_sysname,rd_owner,rd_ownername,route,routename,tway_id,tway_id2,milept,mileptname,latitude,latitudename,longitud,longitudname,sp_jur,sp_jurname,harm_ev,harm_evname,man_coll,man_collname,reljct1,reljct1name,reljct2,reljct2name,typ_int,typ_intname,wrk_zone,wrk_zonename,road_fnc,road_fncname,rel_road,rel_roadname,lgt_cond,lgt_condname,weather1,weather1name,weather2,weather2name,weather,weathername,sch_bus,sch_busname,rail,railname,not_hour,not_hourname,not_min,not_minname,arr_hour,arr_hourname,arr_min,arr_minname,hosp_hr,hosp_hrname,hosp_mn,hosp_mnname,cf1,cf1name,cf2,cf2name,cf3,cf3name,fatals,drunk_dr
2022,36,360086,New York,2,2,0,0,0,2,2,119,WESTCHESTER (119),1083,CHAPPAQUA,9,9,2,February,2022,4,Wednesday,17,5:00pm-5:59pm,49,49,0,This section IS NOT on the NHS,2,Urban,4,Minor Arterial,1,State Highway Agency,3,State Highway,SR-100/133,,99998,Not Reported,41.18527778,41.18527778,-73.807022220,-73.80702222,0,No Special Jurisdiction,50,Bridge Overhead Structure,0,The First Harmful Event was Not a Collision with a Motor Vehicle in Transport,0,No,1,Non-Junction,1,Not an Intersection,0,None,,,1,On Roadway,1,Daylight,,,,,1,Clear,0,No,0000000,Not Applicable,17,5:00pm-5:59pm,49,49,17,5:00pm-5:59pm,58,58,99,Unknown,99,Unknown EMS Hospital Arrival Time,,,,,,,1,
2022,36,360088,New York,1,1,0,0,0,3,3,61,NEW YORK (61),4170,NEW YORK,28,28,2,February,2022,2,Monday,1,1:00am-1:59am,44,44,1,This section IS ON the NHS,2,Urban,2,Principal Arterial - Other Freeways and Expressways,1,State Highway Agency,3,State Highway,SR-907V,,99998,Not Reported,40.85217500,40.85217500,-73.942583330,-73.94258333,0,No Special Jurisdiction,25,Concrete Traffic Barrier,0,The First Harmful Event was Not a Collision with a Motor Vehicle in Transport,0,No,1,Non-Junction,1,Not an Intersection,0,None,,,4,On Roadside,3,Dark - Lighted,,,,,1,Clear,0,No,0000000,Not Applicable,1,1:00am-1:59am,44,44,99,Unknown EMS Scene Arrival Hour,99,Unknown EMS Scene Arrival Minutes,88,"Not Applicable (Not Transported) ",88,Not Applicable (Not Transported),,,,,,,3,
2022,36,360089,New York,1,1,0,0,0,1,1,23,CORTLAND (23),6125,TRUXTON,1,1,3,March,2022,3,Tuesday,6,6:00am-6:59am,41,41,0,This section IS NOT on the NHS,1,Rural,7,Local,3,Town or Township Highway Agency,5,Local Street - Township,BELLS MILLS RD,,0,None,42.71026944,42.71026944,-76.017658330,-76.01765833,0,No Special Jurisdiction,42,Tree (Standing Only),0,The First Harmful Event was Not a Collision with a Motor Vehicle in Transport,0,No,1,Non-Junction,1,Not an Intersection,0,None,,,4,On Roadside,2,Dark - Not Lighted,,,,,10,Cloudy,0,No,0000000,Not Applicable,6,6:00am-6:59am,43,43,6,6:00am-6:59am,51,51,88,"Not Applicable (Not Transported) ",88,Not Applicable (Not Transported),,,,,,,1,
2022,36,360090,New York,1,1,0,0,0,1,1,9,CATTARAUGUS (9),1830,ELLICOTTVILLE,9,9,2,February,2022,4,Wednesday,4,4:00am-4:59am,10,10,0,This section IS NOT on the NHS,1,Rural,6,Minor Collector,2,County Highway Agency,4,County Road,CR-85 ROCK SPRINGS RD,,99998,Not Reported,42.46752222,42.46752222,-78.668341670,-78.66834167,0,No Special Jurisdiction,35,Embankment,0,The First Harmful Event was Not a Collision with a Motor Vehicle in Transport,0,No,1,Non-Junction,1,Not an Intersection,0,None,,,4,On Roadside,2,Dark - Not Lighted,,,,,1,Clear,0,No,0000000,Not Applicable,99,Unknown,99,Unknown,99,Unknown EMS Scene Arrival Hour,99,Unknown EMS Scene Arrival Minutes,88,"Not Applicable (Not Transported) ",88,Not Applicable (Not Transported),,,,,,,1,
2022,36,360091,New York,2,2,0,0,0,2,2,7,BROOME (7),3453,MAINE,14,14,2,February,2022,2,Monday,19,7:00pm-7:59pm,28,28,0,This section IS NOT on the NHS,1,Rural,4,Minor Arterial,1,State Highway Agency,3,State Highway,SR-26,,99998,Not Reported,42.22235278,42.22235278,-76.023488890,-76.02348889,0,No Special Jurisdiction,12,Motor Vehicle In-Transport,2,Front-to-Front,0,No,1,Non-Junction,1,Not an Intersection,0,None,,,1,On Roadway,2,Dark - Not Lighted,,,,,1,Clear,0,No,0000000,Not Applicable,19,7:00pm-7:59pm,28,28,19,7:00pm-7:59pm,46,46,20,8:00pm-8:59pm,20,20,,,,,,,1,
2022,36,360092,New York,1,1,0,1,1,1,1,87,ROCKLAND (87),4063,NEW CITY,23,23,2,February,2022,4,Wednesday,20,8:00pm-8:59pm,22,22,1,This section IS ON the NHS,2,Urban,3,Principal Arterial - Other,1,State Highway Agency,3,State Highway,SR-303,,99998,Not Reported,41.09733611,41.09733611,-73.950380560,-73.95038056,0,No Special Jurisdiction,8,Pedestrian,0,The First Harmful Event was Not a Collision with a Motor Vehicle in Transport,0,No,1,Non-Junction,1,Not an Intersection,0,None,,,1,On Roadway,3,Dark - Lighted,,,,,1,Clear,0,No,0000000,Not Applicable,20,8:00pm-8:59pm,24,24,20,8:00pm-8:59pm,28,28,20,8:00pm-8:59pm,48,48,,,,,,,1,
2022,36,360093,New York,2,2,0,0,0,3,3,89,ST LAWRENCE (89),2330,GOUVERNEUR,23,23,2,February,2022,4,Wednesday,13,1:00pm-1:59pm,20,20,1,This section IS ON the NHS,1,Rural,3,Principal Arterial - Other,1,State Highway Agency,2,U.S. Highway,US-11,,99998,Not Reported,44.37507778,44.37507778,-75.420488890,-75.42048889,0,No Special Jurisdiction,12,Motor Vehicle In-Transport,2,Front-to-Front,0,No,8,Driveway Access Related,1,Not an Intersection,0,None,,,1,On Roadway,1,Daylight,,,,,10,Cloudy,0,No,0000000,Not Applicable,13,1:00pm-1:59pm,20,20,13,1:00pm-1:59pm,30,30,13,1:00pm-1:59pm,50,50,,,,,,,1,
2022,36,360094,New York,1,1,0,1,1,1,1,81,QUEENS (81),4170,MIDDLE VILLAGE,24,24,2,February,2022,5,Thursday,9,9:00am-9:59am,50,50,1,This section IS ON the NHS,2,Urban,3,Principal Arterial - Other,4,City or Municipal Highway Agency,6,Local Street - Municipality,UNION TURNPIKE,193 ST,99998,Not Reported,40.73021667,40.73021667,-73.777691670,-73.77769167,0,No Special Jurisdiction,8,Pedestrian,0,The First Harmful Event was Not a Collision with a Motor Vehicle in Transport,0,No,3,Intersection-Related,2,Four-Way Intersection,0,None,,,1,On Roadway,1,Daylight,,,,,1,Clear,0,No,0000000,Not Applicable,9,9:00am-9:59am,50,50,10,10:00am-10:59am,13,13,10,10:00am-10:59am,30,30,,,,,,,1,
2022,36,360095,New York,2,2,0,0,0,2,2,119,WESTCHESTER (119),2555,HARRISON,24,24,2,February,2022,5,Thursday,21,9:00pm-9:59pm,59,59,1,This section IS ON the NHS,2,Urban,1,Interstate,1,State Highway Agency,1,Interstate,I-287,,99998,Not Reported,41.01443889,41.01443889,-73.721294440,-73.72129444,0,No Special Jurisdiction,12,Motor Vehicle In-Transport,7,Sideswipe - Same Direction,0,No,1,Non-Junction,1,Not an Intersection,0,None,,,1,On Roadway,2,Dark - Not Lighted,,,,,10,Cloudy,0,No,0000000,Not Applicable,21,9:00pm-9:59pm,59,59,22,10:00pm-10:59pm,1,1,88,"Not Applicable (Not Transported) ",88,Not Applicable (Not Transported),,,,,,,1,
2022,36,360097,New York,1,1,0,1,1,1,1,63,NIAGARA (63),3340,LOCKPORT,19,19,2,February,2022,7,Saturday,18,6:00pm-6:59pm,34,34,0,This section IS NOT on the NHS,2,Urban,4,Minor Arterial,1,State Highway Agency,3,State Highway,SR-93 DYSINGER RD,,99998,Not Reported,43.13122222,43.13122222,-78.661386110,-78.66138611,0,No Special Jurisdiction,8,Pedestrian,0,The First Harmful Event was Not a Collision with a Motor Vehicle in Transport,0,No,1,Non-Junction,1,Not an Intersection,0,None,,,1,On Roadway,3,Dark - Lighted,,,,,4,Snow,0,No,0000000,Not Applicable,99,Unknown,99,Unknown,99,Unknown EMS Scene Arrival Hour,99,Unknown EMS Scene Arrival Minutes,99,Unknown,99,Unknown EMS Hospital Arrival Time,,,,,,,1,
2022,36,360098,New York,1,1,0,1,1,1,1,47,KINGS (47),4170,NEW YORK CITY,21,21,2,February,2022,2,Monday,10,10:00am-10:59am,27,27,0,This section IS NOT on the NHS,2,Urban,7,Local,4,City or Municipal Highway Agency,6,Local Street - Municipality,18TH AVE,E 2ND ST,0,None,40.63131389,40.63131389,-73.975961110,-73.97596111,0,No Special Jurisdiction,8,Pedestrian,0,The First Harmful Event was Not a Collision with a Motor Vehicle in Transport,0,No,3,Intersection-Related,2,Four-Way Intersection,0,None,,,1,On Roadway,1,Daylight,,,,,1,Clear,0,No,0000000,Not Applicable,10,10:00am-10:59am,29,29,10,10:00am-10:59am,40,40,10,10:00am-10:59am,55,55,,,,,,,1,
2022,36,360099,New York,3,3,0,0,0,8,8,5,BRONX (5),4170,NEW YORK CITY,25,25,2,February,2022,6,Friday,23,11:00pm-11:59pm,49,49,1,This section IS ON the NHS,2,Urban,1,Interstate,1,State Highway Agency,1,Interstate,I-95 CROSS BRONX EXPY,,99998,Not Reported,40.83620000,40.83620000,-73.870983330,-73.87098333,0,No Special Jurisdiction,12,Motor Vehicle In-Transport,6,Angle,0,No,1,Non-Junction,1,Not an Intersection,0,None,,,1,On Roadway,3,Dark - Lighted,,,,,1,Clear,0,No,0000000,Not Applicable,23,11:00pm-11:59pm,49,49,99,Unknown EMS Scene Arrival Hour,99,Unknown EMS Scene Arrival Minutes,99,Unknown,99,Unknown EMS Hospital Arrival Time,,,,,,,2,
2022,36,360100,New York,1,1,0,0,0,1,1,103,SUFFOLK (103),5210,RIVERHEAD,26,26,2,February,2022,7,Saturday,23,11:00pm-11:59pm,57,57,1,This section IS ON the NHS,2,Urban,3,Principal Arterial - Other,3,Town or Township Highway Agency,5,Local Street - Township,SOUND AVE,,99998,Not Reported,40.96758889,40.96758889,-72.650277780,-72.65027778,0,No Special Jurisdiction,35,Embankment,0,The First Harmful Event was Not a Collision with a Motor Vehicle in Transport,0,No,1,Non-Junction,1,Not an Intersection,0,None,,,4,On Roadside,3,Dark - Lighted,,,,,1,Clear,0,No,0000000,Not Applicable,0,0:00am-0:59am,4,4,0,0:00am-0:59am,11,11,0,0:00am-0:59am,35,35,,,,,,,1,
2022,36,360101,New York,1,1,0,1,1,1,1,5,BRONX (5),4170,NEW YORK CITY,28,28,2,February,2022,2,Monday,6,6:00am-6:59am,11,11,0,This section IS NOT on the NHS,2,Urban,5,Major Collector,4,City or Municipal Highway Agency,6,Local Street - Municipality,FOOD CENTER DR,,99998,Not Reported,40.80996944,40.80996944,-73.876186110,-73.87618611,0,No Special Jurisdiction,9,Pedalcyclist,0,The First Harmful Event was Not a Collision with a Motor Vehicle in Transport,0,No,8,Driveway Access Related,1,Not an Intersection,0,None,,,1,On Roadway,4,Dawn,,,,,1,Clear,0,No,0000000,Not Applicable,6,6:00am-6:59am,11,11,6,6:00am-6:59am,21,21,6,6:00am-6:59am,40,40,,,,,,,1,
2022,36,360102,New York,2,1,1,0,0,3,3,81,QUEENS (81),4170,MIDDLE VILLAGE,26,26,2,February,2022,7,Saturday,2,2:00am-2:59am,33,33,0,This section IS NOT on the NHS,2,Urban,4,Minor Arterial,4,City or Municipal Highway Agency,6,Local Street - Municipality,101 ST,,99998,Not Reported,40.68909722,40.68909722,-73.828827780,-73.82882778,0,No Special Jurisdiction,14,Parked Motor Vehicle,0,The First Harmful Event was Not a Collision with a Motor Vehicle in Transport,0,No,1,Non-Junction,1,Not an Intersection,0,None,,,7,In Parking Lane/Zone,3,Dark - Lighted,,,,,1,Clear,0,No,0000000,Not Applicable,99,Unknown,99,Unknown,99,Unknown EMS Scene Arrival Hour,99,Unknown EMS Scene Arrival Minutes,99,Unknown,99,Unknown EMS Hospital Arrival Time,,,,,,,1,
2022,36,360103,New York,1,1,0,0,0,3,3,61,NEW YORK (61),4170,NEW YORK,4,4,3,March,2022,6,Friday,4,4:00am-4:59am,36,36,1,This section IS ON the NHS,2,Urban,2,Principal Arterial - Other Freeways and Expressways,1,State Highway Agency,3,State Highway,SR-907L FDR DR,,99998,Not Reported,40.76725278,40.76725278,-73.950113890,-73.95011389,0,No Special Jurisdiction,25,Concrete Traffic Barrier,0,The First Harmful Event was Not a Collision with a Motor Vehicle in Transport,0,No,1,Non-Junction,1,Not an Intersection,0,None,,,4,On Roadside,3,Dark - Lighted,,,,,1,Clear,0,No,0000000,Not Applicable,4,4:00am-4:59am,36,36,99,Unknown EMS Scene Arrival Hour,99,Unknown EMS Scene Arrival Minutes,99,Unknown,99,Unknown EMS Hospital Arrival Time,,,,,,,2,
2022,36,360104,New York,1,1,0,1,1,1,1,47,KINGS (47),4170,NEW YORK CITY,4,4,3,March,2022,6,Friday,15,3:00pm-3:59pm,32,32,1,This section IS ON the NHS,2,Urban,3,Principal Arterial - Other,1,State Highway Agency,6,Local Street - Municipality,FLATBUSH AVE,,99998,Not Reported,40.68364444,40.68364444,-73.977088890,-73.97708889,0,No Special Jurisdiction,8,Pedestrian,0,The First Harmful Event was Not a Collision with a Motor Vehicle in Transport,0,No,1,Non-Junction,1,Not an Intersection,0,None,,,1,On Roadway,1,Daylight,,,,,1,Clear,0,No,0000000,Not Applicable,99,Unknown,99,Unknown,99,Unknown EMS Scene Arrival Hour,99,Unknown EMS Scene Arrival Minutes,88,"Not Applicable (Not Transported) ",88,Not Applicable (Not Transported),,,,,,,1,
2022,36,360105,New York,1,1,0,0,0,2,2,61,NEW YORK (61),4170,NEW YORK,5,5,3,March,2022,7,Saturday,0,0:00am-0:59am,12,12,1,This section IS ON the NHS,2,Urban,2,Principal Arterial - Other Freeways and Expressways,1,State Highway Agency,3,State Highway,SR-907P HARLEM RIVER DR,,99998,Not Reported,40.80228333,40.80228333,-73.930041670,-73.93004167,0,No Special Jurisdiction,20,Impact Attenuator/Crash Cushion,0,The First Harmful Event was Not a Collision with a Motor Vehicle in Transport,1,Yes,5,Entrance/Exit Ramp Related,1,Not an Intersection,0,None,,,8,Gore,3,Dark - Lighted,,,,,1,Clear,0,No,0000000,Not Applicable,0,0:00am-0:59am,12,12,99,Unknown EMS Scene Arrival Hour,99,Unknown EMS Scene Arrival Minutes,99,Unknown,99,Unknown EMS Hospital Arrival Time,,,,,,,2,
2022,36,360107,New York,2,2,0,0,0,4,4,81,QUEENS (81),4170,MIDDLE VILLAGE,21,21,2,February,2022,2,Monday,15,3:00pm-3:59pm,13,13,0,This section IS NOT on the NHS,2,Urban,4,Minor Arterial,4,City or Municipal Highway Agency,6,Local Street - Municipality,COOPER AVE,88 ST,99998,Not Reported,40.71077500,40.71077500,-73.865047220,-73.86504722,0,No Special Jurisdiction,12,Motor Vehicle In-Transport,2,Front-to-Front,0,No,2,Intersection,3,T-Intersection,0,None,,,1,On Roadway,1,Daylight,,,,,1,Clear,0,No,0000000,Not Applicable,99,Unknown,99,Unknown,99,Unknown EMS Scene Arrival Hour,99,Unknown EMS Scene Arrival Minutes,99,Unknown,99,Unknown EMS Hospital Arrival Time,,,,,,,1,
2022,36,360108,New York,1,1,0,0,0,1,1,81,QUEENS (81),4170,MIDDLE VILLAGE,17,17,2,February,2022,5,Thursday,19,7:00pm-7:59pm,40,40,0,This section IS NOT on the NHS,2,Urban,5,Major Collector,4,City or Municipal Highway Agency,6,Local Street - Municipality,DOUGLASTON PKWY,,0,None,40.76251111,40.76251111,-73.742886110,-73.74288611,0,No Special Jurisdiction,42,Tree (Standing Only),0,The First Harmful Event was Not a Collision with a Motor Vehicle in Transport,0,No,1,Non-Junction,1,Not an Intersection,0,None,,,4,On Roadside,3,Dark - Lighted,,,,,1,Clear,0,No,0000000,Not Applicable,99,Unknown,99,Unknown,99,Unknown EMS Scene Arrival Hour,99,Unknown EMS Scene Arrival Minutes,99,Unknown,99,Unknown EMS Hospital Arrival Time,,,,,,,1,
2022,36,360109,New York,1,1,0,1,1,1,1,5,BRONX (5),4170,NEW YORK CITY,7,7,3,March,2022,2,Monday,11,11:00am-11:59am,46,46,0,This section IS NOT on the NHS,2,Urban,5,Major Collector,4,City or Municipal Highway Agency,6,Local Street - Municipality,HUTCHINSON RIVER PKWY E,EINSTEIN LOOP,99998,Not Reported,40.86561944,40.86561944,-73.823316670,-73.82331667,0,No Special Jurisdiction,8,Pedestrian,0,The First Harmful Event was Not a Collision with a Motor Vehicle in Transport,0,No,3,Intersection-Related,3,T-Intersection,0,None,,,1,On Roadway,1,Daylight,,,,,1,Clear,0,No,0000000,Not Applicable,11,11:00am-11:59am,49,49,11,11:00am-11:59am,56,56,12,12:00pm-12:59pm,16,16,,,,,,,1,
2022,36,360110,New York,1,1,0,1,1,1,1,47,KINGS (47),4170,NEW YORK CITY,8,8,3,March,2022,3,Tuesday,1,1:00am-1:59am,0,0,1,This section IS ON the NHS,2,Urban,3,Principal Arterial - Other,4,City or Municipal Highway Agency,6,Local Street - Municipality,PENNSYLVANIA AVE,,0,None,40.65765833,40.65765833,-73.890022220,-73.89002222,0,No Special Jurisdiction,8,Pedestrian,0,The First Harmful Event was Not a Collision with a Motor Vehicle in Transport,0,No,1,Non-Junction,1,Not an Intersection,0,None,,,1,On Roadway,3,Dark - Lighted,,,,,1,Clear,0,No,0000000,Not Applicable,1,1:00am-1:59am,0,0,99,Unknown EMS Scene Arrival Hour,99,Unknown EMS Scene Arrival Minutes,99,Unknown,99,Unknown EMS Hospital Arrival Time,,,,,,,1,
2022,36,360112,New York,2,2,0,0,0,2,2,59,NASSAU (59),4450,OLD WESTBURY,9,9,3,March,2022,4,Wednesday,14,2:00pm-2:59pm,48,48,1,This section IS ON the NHS,2,Urban,3,Principal Arterial - Other,2,County Highway Agency,8,Other,GUINEA WOODS RD,,99998,Not Reported,40.76986944,40.76986944,-73.624938890,-73.62493889,0,No Special Jurisdiction,12,Motor Vehicle In-Transport,6,Angle,0,No,1,Non-Junction,1,Not an Intersection,0,None,,,1,On Roadway,1,Daylight,,,,,98,Not Reported,0,No,0000000,Not Applicable,99,Unknown,99,Unknown,99,Unknown EMS Scene Arrival Hour,99,Unknown EMS Scene Arrival Minutes,99,Unknown,99,Unknown EMS Hospital Arrival Time,,,,,,,1,
2022,36,360113,New York,1,1,0,0,0,2,2,29,ERIE (29),611,BOSTON,2,2,1,January,2022,1,Sunday,21,9:00pm-9:59pm,43,43,0,This section IS NOT on the NHS,2,Urban,4,Minor Arterial,2,County Highway Agency,4,County Road,CR-227 BOSTON STATE RD,,99998,Not Reported,42.68490833,42.68490833,-78.774666670,-78.77466667,0,No Special Jurisdiction,53,Mail Box,0,The First Harmful Event was Not a Collision with a Motor Vehicle in Transport,0,No,1,Non-Junction,1,Not an Intersection,0,None,,,4,On Roadside,3,Dark - Lighted,,,,,4,Snow,0,No,0000000,Not Applicable,21,9:00pm-9:59pm,43,43,21,9:00pm-9:59pm,46,46,22,10:00pm-10:59pm,31,31,,,,,,,2,
2022,36,360114,New York,1,1,0,0,0,3,3,7,BROOME (7),3064,KIRKWOOD,27,27,2,February,2022,1,Sunday,16,4:00pm-4:59pm,35,35,1,This section IS ON the NHS,2,Urban,1,Interstate,1,State Highway Agency,1,Interstate,I-81,,99998,Not Reported,42.04555278,42.04555278,-75.794738890,-75.79473889,0,No Special Jurisdiction,3,Immersion or Partial Immersion,0,The First Harmful Event was Not a Collision with a Motor Vehicle in Transport,0,No,1,Non-Junction,1,Not an Intersection,0,None,,,4,On Roadside,5,Dusk,,,,,10,Cloudy,0,No,0000000,Not Applicable,16,4:00pm-4:59pm,42,42,16,4:00pm-4:59pm,51,51,17,5:00pm-5:59pm,14,14,,,,,,,1,
2022,36,360115,New York,1,1,0,0,0,1,1,115,WASHINGTON (115),2360,GRANVILLE,6,6,1,January,2022,5,Thursday,0,0:00am-0:59am,24,24,0,This section IS NOT on the NHS,1,Rural,4,Minor Arterial,1,State Highway Agency,3,State Highway,SR-22,,99998,Not Reported,43.28566667,43.28566667,-73.281338890,-73.28133889,0,No Special Jurisdiction,24,Guardrail Face,0,The First Harmful Event was Not a Collision with a Motor Vehicle in Transport,0,No,1,Non-Junction,1,Not an Intersection,0,None,,,4,On Roadside,2,Dark - Not Lighted,,,,,10,Cloudy,0,No,0000000,Not Applicable,0,0:00am-0:59am,24,24,0,0:00am-0:59am,37,37,88,"Not Applicable (Not Transported) ",88,Not Applicable (Not Transported),,,,,,,1,
2022,36,360116,New York,1,1,0,0,0,1,1,55,MONROE (55),1160,CHURCHVILLE,6,6,3,March,2022,1,Sunday,11,11:00am-11:59am,56,56,1,This section IS ON the NHS,2,Urban,2,Principal Arterial - Other Freeways and Expressways,1,State Highway Agency,3,State Highway,SR-531,,99998,Not Reported,43.16471944,43.16471944,-77.761363890,-77.76136389,0,No Special Jurisdiction,24,Guardrail Face,0,The First Harmful Event was Not a Collision with a Motor Vehicle in Transport,0,No,1,Non-Junction,1,Not an Intersection,0,None,,,4,On Roadside,1,Daylight,,,,,1,Clear,0,No,0000000,Not Applicable,11,11:00am-11:59am,56,56,11,11:00am-11:59am,58,58,88,"Not Applicable (Not Transported) ",88,Not Applicable (Not Transported),,,,,,,1,
2022,36,360117,New York,1,1,0,0,0,1,1,103,SUFFOLK (103),2391,GREAT RIVER,8,8,3,March,2022,3,Tuesday,22,10:00pm-10:59pm,28,28,0,This section IS NOT on the NHS,2,Urban,7,Local,3,Town or Township Highway Agency,5,Local Street - Township,SEBASTIAN DR,,99998,Not Reported,40.96720278,40.96720278,-72.706058330,-72.70605833,0,No Special Jurisdiction,18,Other Object (not fixed),0,The First Harmful Event was Not a Collision with a Motor Vehicle in Transport,0,No,1,Non-Junction,1,Not an Intersection,0,None,,,4,On Roadside,2,Dark - Not Lighted,,,,,1,Clear,0,No,0000000,Not Applicable,99,Unknown,99,Unknown,99,Unknown EMS Scene Arrival Hour,99,Unknown EMS Scene Arrival Minutes,88,"Not Applicable (Not Transported) ",88,Not Applicable (Not Transported),,,,,,,1,
2022,36,360118,New York,1,1,0,1,1,1,1,27,DUTCHESS (27),2000,FISHKILL,18,18,2,February,2022,6,Friday,18,6:00pm-6:59pm,55,55,1,This section IS ON the NHS,2,Urban,3,Principal Arterial - Other,1,State Highway Agency,2,U.S. Highway,US-9,,99998,Not Reported,41.53345556,41.53345556,-73.897022220,-73.89702222,0,No Special Jurisdiction,8,Pedestrian,0,The First Harmful Event was Not a Collision with a Motor Vehicle in Transport,0,No,1,Non-Junction,1,Not an Intersection,0,None,,,1,On Roadway,2,Dark - Not Lighted,,,,,1,Clear,0,No,0000000,Not Applicable,18,6:00pm-6:59pm,55,55,19,7:00pm-7:59pm,3,3,99,Unknown,99,Unknown EMS Hospital Arrival Time,,,,,,,1,
2022,36,360119,New York,1,1,0,1,1,1,1,55,MONROE (55),680,BROCKPORT,9,9,3,March,2022,4,Wednesday,20,8:00pm-8:59pm,9,9,0,This section IS NOT on the NHS,2,Urban,7,Local,4,City or Municipal Highway Agency,6,Local Street - Municipality,NORTON ST,CLARK AVE,0,None,43.18767778,43.18767778,-77.574852780,-77.57485278,0,No Special Jurisdiction,8,Pedestrian,0,The First Harmful Event was Not a Collision with a Motor Vehicle in Transport,0,No,3,Intersection-Related,3,T-Intersection,0,None,,,1,On Roadway,3,Dark - Lighted,,,,,1,Clear,0,No,0000000,Not Applicable,20,8:00pm-8:59pm,9,9,20,8:00pm-8:59pm,12,12,20,8:00pm-8:59pm,31,31,,,,,,,1,
2022,36,360120,New York,2,2,0,0,0,2,2,103,SUFFOLK (103),5810,SOUTHAMPTON,10,10,2,February,2022,5,Thursday,6,6:00am-6:59am,28,28,0,This section IS NOT on the NHS,2,Urban,4,Minor Arterial,2,County Highway Agency,4,County Road,CR-104 QUOGUE RIVERHEAD RD,,99998,Not Reported,40.87333056,40.87333056,-72.621652780,-72.62165278,0,No Special Jurisdiction,12,Motor Vehicle In-Transport,6,Angle,0,No,1,Non-Junction,1,Not an Intersection,0,None,,,1,On Roadway,1,Daylight,,,,,1,Clear,0,No,0000000,Not Applicable,6,6:00am-6:59am,28,28,6,6:00am-6:59am,39,39,99,Unknown,99,Unknown EMS Hospital Arrival Time,,,,,,,1,
2022,36,360121,New York,2,2,0,0,0,2,2,59,NASSAU (59),2600,HEMPSTEAD,4,4,3,March,2022,6,Friday,16,4:00pm-4:59pm,33,33,0,This section IS NOT on the NHS,2,Urban,4,Minor Arterial,3,Town or Township Highway Agency,5,Local Street - Township,PENINSULA BLVD,MADISON AVE,99998,Not Reported,40.70219722,40.70219722,-73.626786110,-73.62678611,0,No Special Jurisdiction,12,Motor Vehicle In-Transport,6,Angle,0,No,2,Intersection,2,Four-Way Intersection,0,None,,,1,On Roadway,1,Daylight,,,,,1,Clear,0,No,0000000,Not Applicable,16,4:00pm-4:59pm,33,33,16,4:00pm-4:59pm,35,35,16,4:00pm-4:59pm,45,45,,,,,,,1,
2022,36,360122,New York,1,1,0,0,0,1,1,69,ONTARIO (69),2319,GORHAM,11,11,3,March,2022,6,Friday,12,12:00pm-12:59pm,46,46,0,This section IS NOT on the NHS,2,Urban,6,Minor Collector,2,County Highway Agency,4,County Road,CR-18,,99998,Not Reported,42.85290833,42.85290833,-77.237452780,-77.23745278,0,No Special Jurisdiction,32,Culvert,0,The First Harmful Event was Not a Collision with a Motor Vehicle in Transport,0,No,1,Non-Junction,1,Not an Intersection,0,None,,,4,On Roadside,1,Daylight,,,,,10,Cloudy,0,No,0000000,Not Applicable,12,12:00pm-12:59pm,46,46,12,12:00pm-12:59pm,56,56,13,1:00pm-1:59pm,20,20,,,,,,,1,
2022,36,360123,New York,1,1,0,1,1,1,1,47,KINGS (47),4170,NEW YORK CITY,18,18,2,February,2022,6,Friday,18,6:00pm-6:59pm,10,10,1,This section IS ON the NHS,2,Urban,3,Principal Arterial - Other,4,City or Municipal Highway Agency,6,Local Street - Municipality,FLATBUSH AVE,AVE H,0,None,40.63163056,40.63163056,-73.946516670,-73.94651667,0,No Special Jurisdiction,8,Pedestrian,0,The First Harmful Event was Not a Collision with a Motor Vehicle in Transport,0,No,3,Intersection-Related,2,Four-Way Intersection,0,None,,,1,On Roadway,1,Daylight,,,,,1,Clear,0,No,0000000,Not Applicable,99,Unknown,99,Unknown,99,Unknown EMS Scene Arrival Hour,99,Unknown EMS Scene Arrival Minutes,99,Unknown,99,Unknown EMS Hospital Arrival Time,,,,,,,1,
2022,36,360124,New York,1,1,0,1,1,1,1,115,WASHINGTON (115),2070,FORT ANN,1,1,3,March,2022,3,Tuesday,11,11:00am-11:59am,15,15,0,This section IS NOT on the NHS,2,Urban,7,Local,2,County Highway Agency,4,County Road,CR-16,,99998,Not Reported,43.42257222,43.42257222,-73.498072220,-73.49807222,0,No Special Jurisdiction,8,Pedestrian,0,The First Harmful Event was Not a Collision with a Motor Vehicle in Transport,0,No,1,Non-Junction,1,Not an Intersection,0,None,,,1,On Roadway,1,Daylight,,,,,10,Cloudy,0,No,0000000,Not Applicable,99,Unknown,99,Unknown,99,Unknown EMS Scene Arrival Hour,99,Unknown EMS Scene Arrival Minutes,99,Unknown,99,Unknown EMS Hospital Arrival Time,,,,,,,1,