caseyear,state,st_case,statename,ve_total,ve_forms,pvh_invl,peds,pernotmvit,permvit,persons,county,countyname,city,cityname,day,dayname,month,monthname,year,day_week,day_weekname,hour,hourname,minute,minutename,nhs,nhsname,rur_urb,rur_urbname,func_sys,func_sysname,rd_owner,rd_ownername,route,routename,tway_id,tway_id2,milept,mileptname,latitude,latitudename,longitud,longitudname,sp_jur,sp_jurname,harm_ev,harm_evname,man_coll,man_collname,reljct1,reljct1name,reljct2,reljct2name,typ_int,typ_intname,wrk_zone,wrk_zonename,road_fnc,road_fncname,rel_road,rel_roadname,lgt_cond,lgt_condname,weather1,weather1name,weather2,weather2name,weather,weathername,sch_bus,sch_busname,rail,railname,not_hour,not_hourname,not_min,not_minname,arr_hour,arr_hourname,arr_min,arr_minname,hosp_hr,hosp_hrname,hosp_mn,hosp_mnname,cf1,cf1name,cf2,cf2name,cf3,cf3name,fatals,drunk_dr
2022,36,360162,New York,1,1,0,0,0,1,1,53,MADISON (53),703,BROOKFIELD,20,20,3,March,2022,1,Sunday,4,4:00am-4:59am,42,42,0,This section IS NOT on the NHS,1,Rural,7,Local,4,City or Municipal Highway Agency,4,County Road,CR-99 BEAVER CREEK RD,,99998,Not Reported,42.82027500,42.82027500,-75.318302780,-75.31830278,0,No Special Jurisdiction,35,Embankment,0,The First Harmful Event was Not a Collision with a Motor Vehicle in Transport,0,No,1,Non-Junction,1,Not an Intersection,0,None,,,4,On Roadside,2,Dark - Not Lighted,,,,,2,Rain,0,No,0000000,Not Applicable,4,4:00am-4:59am,43,43,4,4:00am-4:59am,50,50,88,"Not Applicable (Not Transported) ",88,Not Applicable (Not Transported),,,,,,,1,
2022,36,360163,New York,1,1,0,0,0,1,1,89,ST LAWRENCE (89),1502,DE PEYSTER,30,30,3,March,2022,4,Wednesday,22,10:00pm-10:59pm,59,59,0,This section IS NOT on the NHS,1,Rural,6,Minor Collector,1,State Highway Agency,3,State Highway,SR-184,,99998,Not Reported,44.59483333,44.59483333,-75.426958330,-75.42695833,0,No Special Jurisdiction,35,Embankment,0,The First Harmful Event was Not a Collision with a Motor Vehicle in Transport,0,No,1,Non-Junction,1,Not an Intersection,0,None,,,4,On Roadside,2,Dark - Not Lighted,,,,,2,Rain,0,No,0000000,Not Applicable,23,11:00pm-11:59pm,1,1,23,11:00pm-11:59pm,8,8,88,"Not Applicable (Not Transported) ",88,Not Applicable (Not Transported),,,,,,,1,
2022,36,360164,New York,1,1,0,1,1,1,1,29,ERIE (29),750,BUFFALO,8,8,2,February,2022,3,Tuesday,19,7:00pm-7:59pm,15,15,1,This section IS ON the NHS,2,Urban,3,Principal Arterial - Other,1,State Highway Agency,2,U.S. Highway,US-62 BAILEY ST,,99998,Not Reported,42.89775278,42.89775278,-78.814041670,-78.81404167,0,No Special Jurisdiction,8,Pedestrian,0,The First Harmful Event was Not a Collision with a Motor Vehicle in Transport,0,No,1,Non-Junction,1,Not an Intersection,0,None,,,1,On Roadway,3,Dark - Lighted,,,,,1,Clear,0,No,0000000,Not Applicable,99,Unknown,99,Unknown,99,Unknown EMS Scene Arrival Hour,99,Unknown EMS Scene Arrival Minutes,99,Unknown,99,Unknown EMS Hospital Arrival Time,,,,,,,1,
2022,36,360165,New York,1,1,0,1,1,1,1,119,WESTCHESTER (119),6820,YONKERS,8,8,2,February,2022,3,Tuesday,5,5:00am-5:59am,43,43,0,This section IS NOT on the NHS,2,Urban,4,Minor Arterial,2,County Highway Agency,4,County Road,CR-142 FORT HILL AVE,,99998,Not Reported,99.99990000,99.99990000,999.999900000,999.99990000,0,No Special Jurisdiction,8,Pedestrian,0,The First Harmful Event was Not a Collision with a Motor Vehicle in Transport,0,No,1,Non-Junction,1,Not an Intersection,0,None,,,1,On Roadway,3,Dark - Lighted,,,,,5,"Fog, Smog, Smoke",0,No,0000000,Not Applicable,99,Unknown,99,Unknown,99,Unknown EMS Scene Arrival Hour,99,Unknown EMS Scene Arrival Minutes,88,"Not Applicable (Not Transported) ",88,Not Applicable (Not Transported),,,,,,,1,
2022,36,360166,New York,2,2,0,0,0,2,2,29,ERIE (29),750,BUFFALO,5,5,2,February,2022,7,Saturday,1,1:00am-1:59am,11,11,1,This section IS ON the NHS,2,Urban,2,Principal Arterial - Other Freeways and Expressways,1,State Highway Agency,3,State Highway,SR-33 KENSINGTON EXPY,,99998,Not Reported,42.93287222,42.93287222,-78.812827780,-78.81282778,0,No Special Jurisdiction,12,Motor Vehicle In-Transport,2,Front-to-Front,0,No,1,Non-Junction,1,Not an Intersection,0,None,,,1,On Roadway,3,Dark - Lighted,,,,,98,Not Reported,0,No,0000000,Not Applicable,99,Unknown,99,Unknown,99,Unknown EMS Scene Arrival Hour,99,Unknown EMS Scene Arrival Minutes,99,Unknown,99,Unknown EMS Hospital Arrival Time,,,,,,,1,
2022,36,360167,New York,1,1,0,0,0,1,1,113,WARREN (113),5068,QUEENSBURY,23,23,2,February,2022,4,Wednesday,3,3:00am-3:59am,57,57,0,This section IS NOT on the NHS,2,Urban,4,Minor Arterial,3,Town or Township Highway Agency,5,Local Street - Township,AVIATION RD,,99998,Not Reported,43.32923611,43.32923611,-73.692822220,-73.69282222,0,No Special Jurisdiction,30,Utility Pole/Light Support,0,The First Harmful Event was Not a Collision with a Motor Vehicle in Transport,0,No,1,Non-Junction,1,Not an Intersection,0,None,,,4,On Roadside,3,Dark - Lighted,,,,,10,Cloudy,0,No,0000000,Not Applicable,99,Unknown,99,Unknown,99,Unknown EMS Scene Arrival Hour,99,Unknown EMS Scene Arrival Minutes,99,Unknown,99,Unknown EMS Hospital Arrival Time,,,,,,,1,
2022,36,360168,New York,1,1,0,0,0,1,1,9,CATTARAUGUS (9),1959,FARMERSVILLE CENTER,5,5,3,March,2022,7,Saturday,5,5:00am-5:59am,0,0,0,This section IS NOT on the NHS,1,Rural,5,Major Collector,1,State Highway Agency,3,State Highway,SR-98,,99998,Not Reported,42.39185278,42.39185278,-78.369419440,-78.36941944,0,No Special Jurisdiction,42,Tree (Standing Only),0,The First Harmful Event was Not a Collision with a Motor Vehicle in Transport,0,No,1,Non-Junction,1,Not an Intersection,0,None,,,4,On Roadside,2,Dark - Not Lighted,,,,,1,Clear,0,No,0000000,Not Applicable,5,5:00am-5:59am,5,5,5,5:00am-5:59am,30,30,6,6:00am-6:59am,27,27,,,,,,,1,
2022,36,360169,New York,1,1,0,0,0,2,2,29,ERIE (29),1170,CLARENCE,7,7,3,March,2022,2,Monday,16,4:00pm-4:59pm,10,10,0,This section IS NOT on the NHS,1,Rural,7,Local,3,Town or Township Highway Agency,4,County Road,CR-247 DELAWARE RD,,99998,Not Reported,43.05805833,43.05805833,-78.621713890,-78.62171389,0,No Special Jurisdiction,35,Embankment,0,The First Harmful Event was Not a Collision with a Motor Vehicle in Transport,0,No,1,Non-Junction,1,Not an Intersection,0,None,,,4,On Roadside,1,Daylight,,,,,10,Cloudy,0,No,0000000,Not Applicable,16,4:00pm-4:59pm,13,13,16,4:00pm-4:59pm,24,24,99,Unknown,99,Unknown EMS Hospital Arrival Time,,,,,,,2,
2022,36,360170,New York,1,1,0,1,1,2,2,29,ERIE (29),750,BUFFALO,25,25,3,March,2022,6,Friday,0,0:00am-0:59am,3,3,0,This section IS NOT on the NHS,2,Urban,7,Local,4,City or Municipal Highway Agency,6,Local Street - Municipality,SOBIESKI ST,STANISLAUS ST,0,None,42.89727778,42.89727778,-78.832608330,-78.83260833,0,No Special Jurisdiction,8,Pedestrian,0,The First Harmful Event was Not a Collision with a Motor Vehicle in Transport,0,No,3,Intersection-Related,2,Four-Way Intersection,0,None,,,1,On Roadway,6,Dark - Unknown Lighting,,,,,1,Clear,0,No,0000000,Not Applicable,0,0:00am-0:59am,3,3,0,0:00am-0:59am,3,3,88,"Not Applicable (Not Transported) ",88,Not Applicable (Not Transported),,,,,,,1,
2022,36,360171,New York,1,1,0,0,0,1,1,119,WESTCHESTER (119),6820,YONKERS,13,13,3,March,2022,1,Sunday,4,4:00am-4:59am,30,30,1,This section IS ON the NHS,2,Urban,2,Principal Arterial - Other Freeways and Expressways,1,State Highway Agency,3,State Highway,SR-987F SPRAIN BROOK PKWY,,99998,Not Reported,99.99990000,99.99990000,999.999900000,999.99990000,0,No Special Jurisdiction,24,Guardrail Face,0,The First Harmful Event was Not a Collision with a Motor Vehicle in Transport,0,No,1,Non-Junction,1,Not an Intersection,0,None,,,3,On Median,2,Dark - Not Lighted,,,,,1,Clear,0,No,0000000,Not Applicable,6,6:00am-6:59am,0,0,6,6:00am-6:59am,28,28,88,"Not Applicable (Not Transported) ",88,Not Applicable (Not Transported),,,,,,,1,
2022,36,360172,New York,1,1,0,0,0,1,1,119,WESTCHESTER (119),6825,YORKTOWN HGTS,27,27,3,March,2022,1,Sunday,0,0:00am-0:59am,15,15,1,This section IS ON the NHS,2,Urban,2,Principal Arterial - Other Freeways and Expressways,1,State Highway Agency,3,State Highway,SR-987G TACONIC STATE PKWY,,99998,Not Reported,99.99990000,99.99990000,999.999900000,999.99990000,0,No Special Jurisdiction,24,Guardrail Face,0,The First Harmful Event was Not a Collision with a Motor Vehicle in Transport,0,No,1,Non-Junction,1,Not an Intersection,0,None,,,4,On Roadside,2,Dark - Not Lighted,,,,,1,Clear,0,No,0000000,Not Applicable,0,0:00am-0:59am,22,22,0,0:00am-0:59am,31,31,88,"Not Applicable (Not Transported) ",88,Not Applicable (Not Transported),,,,,,,1,
2022,36,360173,New York,1,1,0,0,0,1,1,45,JEFFERSON (45),6050,THERESA,30,30,3,March,2022,4,Wednesday,12,12:00pm-12:59pm,15,15,0,This section IS NOT on the NHS,1,Rural,5,Major Collector,1,State Highway Agency,3,State Highway,SR-26,,99998,Not Reported,44.25039444,44.25039444,-75.819580560,-75.81958056,0,No Special Jurisdiction,1,Rollover/Overturn,0,The First Harmful Event was Not a Collision with a Motor Vehicle in Transport,0,No,1,Non-Junction,1,Not an Intersection,0,None,,,4,On Roadside,1,Daylight,,,,,10,Cloudy,0,No,0000000,Not Applicable,12,12:00pm-12:59pm,19,19,12,12:00pm-12:59pm,39,39,88,"Not Applicable (Not Transported) ",88,Not Applicable (Not Transported),,,,,,,1,
2022,36,360174,New York,1,1,0,0,0,3,3,81,QUEENS (81),4170,MIDDLE VILLAGE,8,8,4,April,2022,6,Friday,3,3:00am-3:59am,15,15,1,This section IS ON the NHS,2,Urban,2,Principal Arterial - Other Freeways and Expressways,1,State Highway Agency,3,State Highway,SR-907A,,99998,Not Reported,40.68945556,40.68945556,-73.726822220,-73.72682222,0,No Special Jurisdiction,24,Guardrail Face,0,The First Harmful Event was Not a Collision with a Motor Vehicle in Transport,0,No,1,Non-Junction,1,Not an Intersection,0,None,,,4,On Roadside,3,Dark - Lighted,,,,,10,Cloudy,0,No,0000000,Not Applicable,99,Unknown,99,Unknown,99,Unknown EMS Scene Arrival Hour,99,Unknown EMS Scene Arrival Minutes,99,Unknown,99,Unknown EMS Hospital Arrival Time,,,,,,,1,
2022,36,360175,New York,1,1,0,0,0,2,2,65,ONEIDA (65),6021,TABERG,29,29,3,March,2022,3,Tuesday,14,2:00pm-2:59pm,5,5,0,This section IS NOT on the NHS,1,Rural,7,Local,3,Town or Township Highway Agency,5,Local Street - Township,RANNEY RD,,99998,Not Reported,43.28115556,43.28115556,-75.616088890,-75.61608889,0,No Special Jurisdiction,42,Tree (Standing Only),0,The First Harmful Event was Not a Collision with a Motor Vehicle in Transport,0,No,1,Non-Junction,1,Not an Intersection,0,None,,,4,On Roadside,1,Daylight,,,,,1,Clear,0,No,0000000,Not Applicable,14,2:00pm-2:59pm,5,5,14,2:00pm-2:59pm,16,16,99,Unknown,99,Unknown EMS Hospital Arrival Time,,,,,,,2,
2022,36,360176,New York,1,1,0,1,1,1,1,7,BROOME (7),4940,PORT DICKINSON,2,2,4,April,2022,7,Saturday,21,9:00pm-9:59pm,26,26,1,This section IS ON the NHS,2,Urban,2,Principal Arterial - Other Freeways and Expressways,1,State Highway Agency,3,State Highway,SR-7 OFF RAMP,,99998,Not Reported,42.13594167,42.13594167,-75.892636110,-75.89263611,0,No Special Jurisdiction,8,Pedestrian,0,The First Harmful Event was Not a Collision with a Motor Vehicle in Transport,1,Yes,20,Entrance/Exit Ramp,1,Not an Intersection,0,None,,,1,On Roadway,2,Dark - Not Lighted,,,,,10,Cloudy,0,No,0000000,Not Applicable,21,9:00pm-9:59pm,29,29,21,9:00pm-9:59pm,34,34,22,10:00pm-10:59pm,0,0,,,,,,,1,
2022,36,360177,New York,1,1,0,1,1,6,6,47,KINGS (47),4170,NEW YORK CITY,7,7,4,April,2022,5,Thursday,20,8:00pm-8:59pm,7,7,1,This section IS ON the NHS,2,Urban,3,Principal Arterial - Other,4,City or Municipal Highway Agency,6,Local Street - Municipality,EASTERN PKWY,SCHENECTADY AVE,99998,Not Reported,40.66901944,40.66901944,-73.933794440,-73.93379444,0,No Special Jurisdiction,8,Pedestrian,0,The First Harmful Event was Not a Collision with a Motor Vehicle in Transport,0,No,3,Intersection-Related,2,Four-Way Intersection,0,None,,,1,On Roadway,3,Dark - Lighted,,,,,2,Rain,0,No,0000000,Not Applicable,20,8:00pm-8:59pm,7,7,20,8:00pm-8:59pm,10,10,20,8:00pm-8:59pm,20,20,,,,,,,1,
2022,36,360178,New York,2,2,0,0,0,2,2,1,ALBANY (1),1290,COLONIE,27,27,3,March,2022,1,Sunday,4,4:00am-4:59am,46,46,1,This section IS ON the NHS,2,Urban,1,Interstate,1,State Highway Agency,1,Interstate,I-87,,99998,Not Reported,42.77601667,42.77601667,-73.760261110,-73.76026111,0,No Special Jurisdiction,12,Motor Vehicle In-Transport,1,Front-to-Rear,0,No,1,Non-Junction,1,Not an Intersection,0,None,,,1,On Roadway,2,Dark - Not Lighted,,,,,10,Cloudy,0,No,0000000,Not Applicable,4,4:00am-4:59am,54,54,5,5:00am-5:59am,5,5,99,Unknown,99,Unknown EMS Hospital Arrival Time,,,,,,,1,
2022,36,360179,New York,2,2,0,0,0,2,2,57,MONTGOMERY (57),170,AMSTERDAM,29,29,3,March,2022,3,Tuesday,16,4:00pm-4:59pm,24,24,0,This section IS NOT on the NHS,2,Urban,4,Minor Arterial,1,State Highway Agency,3,State Highway,SR-5,,99998,Not Reported,42.92506667,42.92506667,-74.168305560,-74.16830556,0,No Special Jurisdiction,12,Motor Vehicle In-Transport,2,Front-to-Front,0,No,1,Non-Junction,1,Not an Intersection,0,None,,,1,On Roadway,1,Daylight,,,,,1,Clear,0,No,0000000,Not Applicable,16,4:00pm-4:59pm,24,24,16,4:00pm-4:59pm,33,33,17,5:00pm-5:59pm,8,8,,,,,,,1,
2022,36,360180,New York,2,2,0,0,0,2,2,103,SUFFOLK (103),5210,RIVERHEAD,10,10,2,February,2022,5,Thursday,16,4:00pm-4:59pm,59,59,1,This section IS ON the NHS,2,Urban,3,Principal Arterial - Other,3,Town or Township Highway Agency,5,Local Street - Township,SOUND AVE,,99998,Not Reported,40.96858056,40.96858056,-72.624094440,-72.62409444,0,No Special Jurisdiction,12,Motor Vehicle In-Transport,2,Front-to-Front,0,No,1,Non-Junction,1,Not an Intersection,0,None,,,1,On Roadway,1,Daylight,,,,,1,Clear,1,Yes,0000000,Not Applicable,17,5:00pm-5:59pm,2,2,17,5:00pm-5:59pm,11,11,17,5:00pm-5:59pm,44,44,,,,,,,1,
2022,36,360181,New York,2,2,0,0,0,3,3,67,ONONDAGA (67),1179,CLAY,1,1,4,April,2022,6,Friday,23,11:00pm-11:59pm,29,29,1,This section IS ON the NHS,2,Urban,3,Principal Arterial - Other,2,County Highway Agency,4,County Road,CR-45 HENRY CLAY BLVD,,99998,Not Reported,43.12492778,43.12492778,-76.186058330,-76.18605833,0,No Special Jurisdiction,12,Motor Vehicle In-Transport,2,Front-to-Front,0,No,1,Non-Junction,1,Not an Intersection,0,None,,,1,On Roadway,3,Dark - Lighted,,,,,1,Clear,0,No,0000000,Not Applicable,23,11:00pm-11:59pm,31,31,99,Unknown EMS Scene Arrival Hour,99,Unknown EMS Scene Arrival Minutes,99,Unknown,99,Unknown EMS Hospital Arrival Time,,,,,,,1,
2022,36,360182,New York,2,1,1,0,0,1,1,103,SUFFOLK (103),2840,HUNTINGTON,29,29,3,March,2022,3,Tuesday,4,4:00am-4:59am,47,47,1,This section IS ON the NHS,2,Urban,3,Principal Arterial - Other,1,State Highway Agency,3,State Highway,SR-25 JERICHO TPK,,99998,Not Reported,40.83521667,40.83521667,-73.369313890,-73.36931389,0,No Special Jurisdiction,30,Utility Pole/Light Support,0,The First Harmful Event was Not a Collision with a Motor Vehicle in Transport,0,No,1,Non-Junction,1,Not an Intersection,0,None,,,4,On Roadside,3,Dark - Lighted,,,,,1,Clear,0,No,0000000,Not Applicable,4,4:00am-4:59am,48,48,4,4:00am-4:59am,56,56,88,"Not Applicable (Not Transported) ",88,Not Applicable (Not Transported),,,,,,,1,
2022,36,360183,New York,1,1,0,1,1,1,1,79,PUTNAM (79),1280,COLD SPRING,15,15,3,March,2022,3,Tuesday,17,5:00pm-5:59pm,30,30,1,This section IS ON the NHS,1,Rural,3,Principal Arterial - Other,1,State Highway Agency,2,U.S. Highway,US-9,,99998,Not Reported,41.47409722,41.47409722,-73.915883330,-73.91588333,0,No Special Jurisdiction,9,Pedalcyclist,0,The First Harmful Event was Not a Collision with a Motor Vehicle in Transport,0,No,1,Non-Junction,1,Not an Intersection,0,None,,,1,On Roadway,1,Daylight,,,,,1,Clear,0,No,0000000,Not Applicable,17,5:00pm-5:59pm,26,26,17,5:00pm-5:59pm,35,35,88,"Not Applicable (Not Transported) ",88,Not Applicable (Not Transported),,,,,,,1,
2022,36,360184,New York,2,2,0,1,1,4,4,63,NIAGARA (63),3340,LOCKPORT,18,18,3,March,2022,6,Friday,19,7:00pm-7:59pm,46,46,1,This section IS ON the NHS,2,Urban,3,Principal Arterial - Other,1,State Highway Agency,3,State Highway,SR-78 S TRANSIT ST,HIGH ST,99998,Not Reported,43.16478889,43.16478889,-78.696888890,-78.69688889,0,No Special Jurisdiction,8,Pedestrian,0,The First Harmful Event was Not a Collision with a Motor Vehicle in Transport,0,No,3,Intersection-Related,2,Four-Way Intersection,0,None,,,1,On Roadway,3,Dark - Lighted,,,,,10,Cloudy,0,No,0000000,Not Applicable,19,7:00pm-7:59pm,49,49,19,7:00pm-7:59pm,51,51,88,"Not Applicable (Not Transported) ",88,Not Applicable (Not Transported),,,,,,,1,
2022,36,360185,New York,3,3,0,0,0,5,5,111,ULSTER (111),5480,SAUGERTIES,1,1,3,March,2022,3,Tuesday,15,3:00pm-3:59pm,28,28,0,This section IS NOT on the NHS,2,Urban,4,Minor Arterial,1,State Highway Agency,2,U.S. Highway,"US-9W ",NORTH DR,99998,Not Reported,42.00440278,42.00440278,-73.983830560,-73.98383056,0,No Special Jurisdiction,12,Motor Vehicle In-Transport,1,Front-to-Rear,0,No,2,Intersection,4,Y-Intersection,0,None,,,1,On Roadway,1,Daylight,,,,,10,Cloudy,0,No,0000000,Not Applicable,15,3:00pm-3:59pm,28,28,15,3:00pm-3:59pm,33,33,99,Unknown,99,Unknown EMS Hospital Arrival Time,,,,,,,1,
2022,36,360186,New York,3,3,0,0,0,3,3,29,ERIE (29),156,AMHERST,24,24,3,March,2022,5,Thursday,9,9:00am-9:59am,19,19,0,This section IS NOT on the NHS,2,Urban,4,Minor Arterial,3,Town or Township Highway Agency,5,Local Street - Township,HOPKINS RD,SHERIDAN DR,99998,Not Reported,42.97840556,42.97840556,-78.739508330,-78.73950833,0,No Special Jurisdiction,12,Motor Vehicle In-Transport,8,Sideswipe - Opposite Direction,0,No,2,Intersection,2,Four-Way Intersection,0,None,,,1,On Roadway,1,Daylight,,,,,10,Cloudy,0,No,0000000,Not Applicable,9,9:00am-9:59am,19,19,9,9:00am-9:59am,19,19,9,9:00am-9:59am,52,52,,,,,,,1,
2022,36,360187,New York,3,3,0,0,0,4,4,103,SUFFOLK (103),2840,HUNTINGTON,25,25,3,March,2022,6,Friday,17,5:00pm-5:59pm,20,20,0,This section IS NOT on the NHS,2,Urban,4,Minor Arterial,3,Town or Township Highway Agency,5,Local Street - Township,VANDERBILT PKWY,,99998,Not Reported,40.81463889,40.81463889,-73.317544440,-73.31754444,0,No Special Jurisdiction,12,Motor Vehicle In-Transport,2,Front-to-Front,0,No,1,Non-Junction,1,Not an Intersection,0,None,,,1,On Roadway,1,Daylight,,,,,1,Clear,0,No,0000000,Not Applicable,17,5:00pm-5:59pm,28,28,17,5:00pm-5:59pm,35,35,99,Unknown,99,Unknown EMS Hospital Arrival Time,,,,,,,1,
2022,36,360188,New York,5,1,4,2,2,1,1,61,NEW YORK (61),4170,NEW YORK,28,28,3,March,2022,2,Monday,8,8:00am-8:59am,25,25,0,This section IS NOT on the NHS,2,Urban,7,Local,4,City or Municipal Highway Agency,6,Local Street - Municipality,W 145TH ST,LENOX AVE,0,None,40.82067222,40.82067222,-73.936322220,-73.93632222,0,No Special Jurisdiction,8,Pedestrian,0,The First Harmful Event was Not a Collision with a Motor Vehicle in Transport,0,No,3,Intersection-Related,2,Four-Way Intersection,0,None,,,4,On Roadside,1,Daylight,,,,,1,Clear,0,No,0000000,Not Applicable,99,Unknown,99,Unknown,99,Unknown EMS Scene Arrival Hour,99,Unknown EMS Scene Arrival Minutes,99,Unknown,99,Unknown EMS Hospital Arrival Time,,,,,,,1,
2022,36,360189,New York,1,1,0,0,0,1,1,111,ULSTER (111),4875,PLATTEKILL,19,19,3,March,2022,7,Saturday,15,3:00pm-3:59pm,59,59,0,This section IS NOT on the NHS,1,Rural,5,Major Collector,2,County Highway Agency,4,County Road,CR-68 MILTON TURNPIKE,,99998,Not Reported,41.67281944,41.67281944,-74.062138890,-74.06213889,0,No Special Jurisdiction,42,Tree (Standing Only),0,The First Harmful Event was Not a Collision with a Motor Vehicle in Transport,0,No,1,Non-Junction,1,Not an Intersection,0,None,,,4,On Roadside,1,Daylight,,,,,1,Clear,0,No,0000000,Not Applicable,15,3:00pm-3:59pm,59,59,16,4:00pm-4:59pm,4,4,88,"Not Applicable (Not Transported) ",88,Not Applicable (Not Transported),,,,,,,1,
2022,36,360190,New York,1,1,0,1,1,2,2,27,DUTCHESS (27),2000,FISHKILL,28,28,3,March,2022,2,Monday,20,8:00pm-8:59pm,30,30,1,This section IS ON the NHS,2,Urban,3,Principal Arterial - Other,1,State Highway Agency,2,U.S. Highway,US-9,CHURCH ST,99998,Not Reported,41.53785556,41.53785556,-73.900252780,-73.90025278,0,No Special Jurisdiction,8,Pedestrian,0,The First Harmful Event was Not a Collision with a Motor Vehicle in Transport,0,No,3,Intersection-Related,2,Four-Way Intersection,0,None,,,1,On Roadway,3,Dark - Lighted,,,,,10,Cloudy,0,No,0000000,Not Applicable,20,8:00pm-8:59pm,30,30,20,8:00pm-8:59pm,32,32,88,"Not Applicable (Not Transported) ",88,Not Applicable (Not Transported),,,,,,,1,
2022,36,360191,New York,2,2,0,0,0,2,2,29,ERIE (29),1844,ELMA,2,2,4,April,2022,7,Saturday,11,11:00am-11:59am,1,1,0,This section IS NOT on the NHS,2,Urban,4,Minor Arterial,1,State Highway Agency,3,State Highway,SR-16/78 SENECA ST,,99998,Not Reported,42.81433889,42.81433889,-78.670355560,-78.67035556,0,No Special Jurisdiction,12,Motor Vehicle In-Transport,6,Angle,0,No,8,Driveway Access Related,1,Not an Intersection,0,None,,,1,On Roadway,1,Daylight,,,,,1,Clear,0,No,0000000,Not Applicable,11,11:00am-11:59am,5,5,11,11:00am-11:59am,8,8,11,11:00am-11:59am,50,50,,,,,,,1,
2022,36,360192,New York,1,1,0,0,0,1,1,23,CORTLAND (23),2760,HOMER,8,8,4,April,2022,6,Friday,5,5:00am-5:59am,52,52,1,This section IS ON the NHS,1,Rural,1,Interstate,1,State Highway Agency,1,Interstate,I-81,,99998,Not Reported,42.67354722,42.67354722,-76.167858330,-76.16785833,0,No Special Jurisdiction,42,Tree (Standing Only),0,The First Harmful Event was Not a Collision with a Motor Vehicle in Transport,0,No,1,Non-Junction,1,Not an Intersection,0,None,,,4,On Roadside,2,Dark - Not Lighted,,,,,10,Cloudy,0,No,0000000,Not Applicable,99,Unknown,99,Unknown,99,Unknown EMS Scene Arrival Hour,99,Unknown EMS Scene Arrival Minutes,88,"Not Applicable (Not Transported) ",88,Not Applicable (Not Transported),,,,,,,1,
2022,36,360193,New York,1,1,0,2,2,1,1,27,DUTCHESS (27),5030,POUGHKEEPSIE,11,11,4,April,2022,2,Monday,13,1:00pm-1:59pm,6,6,0,This section IS NOT on the NHS,2,Urban,7,Local,3,Town or Township Highway Agency,5,Local Street - Township,STANLEY ST,MARY AVE,99998,Not Reported,41.72069167,41.72069167,-73.844616670,-73.84461667,0,No Special Jurisdiction,15,Non-Motorist on Personal Conveyance,0,The First Harmful Event was Not a Collision with a Motor Vehicle in Transport,0,No,3,Intersection-Related,3,T-Intersection,0,None,,,1,On Roadway,1,Daylight,,,,,1,Clear,0,No,0000000,Not Applicable,13,1:00pm-1:59pm,8,8,13,1:00pm-1:59pm,11,11,99,Unknown,99,Unknown EMS Hospital Arrival Time,,,,,,,2,
2022,36,360194,New York,2,2,0,0,0,2,2,63,NIAGARA (63),4330,NORTH TONAWANDA,13,13,4,April,2022,4,Wednesday,11,11:00am-11:59am,30,30,1,This section IS ON the NHS,2,Urban,3,Principal Arterial - Other,1,State Highway Agency,2,U.S. Highway,US-62 NIAGARA FALLS BLVD,,99998,Not Reported,43.09388333,43.09388333,-78.909897220,-78.90989722,0,No Special Jurisdiction,12,Motor Vehicle In-Transport,1,Front-to-Rear,0,No,1,Non-Junction,1,Not an Intersection,0,None,,,1,On Roadway,1,Daylight,,,,,10,Cloudy,0,No,0000000,Not Applicable,11,11:00am-11:59am,30,30,11,11:00am-11:59am,31,31,88,"Not Applicable (Not Transported) ",88,Not Applicable (Not Transported),,,,,,,1,
2022,36,360195,New York,2,2,0,0,0,3,3,3,ALLEGANY (3),1046,CENTERVILLE,11,11,3,March,2022,6,Friday,7,7:00am-7:59am,56,56,0,This section IS NOT on the NHS,1,Rural,6,Minor Collector,2,County Highway Agency,4,County Road,CR-36,DOW RD,99998,Not Reported,42.48455556,42.48455556,-78.239022220,-78.23902222,0,No Special Jurisdiction,12,Motor Vehicle In-Transport,6,Angle,0,No,2,Intersection,2,Four-Way Intersection,0,None,,,1,On Roadway,1,Daylight,,,,,10,Cloudy,0,No,0000000,Not Applicable,7,7:00am-7:59am,58,58,8,8:00am-8:59am,5,5,99,Unknown,99,Unknown EMS Hospital Arrival Time,,,,,,,2,
2022,36,360197,New York,1,1,0,0,0,3,3,89,ST LAWRENCE (89),880,CANTON,17,17,4,April,2022,1,Sunday,8,8:00am-8:59am,2,2,0,This section IS NOT on the NHS,1,Rural,7,Local,3,Town or Township Highway Agency,5,Local Street - Township,IRISH SETTLEMENT RD,,99998,Not Reported,44.58403333,44.58403333,-75.243422220,-75.24342222,0,No Special Jurisdiction,42,Tree (Standing Only),0,The First Harmful Event was Not a Collision with a Motor Vehicle in Transport,0,No,1,Non-Junction,1,Not an Intersection,0,None,,,4,On Roadside,1,Daylight,,,,,10,Cloudy,0,No,0000000,Not Applicable,8,8:00am-8:59am,10,10,8,8:00am-8:59am,18,18,8,8:00am-8:59am,52,52,,,,,,,1,
2022,36,360198,New York,2,2,0,0,0,2,2,65,ONEIDA (65),403,BARNEVELD,27,27,3,March,2022,1,Sunday,15,3:00pm-3:59pm,17,17,0,This section IS NOT on the NHS,1,Rural,5,Major Collector,1,State Highway Agency,3,State Highway,SR-365,PROSPECT RD,99998,Not Reported,43.30820833,43.30820833,-75.154730560,-75.15473056,0,No Special Jurisdiction,12,Motor Vehicle In-Transport,6,Angle,0,No,2,Intersection,2,Four-Way Intersection,0,None,,,1,On Roadway,1,Daylight,,,,,10,Cloudy,0,No,0000000,Not Applicable,15,3:00pm-3:59pm,15,15,15,3:00pm-3:59pm,18,18,99,Unknown,99,Unknown EMS Hospital Arrival Time,,,,,,,1,