caseyear,state,st_case,statename,ve_total,ve_forms,pvh_invl,peds,pernotmvit,permvit,persons,county,countyname,city,cityname,day,dayname,month,monthname,year,day_week,day_weekname,hour,hourname,minute,minutename,nhs,nhsname,rur_urb,rur_urbname,func_sys,func_sysname,rd_owner,rd_ownername,route,routename,tway_id,tway_id2,milept,mileptname,latitude,latitudename,longitud,longitudname,sp_jur,sp_jurname,harm_ev,harm_evname,man_coll,man_collname,reljct1,reljct1name,reljct2,reljct2name,typ_int,typ_intname,wrk_zone,wrk_zonename,road_fnc,road_fncname,rel_road,rel_roadname,lgt_cond,lgt_condname,weather1,weather1name,weather2,weather2name,weather,weathername,sch_bus,sch_busname,rail,railname,not_hour,not_hourname,not_min,not_minname,arr_hour,arr_hourname,arr_min,arr_minname,hosp_hr,hosp_hrname,hosp_mn,hosp_mnname,cf1,cf1name,cf2,cf2name,cf3,cf3name,fatals,drunk_dr
2022,36,360200,New York,2,2,0,0,0,3,3,65,ONEIDA (65),650,BRIDGEWATER,7,7,4,April,2022,5,Thursday,8,8:00am-8:59am,5,5,0,This section IS NOT on the NHS,1,Rural,5,Major Collector,2,County Highway Agency,4,County Road,CR-2A STONE RD,,99998,Not Reported,42.91311389,42.91311389,-75.205744440,-75.20574444,0,No Special Jurisdiction,12,Motor Vehicle In-Transport,6,Angle,0,No,1,Non-Junction,1,Not an Intersection,0,None,,,1,On Roadway,2,Dark - Not Lighted,,,,,2,Rain,0,No,0000000,Not Applicable,8,8:00am-8:59am,10,10,8,8:00am-8:59am,20,20,9,9:00am-9:59am,0,0,,,,,,,1,
2022,36,360201,New York,3,3,0,0,0,8,8,51,LIVINGSTON (51),3200,LEICESTER,13,13,4,April,2022,4,Wednesday,18,6:00pm-6:59pm,6,6,0,This section IS NOT on the NHS,1,Rural,4,Minor Arterial,1,State Highway Agency,3,State Highway,SR-36 MOUNT MORRIS RD,CR-64 PERRY RD,99998,Not Reported,42.75632500,42.75632500,-77.884702780,-77.88470278,0,No Special Jurisdiction,12,Motor Vehicle In-Transport,6,Angle,0,No,2,Intersection,2,Four-Way Intersection,0,None,,,1,On Roadway,5,Dusk,,,,,10,Cloudy,0,No,0000000,Not Applicable,18,6:00pm-6:59pm,6,6,18,6:00pm-6:59pm,12,12,99,Unknown,99,Unknown EMS Hospital Arrival Time,,,,,,,1,
2022,36,360202,New York,1,1,0,0,0,1,1,71,ORANGE (71),4060,NEWBURGH,31,31,3,March,2022,5,Thursday,6,6:00am-6:59am,32,32,1,This section IS ON the NHS,2,Urban,3,Principal Arterial - Other,1,State Highway Agency,3,State Highway,SR-32,,99998,Not Reported,41.58062222,41.58062222,-74.067702780,-74.06770278,0,No Special Jurisdiction,53,Mail Box,0,The First Harmful Event was Not a Collision with a Motor Vehicle in Transport,0,No,1,Non-Junction,1,Not an Intersection,0,None,,,4,On Roadside,1,Daylight,,,,,2,Rain,0,No,0000000,Not Applicable,6,6:00am-6:59am,37,37,6,6:00am-6:59am,48,48,99,Unknown,99,Unknown EMS Hospital Arrival Time,,,,,,,1,
2022,36,360203,New York,1,1,0,0,0,1,1,103,SUFFOLK (103),2840,HUNTINGTON,18,18,1,January,2022,3,Tuesday,20,8:00pm-8:59pm,0,0,0,This section IS NOT on the NHS,2,Urban,5,Major Collector,3,Town or Township Highway Agency,5,Local Street - Township,PIDGEON HILL RD,,99998,Not Reported,40.81872222,40.81872222,-73.388327780,-73.38832778,0,No Special Jurisdiction,33,Curb,0,The First Harmful Event was Not a Collision with a Motor Vehicle in Transport,0,No,1,Non-Junction,1,Not an Intersection,0,None,,,4,On Roadside,3,Dark - Lighted,,,,,1,Clear,0,No,0000000,Not Applicable,99,Unknown,99,Unknown,99,Unknown EMS Scene Arrival Hour,99,Unknown EMS Scene Arrival Minutes,99,Unknown,99,Unknown EMS Hospital Arrival Time,,,,,,,1,
2022,36,360204,New York,1,1,0,1,1,2,2,103,SUFFOLK (103),2840,HUNTINGTON,14,14,4,April,2022,5,Thursday,21,9:00pm-9:59pm,37,37,1,This section IS ON the NHS,2,Urban,3,Principal Arterial - Other,1,State Highway Agency,3,State Highway,SR-110 NEW YORK AVE,OLIVE ST,99998,Not Reported,40.85786389,40.85786389,-73.413525000,-73.41352500,0,No Special Jurisdiction,8,Pedestrian,0,The First Harmful Event was Not a Collision with a Motor Vehicle in Transport,0,No,3,Intersection-Related,2,Four-Way Intersection,0,None,,,1,On Roadway,3,Dark - Lighted,,,,,1,Clear,0,No,0000000,Not Applicable,99,Unknown,99,Unknown,99,Unknown EMS Scene Arrival Hour,99,Unknown EMS Scene Arrival Minutes,99,Unknown,99,Unknown EMS Hospital Arrival Time,,,,,,,1,
2022,36,360205,New York,2,2,0,0,0,4,4,103,SUFFOLK (103),2840,HUNTINGTON,5,5,1,January,2022,4,Wednesday,12,12:00pm-12:59pm,15,15,0,This section IS NOT on the NHS,2,Urban,4,Minor Arterial,3,Town or Township Highway Agency,5,Local Street - Township,CUBA HILL RD,,99998,Not Reported,40.85038056,40.85038056,-73.343113890,-73.34311389,0,No Special Jurisdiction,12,Motor Vehicle In-Transport,6,Angle,0,No,8,Driveway Access Related,1,Not an Intersection,0,None,,,1,On Roadway,1,Daylight,,,,,2,Rain,0,No,0000000,Not Applicable,99,Unknown,99,Unknown,99,Unknown EMS Scene Arrival Hour,99,Unknown EMS Scene Arrival Minutes,99,Unknown,99,Unknown EMS Hospital Arrival Time,,,,,,,2,
2022,36,360206,New York,2,2,0,0,0,2,2,103,SUFFOLK (103),2840,HUNTINGTON,14,14,4,April,2022,5,Thursday,23,11:00pm-11:59pm,15,15,1,This section IS ON the NHS,2,Urban,3,Principal Arterial - Other,1,State Highway Agency,7,Local Street - Frontage Road,S SERVICE RD,,99998,Not Reported,40.78025000,40.78025000,-73.412683330,-73.41268333,0,No Special Jurisdiction,12,Motor Vehicle In-Transport,2,Front-to-Front,0,No,1,Non-Junction,1,Not an Intersection,0,None,,,1,On Roadway,3,Dark - Lighted,,,,,2,Rain,0,No,0000000,Not Applicable,23,11:00pm-11:59pm,17,17,23,11:00pm-11:59pm,25,25,0,0:00am-0:59am,5,5,,,,,,,1,
2022,36,360207,New York,2,2,0,0,0,4,4,47,KINGS (47),4170,NEW YORK CITY,22,22,4,April,2022,6,Friday,15,3:00pm-3:59pm,56,56,1,This section IS ON the NHS,2,Urban,3,Principal Arterial - Other,4,City or Municipal Highway Agency,6,Local Street - Municipality,AVE P,W 4TH ST,0,None,40.60835000,40.60835000,-73.977755560,-73.97775556,0,No Special Jurisdiction,12,Motor Vehicle In-Transport,6,Angle,0,No,2,Intersection,2,Four-Way Intersection,0,None,,,1,On Roadway,1,Daylight,,,,,1,Clear,0,No,0000000,Not Applicable,99,Unknown,99,Unknown,99,Unknown EMS Scene Arrival Hour,99,Unknown EMS Scene Arrival Minutes,99,Unknown,99,Unknown EMS Hospital Arrival Time,,,,,,,1,
2022,36,360208,New York,1,1,0,0,0,2,2,103,SUFFOLK (103),705,BROOKHAVEN,9,9,1,January,2022,1,Sunday,0,0:00am-0:59am,35,35,1,This section IS ON the NHS,2,Urban,1,Interstate,1,State Highway Agency,1,Interstate,I-495,,99998,Not Reported,40.82383333,40.82383333,-73.012305560,-73.01230556,0,No Special Jurisdiction,42,Tree (Standing Only),0,The First Harmful Event was Not a Collision with a Motor Vehicle in Transport,0,No,1,Non-Junction,1,Not an Intersection,0,None,,,4,On Roadside,2,Dark - Not Lighted,,,,,1,Clear,0,No,0000000,Not Applicable,0,0:00am-0:59am,39,39,0,0:00am-0:59am,45,45,1,1:00am-1:59am,8,8,,,,,,,1,
2022,36,360209,New York,1,1,0,0,0,1,1,103,SUFFOLK (103),705,BROOKHAVEN,11,11,1,January,2022,3,Tuesday,13,1:00pm-1:59pm,30,30,1,This section IS ON the NHS,2,Urban,2,Principal Arterial - Other Freeways and Expressways,1,State Highway Agency,3,State Highway,SR-27,,0,None,40.76961944,40.76961944,-73.058930560,-73.05893056,0,No Special Jurisdiction,25,Concrete Traffic Barrier,0,The First Harmful Event was Not a Collision with a Motor Vehicle in Transport,0,No,1,Non-Junction,1,Not an Intersection,0,None,,,3,On Median,1,Daylight,,,,,1,Clear,0,No,0000000,Not Applicable,99,Unknown,99,Unknown,99,Unknown EMS Scene Arrival Hour,99,Unknown EMS Scene Arrival Minutes,99,Unknown,99,Unknown EMS Hospital Arrival Time,,,,,,,1,
2022,36,360210,New York,1,1,0,0,0,1,1,103,SUFFOLK (103),5769,SMITHTOWN,14,14,1,January,2022,6,Friday,19,7:00pm-7:59pm,20,20,0,This section IS NOT on the NHS,2,Urban,7,Local,2,County Highway Agency,4,County Road,CR-14 HARNED RD,,99998,Not Reported,40.81645278,40.81645278,-73.287350000,-73.28735000,0,No Special Jurisdiction,1,Rollover/Overturn,0,The First Harmful Event was Not a Collision with a Motor Vehicle in Transport,0,No,1,Non-Junction,1,Not an Intersection,0,None,,,1,On Roadway,3,Dark - Lighted,,,,,1,Clear,0,No,0000000,Not Applicable,99,Unknown,99,Unknown,99,Unknown EMS Scene Arrival Hour,99,Unknown EMS Scene Arrival Minutes,88,"Not Applicable (Not Transported) ",88,Not Applicable (Not Transported),,,,,,,1,
2022,36,360211,New York,1,1,0,0,0,1,1,103,SUFFOLK (103),705,BROOKHAVEN,18,18,1,January,2022,3,Tuesday,18,6:00pm-6:59pm,57,57,1,This section IS ON the NHS,2,Urban,2,Principal Arterial - Other Freeways and Expressways,2,County Highway Agency,4,County Road,CR-46,,99998,Not Reported,40.81550000,40.81550000,-72.876541670,-72.87654167,0,No Special Jurisdiction,1,Rollover/Overturn,0,The First Harmful Event was Not a Collision with a Motor Vehicle in Transport,0,No,1,Non-Junction,1,Not an Intersection,0,None,,,4,On Roadside,3,Dark - Lighted,,,,,1,Clear,0,No,0000000,Not Applicable,99,Unknown,99,Unknown,99,Unknown EMS Scene Arrival Hour,99,Unknown EMS Scene Arrival Minutes,88,"Not Applicable (Not Transported) ",88,Not Applicable (Not Transported),,,,,,,1,
2022,36,360212,New York,1,1,0,0,0,2,2,103,SUFFOLK (103),705,BROOKHAVEN,5,5,2,February,2022,7,Saturday,1,1:00am-1:59am,59,59,0,This section IS NOT on the NHS,2,Urban,4,Minor Arterial,2,County Highway Agency,4,County Road,CR-80 MONTAUK HWY,,99998,Not Reported,99.99990000,99.99990000,999.999900000,999.99990000,0,No Special Jurisdiction,42,Tree (Standing Only),0,The First Harmful Event was Not a Collision with a Motor Vehicle in Transport,0,No,1,Non-Junction,1,Not an Intersection,0,None,,,4,On Roadside,3,Dark - Lighted,,,,,98,Not Reported,0,No,0000000,Not Applicable,1,1:00am-1:59am,59,59,2,2:00am-2:59am,6,6,99,Unknown,99,Unknown EMS Hospital Arrival Time,,,,,,,1,
2022,36,360213,New York,1,1,0,0,0,2,2,103,SUFFOLK (103),705,BROOKHAVEN,10,10,2,February,2022,5,Thursday,5,5:00am-5:59am,23,23,1,This section IS ON the NHS,2,Urban,2,Principal Arterial - Other Freeways and Expressways,1,State Highway Agency,3,State Highway,SR-27 SUNRISE HWY,,99998,Not Reported,40.82371111,40.82371111,-72.789686110,-72.78968611,0,No Special Jurisdiction,42,Tree (Standing Only),0,The First Harmful Event was Not a Collision with a Motor Vehicle in Transport,0,No,1,Non-Junction,1,Not an Intersection,0,None,,,4,On Roadside,2,Dark - Not Lighted,,,,,1,Clear,0,No,0000000,Not Applicable,5,5:00am-5:59am,29,29,5,5:00am-5:59am,35,35,99,Unknown,99,Unknown EMS Hospital Arrival Time,,,,,,,1,
2022,36,360214,New York,1,1,0,1,1,1,1,29,ERIE (29),750,BUFFALO,30,30,3,March,2022,4,Wednesday,0,0:00am-0:59am,16,16,1,This section IS ON the NHS,2,Urban,3,Principal Arterial - Other,1,State Highway Agency,3,State Highway,SR-384 DELAWARE AVE,STRATFORD RD,99998,Not Reported,42.95239167,42.95239167,-78.869061110,-78.86906111,0,No Special Jurisdiction,8,Pedestrian,0,The First Harmful Event was Not a Collision with a Motor Vehicle in Transport,0,No,3,Intersection-Related,3,T-Intersection,0,None,,,1,On Roadway,3,Dark - Lighted,,,,,1,Clear,0,No,0000000,Not Applicable,0,0:00am-0:59am,18,18,0,0:00am-0:59am,20,20,99,Unknown,99,Unknown EMS Hospital Arrival Time,,,,,,,1,
2022,36,360215,New York,1,1,0,1,1,3,3,103,SUFFOLK (103),2758,HOLTSVILLE,4,4,1,January,2022,3,Tuesday,22,10:00pm-10:59pm,20,20,1,This section IS ON the NHS,2,Urban,3,Principal Arterial - Other,2,County Highway Agency,4,County Road,CR-83 N OCEAN AVE,MASONIC AVE,99998,Not Reported,40.80178889,40.80178889,-73.018077780,-73.01807778,0,No Special Jurisdiction,8,Pedestrian,0,The First Harmful Event was Not a Collision with a Motor Vehicle in Transport,0,No,3,Intersection-Related,2,Four-Way Intersection,0,None,,,1,On Roadway,3,Dark - Lighted,,,,,1,Clear,0,No,0000000,Not Applicable,99,Unknown,99,Unknown,99,Unknown EMS Scene Arrival Hour,99,Unknown EMS Scene Arrival Minutes,99,Unknown,99,Unknown EMS Hospital Arrival Time,,,,,,,1,
2022,36,360216,New York,2,2,0,1,1,3,3,103,SUFFOLK (103),705,BROOKHAVEN,6,6,1,January,2022,5,Thursday,19,7:00pm-7:59pm,35,35,1,This section IS ON the NHS,2,Urban,3,Principal Arterial - Other,1,State Highway Agency,3,State Highway,SR-347 NESCONSET HWY,,99998,Not Reported,40.91694444,40.91694444,-73.054438890,-73.05443889,0,No Special Jurisdiction,8,Pedestrian,0,The First Harmful Event was Not a Collision with a Motor Vehicle in Transport,0,No,1,Non-Junction,1,Not an Intersection,0,None,,,1,On Roadway,3,Dark - Lighted,,,,,1,Clear,0,No,0000000,Not Applicable,19,7:00pm-7:59pm,39,39,19,7:00pm-7:59pm,48,48,88,"Not Applicable (Not Transported) ",88,Not Applicable (Not Transported),,,,,,,1,
2022,36,360217,New York,2,2,0,1,1,2,2,103,SUFFOLK (103),2920,ISLIP,10,10,1,January,2022,2,Monday,19,7:00pm-7:59pm,0,0,0,This section IS NOT on the NHS,2,Urban,4,Minor Arterial,3,Town or Township Highway Agency,5,Local Street - Township,BRENTWOOD RD,,99998,Not Reported,40.73509722,40.73509722,-73.237505560,-73.23750556,0,No Special Jurisdiction,8,Pedestrian,0,The First Harmful Event was Not a Collision with a Motor Vehicle in Transport,0,No,1,Non-Junction,1,Not an Intersection,0,None,,,1,On Roadway,3,Dark - Lighted,,,,,1,Clear,0,No,0000000,Not Applicable,99,Unknown,99,Unknown,99,Unknown EMS Scene Arrival Hour,99,Unknown EMS Scene Arrival Minutes,99,Unknown,99,Unknown EMS Hospital Arrival Time,,,,,,,1,
2022,36,360218,New York,1,1,0,0,0,1,1,27,DUTCHESS (27),5030,POUGHKEEPSIE,23,23,4,April,2022,7,Saturday,14,2:00pm-2:59pm,37,37,0,This section IS NOT on the NHS,2,Urban,4,Minor Arterial,1,State Highway Agency,3,State Highway,SR-115,,99998,Not Reported,41.71626944,41.71626944,-73.900861110,-73.90086111,0,No Special Jurisdiction,30,Utility Pole/Light Support,0,The First Harmful Event was Not a Collision with a Motor Vehicle in Transport,0,No,1,Non-Junction,1,Not an Intersection,0,None,,,4,On Roadside,1,Daylight,,,,,1,Clear,0,No,0000000,Not Applicable,14,2:00pm-2:59pm,37,37,14,2:00pm-2:59pm,43,43,15,3:00pm-3:59pm,9,9,,,,,,,1,
2022,36,360219,New York,1,1,0,1,1,1,1,5,BRONX (5),4170,NEW YORK CITY,28,28,4,April,2022,5,Thursday,4,4:00am-4:59am,28,28,0,This section IS NOT on the NHS,2,Urban,7,Local,4,City or Municipal Highway Agency,6,Local Street - Municipality,BOUCK AVE,BURKE AVE,0,None,40.87128056,40.87128056,-73.850019440,-73.85001944,0,No Special Jurisdiction,8,Pedestrian,0,The First Harmful Event was Not a Collision with a Motor Vehicle in Transport,0,No,3,Intersection-Related,2,Four-Way Intersection,0,None,,,1,On Roadway,1,Daylight,,,,,1,Clear,0,No,0000000,Not Applicable,99,Unknown,99,Unknown,99,Unknown EMS Scene Arrival Hour,99,Unknown EMS Scene Arrival Minutes,99,Unknown,99,Unknown EMS Hospital Arrival Time,,,,,,,1,
2022,36,360221,New York,2,1,1,0,0,1,1,59,NASSAU (59),2600,HEMPSTEAD,15,15,4,April,2022,6,Friday,1,1:00am-1:59am,35,35,1,This section IS ON the NHS,2,Urban,3,Principal Arterial - Other,1,State Highway Agency,3,State Highway,SR-24 HEMPSTEAD TPK,,99998,Not Reported,40.71920278,40.71920278,-73.589280560,-73.58928056,0,No Special Jurisdiction,14,Parked Motor Vehicle,0,The First Harmful Event was Not a Collision with a Motor Vehicle in Transport,0,No,1,Non-Junction,1,Not an Intersection,0,None,,,7,In Parking Lane/Zone,3,Dark - Lighted,,,,,10,Cloudy,0,No,0000000,Not Applicable,1,1:00am-1:59am,42,42,1,1:00am-1:59am,45,45,2,2:00am-2:59am,3,3,,,,,,,1,
2022,36,360222,New York,2,2,0,0,0,3,3,103,SUFFOLK (103),2920,ISLIP,26,26,2,February,2022,7,Saturday,3,3:00am-3:59am,35,35,1,This section IS ON the NHS,2,Urban,3,Principal Arterial - Other,1,State Highway Agency,3,State Highway,SR-111,,99998,Not Reported,40.74676111,40.74676111,-73.208058330,-73.20805833,0,No Special Jurisdiction,12,Motor Vehicle In-Transport,2,Front-to-Front,0,No,1,Non-Junction,1,Not an Intersection,0,None,,,1,On Roadway,3,Dark - Lighted,,,,,1,Clear,0,No,0000000,Not Applicable,99,Unknown,99,Unknown,99,Unknown EMS Scene Arrival Hour,99,Unknown EMS Scene Arrival Minutes,88,"Not Applicable (Not Transported) ",88,Not Applicable (Not Transported),,,,,,,2,
2022,36,360223,New York,2,2,0,0,0,2,2,103,SUFFOLK (103),2920,ISLIP,2,2,1,January,2022,1,Sunday,2,2:00am-2:59am,18,18,0,This section IS NOT on the NHS,2,Urban,4,Minor Arterial,2,County Highway Agency,4,County Road,CR-100 W SUFFOLK AVE,,99998,Not Reported,40.78796111,40.78796111,-73.215130560,-73.21513056,0,No Special Jurisdiction,12,Motor Vehicle In-Transport,2,Front-to-Front,0,No,1,Non-Junction,1,Not an Intersection,0,None,,,1,On Roadway,3,Dark - Lighted,,,,,2,Rain,0,No,0000000,Not Applicable,99,Unknown,99,Unknown,99,Unknown EMS Scene Arrival Hour,99,Unknown EMS Scene Arrival Minutes,99,Unknown,99,Unknown EMS Hospital Arrival Time,,,,,,,1,
2022,36,360224,New York,2,2,0,0,0,2,2,103,SUFFOLK (103),2920,ISLIP,3,3,1,January,2022,2,Monday,12,12:00pm-12:59pm,50,50,0,This section IS NOT on the NHS,2,Urban,4,Minor Arterial,3,Town or Township Highway Agency,5,Local Street - Township,LONG ISLAND AVE,EXECUTIVE DR,99998,Not Reported,40.77195556,40.77195556,-73.291583330,-73.29158333,0,No Special Jurisdiction,12,Motor Vehicle In-Transport,6,Angle,0,No,2,Intersection,2,Four-Way Intersection,0,None,,,1,On Roadway,1,Daylight,,,,,10,Cloudy,0,No,0000000,Not Applicable,99,Unknown,99,Unknown,99,Unknown EMS Scene Arrival Hour,99,Unknown EMS Scene Arrival Minutes,99,Unknown,99,Unknown EMS Hospital Arrival Time,,,,,,,1,
2022,36,360225,New York,3,3,0,0,0,4,4,103,SUFFOLK (103),705,BROOKHAVEN,9,9,2,February,2022,4,Wednesday,15,3:00pm-3:59pm,59,59,0,This section IS NOT on the NHS,2,Urban,4,Minor Arterial,2,County Highway Agency,4,County Road,CR-21 ROCKY POINT YAPHANK RD,,99998,Not Reported,40.93802778,40.93802778,-72.940066670,-72.94006667,0,No Special Jurisdiction,12,Motor Vehicle In-Transport,2,Front-to-Front,0,No,1,Non-Junction,1,Not an Intersection,0,None,,,1,On Roadway,1,Daylight,,,,,1,Clear,0,No,0000000,Not Applicable,99,Unknown,99,Unknown,99,Unknown EMS Scene Arrival Hour,99,Unknown EMS Scene Arrival Minutes,99,Unknown,99,Unknown EMS Hospital Arrival Time,,,,,,,1,
2022,36,360226,New York,2,2,0,0,0,2,2,103,SUFFOLK (103),360,BABYLON,25,25,2,February,2022,6,Friday,5,5:00am-5:59am,36,36,0,This section IS NOT on the NHS,2,Urban,4,Minor Arterial,1,State Highway Agency,3,State Highway,SR-27A MONTAUK HWY,,99998,Not Reported,40.67881389,40.67881389,-73.362958330,-73.36295833,0,No Special Jurisdiction,12,Motor Vehicle In-Transport,6,Angle,0,No,8,Driveway Access Related,1,Not an Intersection,0,None,,,1,On Roadway,3,Dark - Lighted,,,,,2,Rain,0,No,0000000,Not Applicable,5,5:00am-5:59am,36,36,5,5:00am-5:59am,40,40,6,6:00am-6:59am,27,27,,,,,,,1,
2022,36,360227,New York,1,1,0,1,1,2,2,1,ALBANY (1),1290,COLONIE,20,20,3,March,2022,1,Sunday,19,7:00pm-7:59pm,44,44,1,This section IS ON the NHS,2,Urban,3,Principal Arterial - Other,1,State Highway Agency,3,State Highway,SR-2 TROY SCHENECTADY RD,,99998,Not Reported,42.74017222,42.74017222,-73.736672220,-73.73667222,0,No Special Jurisdiction,8,Pedestrian,0,The First Harmful Event was Not a Collision with a Motor Vehicle in Transport,0,No,1,Non-Junction,1,Not an Intersection,0,None,,,1,On Roadway,2,Dark - Not Lighted,,,,,2,Rain,0,No,0000000,Not Applicable,19,7:00pm-7:59pm,44,44,19,7:00pm-7:59pm,44,44,88,"Not Applicable (Not Transported) ",88,Not Applicable (Not Transported),,,,,,,1,
2022,36,360228,New York,1,1,0,0,0,7,7,1,ALBANY (1),50,ALBANY,4,4,4,April,2022,2,Monday,18,6:00pm-6:59pm,45,45,0,This section IS NOT on the NHS,2,Urban,4,Minor Arterial,4,City or Municipal Highway Agency,6,Local Street - Municipality,BROADWAY,,99998,Not Reported,42.67488889,42.67488889,-73.736575000,-73.73657500,0,No Special Jurisdiction,19,Building,0,The First Harmful Event was Not a Collision with a Motor Vehicle in Transport,0,No,1,Non-Junction,1,Not an Intersection,0,None,,,5,Outside Trafficway,3,Dark - Lighted,,,,,1,Clear,0,No,0000000,Not Applicable,18,6:00pm-6:59pm,47,47,18,6:00pm-6:59pm,52,52,18,6:00pm-6:59pm,58,58,,,,,,,1,
2022,36,360229,New York,1,1,0,1,1,3,3,55,MONROE (55),5230,ROCHESTER,24,24,4,April,2022,1,Sunday,17,5:00pm-5:59pm,8,8,0,This section IS NOT on the NHS,2,Urban,5,Major Collector,4,City or Municipal Highway Agency,6,Local Street - Municipality,COLUMBIA AVE,,99998,Not Reported,43.14166667,43.14166667,-77.631369440,-77.63136944,0,No Special Jurisdiction,8,Pedestrian,0,The First Harmful Event was Not a Collision with a Motor Vehicle in Transport,0,No,1,Non-Junction,1,Not an Intersection,0,None,,,1,On Roadway,1,Daylight,,,,,1,Clear,0,No,0000000,Not Applicable,17,5:00pm-5:59pm,8,8,17,5:00pm-5:59pm,11,11,17,5:00pm-5:59pm,21,21,,,,,,,1,
2022,36,360230,New York,1,1,0,1,1,1,1,115,WASHINGTON (115),250,ARGYLE,25,25,4,April,2022,2,Monday,17,5:00pm-5:59pm,43,43,0,This section IS NOT on the NHS,1,Rural,7,Local,3,Town or Township Highway Agency,5,Local Street - Township,BRENNAN RD,,99998,Not Reported,43.22565278,43.22565278,-73.482525000,-73.48252500,0,No Special Jurisdiction,8,Pedestrian,0,The First Harmful Event was Not a Collision with a Motor Vehicle in Transport,0,No,1,Non-Junction,1,Not an Intersection,0,None,,,1,On Roadway,1,Daylight,,,,,1,Clear,0,No,0000000,Not Applicable,17,5:00pm-5:59pm,43,43,17,5:00pm-5:59pm,56,56,88,"Not Applicable (Not Transported) ",88,Not Applicable (Not Transported),,,,,,,1,
2022,36,360231,New York,1,1,0,0,0,1,1,71,ORANGE (71),814,CAMPBELL HALL,14,14,3,March,2022,2,Monday,20,8:00pm-8:59pm,14,14,0,This section IS NOT on the NHS,2,Urban,5,Major Collector,2,County Highway Agency,4,County Road,CR-8 SARAH WELLS TRAIL,,99998,Not Reported,41.44106111,41.44106111,-74.237611110,-74.23761111,0,No Special Jurisdiction,34,Ditch,0,The First Harmful Event was Not a Collision with a Motor Vehicle in Transport,0,No,1,Non-Junction,1,Not an Intersection,0,None,,,4,On Roadside,2,Dark - Not Lighted,,,,,1,Clear,0,No,0000000,Not Applicable,20,8:00pm-8:59pm,14,14,20,8:00pm-8:59pm,21,21,21,9:00pm-9:59pm,0,0,,,,,,,1,
2022,36,360233,New York,1,1,0,0,0,2,2,75,OSWEGO (75),1312,CONSTANTIA,22,22,4,April,2022,6,Friday,16,4:00pm-4:59pm,22,22,0,This section IS NOT on the NHS,1,Rural,4,Minor Arterial,1,State Highway Agency,3,State Highway,SR-49,,99998,Not Reported,43.27421111,43.27421111,-76.039477780,-76.03947778,0,No Special Jurisdiction,35,Embankment,0,The First Harmful Event was Not a Collision with a Motor Vehicle in Transport,0,No,1,Non-Junction,1,Not an Intersection,0,None,,,4,On Roadside,1,Daylight,,,,,10,Cloudy,0,No,0000000,Not Applicable,16,4:00pm-4:59pm,25,25,16,4:00pm-4:59pm,25,25,17,5:00pm-5:59pm,0,0,,,,,,,1,
2022,36,360234,New York,1,1,0,1,1,1,1,81,QUEENS (81),4170,MIDDLE VILLAGE,23,23,4,April,2022,7,Saturday,14,2:00pm-2:59pm,38,38,0,This section IS NOT on the NHS,2,Urban,4,Minor Arterial,4,City or Municipal Highway Agency,6,Local Street - Municipality,48TH ST,NONE,99998,Not Reported,40.75282222,40.75282222,-73.914830560,-73.91483056,0,No Special Jurisdiction,8,Pedestrian,0,The First Harmful Event was Not a Collision with a Motor Vehicle in Transport,0,No,3,Intersection-Related,3,T-Intersection,0,None,,,1,On Roadway,1,Daylight,,,,,1,Clear,0,No,0000000,Not Applicable,99,Unknown,99,Unknown,99,Unknown EMS Scene Arrival Hour,99,Unknown EMS Scene Arrival Minutes,99,Unknown,99,Unknown EMS Hospital Arrival Time,,,,,,,1,
2022,36,360235,New York,2,2,0,0,0,2,2,83,RENSSELAER (83),4894,POESTENKILL,21,21,4,April,2022,5,Thursday,22,10:00pm-10:59pm,39,39,0,This section IS NOT on the NHS,2,Urban,5,Major Collector,1,State Highway Agency,3,State Highway,SR-355 MAIN ST,,99998,Not Reported,42.69579167,42.69579167,-73.578369440,-73.57836944,0,No Special Jurisdiction,12,Motor Vehicle In-Transport,2,Front-to-Front,0,No,1,Non-Junction,1,Not an Intersection,0,None,,,1,On Roadway,3,Dark - Lighted,,,,,10,Cloudy,0,No,0000000,Not Applicable,22,10:00pm-10:59pm,39,39,22,10:00pm-10:59pm,52,52,23,11:00pm-11:59pm,31,31,,,,,,,1,
2022,36,360236,New York,1,1,0,0,0,1,1,91,SARATOGA (91),2469,HADLEY,24,24,4,April,2022,1,Sunday,19,7:00pm-7:59pm,47,47,0,This section IS NOT on the NHS,1,Rural,6,Minor Collector,3,Town or Township Highway Agency,5,Local Street - Township,OLD CORINTH RD,,99998,Not Reported,43.31431389,43.31431389,-73.844900000,-73.84490000,0,No Special Jurisdiction,35,Embankment,0,The First Harmful Event was Not a Collision with a Motor Vehicle in Transport,0,No,1,Non-Junction,1,Not an Intersection,0,None,,,4,On Roadside,1,Daylight,,,,,1,Clear,0,No,0000000,Not Applicable,19,7:00pm-7:59pm,49,49,19,7:00pm-7:59pm,52,52,22,10:00pm-10:59pm,22,22,,,,,,,1,