caseyear,state,st_case,statename,ve_total,ve_forms,pvh_invl,peds,pernotmvit,permvit,persons,county,countyname,city,cityname,day,dayname,month,monthname,year,day_week,day_weekname,hour,hourname,minute,minutename,nhs,nhsname,rur_urb,rur_urbname,func_sys,func_sysname,rd_owner,rd_ownername,route,routename,tway_id,tway_id2,milept,mileptname,latitude,latitudename,longitud,longitudname,sp_jur,sp_jurname,harm_ev,harm_evname,man_coll,man_collname,reljct1,reljct1name,reljct2,reljct2name,typ_int,typ_intname,wrk_zone,wrk_zonename,road_fnc,road_fncname,rel_road,rel_roadname,lgt_cond,lgt_condname,weather1,weather1name,weather2,weather2name,weather,weathername,sch_bus,sch_busname,rail,railname,not_hour,not_hourname,not_min,not_minname,arr_hour,arr_hourname,arr_min,arr_minname,hosp_hr,hosp_hrname,hosp_mn,hosp_mnname,cf1,cf1name,cf2,cf2name,cf3,cf3name,fatals,drunk_dr
2022,36,360464,New York,2,2,0,0,0,2,2,101,STEUBEN (101),20,ADDISON,6,6,7,July,2022,4,Wednesday,14,2:00pm-2:59pm,59,59,0,This section IS NOT on the NHS,1,Rural,4,Minor Arterial,1,State Highway Agency,3,State Highway,SR-417 ADDISON RD,,99998,Not Reported,42.11904444,42.11904444,-77.203216670,-77.20321667,0,No Special Jurisdiction,12,Motor Vehicle In-Transport,6,Angle,0,No,1,Non-Junction,1,Not an Intersection,0,None,,,1,On Roadway,1,Daylight,,,,,10,Cloudy,0,No,0000000,Not Applicable,14,2:00pm-2:59pm,59,59,15,3:00pm-3:59pm,7,7,88,"Not Applicable (Not Transported) ",88,Not Applicable (Not Transported),,,,,,,1,
2022,36,360465,New York,2,2,0,0,0,2,2,59,NASSAU (59),4090,NEW HYDE PARK,8,8,7,July,2022,6,Friday,3,3:00am-3:59am,15,15,1,This section IS ON the NHS,2,Urban,1,Interstate,1,State Highway Agency,1,Interstate,I-495 LONG ISLAND EXPRESSWAY,,99998,Not Reported,40.77690278,40.77690278,-73.666825000,-73.66682500,0,No Special Jurisdiction,12,Motor Vehicle In-Transport,1,Front-to-Rear,0,No,1,Non-Junction,1,Not an Intersection,0,None,,,1,On Roadway,3,Dark - Lighted,,,,,1,Clear,0,No,0000000,Not Applicable,3,3:00am-3:59am,17,17,3,3:00am-3:59am,21,21,4,4:00am-4:59am,3,3,,,,,,,1,
2022,36,360466,New York,1,1,0,1,1,1,1,27,DUTCHESS (27),5030,POUGHKEEPSIE,30,30,6,June,2022,5,Thursday,4,4:00am-4:59am,55,55,1,This section IS ON the NHS,2,Urban,2,Principal Arterial - Other Freeways and Expressways,1,State Highway Agency,2,U.S. Highway,US-9 NORTH RD,,99998,Not Reported,41.72789444,41.72789444,-73.932638890,-73.93263889,0,No Special Jurisdiction,8,Pedestrian,0,The First Harmful Event was Not a Collision with a Motor Vehicle in Transport,0,No,1,Non-Junction,1,Not an Intersection,0,None,,,11,Continuous Left - Turn Lane,4,Dawn,,,,,1,Clear,0,No,0000000,Not Applicable,4,4:00am-4:59am,57,57,5,5:00am-5:59am,4,4,5,5:00am-5:59am,18,18,,,,,,,1,
2022,36,360467,New York,1,1,0,1,1,1,1,55,MONROE (55),5230,ROCHESTER,12,12,7,July,2022,3,Tuesday,22,10:00pm-10:59pm,38,38,1,This section IS ON the NHS,2,Urban,3,Principal Arterial - Other,1,State Highway Agency,3,State Highway,SR-104 W RIDGE RD,,99998,Not Reported,43.19875278,43.19875278,-77.635344440,-77.63534444,0,No Special Jurisdiction,8,Pedestrian,0,The First Harmful Event was Not a Collision with a Motor Vehicle in Transport,0,No,1,Non-Junction,1,Not an Intersection,0,None,,,1,On Roadway,3,Dark - Lighted,,,,,1,Clear,0,No,0000000,Not Applicable,22,10:00pm-10:59pm,38,38,22,10:00pm-10:59pm,43,43,88,"Not Applicable (Not Transported) ",88,Not Applicable (Not Transported),,,,,,,1,
2022,36,360468,New York,1,1,0,1,1,1,1,61,NEW YORK (61),4170,NEW YORK,14,14,7,July,2022,5,Thursday,5,5:00am-5:59am,1,1,0,This section IS NOT on the NHS,2,Urban,7,Local,4,City or Municipal Highway Agency,6,Local Street - Municipality,E HOUSTON ST,FORSYTH ST,0,None,40.72356111,40.72356111,-73.990311110,-73.99031111,0,No Special Jurisdiction,8,Pedestrian,0,The First Harmful Event was Not a Collision with a Motor Vehicle in Transport,0,No,3,Intersection-Related,3,T-Intersection,0,None,,,1,On Roadway,1,Daylight,,,,,1,Clear,0,No,0000000,Not Applicable,99,Unknown,99,Unknown,99,Unknown EMS Scene Arrival Hour,99,Unknown EMS Scene Arrival Minutes,99,Unknown,99,Unknown EMS Hospital Arrival Time,,,,,,,1,
2022,36,360469,New York,1,1,0,1,1,1,1,47,KINGS (47),4170,NEW YORK CITY,19,19,7,July,2022,3,Tuesday,2,2:00am-2:59am,59,59,1,This section IS ON the NHS,2,Urban,2,Principal Arterial - Other Freeways and Expressways,1,State Highway Agency,3,State Highway,SR-907C BELT PKWY,,99998,Not Reported,99.99990000,99.99990000,999.999900000,999.99990000,0,No Special Jurisdiction,8,Pedestrian,0,The First Harmful Event was Not a Collision with a Motor Vehicle in Transport,0,No,1,Non-Junction,1,Not an Intersection,0,None,,,1,On Roadway,2,Dark - Not Lighted,,,,,1,Clear,0,No,0000000,Not Applicable,2,2:00am-2:59am,59,59,3,3:00am-3:59am,15,15,88,"Not Applicable (Not Transported) ",88,Not Applicable (Not Transported),,,,,,,1,
2022,36,360470,New York,2,1,1,0,0,1,1,111,ULSTER (111),3329,LLOYD,12,12,7,July,2022,3,Tuesday,0,0:00am-0:59am,0,0,0,This section IS NOT on the NHS,2,Urban,5,Major Collector,1,State Highway Agency,2,U.S. Highway,US-44 VINEYARD AVE,,99998,Not Reported,41.71892222,41.71892222,-73.964744440,-73.96474444,0,No Special Jurisdiction,14,Parked Motor Vehicle,0,The First Harmful Event was Not a Collision with a Motor Vehicle in Transport,0,No,1,Non-Junction,1,Not an Intersection,0,None,,,7,In Parking Lane/Zone,3,Dark - Lighted,,,,,1,Clear,0,No,0000000,Not Applicable,0,0:00am-0:59am,3,3,0,0:00am-0:59am,9,9,0,0:00am-0:59am,34,34,,,,,,,1,
2022,36,360471,New York,6,6,0,0,0,7,7,1,ALBANY (1),2464,GUILDERLAND,6,6,4,April,2022,4,Wednesday,7,7:00am-7:59am,57,57,1,This section IS ON the NHS,2,Urban,1,Interstate,1,State Highway Agency,1,Interstate,I-90,,99998,Not Reported,42.73246944,42.73246944,-73.898519440,-73.89851944,0,No Special Jurisdiction,12,Motor Vehicle In-Transport,1,Front-to-Rear,0,No,1,Non-Junction,1,Not an Intersection,0,None,,,1,On Roadway,1,Daylight,,,,,10,Cloudy,0,No,0000000,Not Applicable,7,7:00am-7:59am,57,57,8,8:00am-8:59am,8,8,99,Unknown,99,Unknown EMS Hospital Arrival Time,,,,,,,2,
2022,36,360472,New York,2,2,0,0,0,3,3,107,TIOGA (107),5172,RICHFORD,21,21,5,May,2022,7,Saturday,16,4:00pm-4:59pm,25,25,1,This section IS ON the NHS,1,Rural,3,Principal Arterial - Other,1,State Highway Agency,3,State Highway,SR-79,,99998,Not Reported,42.36408889,42.36408889,-76.123277780,-76.12327778,0,No Special Jurisdiction,12,Motor Vehicle In-Transport,2,Front-to-Front,0,No,1,Non-Junction,1,Not an Intersection,0,None,,,1,On Roadway,1,Daylight,,,,,10,Cloudy,0,No,0000000,Not Applicable,99,Unknown,99,Unknown,99,Unknown EMS Scene Arrival Hour,99,Unknown EMS Scene Arrival Minutes,99,Unknown,99,Unknown EMS Hospital Arrival Time,,,,,,,1,
2022,36,360473,New York,2,2,0,0,0,3,3,45,JEFFERSON (45),6450,WATERTOWN,5,5,6,June,2022,1,Sunday,8,8:00am-8:59am,37,37,1,This section IS ON the NHS,1,Rural,3,Principal Arterial - Other,1,State Highway Agency,3,State Highway,SR-12,,99998,Not Reported,43.92668611,43.92668611,-75.817586110,-75.81758611,0,No Special Jurisdiction,12,Motor Vehicle In-Transport,2,Front-to-Front,0,No,1,Non-Junction,1,Not an Intersection,0,None,,,1,On Roadway,1,Daylight,,,,,1,Clear,0,No,0000000,Not Applicable,8,8:00am-8:59am,38,38,8,8:00am-8:59am,50,50,99,Unknown,99,Unknown EMS Hospital Arrival Time,,,,,,,1,
2022,36,360474,New York,2,2,0,0,0,3,3,29,ERIE (29),750,BUFFALO,14,14,6,June,2022,3,Tuesday,19,7:00pm-7:59pm,20,20,1,This section IS ON the NHS,2,Urban,3,Principal Arterial - Other,1,State Highway Agency,2,U.S. Highway,US-62 BAILEY AVE,MANHART ST,99998,Not Reported,42.92797222,42.92797222,-78.813733330,-78.81373333,0,No Special Jurisdiction,12,Motor Vehicle In-Transport,6,Angle,0,No,2,Intersection,2,Four-Way Intersection,0,None,,,1,On Roadway,1,Daylight,,,,,1,Clear,0,No,0000000,Not Applicable,19,7:00pm-7:59pm,20,20,19,7:00pm-7:59pm,30,30,99,Unknown,99,Unknown EMS Hospital Arrival Time,,,,,,,1,
2022,36,360475,New York,2,2,0,0,0,3,3,59,NASSAU (59),4600,OYSTER BAY,23,23,4,April,2022,7,Saturday,23,11:00pm-11:59pm,27,27,0,This section IS NOT on the NHS,2,Urban,4,Minor Arterial,2,County Highway Agency,4,County Road,CR-12 WOODBURY RD,BETHPAGE RD,99998,Not Reported,40.77263333,40.77263333,-73.516783330,-73.51678333,0,No Special Jurisdiction,12,Motor Vehicle In-Transport,6,Angle,0,No,2,Intersection,3,T-Intersection,0,None,,,1,On Roadway,3,Dark - Lighted,,,,,1,Clear,0,No,0000000,Not Applicable,99,Unknown,99,Unknown,99,Unknown EMS Scene Arrival Hour,99,Unknown EMS Scene Arrival Minutes,99,Unknown,99,Unknown EMS Hospital Arrival Time,,,,,,,1,
2022,36,360476,New York,2,2,0,0,0,2,2,63,NIAGARA (63),4210,NIAGARA FALLS,22,22,5,May,2022,1,Sunday,17,5:00pm-5:59pm,56,56,1,This section IS ON the NHS,2,Urban,3,Principal Arterial - Other,1,State Highway Agency,2,U.S. Highway,US-62 NIAGARA FALLS BLVD,,99998,Not Reported,43.08853333,43.08853333,-78.983969440,-78.98396944,0,No Special Jurisdiction,12,Motor Vehicle In-Transport,6,Angle,0,No,1,Non-Junction,1,Not an Intersection,0,None,,,1,On Roadway,1,Daylight,,,,,1,Clear,0,No,0000000,Not Applicable,17,5:00pm-5:59pm,58,58,18,6:00pm-6:59pm,0,0,88,"Not Applicable (Not Transported) ",88,Not Applicable (Not Transported),,,,,,,1,
2022,36,360477,New York,1,1,0,1,1,1,1,59,NASSAU (59),2600,HEMPSTEAD,29,29,5,May,2022,1,Sunday,1,1:00am-1:59am,12,12,1,This section IS ON the NHS,2,Urban,3,Principal Arterial - Other,1,State Highway Agency,3,State Highway,SR-24 FULTON AVE,,99998,Not Reported,40.70959167,40.70959167,-73.618800000,-73.61880000,0,No Special Jurisdiction,8,Pedestrian,0,The First Harmful Event was Not a Collision with a Motor Vehicle in Transport,0,No,1,Non-Junction,1,Not an Intersection,0,None,,,1,On Roadway,3,Dark - Lighted,,,,,1,Clear,0,No,0000000,Not Applicable,99,Unknown,99,Unknown,99,Unknown EMS Scene Arrival Hour,99,Unknown EMS Scene Arrival Minutes,99,Unknown,99,Unknown EMS Hospital Arrival Time,,,,,,,1,
2022,36,360478,New York,2,2,0,0,0,2,2,59,NASSAU (59),710,BROOKVILLE,16,16,6,June,2022,5,Thursday,0,0:00am-0:59am,2,2,0,This section IS NOT on the NHS,2,Urban,4,Minor Arterial,1,State Highway Agency,3,State Highway,SR-107,,99998,Not Reported,40.80910278,40.80910278,-73.558730560,-73.55873056,0,No Special Jurisdiction,30,Utility Pole/Light Support,0,The First Harmful Event was Not a Collision with a Motor Vehicle in Transport,0,No,1,Non-Junction,1,Not an Intersection,0,None,,,4,On Roadside,3,Dark - Lighted,,,,,10,Cloudy,0,No,0000000,Not Applicable,0,0:00am-0:59am,3,3,0,0:00am-0:59am,11,11,1,1:00am-1:59am,0,0,,,,,,,1,
2022,36,360479,New York,2,2,0,1,1,2,2,59,NASSAU (59),2600,HEMPSTEAD,7,7,6,June,2022,3,Tuesday,4,4:00am-4:59am,42,42,1,This section IS ON the NHS,2,Urban,3,Principal Arterial - Other,2,County Highway Agency,4,County Road,CR-2 PENINSULA BLVD,SYCAMORE AVE,99998,Not Reported,40.69703889,40.69703889,-73.629688890,-73.62968889,0,No Special Jurisdiction,8,Pedestrian,0,The First Harmful Event was Not a Collision with a Motor Vehicle in Transport,0,No,3,Intersection-Related,2,Four-Way Intersection,0,None,,,1,On Roadway,3,Dark - Lighted,,,,,10,Cloudy,0,No,0000000,Not Applicable,99,Unknown,99,Unknown,99,Unknown EMS Scene Arrival Hour,99,Unknown EMS Scene Arrival Minutes,99,Unknown,99,Unknown EMS Hospital Arrival Time,,,,,,,1,
2022,36,360480,New York,3,3,0,0,0,5,5,91,SARATOGA (91),2230,GALWAY,28,28,5,May,2022,7,Saturday,13,1:00pm-1:59pm,1,1,0,This section IS NOT on the NHS,1,Rural,7,Local,2,County Highway Agency,4,County Road,CR-52 JOCKEY RD,CR-45 GALWAY RD,99998,Not Reported,43.01970278,43.01970278,-73.988491670,-73.98849167,0,No Special Jurisdiction,12,Motor Vehicle In-Transport,6,Angle,0,No,2,Intersection,2,Four-Way Intersection,0,None,,,1,On Roadway,1,Daylight,,,,,10,Cloudy,0,No,0000000,Not Applicable,13,1:00pm-1:59pm,10,10,13,1:00pm-1:59pm,31,31,14,2:00pm-2:59pm,33,33,,,,,,,1,
2022,36,360481,New York,1,1,0,0,0,2,2,29,ERIE (29),4250,NORTH COLLINS,10,10,6,June,2022,6,Friday,20,8:00pm-8:59pm,54,54,0,This section IS NOT on the NHS,1,Rural,7,Local,62,Bureau of Indian Affairs,8,Other,SENECA RD,,99998,Not Reported,42.53796944,42.53796944,-78.945161110,-78.94516111,0,No Special Jurisdiction,42,Tree (Standing Only),0,The First Harmful Event was Not a Collision with a Motor Vehicle in Transport,0,No,1,Non-Junction,1,Not an Intersection,0,None,,,4,On Roadside,2,Dark - Not Lighted,,,,,1,Clear,0,No,0000000,Not Applicable,20,8:00pm-8:59pm,59,59,21,9:00pm-9:59pm,4,4,99,Unknown,99,Unknown EMS Hospital Arrival Time,,,,,,,1,
2022,36,360482,New York,1,1,0,0,0,1,1,71,ORANGE (71),4060,NEWBURGH,18,18,6,June,2022,7,Saturday,17,5:00pm-5:59pm,38,38,0,This section IS NOT on the NHS,2,Urban,5,Major Collector,2,County Highway Agency,4,County Road,CR-86 FOSTERTOWN RD,,99998,Not Reported,41.54866944,41.54866944,-74.039805560,-74.03980556,0,No Special Jurisdiction,42,Tree (Standing Only),0,The First Harmful Event was Not a Collision with a Motor Vehicle in Transport,0,No,1,Non-Junction,1,Not an Intersection,0,None,,,4,On Roadside,1,Daylight,,,,,1,Clear,0,No,0000000,Not Applicable,17,5:00pm-5:59pm,51,51,18,6:00pm-6:59pm,4,4,18,6:00pm-6:59pm,14,14,,,,,,,1,
2022,36,360483,New York,1,1,0,0,0,1,1,63,NIAGARA (63),3340,LOCKPORT,20,20,7,July,2022,4,Wednesday,12,12:00pm-12:59pm,50,50,0,This section IS NOT on the NHS,1,Rural,5,Major Collector,1,State Highway Agency,3,State Highway,SR-93 AKRON RD,,99998,Not Reported,43.13280278,43.13280278,-78.581188890,-78.58118889,0,No Special Jurisdiction,11,Live Animal,0,The First Harmful Event was Not a Collision with a Motor Vehicle in Transport,0,No,1,Non-Junction,1,Not an Intersection,0,None,,,1,On Roadway,1,Daylight,,,,,10,Cloudy,0,No,0000000,Not Applicable,12,12:00pm-12:59pm,51,51,13,1:00pm-1:59pm,4,4,13,1:00pm-1:59pm,55,55,,,,,,,1,
2022,36,360484,New York,1,1,0,0,0,1,1,29,ERIE (29),611,BOSTON,20,20,6,June,2022,2,Monday,11,11:00am-11:59am,30,30,0,This section IS NOT on the NHS,1,Rural,7,Local,3,Town or Township Highway Agency,5,Local Street - Township,SHERO RD,,99998,Not Reported,42.65236111,42.65236111,-78.764619440,-78.76461944,0,No Special Jurisdiction,24,Guardrail Face,0,The First Harmful Event was Not a Collision with a Motor Vehicle in Transport,0,No,1,Non-Junction,1,Not an Intersection,0,None,,,4,On Roadside,1,Daylight,,,,,1,Clear,0,No,0000000,Not Applicable,99,Unknown,99,Unknown,99,Unknown EMS Scene Arrival Hour,99,Unknown EMS Scene Arrival Minutes,88,"Not Applicable (Not Transported) ",88,Not Applicable (Not Transported),,,,,,,1,
2022,36,360485,New York,2,2,0,0,0,2,2,29,ERIE (29),5475,SARDINIA,22,22,6,June,2022,4,Wednesday,12,12:00pm-12:59pm,2,2,1,This section IS ON the NHS,1,Rural,3,Principal Arterial - Other,1,State Highway Agency,3,State Highway,SR-16 OLEAN RD,,99998,Not Reported,42.58125556,42.58125556,-78.483722220,-78.48372222,0,No Special Jurisdiction,12,Motor Vehicle In-Transport,2,Front-to-Front,0,No,8,Driveway Access Related,1,Not an Intersection,0,None,,,1,On Roadway,1,Daylight,,,,,1,Clear,0,No,0000000,Not Applicable,12,12:00pm-12:59pm,2,2,12,12:00pm-12:59pm,15,15,88,"Not Applicable (Not Transported) ",88,Not Applicable (Not Transported),,,,,,,1,
2022,36,360486,New York,1,1,0,0,0,1,1,63,NIAGARA (63),2564,HARTLAND,21,21,7,July,2022,5,Thursday,8,8:00am-8:59am,1,1,1,This section IS ON the NHS,1,Rural,3,Principal Arterial - Other,1,State Highway Agency,3,State Highway,SR-104,,99998,Not Reported,99.99990000,99.99990000,999.999900000,999.99990000,0,No Special Jurisdiction,42,Tree (Standing Only),0,The First Harmful Event was Not a Collision with a Motor Vehicle in Transport,0,No,1,Non-Junction,1,Not an Intersection,0,None,,,4,On Roadside,1,Daylight,,,,,1,Clear,0,No,0000000,Not Applicable,8,8:00am-8:59am,1,1,8,8:00am-8:59am,4,4,88,"Not Applicable (Not Transported) ",88,Not Applicable (Not Transported),,,,,,,1,
2022,36,360487,New York,1,1,0,0,0,1,1,119,WESTCHESTER (119),6040,TARRYTOWN,26,26,6,June,2022,1,Sunday,11,11:00am-11:59am,21,21,1,This section IS ON the NHS,2,Urban,2,Principal Arterial - Other Freeways and Expressways,1,State Highway Agency,3,State Highway,SR-987F SPRAIN BROOK PKWY,,99998,Not Reported,41.04613889,41.04613889,-73.814194440,-73.81419444,0,No Special Jurisdiction,1,Rollover/Overturn,0,The First Harmful Event was Not a Collision with a Motor Vehicle in Transport,0,No,1,Non-Junction,1,Not an Intersection,0,None,,,1,On Roadway,1,Daylight,,,,,1,Clear,0,No,0000000,Not Applicable,11,11:00am-11:59am,21,21,11,11:00am-11:59am,32,32,12,12:00pm-12:59pm,1,1,,,,,,,1,
2022,36,360488,New York,1,1,0,0,0,1,1,49,LEWIS (49),1410,CROGHAN,23,23,7,July,2022,7,Saturday,10,10:00am-10:59am,36,36,0,This section IS NOT on the NHS,1,Rural,6,Minor Collector,3,Town or Township Highway Agency,5,Local Street - Township,ERIE CANAL RD,,99998,Not Reported,43.95123056,43.95123056,-75.338002780,-75.33800278,0,No Special Jurisdiction,42,Tree (Standing Only),0,The First Harmful Event was Not a Collision with a Motor Vehicle in Transport,0,No,1,Non-Junction,1,Not an Intersection,0,None,,,4,On Roadside,1,Daylight,,,,,1,Clear,0,No,0000000,Not Applicable,10,10:00am-10:59am,36,36,11,11:00am-11:59am,15,15,11,11:00am-11:59am,46,46,,,,,,,1,
2022,36,360490,New York,1,1,0,0,0,3,3,81,QUEENS (81),4170,MIDDLE VILLAGE,24,24,7,July,2022,1,Sunday,23,11:00pm-11:59pm,19,19,1,This section IS ON the NHS,2,Urban,3,Principal Arterial - Other,4,City or Municipal Highway Agency,6,Local Street - Municipality,ROCKAWAY BLVD,,99998,Not Reported,40.64282500,40.64282500,-73.745741670,-73.74574167,0,No Special Jurisdiction,33,Curb,0,The First Harmful Event was Not a Collision with a Motor Vehicle in Transport,0,No,1,Non-Junction,1,Not an Intersection,0,None,,,4,On Roadside,3,Dark - Lighted,,,,,1,Clear,0,No,0000000,Not Applicable,23,11:00pm-11:59pm,19,19,99,Unknown EMS Scene Arrival Hour,99,Unknown EMS Scene Arrival Minutes,99,Unknown,99,Unknown EMS Hospital Arrival Time,,,,,,,1,
2022,36,360491,New York,2,2,0,0,0,2,2,55,MONROE (55),1160,CHURCHVILLE,28,28,6,June,2022,3,Tuesday,15,3:00pm-3:59pm,57,57,0,This section IS NOT on the NHS,2,Urban,5,Major Collector,2,County Highway Agency,4,County Road,CR-119 WESTSIDE DR,SR-33 BUFFALO RD,99998,Not Reported,43.12648889,43.12648889,-77.789447220,-77.78944722,0,No Special Jurisdiction,1,Rollover/Overturn,0,The First Harmful Event was Not a Collision with a Motor Vehicle in Transport,0,No,2,Intersection,2,Four-Way Intersection,0,None,,,1,On Roadway,1,Daylight,,,,,1,Clear,0,No,0000000,Not Applicable,15,3:00pm-3:59pm,57,57,16,4:00pm-4:59pm,2,2,88,"Not Applicable (Not Transported) ",88,Not Applicable (Not Transported),,,,,,,1,
2022,36,360492,New York,1,1,0,0,0,2,2,103,SUFFOLK (103),2920,ISLIP,11,11,7,July,2022,2,Monday,1,1:00am-1:59am,14,14,1,This section IS ON the NHS,2,Urban,2,Principal Arterial - Other Freeways and Expressways,1,State Highway Agency,3,State Highway,SR-908M SOUTHERN STATE PKWY,,99998,Not Reported,40.73372222,40.73372222,-73.294669440,-73.29466944,0,No Special Jurisdiction,42,Tree (Standing Only),0,The First Harmful Event was Not a Collision with a Motor Vehicle in Transport,0,No,1,Non-Junction,1,Not an Intersection,0,None,,,4,On Roadside,3,Dark - Lighted,,,,,10,Cloudy,0,No,0000000,Not Applicable,1,1:00am-1:59am,14,14,1,1:00am-1:59am,21,21,99,Unknown,99,Unknown EMS Hospital Arrival Time,,,,,,,2,
2022,36,360493,New York,1,1,0,0,0,1,1,67,ONONDAGA (67),6010,SYRACUSE,17,17,7,July,2022,1,Sunday,2,2:00am-2:59am,25,25,1,This section IS ON the NHS,2,Urban,1,Interstate,1,State Highway Agency,1,Interstate,I-81,,99998,Not Reported,43.06651667,43.06651667,-76.164030560,-76.16403056,0,No Special Jurisdiction,59,"Traffic Sign Support ",0,The First Harmful Event was Not a Collision with a Motor Vehicle in Transport,0,No,1,Non-Junction,1,Not an Intersection,0,None,,,4,On Roadside,3,Dark - Lighted,,,,,1,Clear,0,No,0000000,Not Applicable,2,2:00am-2:59am,25,25,2,2:00am-2:59am,34,34,88,"Not Applicable (Not Transported) ",88,Not Applicable (Not Transported),,,,,,,1,
2022,36,360494,New York,1,1,0,0,0,1,1,59,NASSAU (59),4600,OYSTER BAY,28,28,7,July,2022,5,Thursday,4,4:00am-4:59am,47,47,1,This section IS ON the NHS,2,Urban,2,Principal Arterial - Other Freeways and Expressways,1,State Highway Agency,3,State Highway,SR-135 SEAFORD OYSTER BAY EXPY,,99998,Not Reported,40.77277222,40.77277222,-73.480847220,-73.48084722,0,No Special Jurisdiction,42,Tree (Standing Only),0,The First Harmful Event was Not a Collision with a Motor Vehicle in Transport,0,No,1,Non-Junction,1,Not an Intersection,0,None,,,4,On Roadside,2,Dark - Not Lighted,,,,,2,Rain,0,No,0000000,Not Applicable,4,4:00am-4:59am,52,52,4,4:00am-4:59am,52,52,88,"Not Applicable (Not Transported) ",88,Not Applicable (Not Transported),,,,,,,1,
2022,36,360495,New York,1,1,0,0,0,1,1,47,KINGS (47),4170,NEW YORK CITY,29,29,7,July,2022,6,Friday,15,3:00pm-3:59pm,42,42,1,This section IS ON the NHS,2,Urban,3,Principal Arterial - Other,4,City or Municipal Highway Agency,6,Local Street - Municipality,3RD AVE,,99998,Not Reported,40.64681944,40.64681944,-74.015711110,-74.01571111,0,No Special Jurisdiction,21,Bridge Pier or Support,0,The First Harmful Event was Not a Collision with a Motor Vehicle in Transport,0,No,1,Non-Junction,1,Not an Intersection,0,None,,,3,On Median,1,Daylight,,,,,1,Clear,0,No,0000000,Not Applicable,99,Unknown,99,Unknown,99,Unknown EMS Scene Arrival Hour,99,Unknown EMS Scene Arrival Minutes,99,Unknown,99,Unknown EMS Hospital Arrival Time,,,,,,,1,
2022,36,360496,New York,1,1,0,1,1,7,7,103,SUFFOLK (103),1650,EAST HAMPTON,3,3,7,July,2022,1,Sunday,11,11:00am-11:59am,11,11,1,This section IS ON the NHS,2,Urban,3,Principal Arterial - Other,1,State Highway Agency,3,State Highway,SR-27 MONTAUK HWY,,99998,Not Reported,40.99829722,40.99829722,-72.043511110,-72.04351111,0,No Special Jurisdiction,9,Pedalcyclist,0,The First Harmful Event was Not a Collision with a Motor Vehicle in Transport,0,No,1,Non-Junction,1,Not an Intersection,0,None,,,1,On Roadway,1,Daylight,,,,,1,Clear,0,No,0000000,Not Applicable,11,11:00am-11:59am,14,14,11,11:00am-11:59am,20,20,12,12:00pm-12:59pm,7,7,,,,,,,1,
2022,36,360497,New York,2,2,0,0,0,2,2,69,ONTARIO (69),6280,VICTOR,30,30,6,June,2022,5,Thursday,8,8:00am-8:59am,31,31,1,This section IS ON the NHS,2,Urban,3,Principal Arterial - Other,1,State Highway Agency,3,State Highway,SR-96,"I-490 RAMP ",99998,Not Reported,43.01743056,43.01743056,-77.442061110,-77.44206111,0,No Special Jurisdiction,12,Motor Vehicle In-Transport,6,Angle,1,Yes,2,Intersection,3,T-Intersection,0,None,,,1,On Roadway,1,Daylight,,,,,1,Clear,0,No,0000000,Not Applicable,8,8:00am-8:59am,31,31,8,8:00am-8:59am,39,39,99,Unknown,99,Unknown EMS Hospital Arrival Time,,,,,,,1,
2022,36,360498,New York,1,1,0,1,1,1,1,103,SUFFOLK (103),5810,SOUTHAMPTON,7,7,7,July,2022,5,Thursday,17,5:00pm-5:59pm,28,28,0,This section IS NOT on the NHS,2,Urban,5,Major Collector,3,Town or Township Highway Agency,5,Local Street - Township,TOWN LINE RD,,0,None,40.92591111,40.92591111,-72.247650000,-72.24765000,0,No Special Jurisdiction,9,Pedalcyclist,0,The First Harmful Event was Not a Collision with a Motor Vehicle in Transport,0,No,8,Driveway Access Related,1,Not an Intersection,0,None,,,2,On Shoulder,1,Daylight,,,,,1,Clear,0,No,0000000,Not Applicable,17,5:00pm-5:59pm,36,36,17,5:00pm-5:59pm,39,39,18,6:00pm-6:59pm,5,5,,,,,,,1,
2022,36,360499,New York,3,2,1,0,0,5,5,103,SUFFOLK (103),360,BABYLON,4,4,7,July,2022,2,Monday,23,11:00pm-11:59pm,0,0,1,This section IS ON the NHS,2,Urban,3,Principal Arterial - Other,1,State Highway Agency,3,State Highway,SR-27 SUNRISE HWY,CR-2 STRAIGHT PATH,99998,Not Reported,40.69419444,40.69419444,-73.392391670,-73.39239167,0,No Special Jurisdiction,12,Motor Vehicle In-Transport,6,Angle,0,No,2,Intersection,2,Four-Way Intersection,1,Construction,,,1,On Roadway,3,Dark - Lighted,,,,,1,Clear,0,No,0000000,Not Applicable,23,11:00pm-11:59pm,5,5,23,11:00pm-11:59pm,8,8,23,11:00pm-11:59pm,43,43,,,,,,,1,
2022,36,360501,New York,2,2,0,1,1,3,3,5,BRONX (5),4170,NEW YORK CITY,20,20,7,July,2022,4,Wednesday,3,3:00am-3:59am,13,13,1,This section IS ON the NHS,2,Urban,1,Interstate,1,State Highway Agency,1,Interstate,I-278 BRUCKNER EXPY,,99998,Not Reported,40.81860833,40.81860833,-73.891811110,-73.89181111,0,No Special Jurisdiction,8,Pedestrian,0,The First Harmful Event was Not a Collision with a Motor Vehicle in Transport,0,No,1,Non-Junction,1,Not an Intersection,0,None,,,1,On Roadway,3,Dark - Lighted,,,,,1,Clear,0,No,0000000,Not Applicable,3,3:00am-3:59am,13,13,99,Unknown EMS Scene Arrival Hour,99,Unknown EMS Scene Arrival Minutes,88,"Not Applicable (Not Transported) ",88,Not Applicable (Not Transported),,,,,,,1,