caseyear,state,st_case,statename,ve_total,ve_forms,pvh_invl,peds,pernotmvit,permvit,persons,county,countyname,city,cityname,day,dayname,month,monthname,year,day_week,day_weekname,hour,hourname,minute,minutename,nhs,nhsname,rur_urb,rur_urbname,func_sys,func_sysname,rd_owner,rd_ownername,route,routename,tway_id,tway_id2,milept,mileptname,latitude,latitudename,longitud,longitudname,sp_jur,sp_jurname,harm_ev,harm_evname,man_coll,man_collname,reljct1,reljct1name,reljct2,reljct2name,typ_int,typ_intname,wrk_zone,wrk_zonename,road_fnc,road_fncname,rel_road,rel_roadname,lgt_cond,lgt_condname,weather1,weather1name,weather2,weather2name,weather,weathername,sch_bus,sch_busname,rail,railname,not_hour,not_hourname,not_min,not_minname,arr_hour,arr_hourname,arr_min,arr_minname,hosp_hr,hosp_hrname,hosp_mn,hosp_mnname,cf1,cf1name,cf2,cf2name,cf3,cf3name,fatals,drunk_dr
2022,36,360502,New York,1,1,0,1,1,1,1,57,MONTGOMERY (57),170,AMSTERDAM,21,21,7,July,2022,5,Thursday,19,7:00pm-7:59pm,59,59,0,This section IS NOT on the NHS,2,Urban,5,Major Collector,3,Town or Township Highway Agency,5,Local Street - Township,LOG CITY RD,,99998,Not Reported,42.97779722,42.97779722,-74.197102780,-74.19710278,0,No Special Jurisdiction,9,Pedalcyclist,0,The First Harmful Event was Not a Collision with a Motor Vehicle in Transport,0,No,1,Non-Junction,1,Not an Intersection,0,None,,,1,On Roadway,1,Daylight,,,,,1,Clear,0,No,0000000,Not Applicable,20,8:00pm-8:59pm,1,1,20,8:00pm-8:59pm,8,8,21,9:00pm-9:59pm,7,7,,,,,,,1,
2022,36,360503,New York,1,1,0,1,1,1,1,29,ERIE (29),750,BUFFALO,7,7,7,July,2022,5,Thursday,22,10:00pm-10:59pm,4,4,0,This section IS NOT on the NHS,2,Urban,4,Minor Arterial,4,City or Municipal Highway Agency,6,Local Street - Municipality,ABBOTT RD,,99998,Not Reported,42.85233333,42.85233333,-78.817858330,-78.81785833,0,No Special Jurisdiction,9,Pedalcyclist,0,The First Harmful Event was Not a Collision with a Motor Vehicle in Transport,0,No,1,Non-Junction,1,Not an Intersection,0,None,,,1,On Roadway,3,Dark - Lighted,,,,,1,Clear,0,No,0000000,Not Applicable,22,10:00pm-10:59pm,4,4,99,Unknown EMS Scene Arrival Hour,99,Unknown EMS Scene Arrival Minutes,88,"Not Applicable (Not Transported) ",88,Not Applicable (Not Transported),,,,,,,1,
2022,36,360504,New York,1,1,0,0,0,1,1,25,DELAWARE (25),3571,MASONVILLE,2,2,7,July,2022,7,Saturday,15,3:00pm-3:59pm,20,20,1,This section IS ON the NHS,1,Rural,3,Principal Arterial - Other,1,State Highway Agency,3,State Highway,SR-8,,99998,Not Reported,42.25105833,42.25105833,-75.399727780,-75.39972778,0,No Special Jurisdiction,24,Guardrail Face,0,The First Harmful Event was Not a Collision with a Motor Vehicle in Transport,0,No,1,Non-Junction,1,Not an Intersection,0,None,,,4,On Roadside,1,Daylight,,,,,1,Clear,0,No,0000000,Not Applicable,15,3:00pm-3:59pm,26,26,15,3:00pm-3:59pm,35,35,16,4:00pm-4:59pm,3,3,,,,,,,1,
2022,36,360505,New York,1,1,0,1,1,1,1,61,NEW YORK (61),4170,NEW YORK,26,26,7,July,2022,3,Tuesday,10,10:00am-10:59am,49,49,0,This section IS NOT on the NHS,2,Urban,7,Local,4,City or Municipal Highway Agency,6,Local Street - Municipality,E 85TH ST,MADISON AVE,0,None,40.78007500,40.78007500,-73.959008330,-73.95900833,0,No Special Jurisdiction,9,Pedalcyclist,0,The First Harmful Event was Not a Collision with a Motor Vehicle in Transport,0,No,3,Intersection-Related,2,Four-Way Intersection,0,None,,,1,On Roadway,1,Daylight,,,,,1,Clear,0,No,0000000,Not Applicable,10,10:00am-10:59am,49,49,99,Unknown EMS Scene Arrival Hour,99,Unknown EMS Scene Arrival Minutes,99,Unknown,99,Unknown EMS Hospital Arrival Time,,,,,,,1,
2022,36,360506,New York,2,2,0,0,0,2,2,79,PUTNAM (79),900,CARMEL,7,7,7,July,2022,5,Thursday,16,4:00pm-4:59pm,5,5,0,This section IS NOT on the NHS,2,Urban,4,Minor Arterial,1,State Highway Agency,3,State Highway,SR-52,,99998,Not Reported,41.44059722,41.44059722,-73.680463890,-73.68046389,0,No Special Jurisdiction,12,Motor Vehicle In-Transport,6,Angle,0,No,8,Driveway Access Related,1,Not an Intersection,0,None,,,1,On Roadway,1,Daylight,,,,,1,Clear,0,No,0000000,Not Applicable,16,4:00pm-4:59pm,10,10,16,4:00pm-4:59pm,14,14,99,Unknown,99,Unknown EMS Hospital Arrival Time,,,,,,,1,
2022,36,360507,New York,1,1,0,1,1,1,1,81,QUEENS (81),4170,MIDDLE VILLAGE,22,22,7,July,2022,6,Friday,3,3:00am-3:59am,30,30,1,This section IS ON the NHS,2,Urban,2,Principal Arterial - Other Freeways and Expressways,1,State Highway Agency,3,State Highway,SR-907D BELT PKWY,,99998,Not Reported,40.66662500,40.66662500,-73.785536110,-73.78553611,0,No Special Jurisdiction,8,Pedestrian,0,The First Harmful Event was Not a Collision with a Motor Vehicle in Transport,0,No,1,Non-Junction,1,Not an Intersection,0,None,,,1,On Roadway,3,Dark - Lighted,,,,,1,Clear,0,No,0000000,Not Applicable,3,3:00am-3:59am,30,30,3,3:00am-3:59am,40,40,88,"Not Applicable (Not Transported) ",88,Not Applicable (Not Transported),,,,,,,1,
2022,36,360508,New York,2,2,0,0,0,4,4,115,WASHINGTON (115),2090,FORT EDWARD,18,18,5,May,2022,4,Wednesday,17,5:00pm-5:59pm,49,49,0,This section IS NOT on the NHS,2,Urban,7,Local,2,County Highway Agency,4,County Road,CR-46,,99998,Not Reported,43.16748611,43.16748611,-73.574458330,-73.57445833,0,No Special Jurisdiction,12,Motor Vehicle In-Transport,99,Reported as Unknown,0,No,8,Driveway Access Related,1,Not an Intersection,0,None,,,1,On Roadway,1,Daylight,,,,,10,Cloudy,0,No,0000000,Not Applicable,17,5:00pm-5:59pm,49,49,17,5:00pm-5:59pm,56,56,18,6:00pm-6:59pm,25,25,,,,,,,1,
2022,36,360509,New York,3,3,0,0,0,7,7,105,SULLIVAN (105),3850,MONTICELLO,14,14,5,May,2022,7,Saturday,17,5:00pm-5:59pm,40,40,0,This section IS NOT on the NHS,2,Urban,4,Minor Arterial,1,State Highway Agency,3,State Highway,SR-17B,MAPLEWOOD RD,99998,Not Reported,41.66972500,41.66972500,-74.739505560,-74.73950556,0,No Special Jurisdiction,12,Motor Vehicle In-Transport,6,Angle,0,No,2,Intersection,2,Four-Way Intersection,0,None,,,1,On Roadway,1,Daylight,,,,,1,Clear,0,No,0000000,Not Applicable,17,5:00pm-5:59pm,40,40,17,5:00pm-5:59pm,45,45,18,6:00pm-6:59pm,37,37,,,,,,,1,
2022,36,360510,New York,1,1,0,1,1,2,2,1,ALBANY (1),50,ALBANY,7,7,7,July,2022,5,Thursday,22,10:00pm-10:59pm,10,10,1,This section IS ON the NHS,2,Urban,3,Principal Arterial - Other,1,State Highway Agency,3,State Highway,SR-5 CENTRAL AVE,ROBIN ST,99998,Not Reported,42.66196389,42.66196389,-73.769122220,-73.76912222,0,No Special Jurisdiction,46,Traffic Signal Support,0,The First Harmful Event was Not a Collision with a Motor Vehicle in Transport,0,No,3,Intersection-Related,2,Four-Way Intersection,0,None,,,4,On Roadside,3,Dark - Lighted,,,,,1,Clear,0,No,0000000,Not Applicable,22,10:00pm-10:59pm,15,15,22,10:00pm-10:59pm,17,17,99,Unknown,99,Unknown EMS Hospital Arrival Time,,,,,,,1,
2022,36,360511,New York,2,2,0,0,0,4,4,29,ERIE (29),750,BUFFALO,16,16,7,July,2022,7,Saturday,12,12:00pm-12:59pm,20,20,1,This section IS ON the NHS,2,Urban,3,Principal Arterial - Other,1,State Highway Agency,3,State Highway,SR-954D ELM ST,SR-33 E TUPPER ST,99998,Not Reported,42.89286111,42.89286111,-78.866927780,-78.86692778,0,No Special Jurisdiction,12,Motor Vehicle In-Transport,6,Angle,0,No,2,Intersection,2,Four-Way Intersection,0,None,,,1,On Roadway,1,Daylight,,,,,1,Clear,0,No,0000000,Not Applicable,12,12:00pm-12:59pm,21,21,99,Unknown EMS Scene Arrival Hour,99,Unknown EMS Scene Arrival Minutes,12,12:00pm-12:59pm,30,30,,,,,,,1,
2022,36,360512,New York,1,1,0,1,1,1,1,5,BRONX (5),4170,NEW YORK CITY,9,9,7,July,2022,7,Saturday,15,3:00pm-3:59pm,0,0,0,This section IS NOT on the NHS,2,Urban,4,Minor Arterial,4,City or Municipal Highway Agency,6,Local Street - Municipality,BAILEY AVE,W KINGSBRIDGE RD,99998,Not Reported,40.87304167,40.87304167,-73.905622220,-73.90562222,0,No Special Jurisdiction,8,Pedestrian,0,The First Harmful Event was Not a Collision with a Motor Vehicle in Transport,0,No,3,Intersection-Related,2,Four-Way Intersection,0,None,,,1,On Roadway,1,Daylight,,,,,1,Clear,0,No,0000000,Not Applicable,99,Unknown,99,Unknown,99,Unknown EMS Scene Arrival Hour,99,Unknown EMS Scene Arrival Minutes,99,Unknown,99,Unknown EMS Hospital Arrival Time,,,,,,,1,
2022,36,360513,New York,1,1,0,0,0,1,1,97,SCHUYLER (97),5097,READING CENTER,9,9,7,July,2022,7,Saturday,19,7:00pm-7:59pm,16,16,0,This section IS NOT on the NHS,1,Rural,5,Major Collector,1,State Highway Agency,3,State Highway,SR-14A,SR-226,99998,Not Reported,42.46110000,42.46110000,-76.972655560,-76.97265556,0,No Special Jurisdiction,59,"Traffic Sign Support ",0,The First Harmful Event was Not a Collision with a Motor Vehicle in Transport,0,No,3,Intersection-Related,3,T-Intersection,0,None,,,4,On Roadside,1,Daylight,,,,,1,Clear,0,No,0000000,Not Applicable,19,7:00pm-7:59pm,16,16,19,7:00pm-7:59pm,28,28,19,7:00pm-7:59pm,53,53,,,,,,,1,
2022,36,360514,New York,1,1,0,0,0,1,1,103,SUFFOLK (103),2920,ISLIP,9,9,7,July,2022,7,Saturday,5,5:00am-5:59am,41,41,1,This section IS ON the NHS,2,Urban,2,Principal Arterial - Other Freeways and Expressways,1,State Highway Agency,3,State Highway,SR-908K SAGTIKOS PARKWAY RAMP,,99998,Not Reported,40.74459167,40.74459167,-73.279947220,-73.27994722,0,No Special Jurisdiction,42,Tree (Standing Only),0,The First Harmful Event was Not a Collision with a Motor Vehicle in Transport,1,Yes,5,Entrance/Exit Ramp Related,1,Not an Intersection,0,None,,,8,Gore,4,Dawn,,,,,10,Cloudy,0,No,0000000,Not Applicable,5,5:00am-5:59am,41,41,6,6:00am-6:59am,15,15,88,"Not Applicable (Not Transported) ",88,Not Applicable (Not Transported),,,,,,,1,
2022,36,360515,New York,1,1,0,1,1,1,1,59,NASSAU (59),3380,LYNBROOK,19,19,7,July,2022,3,Tuesday,15,3:00pm-3:59pm,13,13,1,This section IS ON the NHS,2,Urban,3,Principal Arterial - Other,1,State Highway Agency,3,State Highway,SR-27 SUNRISE HWY,ATLANTIC AVE,99998,Not Reported,40.65505278,40.65505278,-73.671761110,-73.67176111,0,No Special Jurisdiction,15,Non-Motorist on Personal Conveyance,0,The First Harmful Event was Not a Collision with a Motor Vehicle in Transport,0,No,3,Intersection-Related,2,Four-Way Intersection,0,None,,,1,On Roadway,1,Daylight,,,,,1,Clear,0,No,0000000,Not Applicable,15,3:00pm-3:59pm,13,13,15,3:00pm-3:59pm,15,15,99,Unknown,99,Unknown EMS Hospital Arrival Time,,,,,,,1,
2022,36,360516,New York,1,1,0,0,0,1,1,43,HERKIMER (43),3290,LITTLE FALLS,29,29,7,July,2022,6,Friday,18,6:00pm-6:59pm,2,2,0,This section IS NOT on the NHS,2,Urban,7,Local,2,County Highway Agency,4,County Road,CR-116 ANEY HILL RD,,99998,Not Reported,42.95334722,42.95334722,-74.902822220,-74.90282222,0,No Special Jurisdiction,52,Guardrail End,0,The First Harmful Event was Not a Collision with a Motor Vehicle in Transport,0,No,1,Non-Junction,1,Not an Intersection,0,None,,,4,On Roadside,1,Daylight,,,,,1,Clear,0,No,0000000,Not Applicable,19,7:00pm-7:59pm,17,17,20,8:00pm-8:59pm,16,16,88,"Not Applicable (Not Transported) ",88,Not Applicable (Not Transported),,,,,,,1,
2022,36,360517,New York,1,1,0,1,1,1,1,45,JEFFERSON (45),6450,WATERTOWN,11,11,7,July,2022,2,Monday,6,6:00am-6:59am,55,55,0,This section IS NOT on the NHS,2,Urban,7,Local,3,Town or Township Highway Agency,5,Local Street - Township,WEAVER RD,,99998,Not Reported,43.97027222,43.97027222,-75.864452780,-75.86445278,0,No Special Jurisdiction,8,Pedestrian,0,The First Harmful Event was Not a Collision with a Motor Vehicle in Transport,0,No,1,Non-Junction,1,Not an Intersection,0,None,,,1,On Roadway,1,Daylight,,,,,1,Clear,0,No,0000000,Not Applicable,6,6:00am-6:59am,58,58,7,7:00am-7:59am,7,7,88,"Not Applicable (Not Transported) ",88,Not Applicable (Not Transported),,,,,,,1,
2022,36,360518,New York,1,1,0,1,1,1,1,119,WESTCHESTER (119),1379,CORTLANDT,5,5,7,July,2022,3,Tuesday,23,11:00pm-11:59pm,16,16,1,This section IS ON the NHS,2,Urban,3,Principal Arterial - Other,1,State Highway Agency,2,U.S. Highway,US-202,LAFAYETTE AVE,99998,Not Reported,41.29141944,41.29141944,-73.892072220,-73.89207222,0,No Special Jurisdiction,8,Pedestrian,0,The First Harmful Event was Not a Collision with a Motor Vehicle in Transport,0,No,3,Intersection-Related,2,Four-Way Intersection,0,None,,,1,On Roadway,2,Dark - Not Lighted,,,,,1,Clear,0,No,0000000,Not Applicable,23,11:00pm-11:59pm,18,18,23,11:00pm-11:59pm,19,19,99,Unknown,99,Unknown EMS Hospital Arrival Time,,,,,,,1,
2022,36,360519,New York,2,2,0,0,0,3,3,65,ONEIDA (65),6626,WESTMORELAND,15,15,7,July,2022,6,Friday,11,11:00am-11:59am,24,24,1,This section IS ON the NHS,2,Urban,3,Principal Arterial - Other,1,State Highway Agency,3,State Highway,SR-233,EUREKA RD,99998,Not Reported,43.12764722,43.12764722,-75.408675000,-75.40867500,0,No Special Jurisdiction,12,Motor Vehicle In-Transport,6,Angle,0,No,2,Intersection,3,T-Intersection,0,None,,,1,On Roadway,1,Daylight,,,,,1,Clear,0,No,0000000,Not Applicable,11,11:00am-11:59am,24,24,11,11:00am-11:59am,37,37,12,12:00pm-12:59pm,7,7,,,,,,,1,
2022,36,360520,New York,2,2,0,0,0,2,2,11,CAYUGA (11),6520,WEEDSPORT,19,19,7,July,2022,3,Tuesday,7,7:00am-7:59am,47,47,0,This section IS NOT on the NHS,2,Urban,7,Local,3,Town or Township Highway Agency,5,Local Street - Township,TANNER RD,,99998,Not Reported,43.01613889,43.01613889,-76.547266670,-76.54726667,0,No Special Jurisdiction,12,Motor Vehicle In-Transport,1,Front-to-Rear,0,No,1,Non-Junction,1,Not an Intersection,0,None,,,1,On Roadway,1,Daylight,,,,,1,Clear,0,No,0000000,Not Applicable,7,7:00am-7:59am,47,47,7,7:00am-7:59am,59,59,8,8:00am-8:59am,32,32,,,,,,,1,
2022,36,360521,New York,2,2,0,0,0,3,3,37,GENESEE (37),410,BATAVIA,14,14,7,July,2022,5,Thursday,17,5:00pm-5:59pm,18,18,0,This section IS NOT on the NHS,2,Urban,4,Minor Arterial,1,State Highway Agency,3,State Highway,SR-5 W MAIN ST,,99998,Not Reported,43.00718889,43.00718889,-78.225305560,-78.22530556,0,No Special Jurisdiction,12,Motor Vehicle In-Transport,6,Angle,0,No,8,Driveway Access Related,1,Not an Intersection,0,None,,,1,On Roadway,1,Daylight,,,,,1,Clear,0,No,0000000,Not Applicable,17,5:00pm-5:59pm,18,18,17,5:00pm-5:59pm,30,30,99,Unknown,99,Unknown EMS Hospital Arrival Time,,,,,,,1,
2022,36,360522,New York,2,2,0,0,0,2,2,93,SCHENECTADY (93),5550,SCHENECTADY,21,21,7,July,2022,5,Thursday,20,8:00pm-8:59pm,0,0,0,This section IS NOT on the NHS,2,Urban,7,Local,4,City or Municipal Highway Agency,6,Local Street - Municipality,CRANE ST,6TH AVE,99998,Not Reported,42.79797778,42.79797778,-73.947211110,-73.94721111,0,No Special Jurisdiction,12,Motor Vehicle In-Transport,6,Angle,0,No,2,Intersection,3,T-Intersection,0,None,,,1,On Roadway,1,Daylight,,,,,1,Clear,0,No,0000000,Not Applicable,99,Unknown,99,Unknown,99,Unknown EMS Scene Arrival Hour,99,Unknown EMS Scene Arrival Minutes,99,Unknown,99,Unknown EMS Hospital Arrival Time,,,,,,,1,
2022,36,360523,New York,2,2,0,0,0,4,4,81,QUEENS (81),4170,MIDDLE VILLAGE,26,26,7,July,2022,3,Tuesday,13,1:00pm-1:59pm,48,48,1,This section IS ON the NHS,2,Urban,1,Interstate,1,State Highway Agency,1,Interstate,I-295 CLEARVIEW EXPY,,99998,Not Reported,40.74079722,40.74079722,-73.769783330,-73.76978333,0,No Special Jurisdiction,12,Motor Vehicle In-Transport,1,Front-to-Rear,0,No,1,Non-Junction,1,Not an Intersection,0,None,,,1,On Roadway,1,Daylight,,,,,1,Clear,0,No,0000000,Not Applicable,99,Unknown,99,Unknown,99,Unknown EMS Scene Arrival Hour,99,Unknown EMS Scene Arrival Minutes,99,Unknown,99,Unknown EMS Hospital Arrival Time,,,,,,,1,
2022,36,360524,New York,2,2,0,0,0,4,4,53,MADISON (53),5976,STOCK BRIDGE,15,15,7,July,2022,6,Friday,16,4:00pm-4:59pm,4,4,0,This section IS NOT on the NHS,1,Rural,6,Minor Collector,2,County Highway Agency,4,County Road,CR-30 WILLIAMS RD,BROWN RD,99998,Not Reported,42.97196389,42.97196389,-75.609927780,-75.60992778,0,No Special Jurisdiction,12,Motor Vehicle In-Transport,6,Angle,0,No,2,Intersection,2,Four-Way Intersection,0,None,,,1,On Roadway,1,Daylight,,,,,1,Clear,0,No,0000000,Not Applicable,99,Unknown,99,Unknown,99,Unknown EMS Scene Arrival Hour,99,Unknown EMS Scene Arrival Minutes,99,Unknown,99,Unknown EMS Hospital Arrival Time,,,,,,,1,
2022,36,360525,New York,3,3,0,0,0,4,4,53,MADISON (53),1010,CAZENOVIA,20,20,7,July,2022,4,Wednesday,12,12:00pm-12:59pm,38,38,1,This section IS ON the NHS,1,Rural,3,Principal Arterial - Other,1,State Highway Agency,3,State Highway,SR-92,,99998,Not Reported,42.95017778,42.95017778,-75.890991670,-75.89099167,0,No Special Jurisdiction,12,Motor Vehicle In-Transport,2,Front-to-Front,0,No,1,Non-Junction,1,Not an Intersection,0,None,,,1,On Roadway,1,Daylight,,,,,1,Clear,0,No,0000000,Not Applicable,12,12:00pm-12:59pm,42,42,12,12:00pm-12:59pm,46,46,99,Unknown,99,Unknown EMS Hospital Arrival Time,,,,,,,2,
2022,36,360526,New York,1,1,0,0,0,1,1,29,ERIE (29),750,BUFFALO,16,16,7,July,2022,7,Saturday,17,5:00pm-5:59pm,31,31,1,This section IS ON the NHS,2,Urban,2,Principal Arterial - Other Freeways and Expressways,1,State Highway Agency,3,State Highway,SR-33,,99998,Not Reported,42.90182222,42.90182222,-78.847047220,-78.84704722,0,No Special Jurisdiction,25,Concrete Traffic Barrier,0,The First Harmful Event was Not a Collision with a Motor Vehicle in Transport,0,No,1,Non-Junction,1,Not an Intersection,0,None,,,3,On Median,1,Daylight,,,,,1,Clear,0,No,0000000,Not Applicable,17,5:00pm-5:59pm,31,31,99,Unknown EMS Scene Arrival Hour,99,Unknown EMS Scene Arrival Minutes,99,Unknown,99,Unknown EMS Hospital Arrival Time,,,,,,,1,
2022,36,360527,New York,1,1,0,0,0,1,1,113,WARREN (113),617,BRANT LAKE,16,16,7,July,2022,7,Saturday,20,8:00pm-8:59pm,2,2,0,This section IS NOT on the NHS,1,Rural,7,Local,3,Town or Township Highway Agency,5,Local Street - Township,"HAYESBURG RD ",BURNT HILL RD,99998,Not Reported,43.65285278,43.65285278,-73.741966670,-73.74196667,0,No Special Jurisdiction,1,Rollover/Overturn,0,The First Harmful Event was Not a Collision with a Motor Vehicle in Transport,0,No,2,Intersection,3,T-Intersection,0,None,,,1,On Roadway,1,Daylight,,,,,98,Not Reported,0,No,0000000,Not Applicable,20,8:00pm-8:59pm,2,2,20,8:00pm-8:59pm,14,14,20,8:00pm-8:59pm,33,33,,,,,,,1,
2022,36,360528,New York,1,1,0,0,0,2,2,55,MONROE (55),3681,MENDON,3,3,7,July,2022,1,Sunday,1,1:00am-1:59am,34,34,0,This section IS NOT on the NHS,2,Urban,4,Minor Arterial,1,State Highway Agency,3,State Highway,SR-64 PITTSFORD MENDON RD,,99998,Not Reported,43.01748889,43.01748889,-77.515113890,-77.51511389,0,No Special Jurisdiction,59,"Traffic Sign Support ",0,The First Harmful Event was Not a Collision with a Motor Vehicle in Transport,0,No,1,Non-Junction,1,Not an Intersection,0,None,,,4,On Roadside,2,Dark - Not Lighted,,,,,1,Clear,0,No,0000000,Not Applicable,1,1:00am-1:59am,34,34,1,1:00am-1:59am,45,45,99,Unknown,99,Unknown EMS Hospital Arrival Time,,,,,,,1,
2022,36,360529,New York,2,2,0,0,0,4,4,119,WESTCHESTER (119),4120,NEW ROCHELLE,17,17,7,July,2022,1,Sunday,18,6:00pm-6:59pm,25,25,1,This section IS ON the NHS,2,Urban,3,Principal Arterial - Other,4,City or Municipal Highway Agency,2,U.S. Highway,US-1 MAIN ST,SR-982K ECHO AVE,99998,Not Reported,40.91255000,40.91255000,-73.775677780,-73.77567778,0,No Special Jurisdiction,12,Motor Vehicle In-Transport,6,Angle,0,No,2,Intersection,2,Four-Way Intersection,0,None,,,1,On Roadway,1,Daylight,,,,,1,Clear,0,No,0000000,Not Applicable,18,6:00pm-6:59pm,25,25,18,6:00pm-6:59pm,28,28,99,Unknown,99,Unknown EMS Hospital Arrival Time,,,,,,,1,
2022,36,360530,New York,2,2,0,0,0,2,2,55,MONROE (55),1160,CHURCHVILLE,15,15,7,July,2022,6,Friday,21,9:00pm-9:59pm,2,2,0,This section IS NOT on the NHS,2,Urban,4,Minor Arterial,2,County Highway Agency,4,County Road,CR-133 MORGAN RD,UNION ST,99998,Not Reported,43.05763889,43.05763889,-77.795777780,-77.79577778,0,No Special Jurisdiction,12,Motor Vehicle In-Transport,6,Angle,0,No,2,Intersection,2,Four-Way Intersection,0,None,,,1,On Roadway,3,Dark - Lighted,,,,,1,Clear,0,No,0000000,Not Applicable,21,9:00pm-9:59pm,3,3,21,9:00pm-9:59pm,5,5,88,"Not Applicable (Not Transported) ",88,Not Applicable (Not Transported),,,,,,,1,
2022,36,360531,New York,3,3,0,0,0,3,3,81,QUEENS (81),4170,MIDDLE VILLAGE,17,17,7,July,2022,1,Sunday,17,5:00pm-5:59pm,51,51,1,This section IS ON the NHS,2,Urban,1,Interstate,1,State Highway Agency,1,Interstate,I-295 CLEARVIEW EXPY,,99998,Not Reported,40.73015833,40.73015833,-73.763288890,-73.76328889,0,No Special Jurisdiction,12,Motor Vehicle In-Transport,1,Front-to-Rear,0,No,1,Non-Junction,1,Not an Intersection,0,None,,,1,On Roadway,1,Daylight,,,,,1,Clear,0,No,0000000,Not Applicable,17,5:00pm-5:59pm,52,52,17,5:00pm-5:59pm,56,56,99,Unknown,99,Unknown EMS Hospital Arrival Time,,,,,,,1,
2022,36,360532,New York,3,3,0,0,0,3,3,81,QUEENS (81),4170,MIDDLE VILLAGE,17,17,7,July,2022,1,Sunday,13,1:00pm-1:59pm,9,9,0,This section IS NOT on the NHS,2,Urban,4,Minor Arterial,4,City or Municipal Highway Agency,6,Local Street - Municipality,BEACH CHANNEL DR,BEACH 45 ST,99998,Not Reported,40.59565833,40.59565833,-73.776511110,-73.77651111,0,No Special Jurisdiction,12,Motor Vehicle In-Transport,6,Angle,0,No,2,Intersection,2,Four-Way Intersection,0,None,,,1,On Roadway,1,Daylight,,,,,1,Clear,0,No,0000000,Not Applicable,99,Unknown,99,Unknown,99,Unknown EMS Scene Arrival Hour,99,Unknown EMS Scene Arrival Minutes,99,Unknown,99,Unknown EMS Hospital Arrival Time,,,,,,,1,
2022,36,360533,New York,1,1,0,0,0,1,1,63,NIAGARA (63),3220,LEWISTON,17,17,7,July,2022,1,Sunday,4,4:00am-4:59am,47,47,1,This section IS ON the NHS,2,Urban,3,Principal Arterial - Other,1,State Highway Agency,3,State Highway,SR-31 SAUNDERS SETTLEMENT RD,,99998,Not Reported,43.13700000,43.13700000,-78.950350000,-78.95035000,0,No Special Jurisdiction,53,Mail Box,0,The First Harmful Event was Not a Collision with a Motor Vehicle in Transport,0,No,1,Non-Junction,1,Not an Intersection,0,None,,,4,On Roadside,2,Dark - Not Lighted,,,,,1,Clear,0,No,0000000,Not Applicable,4,4:00am-4:59am,47,47,5,5:00am-5:59am,1,1,5,5:00am-5:59am,34,34,,,,,,,1,
2022,36,360534,New York,3,3,0,0,0,4,4,93,SCHENECTADY (93),4225,NISKAYUNA,17,17,7,July,2022,1,Sunday,18,6:00pm-6:59pm,9,9,1,This section IS ON the NHS,2,Urban,3,Principal Arterial - Other,1,State Highway Agency,3,State Highway,SR-7 TROY-SCHENECTADY RD,,99998,Not Reported,42.79354444,42.79354444,-73.877430560,-73.87743056,0,No Special Jurisdiction,12,Motor Vehicle In-Transport,2,Front-to-Front,0,No,1,Non-Junction,1,Not an Intersection,0,None,,,1,On Roadway,1,Daylight,,,,,1,Clear,0,No,0000000,Not Applicable,18,6:00pm-6:59pm,9,9,18,6:00pm-6:59pm,11,11,18,6:00pm-6:59pm,26,26,,,,,,,1,
2022,36,360535,New York,1,1,0,1,1,11,11,47,KINGS (47),4170,NEW YORK CITY,17,17,7,July,2022,1,Sunday,11,11:00am-11:59am,25,25,0,This section IS NOT on the NHS,2,Urban,4,Minor Arterial,4,City or Municipal Highway Agency,6,Local Street - Municipality,7TH AVE,OVINGTON AVE,99998,Not Reported,40.63068889,40.63068889,-74.017391670,-74.01739167,0,No Special Jurisdiction,8,Pedestrian,0,The First Harmful Event was Not a Collision with a Motor Vehicle in Transport,0,No,3,Intersection-Related,2,Four-Way Intersection,0,None,,,1,On Roadway,1,Daylight,,,,,1,Clear,0,No,0000000,Not Applicable,99,Unknown,99,Unknown,99,Unknown EMS Scene Arrival Hour,99,Unknown EMS Scene Arrival Minutes,99,Unknown,99,Unknown EMS Hospital Arrival Time,,,,,,,1,
2022,36,360536,New York,1,1,0,0,0,1,1,1,ALBANY (1),3680,MENANDS,5,5,7,July,2022,3,Tuesday,11,11:00am-11:59am,12,12,1,This section IS ON the NHS,2,Urban,1,Interstate,1,State Highway Agency,1,Interstate,I-787 RAMP,,99998,Not Reported,42.69638333,42.69638333,-73.708894440,-73.70889444,0,No Special Jurisdiction,52,Guardrail End,0,The First Harmful Event was Not a Collision with a Motor Vehicle in Transport,1,Yes,5,Entrance/Exit Ramp Related,1,Not an Intersection,0,None,,,4,On Roadside,1,Daylight,,,,,1,Clear,0,No,0000000,Not Applicable,11,11:00am-11:59am,23,23,11,11:00am-11:59am,33,33,88,"Not Applicable (Not Transported) ",88,Not Applicable (Not Transported),,,,,,,1,
2022,36,360537,New York,1,1,0,1,1,1,1,103,SUFFOLK (103),705,BROOKHAVEN,24,24,7,July,2022,1,Sunday,17,5:00pm-5:59pm,28,28,1,This section IS ON the NHS,2,Urban,3,Principal Arterial - Other,1,State Highway Agency,3,State Highway,SR-112 MEDFORD AVE,,99998,Not Reported,40.78833611,40.78833611,-73.008947220,-73.00894722,0,No Special Jurisdiction,8,Pedestrian,0,The First Harmful Event was Not a Collision with a Motor Vehicle in Transport,0,No,1,Non-Junction,1,Not an Intersection,0,None,,,1,On Roadway,1,Daylight,,,,,1,Clear,0,No,0000000,Not Applicable,99,Unknown,99,Unknown,99,Unknown EMS Scene Arrival Hour,99,Unknown EMS Scene Arrival Minutes,99,Unknown,99,Unknown EMS Hospital Arrival Time,,,,,,,1,