caseyear,state,st_case,statename,ve_total,ve_forms,pvh_invl,peds,pernotmvit,permvit,persons,county,countyname,city,cityname,day,dayname,month,monthname,year,day_week,day_weekname,hour,hourname,minute,minutename,nhs,nhsname,rur_urb,rur_urbname,func_sys,func_sysname,rd_owner,rd_ownername,route,routename,tway_id,tway_id2,milept,mileptname,latitude,latitudename,longitud,longitudname,sp_jur,sp_jurname,harm_ev,harm_evname,man_coll,man_collname,reljct1,reljct1name,reljct2,reljct2name,typ_int,typ_intname,wrk_zone,wrk_zonename,road_fnc,road_fncname,rel_road,rel_roadname,lgt_cond,lgt_condname,weather1,weather1name,weather2,weather2name,weather,weathername,sch_bus,sch_busname,rail,railname,not_hour,not_hourname,not_min,not_minname,arr_hour,arr_hourname,arr_min,arr_minname,hosp_hr,hosp_hrname,hosp_mn,hosp_mnname,cf1,cf1name,cf2,cf2name,cf3,cf3name,fatals,drunk_dr
2022,36,360538,New York,3,3,0,0,0,3,3,63,NIAGARA (63),4330,NORTH TONAWANDA,12,12,7,July,2022,3,Tuesday,7,7:00am-7:59am,22,22,1,This section IS ON the NHS,2,Urban,3,Principal Arterial - Other,1,State Highway Agency,2,U.S. Highway,US-62 NIAGARA FALLS BLVD,WITMER RD,99998,Not Reported,43.09107222,43.09107222,-78.901422220,-78.90142222,0,No Special Jurisdiction,12,Motor Vehicle In-Transport,2,Front-to-Front,0,No,2,Intersection,3,T-Intersection,0,None,,,1,On Roadway,1,Daylight,,,,,1,Clear,0,No,0000000,Not Applicable,7,7:00am-7:59am,22,22,7,7:00am-7:59am,29,29,8,8:00am-8:59am,20,20,,,,,,,1,
2022,36,360539,New York,2,2,0,0,0,2,2,83,RENSSELAER (83),5540,SCHAGHTICOKE,15,15,2,February,2022,3,Tuesday,7,7:00am-7:59am,34,34,0,This section IS NOT on the NHS,1,Rural,4,Minor Arterial,1,State Highway Agency,3,State Highway,SR-67 OLD SCHAGHTICOKE RD,,99998,Not Reported,42.89613611,42.89613611,-73.621594440,-73.62159444,0,No Special Jurisdiction,12,Motor Vehicle In-Transport,1,Front-to-Rear,0,No,1,Non-Junction,1,Not an Intersection,0,None,,,1,On Roadway,1,Daylight,,,,,1,Clear,0,No,0000000,Not Applicable,7,7:00am-7:59am,37,37,7,7:00am-7:59am,39,39,8,8:00am-8:59am,28,28,,,,,,,1,
2022,36,360540,New York,2,2,0,0,0,4,4,119,WESTCHESTER (119),6040,TARRYTOWN,30,30,4,April,2022,7,Saturday,17,5:00pm-5:59pm,58,58,1,This section IS ON the NHS,2,Urban,1,Interstate,1,State Highway Agency,1,Interstate,I-87,,99998,Not Reported,41.03147222,41.03147222,-73.841186110,-73.84118611,0,No Special Jurisdiction,12,Motor Vehicle In-Transport,1,Front-to-Rear,0,No,1,Non-Junction,1,Not an Intersection,0,None,,,1,On Roadway,1,Daylight,,,,,1,Clear,0,No,0000000,Not Applicable,17,5:00pm-5:59pm,58,58,18,6:00pm-6:59pm,6,6,18,6:00pm-6:59pm,32,32,,,,,,,1,
2022,36,360541,New York,1,1,0,0,0,2,2,85,RICHMOND (85),4170,NEW YORK CITY,7,7,7,July,2022,5,Thursday,20,8:00pm-8:59pm,50,50,0,This section IS NOT on the NHS,2,Urban,7,Local,4,City or Municipal Highway Agency,6,Local Street - Municipality,WOODVALE AVE,,99998,Not Reported,40.52360000,40.52360000,-74.209622220,-74.20962222,0,No Special Jurisdiction,33,Curb,0,The First Harmful Event was Not a Collision with a Motor Vehicle in Transport,0,No,1,Non-Junction,1,Not an Intersection,0,None,,,4,On Roadside,3,Dark - Lighted,,,,,1,Clear,0,No,0000000,Not Applicable,99,Unknown,99,Unknown,99,Unknown EMS Scene Arrival Hour,99,Unknown EMS Scene Arrival Minutes,99,Unknown,99,Unknown EMS Hospital Arrival Time,,,,,,,1,
2022,36,360542,New York,2,2,0,0,0,2,2,5,BRONX (5),4170,NEW YORK CITY,15,15,7,July,2022,6,Friday,22,10:00pm-10:59pm,30,30,1,This section IS ON the NHS,2,Urban,3,Principal Arterial - Other,4,City or Municipal Highway Agency,6,Local Street - Municipality,GRAND CONCOURSE,E 144 ST,99998,Not Reported,40.81649167,40.81649167,-73.928158330,-73.92815833,0,No Special Jurisdiction,12,Motor Vehicle In-Transport,1,Front-to-Rear,0,No,2,Intersection,2,Four-Way Intersection,0,None,,,1,On Roadway,3,Dark - Lighted,,,,,1,Clear,0,No,0000000,Not Applicable,99,Unknown,99,Unknown,99,Unknown EMS Scene Arrival Hour,99,Unknown EMS Scene Arrival Minutes,99,Unknown,99,Unknown EMS Hospital Arrival Time,,,,,,,1,
2022,36,360543,New York,3,3,0,0,0,6,6,5,BRONX (5),4170,NEW YORK CITY,19,19,7,July,2022,3,Tuesday,14,2:00pm-2:59pm,25,25,0,This section IS NOT on the NHS,2,Urban,5,Major Collector,4,City or Municipal Highway Agency,6,Local Street - Municipality,MORRISON AVE,HARROD PL,99998,Not Reported,40.82905000,40.82905000,-73.874419440,-73.87441944,0,No Special Jurisdiction,12,Motor Vehicle In-Transport,2,Front-to-Front,0,No,2,Intersection,3,T-Intersection,0,None,,,1,On Roadway,1,Daylight,,,,,1,Clear,0,No,0000000,Not Applicable,99,Unknown,99,Unknown,99,Unknown EMS Scene Arrival Hour,99,Unknown EMS Scene Arrival Minutes,99,Unknown,99,Unknown EMS Hospital Arrival Time,,,,,,,2,
2022,36,360544,New York,1,1,0,1,1,1,1,5,BRONX (5),4170,NEW YORK CITY,20,20,7,July,2022,4,Wednesday,22,10:00pm-10:59pm,4,4,0,This section IS NOT on the NHS,2,Urban,4,Minor Arterial,4,City or Municipal Highway Agency,6,Local Street - Municipality,BRONXWOOD AVE,WILLIAMSBRIDGE RD,99998,Not Reported,40.86734167,40.86734167,-73.861444440,-73.86144444,0,No Special Jurisdiction,9,Pedalcyclist,0,The First Harmful Event was Not a Collision with a Motor Vehicle in Transport,0,No,2,Intersection,3,T-Intersection,0,None,,,1,On Roadway,3,Dark - Lighted,,,,,1,Clear,0,No,0000000,Not Applicable,22,10:00pm-10:59pm,4,4,99,Unknown EMS Scene Arrival Hour,99,Unknown EMS Scene Arrival Minutes,99,Unknown,99,Unknown EMS Hospital Arrival Time,,,,,,,1,
2022,36,360545,New York,1,1,0,1,1,1,1,81,QUEENS (81),4170,MIDDLE VILLAGE,20,20,7,July,2022,4,Wednesday,17,5:00pm-5:59pm,59,59,0,This section IS NOT on the NHS,2,Urban,4,Minor Arterial,4,City or Municipal Highway Agency,6,Local Street - Municipality,VERNON BLVD,44 DR,99998,Not Reported,40.74901111,40.74901111,-73.952227780,-73.95222778,0,No Special Jurisdiction,15,Non-Motorist on Personal Conveyance,0,The First Harmful Event was Not a Collision with a Motor Vehicle in Transport,0,No,2,Intersection,2,Four-Way Intersection,0,None,,,1,On Roadway,1,Daylight,,,,,1,Clear,0,No,0000000,Not Applicable,99,Unknown,99,Unknown,99,Unknown EMS Scene Arrival Hour,99,Unknown EMS Scene Arrival Minutes,99,Unknown,99,Unknown EMS Hospital Arrival Time,,,,,,,1,
2022,36,360546,New York,4,2,2,0,0,4,4,25,DELAWARE (25),1454,DAVENPORT,26,26,7,July,2022,3,Tuesday,21,9:00pm-9:59pm,45,45,0,This section IS NOT on the NHS,2,Urban,4,Minor Arterial,2,County Highway Agency,3,State Highway,SR-23,CR-10,99998,Not Reported,42.44828056,42.44828056,-74.918780560,-74.91878056,0,No Special Jurisdiction,12,Motor Vehicle In-Transport,6,Angle,0,No,2,Intersection,2,Four-Way Intersection,0,None,,,1,On Roadway,3,Dark - Lighted,,,,,1,Clear,0,No,0000000,Not Applicable,21,9:00pm-9:59pm,47,47,21,9:00pm-9:59pm,51,51,99,Unknown,99,Unknown EMS Hospital Arrival Time,,,,,,,1,
2022,36,360547,New York,1,1,0,1,1,1,1,5,BRONX (5),4170,NEW YORK CITY,27,27,7,July,2022,4,Wednesday,8,8:00am-8:59am,30,30,0,This section IS NOT on the NHS,2,Urban,7,Local,4,City or Municipal Highway Agency,6,Local Street - Municipality,W 235 ST,OXFORD AVE,99998,Not Reported,40.88556111,40.88556111,-73.908997220,-73.90899722,0,No Special Jurisdiction,8,Pedestrian,0,The First Harmful Event was Not a Collision with a Motor Vehicle in Transport,0,No,3,Intersection-Related,2,Four-Way Intersection,0,None,,,1,On Roadway,1,Daylight,,,,,1,Clear,0,No,0000000,Not Applicable,99,Unknown,99,Unknown,99,Unknown EMS Scene Arrival Hour,99,Unknown EMS Scene Arrival Minutes,99,Unknown,99,Unknown EMS Hospital Arrival Time,,,,,,,1,
2022,36,360548,New York,1,1,0,0,0,1,1,77,OTSEGO (77),4097,NEW LISBON,27,27,7,July,2022,4,Wednesday,0,0:00am-0:59am,28,28,0,This section IS NOT on the NHS,1,Rural,5,Major Collector,2,County Highway Agency,4,County Road,CR-13,,99998,Not Reported,42.57863611,42.57863611,-75.257505560,-75.25750556,0,No Special Jurisdiction,35,Embankment,0,The First Harmful Event was Not a Collision with a Motor Vehicle in Transport,0,No,1,Non-Junction,1,Not an Intersection,0,None,,,4,On Roadside,2,Dark - Not Lighted,,,,,10,Cloudy,0,No,0000000,Not Applicable,0,0:00am-0:59am,28,28,1,1:00am-1:59am,0,0,88,"Not Applicable (Not Transported) ",88,Not Applicable (Not Transported),,,,,,,1,
2022,36,360549,New York,2,2,0,0,0,3,3,101,STEUBEN (101),420,BATH,29,29,7,July,2022,6,Friday,12,12:00pm-12:59pm,30,30,1,This section IS ON the NHS,1,Rural,1,Interstate,1,State Highway Agency,1,Interstate,I-86,,99998,Not Reported,42.32604444,42.32604444,-77.308533330,-77.30853333,0,No Special Jurisdiction,24,Guardrail Face,0,The First Harmful Event was Not a Collision with a Motor Vehicle in Transport,0,No,1,Non-Junction,1,Not an Intersection,0,None,,,3,On Median,1,Daylight,,,,,1,Clear,0,No,0000000,Not Applicable,12,12:00pm-12:59pm,30,30,12,12:00pm-12:59pm,40,40,99,Unknown,99,Unknown EMS Hospital Arrival Time,,,,,,,1,
2022,36,360550,New York,1,1,0,0,0,1,1,93,SCHENECTADY (93),1592,DUANESBURG,3,3,5,May,2022,3,Tuesday,19,7:00pm-7:59pm,15,15,1,This section IS ON the NHS,2,Urban,1,Interstate,1,State Highway Agency,1,Interstate,I-88,,99998,Not Reported,42.77753889,42.77753889,-74.047844440,-74.04784444,0,No Special Jurisdiction,42,Tree (Standing Only),0,The First Harmful Event was Not a Collision with a Motor Vehicle in Transport,0,No,1,Non-Junction,1,Not an Intersection,0,None,,,4,On Roadside,5,Dusk,,,,,1,Clear,0,No,0000000,Not Applicable,19,7:00pm-7:59pm,17,17,19,7:00pm-7:59pm,32,32,88,"Not Applicable (Not Transported) ",88,Not Applicable (Not Transported),,,,,,,1,
2022,36,360551,New York,1,1,0,0,0,1,1,69,ONTARIO (69),830,CANANDAIGUA,24,24,7,July,2022,1,Sunday,16,4:00pm-4:59pm,23,23,0,This section IS NOT on the NHS,2,Urban,7,Local,3,Town or Township Highway Agency,5,Local Street - Township,LAKE HILL DR,,99998,Not Reported,42.82344722,42.82344722,-77.286194440,-77.28619444,0,No Special Jurisdiction,43,Other Fixed Object,0,The First Harmful Event was Not a Collision with a Motor Vehicle in Transport,0,No,1,Non-Junction,1,Not an Intersection,0,None,,,4,On Roadside,1,Daylight,,,,,10,Cloudy,0,No,0000000,Not Applicable,16,4:00pm-4:59pm,23,23,16,4:00pm-4:59pm,33,33,17,5:00pm-5:59pm,8,8,,,,,,,1,
2022,36,360552,New York,1,1,0,0,0,1,1,67,ONONDAGA (67),1179,CLAY,30,30,7,July,2022,7,Saturday,6,6:00am-6:59am,19,19,0,This section IS NOT on the NHS,2,Urban,5,Major Collector,2,County Highway Agency,4,County Road,CR-141 VERPLANK RD,,99998,Not Reported,43.19517778,43.19517778,-76.254069440,-76.25406944,0,No Special Jurisdiction,42,Tree (Standing Only),0,The First Harmful Event was Not a Collision with a Motor Vehicle in Transport,0,No,1,Non-Junction,1,Not an Intersection,0,None,,,4,On Roadside,1,Daylight,,,,,10,Cloudy,0,No,0000000,Not Applicable,99,Unknown,99,Unknown,99,Unknown EMS Scene Arrival Hour,99,Unknown EMS Scene Arrival Minutes,88,"Not Applicable (Not Transported) ",88,Not Applicable (Not Transported),,,,,,,1,
2022,36,360553,New York,1,1,0,0,0,1,1,11,CAYUGA (11),960,CATO,29,29,7,July,2022,6,Friday,9,9:00am-9:59am,16,16,0,This section IS NOT on the NHS,1,Rural,6,Minor Collector,2,County Highway Agency,4,County Road,CR-17A SLAYTON RD,,99998,Not Reported,43.16059444,43.16059444,-76.586588890,-76.58658889,0,No Special Jurisdiction,42,Tree (Standing Only),0,The First Harmful Event was Not a Collision with a Motor Vehicle in Transport,0,No,1,Non-Junction,1,Not an Intersection,0,None,,,4,On Roadside,1,Daylight,,,,,1,Clear,0,No,0000000,Not Applicable,9,9:00am-9:59am,16,16,9,9:00am-9:59am,21,21,88,"Not Applicable (Not Transported) ",88,Not Applicable (Not Transported),,,,,,,1,
2022,36,360554,New York,1,1,0,2,2,1,1,91,SARATOGA (91),390,BALLSTON SPA,15,15,3,March,2022,3,Tuesday,13,1:00pm-1:59pm,25,25,0,This section IS NOT on the NHS,1,Rural,7,Local,2,County Highway Agency,4,County Road,CR-56 HOP CITY RD,,99998,Not Reported,42.95893333,42.95893333,-73.919258330,-73.91925833,0,No Special Jurisdiction,8,Pedestrian,0,The First Harmful Event was Not a Collision with a Motor Vehicle in Transport,0,No,1,Non-Junction,1,Not an Intersection,0,None,,,1,On Roadway,1,Daylight,,,,,10,Cloudy,0,No,0000000,Not Applicable,99,Unknown,99,Unknown,99,Unknown EMS Scene Arrival Hour,99,Unknown EMS Scene Arrival Minutes,99,Unknown,99,Unknown EMS Hospital Arrival Time,,,,,,,1,
2022,36,360555,New York,2,2,0,2,2,1,1,79,PUTNAM (79),900,CARMEL,2,2,7,July,2022,7,Saturday,1,1:00am-1:59am,15,15,1,This section IS ON the NHS,2,Urban,1,Interstate,1,State Highway Agency,1,Interstate,I-84,,99998,Not Reported,99.99990000,99.99990000,999.999900000,999.99990000,0,No Special Jurisdiction,8,Pedestrian,0,The First Harmful Event was Not a Collision with a Motor Vehicle in Transport,0,No,1,Non-Junction,1,Not an Intersection,0,None,,,1,On Roadway,2,Dark - Not Lighted,,,,,2,Rain,0,No,0000000,Not Applicable,1,1:00am-1:59am,17,17,1,1:00am-1:59am,17,17,99,Unknown,99,Unknown EMS Hospital Arrival Time,,,,,,,2,
2022,36,360556,New York,2,2,0,0,0,5,5,71,ORANGE (71),4060,NEWBURGH,30,30,7,July,2022,7,Saturday,21,9:00pm-9:59pm,22,22,0,This section IS NOT on the NHS,2,Urban,5,Major Collector,1,State Highway Agency,3,State Highway,SR-980P SOUTH ST,PIERCES RD,99998,Not Reported,41.50959722,41.50959722,-74.039519440,-74.03951944,0,No Special Jurisdiction,12,Motor Vehicle In-Transport,6,Angle,0,No,2,Intersection,3,T-Intersection,0,None,,,1,On Roadway,5,Dusk,,,,,1,Clear,0,No,0000000,Not Applicable,21,9:00pm-9:59pm,22,22,21,9:00pm-9:59pm,27,27,21,9:00pm-9:59pm,38,38,,,,,,,1,
2022,36,360557,New York,1,1,0,1,1,1,1,61,NEW YORK (61),4170,NEW YORK,17,17,7,July,2022,1,Sunday,16,4:00pm-4:59pm,44,44,0,This section IS NOT on the NHS,2,Urban,4,Minor Arterial,4,City or Municipal Highway Agency,6,Local Street - Municipality,8TH AVE ADAM CLAYTON POWELL JR,W 116TH ST,0,None,40.80328611,40.80328611,-73.952380560,-73.95238056,0,No Special Jurisdiction,8,Pedestrian,0,The First Harmful Event was Not a Collision with a Motor Vehicle in Transport,0,No,3,Intersection-Related,2,Four-Way Intersection,0,None,,,1,On Roadway,1,Daylight,,,,,10,Cloudy,0,No,0000000,Not Applicable,99,Unknown,99,Unknown,99,Unknown EMS Scene Arrival Hour,99,Unknown EMS Scene Arrival Minutes,99,Unknown,99,Unknown EMS Hospital Arrival Time,,,,,,,1,
2022,36,360558,New York,1,1,0,1,1,1,1,87,ROCKLAND (87),2700,HILLBURN,22,22,4,April,2022,6,Friday,20,8:00pm-8:59pm,38,38,1,This section IS ON the NHS,2,Urban,3,Principal Arterial - Other,1,State Highway Agency,3,State Highway,SR-59 ORANGE TPK,,99998,Not Reported,41.12386389,41.12386389,-74.160977780,-74.16097778,0,No Special Jurisdiction,8,Pedestrian,0,The First Harmful Event was Not a Collision with a Motor Vehicle in Transport,0,No,1,Non-Junction,1,Not an Intersection,0,None,,,1,On Roadway,3,Dark - Lighted,,,,,1,Clear,0,No,0000000,Not Applicable,20,8:00pm-8:59pm,41,41,20,8:00pm-8:59pm,43,43,88,"Not Applicable (Not Transported) ",88,Not Applicable (Not Transported),,,,,,,1,
2022,36,360559,New York,2,2,0,0,0,2,2,25,DELAWARE (25),5326,ROXBURY,21,21,7,July,2022,5,Thursday,10,10:00am-10:59am,35,35,0,This section IS NOT on the NHS,1,Rural,4,Minor Arterial,1,State Highway Agency,3,State Highway,SR-23,,99998,Not Reported,42.36099722,42.36099722,-74.478466670,-74.47846667,0,No Special Jurisdiction,12,Motor Vehicle In-Transport,2,Front-to-Front,0,No,1,Non-Junction,1,Not an Intersection,0,None,,,1,On Roadway,1,Daylight,,,,,10,Cloudy,0,No,0000000,Not Applicable,10,10:00am-10:59am,35,35,10,10:00am-10:59am,44,44,99,Unknown,99,Unknown EMS Hospital Arrival Time,,,,,,,1,
2022,36,360560,New York,1,1,0,1,1,1,1,61,NEW YORK (61),4170,NEW YORK,3,3,5,May,2022,3,Tuesday,17,5:00pm-5:59pm,55,55,0,This section IS NOT on the NHS,2,Urban,7,Local,4,City or Municipal Highway Agency,6,Local Street - Municipality,E 77TH ST,1ST AVE,0,None,40.77108889,40.77108889,-73.953780560,-73.95378056,0,No Special Jurisdiction,8,Pedestrian,0,The First Harmful Event was Not a Collision with a Motor Vehicle in Transport,0,No,3,Intersection-Related,2,Four-Way Intersection,0,None,,,1,On Roadway,5,Dusk,,,,,10,Cloudy,0,No,0000000,Not Applicable,99,Unknown,99,Unknown,99,Unknown EMS Scene Arrival Hour,99,Unknown EMS Scene Arrival Minutes,99,Unknown,99,Unknown EMS Hospital Arrival Time,,,,,,,1,
2022,36,360561,New York,2,2,0,0,0,2,2,91,SARATOGA (91),6731,WILTON,9,9,6,June,2022,5,Thursday,7,7:00am-7:59am,28,28,0,This section IS NOT on the NHS,2,Urban,4,Minor Arterial,1,State Highway Agency,2,U.S. Highway,US-9,MOUNTAIN LEDGE DR,99998,Not Reported,43.13302778,43.13302778,-73.769466670,-73.76946667,0,No Special Jurisdiction,12,Motor Vehicle In-Transport,6,Angle,0,No,2,Intersection,3,T-Intersection,0,None,,,1,On Roadway,1,Daylight,,,,,2,Rain,0,No,0000000,Not Applicable,7,7:00am-7:59am,28,28,7,7:00am-7:59am,34,34,7,7:00am-7:59am,56,56,,,,,,,1,
2022,36,360562,New York,1,1,0,1,1,1,1,119,WESTCHESTER (119),6040,TARRYTOWN,4,4,8,August,2022,5,Thursday,7,7:00am-7:59am,19,19,0,This section IS NOT on the NHS,2,Urban,5,Major Collector,3,Town or Township Highway Agency,5,Local Street - Township,MCKEEL AVE,,0,None,41.07862778,41.07862778,-73.856886110,-73.85688611,0,No Special Jurisdiction,8,Pedestrian,0,The First Harmful Event was Not a Collision with a Motor Vehicle in Transport,0,No,8,Driveway Access Related,1,Not an Intersection,0,None,,,1,On Roadway,1,Daylight,,,,,1,Clear,0,No,0000000,Not Applicable,7,7:00am-7:59am,19,19,7,7:00am-7:59am,21,21,7,7:00am-7:59am,45,45,,,,,,,1,
2022,36,360563,New York,1,1,0,1,1,1,1,81,QUEENS (81),4170,MIDDLE VILLAGE,14,14,8,August,2022,1,Sunday,19,7:00pm-7:59pm,40,40,1,This section IS ON the NHS,2,Urban,3,Principal Arterial - Other,4,City or Municipal Highway Agency,6,Local Street - Municipality,MYRTLE AVE,,0,None,40.70034444,40.70034444,-73.904205560,-73.90420556,0,No Special Jurisdiction,8,Pedestrian,0,The First Harmful Event was Not a Collision with a Motor Vehicle in Transport,0,No,1,Non-Junction,1,Not an Intersection,0,None,,,1,On Roadway,3,Dark - Lighted,,,,,1,Clear,0,No,0000000,Not Applicable,99,Unknown,99,Unknown,99,Unknown EMS Scene Arrival Hour,99,Unknown EMS Scene Arrival Minutes,88,"Not Applicable (Not Transported) ",88,Not Applicable (Not Transported),,,,,,,1,
2022,36,360564,New York,2,1,1,0,0,1,1,85,RICHMOND (85),4170,NEW YORK CITY,17,17,7,July,2022,1,Sunday,3,3:00am-3:59am,45,45,1,This section IS ON the NHS,2,Urban,3,Principal Arterial - Other,4,City or Municipal Highway Agency,6,Local Street - Municipality,HYLAN BLVD,,99998,Not Reported,40.53694167,40.53694167,-74.150780560,-74.15078056,0,No Special Jurisdiction,14,Parked Motor Vehicle,0,The First Harmful Event was Not a Collision with a Motor Vehicle in Transport,0,No,1,Non-Junction,1,Not an Intersection,0,None,,,7,In Parking Lane/Zone,3,Dark - Lighted,,,,,2,Rain,0,No,0000000,Not Applicable,99,Unknown,99,Unknown,99,Unknown EMS Scene Arrival Hour,99,Unknown EMS Scene Arrival Minutes,99,Unknown,99,Unknown EMS Hospital Arrival Time,,,,,,,1,
2022,36,360565,New York,2,1,1,0,0,1,1,5,BRONX (5),4170,NEW YORK CITY,24,24,7,July,2022,1,Sunday,18,6:00pm-6:59pm,28,28,1,This section IS ON the NHS,2,Urban,3,Principal Arterial - Other,4,City or Municipal Highway Agency,6,Local Street - Municipality,E TREMONT AVE,,99998,Not Reported,40.84516667,40.84516667,-73.890488890,-73.89048889,0,No Special Jurisdiction,14,Parked Motor Vehicle,0,The First Harmful Event was Not a Collision with a Motor Vehicle in Transport,0,No,1,Non-Junction,1,Not an Intersection,0,None,,,7,In Parking Lane/Zone,1,Daylight,,,,,1,Clear,0,No,0000000,Not Applicable,16,4:00pm-4:59pm,28,28,16,4:00pm-4:59pm,32,32,99,Unknown,99,Unknown EMS Hospital Arrival Time,,,,,,,1,
2022,36,360566,New York,2,2,0,0,0,2,2,21,COLUMBIA (21),1327,COPAKE,31,31,7,July,2022,1,Sunday,10,10:00am-10:59am,50,50,0,This section IS NOT on the NHS,1,Rural,6,Minor Collector,2,County Highway Agency,4,County Road,CR-7A,TAMARAC RD,99998,Not Reported,42.09441944,42.09441944,-73.574713890,-73.57471389,0,No Special Jurisdiction,12,Motor Vehicle In-Transport,8,Sideswipe - Opposite Direction,0,No,2,Intersection,3,T-Intersection,0,None,,,1,On Roadway,1,Daylight,,,,,10,Cloudy,0,No,0000000,Not Applicable,10,10:00am-10:59am,52,52,10,10:00am-10:59am,56,56,99,Unknown,99,Unknown EMS Hospital Arrival Time,,,,,,,1,
2022,36,360567,New York,2,2,0,0,0,4,4,47,KINGS (47),4170,NEW YORK CITY,8,8,8,August,2022,2,Monday,22,10:00pm-10:59pm,4,4,0,This section IS NOT on the NHS,2,Urban,7,Local,4,City or Municipal Highway Agency,6,Local Street - Municipality,GATEWAY DR,SCHROEDERS AVE,99998,Not Reported,40.65306389,40.65306389,-73.877241670,-73.87724167,0,No Special Jurisdiction,12,Motor Vehicle In-Transport,6,Angle,0,No,2,Intersection,3,T-Intersection,0,None,,,1,On Roadway,3,Dark - Lighted,,,,,1,Clear,0,No,0000000,Not Applicable,22,10:00pm-10:59pm,4,4,99,Unknown EMS Scene Arrival Hour,99,Unknown EMS Scene Arrival Minutes,99,Unknown,99,Unknown EMS Hospital Arrival Time,,,,,,,1,
2022,36,360568,New York,2,2,0,0,0,3,3,29,ERIE (29),750,BUFFALO,31,31,7,July,2022,1,Sunday,0,0:00am-0:59am,56,56,1,This section IS ON the NHS,2,Urban,3,Principal Arterial - Other,1,State Highway Agency,2,U.S. Highway,US-62 BAILEY AVE,SR-954L- BROADWAY,99998,Not Reported,42.89690278,42.89690278,-78.813980560,-78.81398056,0,No Special Jurisdiction,12,Motor Vehicle In-Transport,2,Front-to-Front,0,No,2,Intersection,4,Y-Intersection,0,None,,,1,On Roadway,3,Dark - Lighted,,,,,1,Clear,0,No,0000000,Not Applicable,0,0:00am-0:59am,56,56,99,Unknown EMS Scene Arrival Hour,99,Unknown EMS Scene Arrival Minutes,99,Unknown,99,Unknown EMS Hospital Arrival Time,,,,,,,2,
2022,36,360569,New York,5,2,3,2,2,5,5,61,NEW YORK (61),4170,NEW YORK,3,3,8,August,2022,4,Wednesday,4,4:00am-4:59am,0,0,0,This section IS NOT on the NHS,2,Urban,7,Local,4,City or Municipal Highway Agency,6,Local Street - Municipality,SHERMAN AVE,W 207 ST,99998,Not Reported,40.86576111,40.86576111,-73.920000000,-73.92000000,0,No Special Jurisdiction,12,Motor Vehicle In-Transport,6,Angle,0,No,2,Intersection,2,Four-Way Intersection,0,None,,,1,On Roadway,3,Dark - Lighted,,,,,1,Clear,0,No,0000000,Not Applicable,99,Unknown,99,Unknown,99,Unknown EMS Scene Arrival Hour,99,Unknown EMS Scene Arrival Minutes,99,Unknown,99,Unknown EMS Hospital Arrival Time,,,,,,,2,
2022,36,360570,New York,2,2,0,0,0,3,3,81,QUEENS (81),4170,MIDDLE VILLAGE,10,10,8,August,2022,4,Wednesday,6,6:00am-6:59am,8,8,1,This section IS ON the NHS,2,Urban,3,Principal Arterial - Other,1,State Highway Agency,3,State Highway,SR-25 QUEENS BLVD SERVICE RD,,99998,Not Reported,40.74193333,40.74193333,-73.906527780,-73.90652778,0,No Special Jurisdiction,12,Motor Vehicle In-Transport,11,"Other ",0,No,1,Non-Junction,1,Not an Intersection,0,None,,,1,On Roadway,1,Daylight,,,,,1,Clear,0,No,0000000,Not Applicable,6,6:00am-6:59am,8,8,99,Unknown EMS Scene Arrival Hour,99,Unknown EMS Scene Arrival Minutes,99,Unknown,99,Unknown EMS Hospital Arrival Time,,,,,,,1,
2022,36,360571,New York,1,1,0,1,1,1,1,55,MONROE (55),5230,ROCHESTER,3,3,8,August,2022,4,Wednesday,0,0:00am-0:59am,8,8,1,This section IS ON the NHS,2,Urban,3,Principal Arterial - Other,1,State Highway Agency,3,State Highway,SR-940M LAKE AVE,,99998,Not Reported,43.22086944,43.22086944,-77.628227780,-77.62822778,0,No Special Jurisdiction,9,Pedalcyclist,0,The First Harmful Event was Not a Collision with a Motor Vehicle in Transport,0,No,1,Non-Junction,1,Not an Intersection,0,None,,,1,On Roadway,3,Dark - Lighted,,,,,1,Clear,0,No,0000000,Not Applicable,0,0:00am-0:59am,10,10,0,0:00am-0:59am,16,16,0,0:00am-0:59am,29,29,,,,,,,1,
2022,36,360572,New York,2,2,0,0,0,3,3,5,BRONX (5),4170,NEW YORK CITY,14,14,8,August,2022,1,Sunday,21,9:00pm-9:59pm,22,22,0,This section IS NOT on the NHS,2,Urban,4,Minor Arterial,4,City or Municipal Highway Agency,6,Local Street - Municipality,BAILEY AVE,W 193RD ST,0,None,40.87081389,40.87081389,-73.906872220,-73.90687222,0,No Special Jurisdiction,12,Motor Vehicle In-Transport,6,Angle,0,No,2,Intersection,3,T-Intersection,0,None,,,1,On Roadway,3,Dark - Lighted,,,,,1,Clear,0,No,0000000,Not Applicable,99,Unknown,99,Unknown,99,Unknown EMS Scene Arrival Hour,99,Unknown EMS Scene Arrival Minutes,99,Unknown,99,Unknown EMS Hospital Arrival Time,,,,,,,1,
2022,36,360573,New York,1,1,0,0,0,1,1,69,ONTARIO (69),3490,MANCHESTER,4,4,8,August,2022,5,Thursday,9,9:00am-9:59am,29,29,0,This section IS NOT on the NHS,1,Rural,7,Local,3,Town or Township Highway Agency,5,Local Street - Township,BIRD RD,,99998,Not Reported,43.01647778,43.01647778,-77.166127780,-77.16612778,0,No Special Jurisdiction,1,Rollover/Overturn,0,The First Harmful Event was Not a Collision with a Motor Vehicle in Transport,0,No,1,Non-Junction,1,Not an Intersection,0,None,,,5,Outside Trafficway,1,Daylight,,,,,10,Cloudy,0,No,0000000,Not Applicable,9,9:00am-9:59am,29,29,9,9:00am-9:59am,41,41,88,"Not Applicable (Not Transported) ",88,Not Applicable (Not Transported),,,,,,,1,