caseyear,state,st_case,statename,ve_total,ve_forms,pvh_invl,peds,pernotmvit,permvit,persons,county,countyname,city,cityname,day,dayname,month,monthname,year,day_week,day_weekname,hour,hourname,minute,minutename,nhs,nhsname,rur_urb,rur_urbname,func_sys,func_sysname,rd_owner,rd_ownername,route,routename,tway_id,tway_id2,milept,mileptname,latitude,latitudename,longitud,longitudname,sp_jur,sp_jurname,harm_ev,harm_evname,man_coll,man_collname,reljct1,reljct1name,reljct2,reljct2name,typ_int,typ_intname,wrk_zone,wrk_zonename,road_fnc,road_fncname,rel_road,rel_roadname,lgt_cond,lgt_condname,weather1,weather1name,weather2,weather2name,weather,weathername,sch_bus,sch_busname,rail,railname,not_hour,not_hourname,not_min,not_minname,arr_hour,arr_hourname,arr_min,arr_minname,hosp_hr,hosp_hrname,hosp_mn,hosp_mnname,cf1,cf1name,cf2,cf2name,cf3,cf3name,fatals,drunk_dr
2022,36,360646,New York,1,1,0,0,0,1,1,101,STEUBEN (101),420,BATH,29,29,6,June,2022,4,Wednesday,11,11:00am-11:59am,23,23,1,This section IS ON the NHS,2,Urban,1,Interstate,1,State Highway Agency,1,Interstate,I-86,,99998,Not Reported,42.29945833,42.29945833,-77.241652780,-77.24165278,0,No Special Jurisdiction,42,Tree (Standing Only),0,The First Harmful Event was Not a Collision with a Motor Vehicle in Transport,0,No,1,Non-Junction,1,Not an Intersection,0,None,,,3,On Median,1,Daylight,,,,,1,Clear,0,No,0000000,Not Applicable,11,11:00am-11:59am,26,26,11,11:00am-11:59am,30,30,11,11:00am-11:59am,51,51,,,,,,,1,
2022,36,360647,New York,1,1,0,0,0,1,1,69,ONTARIO (69),830,CANANDAIGUA,9,9,7,July,2022,7,Saturday,5,5:00am-5:59am,37,37,0,This section IS NOT on the NHS,1,Rural,6,Minor Collector,2,County Highway Agency,4,County Road,CR-32,,99998,Not Reported,42.87187222,42.87187222,-77.325786110,-77.32578611,0,No Special Jurisdiction,34,Ditch,0,The First Harmful Event was Not a Collision with a Motor Vehicle in Transport,0,No,1,Non-Junction,1,Not an Intersection,0,None,,,4,On Roadside,1,Daylight,,,,,1,Clear,0,No,0000000,Not Applicable,99,Unknown,99,Unknown,99,Unknown EMS Scene Arrival Hour,99,Unknown EMS Scene Arrival Minutes,99,Unknown,99,Unknown EMS Hospital Arrival Time,,,,,,,1,
2022,36,360648,New York,1,1,0,0,0,7,7,117,WAYNE (117),6760,WOLCOTT,4,4,8,August,2022,5,Thursday,16,4:00pm-4:59pm,58,58,0,This section IS NOT on the NHS,1,Rural,7,Local,3,Town or Township Highway Agency,5,Local Street - Township,YOUNGLOVE RD,,99998,Not Reported,43.29679722,43.29679722,-76.768958330,-76.76895833,0,No Special Jurisdiction,24,Guardrail Face,0,The First Harmful Event was Not a Collision with a Motor Vehicle in Transport,0,No,1,Non-Junction,1,Not an Intersection,0,None,,,4,On Roadside,1,Daylight,,,,,2,Rain,0,No,0000000,Not Applicable,16,4:00pm-4:59pm,58,58,17,5:00pm-5:59pm,11,11,17,5:00pm-5:59pm,44,44,,,,,,,1,
2022,36,360649,New York,1,1,0,0,0,1,1,103,SUFFOLK (103),5210,RIVERHEAD,3,3,9,September,2022,7,Saturday,5,5:00am-5:59am,4,4,0,This section IS NOT on the NHS,2,Urban,4,Minor Arterial,3,Town or Township Highway Agency,5,Local Street - Township,OSBORN AVE,,99998,Not Reported,40.94060556,40.94060556,-72.707452780,-72.70745278,0,No Special Jurisdiction,42,Tree (Standing Only),0,The First Harmful Event was Not a Collision with a Motor Vehicle in Transport,0,No,1,Non-Junction,1,Not an Intersection,0,None,,,4,On Roadside,2,Dark - Not Lighted,,,,,1,Clear,0,No,0000000,Not Applicable,5,5:00am-5:59am,6,6,5,5:00am-5:59am,10,10,5,5:00am-5:59am,28,28,,,,,,,1,
2022,36,360650,New York,1,1,0,0,0,1,1,119,WESTCHESTER (119),6670,WHITE PLAINS,31,31,8,August,2022,4,Wednesday,0,0:00am-0:59am,33,33,1,This section IS ON the NHS,2,Urban,2,Principal Arterial - Other Freeways and Expressways,1,State Highway Agency,3,State Highway,SR-987F SPRAIN BROOK PKWY,,99998,Not Reported,41.03540833,41.03540833,-73.816863890,-73.81686389,0,No Special Jurisdiction,24,Guardrail Face,0,The First Harmful Event was Not a Collision with a Motor Vehicle in Transport,0,No,1,Non-Junction,1,Not an Intersection,0,None,,,3,On Median,2,Dark - Not Lighted,,,,,10,Cloudy,0,No,0000000,Not Applicable,0,0:00am-0:59am,34,34,0,0:00am-0:59am,42,42,88,"Not Applicable (Not Transported) ",88,Not Applicable (Not Transported),,,,,,,1,
2022,36,360651,New York,1,1,0,0,0,1,1,49,LEWIS (49),3370,LOWVILLE,4,4,9,September,2022,1,Sunday,16,4:00pm-4:59pm,24,24,0,This section IS NOT on the NHS,1,Rural,7,Local,3,Town or Township Highway Agency,5,Local Street - Township,WORTH RD,,99998,Not Reported,43.74778333,43.74778333,-75.740113890,-75.74011389,0,No Special Jurisdiction,1,Rollover/Overturn,0,The First Harmful Event was Not a Collision with a Motor Vehicle in Transport,0,No,1,Non-Junction,1,Not an Intersection,0,None,,,4,On Roadside,1,Daylight,,,,,10,Cloudy,0,No,0000000,Not Applicable,16,4:00pm-4:59pm,27,27,16,4:00pm-4:59pm,50,50,17,5:00pm-5:59pm,34,34,,,,,,,1,
2022,36,360652,New York,1,1,0,0,0,1,1,59,NASSAU (59),2600,HEMPSTEAD,9,9,9,September,2022,6,Friday,12,12:00pm-12:59pm,35,35,0,This section IS NOT on the NHS,2,Urban,7,Local,3,Town or Township Highway Agency,5,Local Street - Township,ANCHOR AVE,,0,None,40.63726111,40.63726111,-73.644216670,-73.64421667,0,No Special Jurisdiction,19,Building,0,The First Harmful Event was Not a Collision with a Motor Vehicle in Transport,0,No,1,Non-Junction,1,Not an Intersection,0,None,,,5,Outside Trafficway,1,Daylight,,,,,1,Clear,0,No,0000000,Not Applicable,12,12:00pm-12:59pm,37,37,12,12:00pm-12:59pm,39,39,13,1:00pm-1:59pm,8,8,,,,,,,1,
2022,36,360653,New York,1,1,0,0,0,1,1,109,TOMPKINS (109),2940,ITHACA,10,10,9,September,2022,7,Saturday,8,8:00am-8:59am,6,6,0,This section IS NOT on the NHS,2,Urban,5,Major Collector,2,County Highway Agency,4,County Road,CR-119 CODDINGTON RD,,99998,Not Reported,42.40342222,42.40342222,-76.469452780,-76.46945278,0,No Special Jurisdiction,42,Tree (Standing Only),0,The First Harmful Event was Not a Collision with a Motor Vehicle in Transport,0,No,1,Non-Junction,1,Not an Intersection,0,None,,,4,On Roadside,1,Daylight,,,,,1,Clear,0,No,0000000,Not Applicable,8,8:00am-8:59am,6,6,8,8:00am-8:59am,15,15,8,8:00am-8:59am,17,17,,,,,,,1,
2022,36,360654,New York,1,1,0,0,0,1,1,67,ONONDAGA (67),3082,LA FAYETTE,13,13,7,July,2022,4,Wednesday,18,6:00pm-6:59pm,40,40,0,This section IS NOT on the NHS,1,Rural,5,Major Collector,2,County Highway Agency,4,County Road,CR-1 APULIA RD,,99998,Not Reported,42.95047778,42.95047778,-76.068891670,-76.06889167,0,No Special Jurisdiction,42,Tree (Standing Only),0,The First Harmful Event was Not a Collision with a Motor Vehicle in Transport,0,No,1,Non-Junction,1,Not an Intersection,0,None,,,4,On Roadside,1,Daylight,,,,,10,Cloudy,0,No,0000000,Not Applicable,18,6:00pm-6:59pm,41,41,18,6:00pm-6:59pm,58,58,88,"Not Applicable (Not Transported) ",88,Not Applicable (Not Transported),,,,,,,1,
2022,36,360655,New York,1,1,0,1,1,1,1,67,ONONDAGA (67),3615,MATTYDALE,13,13,2,February,2022,1,Sunday,18,6:00pm-6:59pm,9,9,0,This section IS NOT on the NHS,2,Urban,4,Minor Arterial,1,State Highway Agency,2,U.S. Highway,US-11,,99998,Not Reported,43.10577222,43.10577222,-76.145802780,-76.14580278,0,No Special Jurisdiction,8,Pedestrian,0,The First Harmful Event was Not a Collision with a Motor Vehicle in Transport,0,No,1,Non-Junction,1,Not an Intersection,0,None,,,1,On Roadway,3,Dark - Lighted,,,,,10,Cloudy,0,No,0000000,Not Applicable,18,6:00pm-6:59pm,9,9,18,6:00pm-6:59pm,15,15,18,6:00pm-6:59pm,34,34,,,,,,,1,
2022,36,360656,New York,1,1,0,4,4,1,1,113,WARREN (113),3100,LAKE GEORGE,12,12,6,June,2022,1,Sunday,15,3:00pm-3:59pm,8,8,1,This section IS ON the NHS,2,Urban,3,Principal Arterial - Other,1,State Highway Agency,2,U.S. Highway,US-9,,99998,Not Reported,43.39609444,43.39609444,-73.703838890,-73.70383889,0,No Special Jurisdiction,8,Pedestrian,0,The First Harmful Event was Not a Collision with a Motor Vehicle in Transport,0,No,1,Non-Junction,1,Not an Intersection,0,None,,,4,On Roadside,1,Daylight,,,,,1,Clear,0,No,0000000,Not Applicable,15,3:00pm-3:59pm,12,12,15,3:00pm-3:59pm,31,31,15,3:00pm-3:59pm,41,41,,,,,,,2,
2022,36,360657,New York,1,1,0,1,1,6,6,87,ROCKLAND (87),4063,NEW CITY,6,6,8,August,2022,7,Saturday,13,1:00pm-1:59pm,0,0,0,This section IS NOT on the NHS,2,Urban,4,Minor Arterial,2,County Highway Agency,4,County Road,CR-23 N LITTLE TOR RD,,99998,Not Reported,41.17137500,41.17137500,-74.004208330,-74.00420833,0,No Special Jurisdiction,8,Pedestrian,0,The First Harmful Event was Not a Collision with a Motor Vehicle in Transport,0,No,1,Non-Junction,1,Not an Intersection,0,None,,,1,On Roadway,1,Daylight,,,,,1,Clear,0,No,0000000,Not Applicable,13,1:00pm-1:59pm,5,5,13,1:00pm-1:59pm,7,7,88,"Not Applicable (Not Transported) ",88,Not Applicable (Not Transported),,,,,,,1,
2022,36,360659,New York,2,2,0,0,0,2,2,83,RENSSELAER (83),6110,TROY,7,7,9,September,2022,4,Wednesday,6,6:00am-6:59am,31,31,1,This section IS ON the NHS,2,Urban,3,Principal Arterial - Other,1,State Highway Agency,3,State Highway,SR-2 BRUNSWICK RD,SR-66 PAWLING AVE,99998,Not Reported,42.72226667,42.72226667,-73.675333330,-73.67533333,0,No Special Jurisdiction,12,Motor Vehicle In-Transport,6,Angle,0,No,2,Intersection,3,T-Intersection,0,None,,,1,On Roadway,1,Daylight,,,,,10,Cloudy,0,No,0000000,Not Applicable,6,6:00am-6:59am,31,31,6,6:00am-6:59am,33,33,7,7:00am-7:59am,1,1,,,,,,,1,
2022,36,360660,New York,1,1,0,0,0,1,1,25,DELAWARE (25),5700,SIDNEY,31,31,7,July,2022,1,Sunday,19,7:00pm-7:59pm,5,5,0,This section IS NOT on the NHS,1,Rural,7,Local,3,Town or Township Highway Agency,5,Local Street - Township,PARKER HOLLOW RD,,99998,Not Reported,42.29270278,42.29270278,-75.329944440,-75.32994444,0,No Special Jurisdiction,42,Tree (Standing Only),0,The First Harmful Event was Not a Collision with a Motor Vehicle in Transport,0,No,1,Non-Junction,1,Not an Intersection,0,None,,,4,On Roadside,1,Daylight,,,,,1,Clear,0,No,0000000,Not Applicable,19,7:00pm-7:59pm,11,11,19,7:00pm-7:59pm,17,17,88,"Not Applicable (Not Transported) ",88,Not Applicable (Not Transported),,,,,,,1,
2022,36,360661,New York,1,1,0,0,0,1,1,87,ROCKLAND (87),1300,CONGERS,18,18,8,August,2022,5,Thursday,2,2:00am-2:59am,21,21,1,This section IS ON the NHS,2,Urban,3,Principal Arterial - Other,1,State Highway Agency,2,U.S. Highway,US-9W,,99998,Not Reported,41.17288056,41.17288056,-73.945977780,-73.94597778,0,No Special Jurisdiction,42,Tree (Standing Only),0,The First Harmful Event was Not a Collision with a Motor Vehicle in Transport,0,No,1,Non-Junction,1,Not an Intersection,0,None,,,4,On Roadside,3,Dark - Lighted,,,,,1,Clear,0,No,0000000,Not Applicable,2,2:00am-2:59am,23,23,2,2:00am-2:59am,31,31,2,2:00am-2:59am,57,57,,,,,,,1,
2022,36,360662,New York,1,1,0,0,0,1,1,93,SCHENECTADY (93),1592,DUANESBURG,30,30,8,August,2022,3,Tuesday,9,9:00am-9:59am,4,4,0,This section IS NOT on the NHS,1,Rural,5,Major Collector,1,State Highway Agency,3,State Highway,SR-7 DUANESBURG RD,,99998,Not Reported,42.75467778,42.75467778,-74.146141670,-74.14614167,0,No Special Jurisdiction,25,Concrete Traffic Barrier,0,The First Harmful Event was Not a Collision with a Motor Vehicle in Transport,0,No,1,Non-Junction,1,Not an Intersection,0,None,,,3,On Median,1,Daylight,,,,,10,Cloudy,0,No,0000000,Not Applicable,9,9:00am-9:59am,4,4,9,9:00am-9:59am,10,10,10,10:00am-10:59am,9,9,,,,,,,1,
2022,36,360663,New York,1,1,0,1,1,1,1,55,MONROE (55),5230,ROCHESTER,8,8,6,June,2022,4,Wednesday,3,3:00am-3:59am,7,7,0,This section IS NOT on the NHS,2,Urban,7,Local,4,City or Municipal Highway Agency,6,Local Street - Municipality,CULVER PKWY,BAY ST,99998,Not Reported,43.17159722,43.17159722,-77.559822220,-77.55982222,0,No Special Jurisdiction,8,Pedestrian,0,The First Harmful Event was Not a Collision with a Motor Vehicle in Transport,0,No,3,Intersection-Related,2,Four-Way Intersection,0,None,,,1,On Roadway,3,Dark - Lighted,,,,,10,Cloudy,0,No,0000000,Not Applicable,3,3:00am-3:59am,7,7,3,3:00am-3:59am,15,15,3,3:00am-3:59am,29,29,,,,,,,1,
2022,36,360664,New York,1,1,0,1,1,1,1,55,MONROE (55),5230,ROCHESTER,20,20,8,August,2022,7,Saturday,2,2:00am-2:59am,57,57,0,This section IS NOT on the NHS,2,Urban,7,Local,4,City or Municipal Highway Agency,6,Local Street - Municipality,N CLINTON AVE,CLIFFORD AVE,0,None,43.17526667,43.17526667,-77.598780560,-77.59878056,0,No Special Jurisdiction,8,Pedestrian,0,The First Harmful Event was Not a Collision with a Motor Vehicle in Transport,0,No,3,Intersection-Related,2,Four-Way Intersection,0,None,,,1,On Roadway,3,Dark - Lighted,,,,,1,Clear,0,No,0000000,Not Applicable,2,2:00am-2:59am,58,58,3,3:00am-3:59am,3,3,88,"Not Applicable (Not Transported) ",88,Not Applicable (Not Transported),,,,,,,1,
2022,36,360665,New York,1,1,0,1,1,1,1,5,BRONX (5),4170,NEW YORK CITY,9,9,9,September,2022,6,Friday,18,6:00pm-6:59pm,30,30,1,This section IS ON the NHS,2,Urban,3,Principal Arterial - Other,4,City or Municipal Highway Agency,6,Local Street - Municipality,BRONXDALE AVE,CRUGER AVE,0,None,40.85103333,40.85103333,-73.866680560,-73.86668056,0,No Special Jurisdiction,8,Pedestrian,0,The First Harmful Event was Not a Collision with a Motor Vehicle in Transport,0,No,3,Intersection-Related,3,T-Intersection,0,None,,,4,On Roadside,1,Daylight,,,,,1,Clear,0,No,0000000,Not Applicable,99,Unknown,99,Unknown,99,Unknown EMS Scene Arrival Hour,99,Unknown EMS Scene Arrival Minutes,99,Unknown,99,Unknown EMS Hospital Arrival Time,,,,,,,1,
2022,36,360666,New York,2,2,0,0,0,2,2,75,OSWEGO (75),3700,MEXICO,29,29,7,July,2022,6,Friday,17,5:00pm-5:59pm,17,17,1,This section IS ON the NHS,1,Rural,1,Interstate,1,State Highway Agency,1,Interstate,I-81 OFF RAMP,SR-104,99998,Not Reported,43.45751111,43.45751111,-76.122238890,-76.12223889,0,No Special Jurisdiction,12,Motor Vehicle In-Transport,6,Angle,0,No,2,Intersection,3,T-Intersection,0,None,,,1,On Roadway,1,Daylight,,,,,1,Clear,0,No,0000000,Not Applicable,17,5:00pm-5:59pm,17,17,17,5:00pm-5:59pm,21,21,18,6:00pm-6:59pm,4,4,,,,,,,1,
2022,36,360667,New York,2,2,0,0,0,4,4,39,GREENE (39),775,CAIRO,30,30,7,July,2022,7,Saturday,17,5:00pm-5:59pm,50,50,0,This section IS NOT on the NHS,1,Rural,7,Local,2,County Highway Agency,4,County Road,CR-20,SUNSIDE RD,99998,Not Reported,42.34046944,42.34046944,-74.078069440,-74.07806944,0,No Special Jurisdiction,12,Motor Vehicle In-Transport,6,Angle,0,No,2,Intersection,3,T-Intersection,0,None,,,1,On Roadway,1,Daylight,,,,,1,Clear,0,No,0000000,Not Applicable,17,5:00pm-5:59pm,49,49,17,5:00pm-5:59pm,58,58,18,6:00pm-6:59pm,54,54,,,,,,,1,
2022,36,360668,New York,3,3,0,0,0,6,6,55,MONROE (55),2606,HENRIETTA,15,15,8,August,2022,2,Monday,9,9:00am-9:59am,22,22,0,This section IS NOT on the NHS,2,Urban,4,Minor Arterial,2,County Highway Agency,4,County Road,CR-39 CALKINS RD,"HYLAN DR ",99998,Not Reported,43.06834167,43.06834167,-77.627936110,-77.62793611,0,No Special Jurisdiction,12,Motor Vehicle In-Transport,1,Front-to-Rear,0,No,3,Intersection-Related,2,Four-Way Intersection,0,None,,,1,On Roadway,1,Daylight,,,,,1,Clear,0,No,0000000,Not Applicable,9,9:00am-9:59am,22,22,9,9:00am-9:59am,27,27,10,10:00am-10:59am,10,10,,,,,,,1,
2022,36,360669,New York,2,2,0,0,0,3,3,7,BROOME (7),6277,VESTAL,8,8,8,August,2022,2,Monday,22,10:00pm-10:59pm,56,56,1,This section IS ON the NHS,2,Urban,3,Principal Arterial - Other,1,State Highway Agency,3,State Highway,SR-434,,99998,Not Reported,42.09504444,42.09504444,-75.958602780,-75.95860278,0,No Special Jurisdiction,12,Motor Vehicle In-Transport,2,Front-to-Front,0,No,1,Non-Junction,1,Not an Intersection,0,None,,,1,On Roadway,3,Dark - Lighted,,,,,1,Clear,0,No,0000000,Not Applicable,22,10:00pm-10:59pm,56,56,23,11:00pm-11:59pm,8,8,2,2:00am-2:59am,45,45,,,,,,,2,
2022,36,360670,New York,1,1,0,0,0,1,1,27,DUTCHESS (27),2000,FISHKILL,13,13,8,August,2022,7,Saturday,12,12:00pm-12:59pm,8,8,0,This section IS NOT on the NHS,2,Urban,5,Major Collector,1,State Highway Agency,3,State Highway,SR-216,,99998,Not Reported,41.57925278,41.57925278,-73.745069440,-73.74506944,0,No Special Jurisdiction,1,Rollover/Overturn,0,The First Harmful Event was Not a Collision with a Motor Vehicle in Transport,0,No,1,Non-Junction,1,Not an Intersection,0,None,,,1,On Roadway,1,Daylight,,,,,1,Clear,0,No,0000000,Not Applicable,12,12:00pm-12:59pm,8,8,12,12:00pm-12:59pm,15,15,88,"Not Applicable (Not Transported) ",88,Not Applicable (Not Transported),,,,,,,1,
2022,36,360671,New York,1,1,0,0,0,1,1,113,WARREN (113),3100,LAKE GEORGE,18,18,8,August,2022,5,Thursday,22,10:00pm-10:59pm,40,40,1,This section IS ON the NHS,2,Urban,3,Principal Arterial - Other,1,State Highway Agency,2,U.S. Highway,US-9,,99998,Not Reported,43.41601667,43.41601667,-73.712775000,-73.71277500,0,No Special Jurisdiction,33,Curb,0,The First Harmful Event was Not a Collision with a Motor Vehicle in Transport,0,No,1,Non-Junction,1,Not an Intersection,0,None,,,3,On Median,3,Dark - Lighted,,,,,1,Clear,0,No,0000000,Not Applicable,22,10:00pm-10:59pm,40,40,22,10:00pm-10:59pm,45,45,88,"Not Applicable (Not Transported) ",88,Not Applicable (Not Transported),,,,,,,1,
2022,36,360672,New York,1,1,0,0,0,2,2,105,SULLIVAN (105),1805,ELDRED,19,19,8,August,2022,6,Friday,22,10:00pm-10:59pm,28,28,0,This section IS NOT on the NHS,1,Rural,5,Major Collector,2,County Highway Agency,3,State Highway,SR-55,,99998,Not Reported,41.47920556,41.47920556,-74.909375000,-74.90937500,0,No Special Jurisdiction,31,"Post, Pole or Other Supports",0,The First Harmful Event was Not a Collision with a Motor Vehicle in Transport,0,No,1,Non-Junction,1,Not an Intersection,0,None,,,4,On Roadside,2,Dark - Not Lighted,,,,,1,Clear,0,No,0000000,Not Applicable,22,10:00pm-10:59pm,28,28,22,10:00pm-10:59pm,35,35,99,Unknown,99,Unknown EMS Hospital Arrival Time,,,,,,,1,
2022,36,360673,New York,2,2,0,0,0,3,3,27,DUTCHESS (27),2000,FISHKILL,10,10,8,August,2022,4,Wednesday,16,4:00pm-4:59pm,38,38,0,This section IS NOT on the NHS,2,Urban,5,Major Collector,1,State Highway Agency,3,State Highway,SR-376,,99998,Not Reported,41.60757222,41.60757222,-73.834819440,-73.83481944,0,No Special Jurisdiction,12,Motor Vehicle In-Transport,2,Front-to-Front,0,No,1,Non-Junction,1,Not an Intersection,0,None,,,1,On Roadway,1,Daylight,,,,,1,Clear,0,No,0000000,Not Applicable,16,4:00pm-4:59pm,38,38,16,4:00pm-4:59pm,48,48,17,5:00pm-5:59pm,25,25,,,,,,,1,
2022,36,360674,New York,1,1,0,1,1,2,2,89,ST LAWRENCE (89),2500,HAMMOND,29,29,8,August,2022,2,Monday,99,Unknown Hours,99,Unknown Minutes,0,This section IS NOT on the NHS,1,Rural,4,Minor Arterial,1,State Highway Agency,3,State Highway,SR-12,,99998,Not Reported,44.43672778,44.43672778,-75.762125000,-75.76212500,0,No Special Jurisdiction,8,Pedestrian,0,The First Harmful Event was Not a Collision with a Motor Vehicle in Transport,0,No,1,Non-Junction,1,Not an Intersection,0,None,,,1,On Roadway,2,Dark - Not Lighted,,,,,5,"Fog, Smog, Smoke",0,No,0000000,Not Applicable,99,Unknown,99,Unknown,99,Unknown EMS Scene Arrival Hour,99,Unknown EMS Scene Arrival Minutes,99,Unknown,99,Unknown EMS Hospital Arrival Time,,,,,,,1,
2022,36,360675,New York,1,1,0,0,0,1,1,25,DELAWARE (25),5326,ROXBURY,29,29,8,August,2022,2,Monday,4,4:00am-4:59am,34,34,0,This section IS NOT on the NHS,1,Rural,5,Major Collector,1,State Highway Agency,3,State Highway,SR-30,,99998,Not Reported,42.35545833,42.35545833,-74.519991670,-74.51999167,0,No Special Jurisdiction,35,Embankment,0,The First Harmful Event was Not a Collision with a Motor Vehicle in Transport,0,No,1,Non-Junction,1,Not an Intersection,0,None,,,4,On Roadside,2,Dark - Not Lighted,,,,,1,Clear,0,No,0000000,Not Applicable,4,4:00am-4:59am,34,34,5,5:00am-5:59am,48,48,6,6:00am-6:59am,18,18,,,,,,,1,
2022,36,360676,New York,7,7,0,1,1,12,12,65,ONEIDA (65),3542,MARCY,31,31,8,August,2022,4,Wednesday,21,9:00pm-9:59pm,28,28,1,This section IS ON the NHS,2,Urban,2,Principal Arterial - Other Freeways and Expressways,1,State Highway Agency,3,State Highway,SR-49,,99998,Not Reported,43.17161111,43.17161111,-75.324469440,-75.32446944,0,No Special Jurisdiction,8,Pedestrian,0,The First Harmful Event was Not a Collision with a Motor Vehicle in Transport,1,Yes,18,Through Roadway,1,Not an Intersection,0,None,,,1,On Roadway,2,Dark - Not Lighted,,,,,10,Cloudy,0,No,0000000,Not Applicable,21,9:00pm-9:59pm,34,34,21,9:00pm-9:59pm,45,45,88,"Not Applicable (Not Transported) ",88,Not Applicable (Not Transported),,,,,,,1,
2022,36,360677,New York,2,2,0,0,0,6,6,65,ONEIDA (65),650,BRIDGEWATER,3,3,9,September,2022,7,Saturday,13,1:00pm-1:59pm,29,29,1,This section IS ON the NHS,1,Rural,3,Principal Arterial - Other,1,State Highway Agency,2,U.S. Highway,US-20,,99998,Not Reported,42.87890000,42.87890000,-75.261077780,-75.26107778,0,No Special Jurisdiction,12,Motor Vehicle In-Transport,2,Front-to-Front,0,No,1,Non-Junction,1,Not an Intersection,0,None,,,1,On Roadway,1,Daylight,,,,,1,Clear,0,No,0000000,Not Applicable,13,1:00pm-1:59pm,30,30,13,1:00pm-1:59pm,33,33,99,Unknown,99,Unknown EMS Hospital Arrival Time,,,,,,,3,
2022,36,360678,New York,1,1,0,1,1,2,2,93,SCHENECTADY (93),5550,SCHENECTADY,6,6,9,September,2022,3,Tuesday,21,9:00pm-9:59pm,28,28,1,This section IS ON the NHS,2,Urban,3,Principal Arterial - Other,4,City or Municipal Highway Agency,3,State Highway,SR-5 STATE ST,,99998,Not Reported,42.80172500,42.80172500,-73.928019440,-73.92801944,0,No Special Jurisdiction,8,Pedestrian,0,The First Harmful Event was Not a Collision with a Motor Vehicle in Transport,0,No,1,Non-Junction,1,Not an Intersection,0,None,,,1,On Roadway,3,Dark - Lighted,,,,,10,Cloudy,0,No,0000000,Not Applicable,21,9:00pm-9:59pm,31,31,21,9:00pm-9:59pm,36,36,21,9:00pm-9:59pm,52,52,,,,,,,1,
2022,36,360679,New York,2,2,0,0,0,2,2,95,SCHOHARIE (95),2206,FULTONHAM,10,10,8,August,2022,4,Wednesday,18,6:00pm-6:59pm,22,22,0,This section IS NOT on the NHS,2,Urban,7,Local,3,Town or Township Highway Agency,5,Local Street - Township,W FULTON RD,GOODY RD,99998,Not Reported,42.54104444,42.54104444,-74.417261110,-74.41726111,0,No Special Jurisdiction,12,Motor Vehicle In-Transport,6,Angle,0,No,2,Intersection,4,Y-Intersection,0,None,,,1,On Roadway,1,Daylight,,,,,1,Clear,0,No,0000000,Not Applicable,18,6:00pm-6:59pm,25,25,18,6:00pm-6:59pm,46,46,20,8:00pm-8:59pm,4,4,,,,,,,1,
2022,36,360680,New York,2,2,0,0,0,2,2,59,NASSAU (59),4270,NORTH HILLS,9,9,9,September,2022,6,Friday,1,1:00am-1:59am,56,56,1,This section IS ON the NHS,2,Urban,1,Interstate,1,State Highway Agency,1,Interstate,I-495,,99998,Not Reported,40.77965833,40.77965833,-73.662558330,-73.66255833,0,No Special Jurisdiction,12,Motor Vehicle In-Transport,6,Angle,0,No,1,Non-Junction,1,Not an Intersection,0,None,,,1,On Roadway,3,Dark - Lighted,,,,,1,Clear,0,No,0000000,Not Applicable,99,Unknown,99,Unknown,99,Unknown EMS Scene Arrival Hour,99,Unknown EMS Scene Arrival Minutes,99,Unknown,99,Unknown EMS Hospital Arrival Time,,,,,,,1,
2022,36,360681,New York,2,2,0,0,0,2,2,37,GENESEE (37),3210,LE ROY,13,13,8,August,2022,7,Saturday,12,12:00pm-12:59pm,48,48,0,This section IS NOT on the NHS,1,Rural,4,Minor Arterial,1,State Highway Agency,3,State Highway,SR-19 LAKE STREET RD,,99998,Not Reported,43.00079167,43.00079167,-77.984038890,-77.98403889,0,No Special Jurisdiction,12,Motor Vehicle In-Transport,2,Front-to-Front,0,No,1,Non-Junction,1,Not an Intersection,0,None,,,1,On Roadway,1,Daylight,,,,,1,Clear,0,No,0000000,Not Applicable,12,12:00pm-12:59pm,49,49,12,12:00pm-12:59pm,55,55,13,1:00pm-1:59pm,32,32,,,,,,,1,
2022,36,360682,New York,2,2,0,0,0,3,3,43,HERKIMER (43),2610,HERKIMER,21,21,8,August,2022,1,Sunday,22,10:00pm-10:59pm,31,31,1,This section IS ON the NHS,2,Urban,3,Principal Arterial - Other,1,State Highway Agency,3,State Highway,SR-5,,99998,Not Reported,43.02274722,43.02274722,-74.923202780,-74.92320278,0,No Special Jurisdiction,12,Motor Vehicle In-Transport,2,Front-to-Front,0,No,1,Non-Junction,1,Not an Intersection,0,None,,,1,On Roadway,2,Dark - Not Lighted,,,,,10,Cloudy,0,No,0000000,Not Applicable,22,10:00pm-10:59pm,33,33,22,10:00pm-10:59pm,39,39,88,"Not Applicable (Not Transported) ",88,Not Applicable (Not Transported),,,,,,,3,
2022,36,360683,New York,2,2,0,0,0,2,2,63,NIAGARA (63),6730,WILSON,23,23,8,August,2022,3,Tuesday,21,9:00pm-9:59pm,26,26,0,This section IS NOT on the NHS,1,Rural,5,Major Collector,1,State Highway Agency,3,State Highway,SR-93 YOUNGSTOWN LOCKPORT RD,ANDREWS RD,99998,Not Reported,43.22320000,43.22320000,-78.861433330,-78.86143333,0,No Special Jurisdiction,12,Motor Vehicle In-Transport,7,Sideswipe - Same Direction,0,No,2,Intersection,3,T-Intersection,0,None,,,1,On Roadway,2,Dark - Not Lighted,,,,,1,Clear,0,No,0000000,Not Applicable,21,9:00pm-9:59pm,26,26,21,9:00pm-9:59pm,29,29,99,Unknown,99,Unknown EMS Hospital Arrival Time,,,,,,,1,