caseyear,state,st_case,statename,ve_total,ve_forms,pvh_invl,peds,pernotmvit,permvit,persons,county,countyname,city,cityname,day,dayname,month,monthname,year,day_week,day_weekname,hour,hourname,minute,minutename,nhs,nhsname,rur_urb,rur_urbname,func_sys,func_sysname,rd_owner,rd_ownername,route,routename,tway_id,tway_id2,milept,mileptname,latitude,latitudename,longitud,longitudname,sp_jur,sp_jurname,harm_ev,harm_evname,man_coll,man_collname,reljct1,reljct1name,reljct2,reljct2name,typ_int,typ_intname,wrk_zone,wrk_zonename,road_fnc,road_fncname,rel_road,rel_roadname,lgt_cond,lgt_condname,weather1,weather1name,weather2,weather2name,weather,weathername,sch_bus,sch_busname,rail,railname,not_hour,not_hourname,not_min,not_minname,arr_hour,arr_hourname,arr_min,arr_minname,hosp_hr,hosp_hrname,hosp_mn,hosp_mnname,cf1,cf1name,cf2,cf2name,cf3,cf3name,fatals,drunk_dr
2022,36,360684,New York,1,1,0,0,0,1,1,27,DUTCHESS (27),2000,FISHKILL,12,12,8,August,2022,6,Friday,16,4:00pm-4:59pm,46,46,1,This section IS ON the NHS,1,Rural,3,Principal Arterial - Other,1,State Highway Agency,2,U.S. Highway,US-9,,99998,Not Reported,41.50835833,41.50835833,-73.896063890,-73.89606389,0,No Special Jurisdiction,35,Embankment,0,The First Harmful Event was Not a Collision with a Motor Vehicle in Transport,0,No,1,Non-Junction,1,Not an Intersection,0,None,,,4,On Roadside,1,Daylight,,,,,1,Clear,0,No,0000000,Not Applicable,16,4:00pm-4:59pm,46,46,16,4:00pm-4:59pm,59,59,18,6:00pm-6:59pm,6,6,,,,,,,1,
2022,36,360685,New York,2,2,0,0,0,2,2,55,MONROE (55),4840,PITTSFORD,25,25,8,August,2022,5,Thursday,16,4:00pm-4:59pm,22,22,0,This section IS NOT on the NHS,2,Urban,5,Major Collector,1,State Highway Agency,3,State Highway,SR-65 CLOVER ST,WILLARD RD,99998,Not Reported,43.06126111,43.06126111,-77.553419440,-77.55341944,0,No Special Jurisdiction,5,Fell/Jumped from Vehicle,0,The First Harmful Event was Not a Collision with a Motor Vehicle in Transport,0,No,2,Intersection,3,T-Intersection,0,None,,,1,On Roadway,1,Daylight,,,,,10,Cloudy,0,No,0000000,Not Applicable,16,4:00pm-4:59pm,21,21,16,4:00pm-4:59pm,27,27,88,"Not Applicable (Not Transported) ",88,Not Applicable (Not Transported),,,,,,,1,
2022,36,360686,New York,2,2,0,0,0,2,2,53,MADISON (53),3201,LENOX,3,3,9,September,2022,7,Saturday,1,1:00am-1:59am,59,59,0,This section IS NOT on the NHS,2,Urban,7,Local,3,Town or Township Highway Agency,5,Local Street - Township,LEWIS POINT RD,,99998,Not Reported,43.11308056,43.11308056,-75.745200000,-75.74520000,0,No Special Jurisdiction,12,Motor Vehicle In-Transport,2,Front-to-Front,0,No,1,Non-Junction,1,Not an Intersection,0,None,,,1,On Roadway,2,Dark - Not Lighted,,,,,1,Clear,0,No,0000000,Not Applicable,2,2:00am-2:59am,4,4,2,2:00am-2:59am,8,8,88,"Not Applicable (Not Transported) ",88,Not Applicable (Not Transported),,,,,,,1,
2022,36,360688,New York,2,2,0,0,0,4,4,65,ONEIDA (65),403,BARNEVELD,10,10,9,September,2022,7,Saturday,18,6:00pm-6:59pm,57,57,0,This section IS NOT on the NHS,1,Rural,5,Major Collector,2,County Highway Agency,4,County Road,CR-91 TRENTON RD,JOHN ST,99998,Not Reported,43.21685000,43.21685000,-75.179300000,-75.17930000,0,No Special Jurisdiction,12,Motor Vehicle In-Transport,6,Angle,0,No,2,Intersection,3,T-Intersection,0,None,,,1,On Roadway,1,Daylight,,,,,1,Clear,0,No,0000000,Not Applicable,18,6:00pm-6:59pm,59,59,19,7:00pm-7:59pm,3,3,88,"Not Applicable (Not Transported) ",88,Not Applicable (Not Transported),,,,,,,1,
2022,36,360689,New York,2,2,0,0,0,2,2,81,QUEENS (81),4170,MIDDLE VILLAGE,10,10,9,September,2022,7,Saturday,7,7:00am-7:59am,41,41,1,This section IS ON the NHS,2,Urban,3,Principal Arterial - Other,4,City or Municipal Highway Agency,6,Local Street - Municipality,"ATLANTIC AVE ",LEFFERTS BLVD,99998,Not Reported,40.69417222,40.69417222,-73.828008330,-73.82800833,0,No Special Jurisdiction,12,Motor Vehicle In-Transport,2,Front-to-Front,0,No,2,Intersection,2,Four-Way Intersection,0,None,,,1,On Roadway,1,Daylight,,,,,1,Clear,0,No,0000000,Not Applicable,99,Unknown,99,Unknown,99,Unknown EMS Scene Arrival Hour,99,Unknown EMS Scene Arrival Minutes,99,Unknown,99,Unknown EMS Hospital Arrival Time,,,,,,,1,
2022,36,360690,New York,2,2,0,0,0,2,2,105,SULLIVAN (105),1805,ELDRED,10,10,9,September,2022,7,Saturday,13,1:00pm-1:59pm,47,47,0,This section IS NOT on the NHS,1,Rural,5,Major Collector,1,State Highway Agency,3,State Highway,SR-97,,99998,Not Reported,41.50916389,41.50916389,-74.982719440,-74.98271944,0,No Special Jurisdiction,12,Motor Vehicle In-Transport,2,Front-to-Front,0,No,1,Non-Junction,1,Not an Intersection,0,None,,,1,On Roadway,1,Daylight,,,,,1,Clear,0,No,0000000,Not Applicable,13,1:00pm-1:59pm,52,52,14,2:00pm-2:59pm,0,0,88,"Not Applicable (Not Transported) ",88,Not Applicable (Not Transported),,,,,,,1,
2022,36,360692,New York,1,1,0,0,0,1,1,33,FRANKLIN (33),1548,DICKINSON CENTER,12,12,9,September,2022,2,Monday,0,0:00am-0:59am,36,36,0,This section IS NOT on the NHS,1,Rural,5,Major Collector,2,County Highway Agency,4,County Road,CR-5,,99998,Not Reported,44.72544167,44.72544167,-74.562325000,-74.56232500,0,No Special Jurisdiction,17,Boulder,0,The First Harmful Event was Not a Collision with a Motor Vehicle in Transport,0,No,1,Non-Junction,1,Not an Intersection,0,None,,,4,On Roadside,2,Dark - Not Lighted,,,,,10,Cloudy,0,No,0000000,Not Applicable,0,0:00am-0:59am,36,36,0,0:00am-0:59am,43,43,88,"Not Applicable (Not Transported) ",88,Not Applicable (Not Transported),,,,,,,1,
2022,36,360693,New York,1,1,0,1,1,1,1,83,RENSSELAER (83),725,BRUNSWICK,12,12,9,September,2022,2,Monday,21,9:00pm-9:59pm,6,6,0,This section IS NOT on the NHS,1,Rural,4,Minor Arterial,1,State Highway Agency,3,State Highway,SR-2,,99998,Not Reported,42.75117500,42.75117500,-73.536666670,-73.53666667,0,No Special Jurisdiction,8,Pedestrian,0,The First Harmful Event was Not a Collision with a Motor Vehicle in Transport,0,No,1,Non-Junction,1,Not an Intersection,0,None,,,1,On Roadway,2,Dark - Not Lighted,,,,,10,Cloudy,0,No,0000000,Not Applicable,21,9:00pm-9:59pm,6,6,99,Unknown EMS Scene Arrival Hour,99,Unknown EMS Scene Arrival Minutes,88,"Not Applicable (Not Transported) ",88,Not Applicable (Not Transported),,,,,,,1,
2022,36,360694,New York,1,1,0,0,0,1,1,55,MONROE (55),5230,ROCHESTER,13,13,9,September,2022,3,Tuesday,1,1:00am-1:59am,36,36,0,This section IS NOT on the NHS,2,Urban,4,Minor Arterial,4,City or Municipal Highway Agency,5,Local Street - Township,ST PAUL ST,,99998,Not Reported,43.16238611,43.16238611,-77.611530560,-77.61153056,0,No Special Jurisdiction,21,Bridge Pier or Support,0,The First Harmful Event was Not a Collision with a Motor Vehicle in Transport,0,No,1,Non-Junction,1,Not an Intersection,0,None,,,3,On Median,3,Dark - Lighted,,,,,2,Rain,0,No,0000000,Not Applicable,1,1:00am-1:59am,36,36,1,1:00am-1:59am,40,40,88,"Not Applicable (Not Transported) ",88,Not Applicable (Not Transported),,,,,,,1,
2022,36,360695,New York,1,1,0,0,0,1,1,55,MONROE (55),5230,ROCHESTER,14,14,9,September,2022,4,Wednesday,1,1:00am-1:59am,4,4,1,This section IS ON the NHS,2,Urban,2,Principal Arterial - Other Freeways and Expressways,1,State Highway Agency,3,State Highway,SR-940T INNER LOOP,,99998,Not Reported,43.15988056,43.15988056,-77.613955560,-77.61395556,0,No Special Jurisdiction,24,Guardrail Face,0,The First Harmful Event was Not a Collision with a Motor Vehicle in Transport,0,No,1,Non-Junction,1,Not an Intersection,0,None,,,3,On Median,3,Dark - Lighted,,,,,10,Cloudy,0,No,0000000,Not Applicable,1,1:00am-1:59am,4,4,1,1:00am-1:59am,7,7,1,1:00am-1:59am,20,20,,,,,,,1,
2022,36,360696,New York,1,1,0,1,1,3,3,47,KINGS (47),4170,NEW YORK CITY,16,16,9,September,2022,6,Friday,14,2:00pm-2:59pm,36,36,0,This section IS NOT on the NHS,2,Urban,7,Local,4,City or Municipal Highway Agency,6,Local Street - Municipality,E 12TH ST,,99998,Not Reported,40.59455000,40.59455000,-73.959280560,-73.95928056,0,No Special Jurisdiction,8,Pedestrian,0,The First Harmful Event was Not a Collision with a Motor Vehicle in Transport,0,No,4,Driveway Access,1,Not an Intersection,0,None,,,1,On Roadway,1,Daylight,,,,,1,Clear,0,No,0000000,Not Applicable,99,Unknown,99,Unknown,99,Unknown EMS Scene Arrival Hour,99,Unknown EMS Scene Arrival Minutes,99,Unknown,99,Unknown EMS Hospital Arrival Time,,,,,,,1,
2022,36,360697,New York,1,1,0,0,0,1,1,29,ERIE (29),6642,WEST SENECA,18,18,8,August,2022,5,Thursday,20,8:00pm-8:59pm,9,9,0,This section IS NOT on the NHS,2,Urban,7,Local,3,Town or Township Highway Agency,5,Local Street - Township,LIND AVE,,0,None,42.83708333,42.83708333,-78.774650000,-78.77465000,0,No Special Jurisdiction,42,Tree (Standing Only),0,The First Harmful Event was Not a Collision with a Motor Vehicle in Transport,0,No,1,Non-Junction,1,Not an Intersection,0,None,,,4,On Roadside,5,Dusk,,,,,1,Clear,0,No,0000000,Not Applicable,20,8:00pm-8:59pm,9,9,20,8:00pm-8:59pm,11,11,20,8:00pm-8:59pm,49,49,,,,,,,1,
2022,36,360698,New York,3,3,0,0,0,5,5,59,NASSAU (59),2240,GARDEN CITY,17,17,9,September,2022,7,Saturday,15,3:00pm-3:59pm,0,0,0,This section IS NOT on the NHS,2,Urban,4,Minor Arterial,2,County Highway Agency,4,County Road,CR-177 STEWART AVE,EDGEMERE RD,99998,Not Reported,40.72475278,40.72475278,-73.671733330,-73.67173333,0,No Special Jurisdiction,12,Motor Vehicle In-Transport,6,Angle,0,No,2,Intersection,2,Four-Way Intersection,0,None,,,1,On Roadway,1,Daylight,,,,,1,Clear,0,No,0000000,Not Applicable,15,3:00pm-3:59pm,0,0,99,Unknown EMS Scene Arrival Hour,99,Unknown EMS Scene Arrival Minutes,88,"Not Applicable (Not Transported) ",88,Not Applicable (Not Transported),,,,,,,1,
2022,36,360699,New York,1,1,0,0,0,1,1,77,OTSEGO (77),3569,MARYLAND,21,21,8,August,2022,1,Sunday,12,12:00pm-12:59pm,9,9,0,This section IS NOT on the NHS,1,Rural,6,Minor Collector,2,County Highway Agency,4,County Road,CR-42,,99998,Not Reported,42.54874444,42.54874444,-74.890669440,-74.89066944,0,No Special Jurisdiction,30,Utility Pole/Light Support,0,The First Harmful Event was Not a Collision with a Motor Vehicle in Transport,0,No,1,Non-Junction,1,Not an Intersection,0,None,,,4,On Roadside,1,Daylight,,,,,10,Cloudy,0,No,0000000,Not Applicable,12,12:00pm-12:59pm,9,9,12,12:00pm-12:59pm,26,26,88,"Not Applicable (Not Transported) ",88,Not Applicable (Not Transported),,,,,,,1,
2022,36,360700,New York,1,1,0,0,0,1,1,5,BRONX (5),4170,NEW YORK CITY,25,25,9,September,2022,1,Sunday,99,Unknown Hours,99,Unknown Minutes,1,This section IS ON the NHS,2,Urban,1,Interstate,1,State Highway Agency,1,Interstate,I-278 EXIT RAMP,,99998,Not Reported,40.80326389,40.80326389,-73.916241670,-73.91624167,0,No Special Jurisdiction,25,Concrete Traffic Barrier,0,The First Harmful Event was Not a Collision with a Motor Vehicle in Transport,1,Yes,5,Entrance/Exit Ramp Related,1,Not an Intersection,0,None,,,4,On Roadside,3,Dark - Lighted,,,,,1,Clear,0,No,0000000,Not Applicable,11,11:00am-11:59am,5,5,11,11:00am-11:59am,10,10,88,"Not Applicable (Not Transported) ",88,Not Applicable (Not Transported),,,,,,,1,
2022,36,360701,New York,1,1,0,1,1,1,1,107,TIOGA (107),406,BARTON,20,20,8,August,2022,7,Saturday,20,8:00pm-8:59pm,20,20,0,This section IS NOT on the NHS,1,Rural,5,Major Collector,1,State Highway Agency,3,State Highway,SR-17C,,99998,Not Reported,42.00843889,42.00843889,-76.480111110,-76.48011111,0,No Special Jurisdiction,8,Pedestrian,0,The First Harmful Event was Not a Collision with a Motor Vehicle in Transport,0,No,1,Non-Junction,1,Not an Intersection,0,None,,,1,On Roadway,2,Dark - Not Lighted,,,,,1,Clear,0,No,0000000,Not Applicable,20,8:00pm-8:59pm,29,29,20,8:00pm-8:59pm,32,32,88,"Not Applicable (Not Transported) ",88,Not Applicable (Not Transported),,,,,,,1,
2022,36,360702,New York,2,2,0,0,0,2,2,29,ERIE (29),750,BUFFALO,18,18,9,September,2022,1,Sunday,14,2:00pm-2:59pm,50,50,0,This section IS NOT on the NHS,2,Urban,4,Minor Arterial,4,City or Municipal Highway Agency,6,Local Street - Municipality,GRIDER ST,NORTHLAND AVE,99998,Not Reported,42.91885833,42.91885833,-78.829075000,-78.82907500,0,No Special Jurisdiction,12,Motor Vehicle In-Transport,2,Front-to-Front,0,No,2,Intersection,2,Four-Way Intersection,0,None,,,1,On Roadway,1,Daylight,,,,,10,Cloudy,0,No,0000000,Not Applicable,99,Unknown,99,Unknown,99,Unknown EMS Scene Arrival Hour,99,Unknown EMS Scene Arrival Minutes,99,Unknown,99,Unknown EMS Hospital Arrival Time,,,,,,,1,
2022,36,360703,New York,2,2,0,0,0,2,2,59,NASSAU (59),4090,NEW HYDE PARK,20,20,9,September,2022,3,Tuesday,8,8:00am-8:59am,18,18,1,This section IS ON the NHS,2,Urban,3,Principal Arterial - Other,1,State Highway Agency,3,State Highway,SR-25A NORTHERN BLVD,,99998,Not Reported,40.80512500,40.80512500,-73.641558330,-73.64155833,0,No Special Jurisdiction,12,Motor Vehicle In-Transport,6,Angle,0,No,7,"Crossover-Related ",1,Not an Intersection,0,None,,,1,On Roadway,1,Daylight,,,,,1,Clear,0,No,0000000,Not Applicable,8,8:00am-8:59am,19,19,8,8:00am-8:59am,23,23,8,8:00am-8:59am,57,57,,,,,,,1,
2022,36,360704,New York,1,1,0,1,1,1,1,71,ORANGE (71),4060,NEWBURGH,4,4,9,September,2022,1,Sunday,21,9:00pm-9:59pm,49,49,0,This section IS NOT on the NHS,2,Urban,5,Major Collector,4,City or Municipal Highway Agency,6,Local Street - Municipality,DUBOIS ST,,0,None,41.50388056,41.50388056,-74.015188890,-74.01518889,0,No Special Jurisdiction,8,Pedestrian,0,The First Harmful Event was Not a Collision with a Motor Vehicle in Transport,0,No,1,Non-Junction,1,Not an Intersection,0,None,,,1,On Roadway,3,Dark - Lighted,,,,,10,Cloudy,0,No,0000000,Not Applicable,21,9:00pm-9:59pm,54,54,99,Unknown EMS Scene Arrival Hour,99,Unknown EMS Scene Arrival Minutes,99,Unknown,99,Unknown EMS Hospital Arrival Time,,,,,,,1,
2022,36,360705,New York,2,2,0,0,0,3,3,17,CHENANGO (17),30,AFTON,14,14,8,August,2022,1,Sunday,14,2:00pm-2:59pm,31,31,0,This section IS NOT on the NHS,1,Rural,5,Major Collector,1,State Highway Agency,3,State Highway,SR-7,,99998,Not Reported,42.21219722,42.21219722,-75.579900000,-75.57990000,0,No Special Jurisdiction,12,Motor Vehicle In-Transport,6,Angle,0,No,1,Non-Junction,1,Not an Intersection,0,None,,,1,On Roadway,1,Daylight,,,,,1,Clear,0,No,0000000,Not Applicable,99,Unknown,99,Unknown,99,Unknown EMS Scene Arrival Hour,99,Unknown EMS Scene Arrival Minutes,99,Unknown,99,Unknown EMS Hospital Arrival Time,,,,,,,1,
2022,36,360707,New York,2,2,0,1,1,2,2,61,NEW YORK (61),4170,NEW YORK,25,25,9,September,2022,1,Sunday,19,7:00pm-7:59pm,45,45,1,This section IS ON the NHS,2,Urban,2,Principal Arterial - Other Freeways and Expressways,1,State Highway Agency,3,State Highway,SR-907L FDR DR,,99998,Not Reported,40.72734444,40.72734444,-73.971941670,-73.97194167,0,No Special Jurisdiction,8,Pedestrian,0,The First Harmful Event was Not a Collision with a Motor Vehicle in Transport,0,No,1,Non-Junction,1,Not an Intersection,0,None,,,1,On Roadway,5,Dusk,,,,,10,Cloudy,0,No,0000000,Not Applicable,19,7:00pm-7:59pm,45,45,19,7:00pm-7:59pm,53,53,88,"Not Applicable (Not Transported) ",88,Not Applicable (Not Transported),,,,,,,1,
2022,36,360708,New York,1,1,0,1,1,1,1,9,CATTARAUGUS (9),5410,SALAMANCA,9,9,9,September,2022,6,Friday,12,12:00pm-12:59pm,36,36,0,This section IS NOT on the NHS,2,Urban,4,Minor Arterial,1,State Highway Agency,3,State Highway,SR-353 CENTER ST,FRONT AVE,99998,Not Reported,42.16165000,42.16165000,-78.743430560,-78.74343056,0,No Special Jurisdiction,9,Pedalcyclist,0,The First Harmful Event was Not a Collision with a Motor Vehicle in Transport,0,No,3,Intersection-Related,2,Four-Way Intersection,0,None,,,1,On Roadway,1,Daylight,,,,,1,Clear,0,No,0000000,Not Applicable,12,12:00pm-12:59pm,40,40,12,12:00pm-12:59pm,45,45,88,"Not Applicable (Not Transported) ",88,Not Applicable (Not Transported),,,,,,,1,
2022,36,360710,New York,1,1,0,1,1,1,1,57,MONTGOMERY (57),170,AMSTERDAM,21,21,9,September,2022,4,Wednesday,16,4:00pm-4:59pm,53,53,0,This section IS NOT on the NHS,2,Urban,7,Local,4,City or Municipal Highway Agency,6,Local Street - Municipality,VANDYKE AVE,RAMSEY AVE,0,None,42.95553056,42.95553056,-74.191886110,-74.19188611,0,No Special Jurisdiction,9,Pedalcyclist,0,The First Harmful Event was Not a Collision with a Motor Vehicle in Transport,0,No,3,Intersection-Related,3,T-Intersection,0,None,,,1,On Roadway,1,Daylight,,,,,10,Cloudy,0,No,0000000,Not Applicable,16,4:00pm-4:59pm,53,53,16,4:00pm-4:59pm,56,56,99,Unknown,99,Unknown EMS Hospital Arrival Time,,,,,,,1,
2022,36,360711,New York,2,2,0,0,0,2,2,29,ERIE (29),1117,CHEEKTOWAGA,12,12,9,September,2022,2,Monday,13,1:00pm-1:59pm,10,10,1,This section IS ON the NHS,2,Urban,3,Principal Arterial - Other,1,State Highway Agency,3,State Highway,SR-277 UNION RD,SR-33 KENSINGTON EXPY,99998,Not Reported,42.92998889,42.92998889,-78.754208330,-78.75420833,0,No Special Jurisdiction,12,Motor Vehicle In-Transport,6,Angle,0,No,2,Intersection,3,T-Intersection,0,None,,,1,On Roadway,1,Daylight,,,,,1,Clear,0,No,0000000,Not Applicable,13,1:00pm-1:59pm,11,11,13,1:00pm-1:59pm,14,14,13,1:00pm-1:59pm,32,32,,,,,,,1,
2022,36,360712,New York,3,3,0,0,0,4,4,51,LIVINGSTON (51),2250,GENESEO,18,18,9,September,2022,1,Sunday,11,11:00am-11:59am,15,15,0,This section IS NOT on the NHS,2,Urban,4,Minor Arterial,1,State Highway Agency,2,U.S. Highway,US-20A LAKEVILLE RD,NORTH RD,99998,Not Reported,42.81819167,42.81819167,-77.753402780,-77.75340278,0,No Special Jurisdiction,12,Motor Vehicle In-Transport,1,Front-to-Rear,0,No,2,Intersection,2,Four-Way Intersection,0,None,,,1,On Roadway,1,Daylight,,,,,1,Clear,0,No,0000000,Not Applicable,11,11:00am-11:59am,19,19,11,11:00am-11:59am,27,27,12,12:00pm-12:59pm,2,2,,,,,,,1,
2022,36,360713,New York,1,1,0,0,0,2,2,77,OTSEGO (77),9997,Other,23,23,7,July,2022,7,Saturday,2,2:00am-2:59am,6,6,0,This section IS NOT on the NHS,1,Rural,7,Local,3,Town or Township Highway Agency,5,Local Street - Township,SHACKTOWN MOUNTAIN RD,,99998,Not Reported,42.59742222,42.59742222,-75.284583330,-75.28458333,0,No Special Jurisdiction,42,Tree (Standing Only),0,The First Harmful Event was Not a Collision with a Motor Vehicle in Transport,0,No,1,Non-Junction,1,Not an Intersection,0,None,,,4,On Roadside,2,Dark - Not Lighted,,,,,1,Clear,0,No,0000000,Not Applicable,2,2:00am-2:59am,7,7,2,2:00am-2:59am,17,17,99,Unknown,99,Unknown EMS Hospital Arrival Time,,,,,,,1,
2022,36,360714,New York,1,1,0,1,1,1,1,63,NIAGARA (63),3220,LEWISTON,11,11,9,September,2022,1,Sunday,1,1:00am-1:59am,54,54,1,This section IS ON the NHS,2,Urban,3,Principal Arterial - Other,1,State Highway Agency,3,State Highway,SR-104 LEWISTON RD,,99998,Not Reported,43.16720278,43.16720278,-79.031483330,-79.03148333,0,No Special Jurisdiction,9,Pedalcyclist,0,The First Harmful Event was Not a Collision with a Motor Vehicle in Transport,0,No,1,Non-Junction,1,Not an Intersection,0,None,,,2,On Shoulder,2,Dark - Not Lighted,,,,,1,Clear,0,No,0000000,Not Applicable,1,1:00am-1:59am,57,57,2,2:00am-2:59am,2,2,88,"Not Applicable (Not Transported) ",88,Not Applicable (Not Transported),,,,,,,1,
2022,36,360715,New York,1,1,0,1,1,1,1,93,SCHENECTADY (93),5550,SCHENECTADY,23,23,7,July,2022,7,Saturday,20,8:00pm-8:59pm,22,22,1,This section IS ON the NHS,2,Urban,3,Principal Arterial - Other,1,State Highway Agency,3,State Highway,SR-5 STATE ST,VAN ZANDT ST,99998,Not Reported,42.78118889,42.78118889,-73.904827780,-73.90482778,0,No Special Jurisdiction,8,Pedestrian,0,The First Harmful Event was Not a Collision with a Motor Vehicle in Transport,0,No,3,Intersection-Related,2,Four-Way Intersection,0,None,,,1,On Roadway,1,Daylight,,,,,1,Clear,0,No,0000000,Not Applicable,16,4:00pm-4:59pm,53,53,17,5:00pm-5:59pm,0,0,99,Unknown,99,Unknown EMS Hospital Arrival Time,,,,,,,1,
2022,36,360716,New York,2,2,0,0,0,3,3,47,KINGS (47),4170,NEW YORK CITY,25,25,9,September,2022,1,Sunday,2,2:00am-2:59am,7,7,0,This section IS NOT on the NHS,2,Urban,5,Major Collector,4,City or Municipal Highway Agency,6,Local Street - Municipality,ST JOHNS PLACE,,0,None,40.67046944,40.67046944,-73.928286110,-73.92828611,0,No Special Jurisdiction,5,Fell/Jumped from Vehicle,0,The First Harmful Event was Not a Collision with a Motor Vehicle in Transport,0,No,1,Non-Junction,1,Not an Intersection,0,None,,,1,On Roadway,2,Dark - Not Lighted,,,,,10,Cloudy,0,No,0000000,Not Applicable,99,Unknown,99,Unknown,99,Unknown EMS Scene Arrival Hour,99,Unknown EMS Scene Arrival Minutes,99,Unknown,99,Unknown EMS Hospital Arrival Time,,,,,,,1,
2022,36,360717,New York,2,2,0,0,0,5,5,71,ORANGE (71),2550,HARRIMAN,21,21,9,September,2022,4,Wednesday,18,6:00pm-6:59pm,7,7,0,This section IS NOT on the NHS,2,Urban,4,Minor Arterial,1,State Highway Agency,3,State Highway,SR-17,COMMERCE DR S,99998,Not Reported,41.31158056,41.31158056,-74.140969440,-74.14096944,0,No Special Jurisdiction,12,Motor Vehicle In-Transport,2,Front-to-Front,0,No,2,Intersection,2,Four-Way Intersection,0,None,,,1,On Roadway,1,Daylight,,,,,1,Clear,0,No,0000000,Not Applicable,18,6:00pm-6:59pm,8,8,18,6:00pm-6:59pm,16,16,19,7:00pm-7:59pm,5,5,,,,,,,1,
2022,36,360719,New York,1,1,0,0,0,1,1,59,NASSAU (59),4090,NEW HYDE PARK,7,7,8,August,2022,1,Sunday,7,7:00am-7:59am,40,40,1,This section IS ON the NHS,2,Urban,2,Principal Arterial - Other Freeways and Expressways,1,State Highway Agency,3,State Highway,SR-908G NORTHERN STATE PKWY,,99998,Not Reported,40.78072500,40.78072500,-73.636666670,-73.63666667,0,No Special Jurisdiction,24,Guardrail Face,0,The First Harmful Event was Not a Collision with a Motor Vehicle in Transport,0,No,1,Non-Junction,1,Not an Intersection,0,None,,,4,On Roadside,1,Daylight,,,,,10,Cloudy,0,No,0000000,Not Applicable,7,7:00am-7:59am,40,40,7,7:00am-7:59am,46,46,88,"Not Applicable (Not Transported) ",88,Not Applicable (Not Transported),,,,,,,1,
2022,36,360720,New York,1,1,0,0,0,1,1,59,NASSAU (59),2600,HEMPSTEAD,27,27,9,September,2022,3,Tuesday,0,0:00am-0:59am,50,50,0,This section IS NOT on the NHS,2,Urban,4,Minor Arterial,3,Town or Township Highway Agency,5,Local Street - Township,JERUSALEM AVE,MAPLE AVE,99998,Not Reported,40.70093889,40.70093889,-73.594811110,-73.59481111,0,No Special Jurisdiction,30,Utility Pole/Light Support,0,The First Harmful Event was Not a Collision with a Motor Vehicle in Transport,0,No,3,Intersection-Related,3,T-Intersection,0,None,,,4,On Roadside,3,Dark - Lighted,,,,,1,Clear,0,No,0000000,Not Applicable,0,0:00am-0:59am,54,54,1,1:00am-1:59am,0,0,1,1:00am-1:59am,23,23,,,,,,,1,
2022,36,360721,New York,2,2,0,0,0,3,3,29,ERIE (29),210,ANGOLA,9,9,9,September,2022,6,Friday,15,3:00pm-3:59pm,42,42,1,This section IS ON the NHS,2,Urban,3,Principal Arterial - Other,1,State Highway Agency,2,U.S. Highway,US-20 SOUTHWESTERN BLVD,CR-18 STURGEON POINT RD,99998,Not Reported,42.67499444,42.67499444,-78.954972220,-78.95497222,0,No Special Jurisdiction,12,Motor Vehicle In-Transport,6,Angle,0,No,2,Intersection,2,Four-Way Intersection,0,None,,,1,On Roadway,1,Daylight,,,,,1,Clear,0,No,0000000,Not Applicable,14,2:00pm-2:59pm,53,53,14,2:00pm-2:59pm,56,56,99,Unknown,99,Unknown EMS Hospital Arrival Time,,,,,,,1,
2022,36,360722,New York,1,1,0,0,0,3,3,9,CATTARAUGUS (9),6823,YORKSHIRE,9,9,9,September,2022,6,Friday,22,10:00pm-10:59pm,44,44,1,This section IS ON the NHS,1,Rural,3,Principal Arterial - Other,1,State Highway Agency,3,State Highway,"SR-16 ",,99998,Not Reported,42.47453611,42.47453611,-78.479172220,-78.47917222,0,No Special Jurisdiction,34,Ditch,0,The First Harmful Event was Not a Collision with a Motor Vehicle in Transport,0,No,1,Non-Junction,1,Not an Intersection,0,None,,,4,On Roadside,3,Dark - Lighted,,,,,1,Clear,0,No,0000000,Not Applicable,22,10:00pm-10:59pm,50,50,23,11:00pm-11:59pm,5,5,99,Unknown,99,Unknown EMS Hospital Arrival Time,,,,,,,2,
2022,36,360723,New York,1,1,0,1,1,1,1,63,NIAGARA (63),3340,LOCKPORT,10,10,9,September,2022,7,Saturday,21,9:00pm-9:59pm,19,19,1,This section IS ON the NHS,2,Urban,3,Principal Arterial - Other,1,State Highway Agency,3,State Highway,SR-78 S TRANSIT RD,,99998,Not Reported,43.12230556,43.12230556,-78.696916670,-78.69691667,0,No Special Jurisdiction,8,Pedestrian,0,The First Harmful Event was Not a Collision with a Motor Vehicle in Transport,0,No,1,Non-Junction,1,Not an Intersection,0,None,,,1,On Roadway,2,Dark - Not Lighted,,,,,1,Clear,0,No,0000000,Not Applicable,21,9:00pm-9:59pm,19,19,21,9:00pm-9:59pm,24,24,88,"Not Applicable (Not Transported) ",88,Not Applicable (Not Transported),,,,,,,1,