caseyear,state,st_case,statename,ve_total,ve_forms,pvh_invl,peds,pernotmvit,permvit,persons,county,countyname,city,cityname,day,dayname,month,monthname,year,day_week,day_weekname,hour,hourname,minute,minutename,nhs,nhsname,rur_urb,rur_urbname,func_sys,func_sysname,rd_owner,rd_ownername,route,routename,tway_id,tway_id2,milept,mileptname,latitude,latitudename,longitud,longitudname,sp_jur,sp_jurname,harm_ev,harm_evname,man_coll,man_collname,reljct1,reljct1name,reljct2,reljct2name,typ_int,typ_intname,wrk_zone,wrk_zonename,road_fnc,road_fncname,rel_road,rel_roadname,lgt_cond,lgt_condname,weather1,weather1name,weather2,weather2name,weather,weathername,sch_bus,sch_busname,rail,railname,not_hour,not_hourname,not_min,not_minname,arr_hour,arr_hourname,arr_min,arr_minname,hosp_hr,hosp_hrname,hosp_mn,hosp_mnname,cf1,cf1name,cf2,cf2name,cf3,cf3name,fatals,drunk_dr
2022,36,360910,New York,3,3,0,0,0,3,3,5,BRONX (5),4170,NEW YORK CITY,29,29,11,November,2022,3,Tuesday,0,0:00am-0:59am,37,37,1,This section IS ON the NHS,2,Urban,1,Interstate,1,State Highway Agency,1,Interstate,I-95,,99998,Not Reported,40.84491667,40.84491667,-73.922238890,-73.92223889,0,No Special Jurisdiction,12,Motor Vehicle In-Transport,1,Front-to-Rear,0,No,1,Non-Junction,1,Not an Intersection,0,None,,,1,On Roadway,3,Dark - Lighted,,,,,1,Clear,0,No,0000000,Not Applicable,99,Unknown,99,Unknown,99,Unknown EMS Scene Arrival Hour,99,Unknown EMS Scene Arrival Minutes,88,"Not Applicable (Not Transported) ",88,Not Applicable (Not Transported),,,,,,,1,
2022,36,360911,New York,1,1,0,0,0,1,1,115,WASHINGTON (115),5420,SALEM,28,28,6,June,2022,3,Tuesday,7,7:00am-7:59am,31,31,0,This section IS NOT on the NHS,1,Rural,6,Minor Collector,3,Town or Township Highway Agency,4,County Road,CR-30,,99998,Not Reported,43.21476111,43.21476111,-73.374147220,-73.37414722,0,No Special Jurisdiction,34,Ditch,0,The First Harmful Event was Not a Collision with a Motor Vehicle in Transport,0,No,1,Non-Junction,1,Not an Intersection,0,None,,,4,On Roadside,1,Daylight,,,,,1,Clear,0,No,0000000,Not Applicable,7,7:00am-7:59am,31,31,7,7:00am-7:59am,41,41,99,Unknown,99,Unknown EMS Hospital Arrival Time,,,,,,,1,
2022,36,360912,New York,1,1,0,0,0,4,4,7,BROOME (7),6277,VESTAL,24,24,11,November,2022,5,Thursday,1,1:00am-1:59am,17,17,0,This section IS NOT on the NHS,2,Urban,7,Local,3,Town or Township Highway Agency,5,Local Street - Township,CLAYTON AVE,,0,None,42.08266944,42.08266944,-76.048941670,-76.04894167,0,No Special Jurisdiction,38,Fence,0,The First Harmful Event was Not a Collision with a Motor Vehicle in Transport,0,No,1,Non-Junction,1,Not an Intersection,0,None,,,4,On Roadside,3,Dark - Lighted,,,,,1,Clear,0,No,0000000,Not Applicable,1,1:00am-1:59am,17,17,1,1:00am-1:59am,24,24,88,"Not Applicable (Not Transported) ",88,Not Applicable (Not Transported),,,,,,,1,
2022,36,360913,New York,1,1,0,0,0,3,3,81,QUEENS (81),4170,MIDDLE VILLAGE,1,1,12,December,2022,5,Thursday,0,0:00am-0:59am,20,20,1,This section IS ON the NHS,2,Urban,1,Interstate,1,State Highway Agency,1,Interstate,I-495 LONG ISLAND EXPY,,99998,Not Reported,40.74295000,40.74295000,-73.839494440,-73.83949444,0,No Special Jurisdiction,24,Guardrail Face,0,The First Harmful Event was Not a Collision with a Motor Vehicle in Transport,0,No,1,Non-Junction,1,Not an Intersection,0,None,,,4,On Roadside,3,Dark - Lighted,,,,,1,Clear,0,No,0000000,Not Applicable,99,Unknown,99,Unknown,99,Unknown EMS Scene Arrival Hour,99,Unknown EMS Scene Arrival Minutes,99,Unknown,99,Unknown EMS Hospital Arrival Time,,,,,,,1,
2022,36,360914,New York,1,1,0,1,1,1,1,61,NEW YORK (61),4170,NEW YORK,8,8,8,August,2022,2,Monday,17,5:00pm-5:59pm,40,40,0,This section IS NOT on the NHS,2,Urban,7,Local,4,City or Municipal Highway Agency,6,Local Street - Municipality,DYER AVE,40TH ST,0,None,40.75770833,40.75770833,-73.994716670,-73.99471667,0,No Special Jurisdiction,8,Pedestrian,0,The First Harmful Event was Not a Collision with a Motor Vehicle in Transport,0,No,3,Intersection-Related,2,Four-Way Intersection,0,None,,,1,On Roadway,1,Daylight,,,,,1,Clear,0,No,0000000,Not Applicable,99,Unknown,99,Unknown,99,Unknown EMS Scene Arrival Hour,99,Unknown EMS Scene Arrival Minutes,99,Unknown,99,Unknown EMS Hospital Arrival Time,,,,,,,1,
2022,36,360915,New York,1,1,0,1,1,2,2,15,CHEMUNG (15),2800,HORSEHEADS,11,11,11,November,2022,6,Friday,17,5:00pm-5:59pm,8,8,1,This section IS ON the NHS,2,Urban,3,Principal Arterial - Other,1,State Highway Agency,3,State Highway,SR-14 CORNING RD,,99998,Not Reported,42.14088611,42.14088611,-76.828838890,-76.82883889,0,No Special Jurisdiction,8,Pedestrian,0,The First Harmful Event was Not a Collision with a Motor Vehicle in Transport,0,No,1,Non-Junction,1,Not an Intersection,0,None,,,1,On Roadway,1,Daylight,,,,,2,Rain,0,No,0000000,Not Applicable,17,5:00pm-5:59pm,8,8,99,Unknown EMS Scene Arrival Hour,99,Unknown EMS Scene Arrival Minutes,99,Unknown,99,Unknown EMS Hospital Arrival Time,,,,,,,1,
2022,36,360916,New York,1,1,0,1,1,1,1,5,BRONX (5),4170,NEW YORK CITY,11,11,11,November,2022,6,Friday,17,5:00pm-5:59pm,20,20,0,This section IS NOT on the NHS,2,Urban,7,Local,4,City or Municipal Highway Agency,6,Local Street - Municipality,RHINELANDER AVE,RADCLIFF AVE,0,None,40.84981389,40.84981389,-73.858497220,-73.85849722,0,No Special Jurisdiction,8,Pedestrian,0,The First Harmful Event was Not a Collision with a Motor Vehicle in Transport,0,No,3,Intersection-Related,2,Four-Way Intersection,0,None,,,1,On Roadway,3,Dark - Lighted,,,,,2,Rain,0,No,0000000,Not Applicable,99,Unknown,99,Unknown,99,Unknown EMS Scene Arrival Hour,99,Unknown EMS Scene Arrival Minutes,99,Unknown,99,Unknown EMS Hospital Arrival Time,,,,,,,1,
2022,36,360917,New York,1,1,0,1,1,1,1,83,RENSSELAER (83),940,CASTLETON ON HUDSON,13,13,11,November,2022,1,Sunday,18,6:00pm-6:59pm,56,56,1,This section IS ON the NHS,2,Urban,3,Principal Arterial - Other,1,State Highway Agency,2,U.S. Highway,US-9 COLUMBIA TPK,,99998,Not Reported,42.54945833,42.54945833,-73.672000000,-73.67200000,0,No Special Jurisdiction,8,Pedestrian,0,The First Harmful Event was Not a Collision with a Motor Vehicle in Transport,0,No,1,Non-Junction,1,Not an Intersection,0,None,,,1,On Roadway,2,Dark - Not Lighted,,,,,1,Clear,0,No,0000000,Not Applicable,18,6:00pm-6:59pm,57,57,19,7:00pm-7:59pm,13,13,20,8:00pm-8:59pm,9,9,,,,,,,1,
2022,36,360918,New York,1,1,0,1,1,1,1,55,MONROE (55),5230,ROCHESTER,17,17,11,November,2022,5,Thursday,6,6:00am-6:59am,43,43,0,This section IS NOT on the NHS,2,Urban,7,Local,4,City or Municipal Highway Agency,6,Local Street - Municipality,FISHER ST,,0,None,43.18036944,43.18036944,-77.669697220,-77.66969722,0,No Special Jurisdiction,8,Pedestrian,0,The First Harmful Event was Not a Collision with a Motor Vehicle in Transport,0,No,4,Driveway Access,1,Not an Intersection,0,None,,,1,On Roadway,4,Dawn,,,,,1,Clear,1,Yes,0000000,Not Applicable,6,6:00am-6:59am,43,43,6,6:00am-6:59am,48,48,99,Unknown,99,Unknown EMS Hospital Arrival Time,,,,,,,1,
2022,36,360919,New York,3,3,0,0,0,3,3,85,RICHMOND (85),4170,NEW YORK CITY,4,4,8,August,2022,5,Thursday,19,7:00pm-7:59pm,54,54,1,This section IS ON the NHS,2,Urban,1,Interstate,1,State Highway Agency,1,Interstate,I-278,,99998,Not Reported,40.62506389,40.62506389,-74.178036110,-74.17803611,0,No Special Jurisdiction,12,Motor Vehicle In-Transport,2,Front-to-Front,0,No,1,Non-Junction,1,Not an Intersection,0,None,,,1,On Roadway,1,Daylight,,,,,1,Clear,0,No,0000000,Not Applicable,99,Unknown,99,Unknown,99,Unknown EMS Scene Arrival Hour,99,Unknown EMS Scene Arrival Minutes,99,Unknown,99,Unknown EMS Hospital Arrival Time,,,,,,,1,
2022,36,360920,New York,1,1,0,1,1,2,2,85,RICHMOND (85),4170,NEW YORK CITY,21,21,11,November,2022,2,Monday,15,3:00pm-3:59pm,0,0,0,This section IS NOT on the NHS,2,Urban,7,Local,4,City or Municipal Highway Agency,6,Local Street - Municipality,FOREST AVE,SOUTH AVE,0,None,40.62728333,40.62728333,-74.166644440,-74.16664444,0,No Special Jurisdiction,8,Pedestrian,0,The First Harmful Event was Not a Collision with a Motor Vehicle in Transport,0,No,3,Intersection-Related,2,Four-Way Intersection,0,None,,,1,On Roadway,1,Daylight,,,,,1,Clear,0,No,0000000,Not Applicable,99,Unknown,99,Unknown,99,Unknown EMS Scene Arrival Hour,99,Unknown EMS Scene Arrival Minutes,99,Unknown,99,Unknown EMS Hospital Arrival Time,,,,,,,1,
2022,36,360921,New York,2,1,1,1,1,2,2,61,NEW YORK (61),4170,NEW YORK,4,4,12,December,2022,1,Sunday,1,1:00am-1:59am,30,30,0,This section IS NOT on the NHS,2,Urban,5,Major Collector,4,City or Municipal Highway Agency,6,Local Street - Municipality,W 24TH ST,,0,None,40.74552500,40.74552500,-73.996916670,-73.99691667,0,No Special Jurisdiction,9,Pedalcyclist,0,The First Harmful Event was Not a Collision with a Motor Vehicle in Transport,0,No,1,Non-Junction,1,Not an Intersection,0,None,,,1,On Roadway,3,Dark - Lighted,,,,,1,Clear,0,No,0000000,Not Applicable,99,Unknown,99,Unknown,99,Unknown EMS Scene Arrival Hour,99,Unknown EMS Scene Arrival Minutes,99,Unknown,99,Unknown EMS Hospital Arrival Time,,,,,,,1,
2022,36,360922,New York,1,1,0,1,1,1,1,29,ERIE (29),750,BUFFALO,6,6,11,November,2022,1,Sunday,2,2:00am-2:59am,55,55,0,This section IS NOT on the NHS,2,Urban,4,Minor Arterial,4,City or Municipal Highway Agency,6,Local Street - Municipality,ELMWOOD AVE,LAFAYETTE AVE,99998,Not Reported,42.92041111,42.92041111,-78.876986110,-78.87698611,0,No Special Jurisdiction,8,Pedestrian,0,The First Harmful Event was Not a Collision with a Motor Vehicle in Transport,0,No,3,Intersection-Related,2,Four-Way Intersection,0,None,,,1,On Roadway,6,Dark - Unknown Lighting,,,,,2,Rain,0,No,0000000,Not Applicable,3,3:00am-3:59am,0,0,3,3:00am-3:59am,1,1,99,Unknown,99,Unknown EMS Hospital Arrival Time,,,,,,,1,
2022,36,360923,New York,1,1,0,1,1,3,3,109,TOMPKINS (109),2940,ITHACA,7,7,11,November,2022,2,Monday,22,10:00pm-10:59pm,43,43,0,This section IS NOT on the NHS,2,Urban,4,Minor Arterial,4,City or Municipal Highway Agency,3,State Highway,SR-13A FLORAL AVE,,99998,Not Reported,42.43565278,42.43565278,-76.518650000,-76.51865000,0,No Special Jurisdiction,9,Pedalcyclist,0,The First Harmful Event was Not a Collision with a Motor Vehicle in Transport,0,No,1,Non-Junction,1,Not an Intersection,0,None,,,1,On Roadway,3,Dark - Lighted,,,,,1,Clear,0,No,0000000,Not Applicable,99,Unknown,99,Unknown,99,Unknown EMS Scene Arrival Hour,99,Unknown EMS Scene Arrival Minutes,99,Unknown,99,Unknown EMS Hospital Arrival Time,,,,,,,1,
2022,36,360924,New York,1,1,0,1,1,1,1,47,KINGS (47),4170,NEW YORK CITY,5,5,12,December,2022,2,Monday,23,11:00pm-11:59pm,54,54,1,This section IS ON the NHS,2,Urban,3,Principal Arterial - Other,4,City or Municipal Highway Agency,6,Local Street - Municipality,BEDFORD AVE,,0,None,40.68095833,40.68095833,-73.953477780,-73.95347778,0,No Special Jurisdiction,8,Pedestrian,0,The First Harmful Event was Not a Collision with a Motor Vehicle in Transport,0,No,1,Non-Junction,1,Not an Intersection,0,None,,,1,On Roadway,3,Dark - Lighted,,,,,1,Clear,0,No,0000000,Not Applicable,99,Unknown,99,Unknown,99,Unknown EMS Scene Arrival Hour,99,Unknown EMS Scene Arrival Minutes,99,Unknown,99,Unknown EMS Hospital Arrival Time,,,,,,,1,
2022,36,360926,New York,1,1,0,1,1,2,2,61,NEW YORK (61),4170,NEW YORK,5,5,12,December,2022,2,Monday,8,8:00am-8:59am,31,31,0,This section IS NOT on the NHS,2,Urban,7,Local,4,City or Municipal Highway Agency,5,Local Street - Township,WHITE ST,LAFAYETTE ST,0,None,40.71724444,40.71724444,-74.001580560,-74.00158056,0,No Special Jurisdiction,8,Pedestrian,0,The First Harmful Event was Not a Collision with a Motor Vehicle in Transport,0,No,3,Intersection-Related,2,Four-Way Intersection,0,None,,,1,On Roadway,1,Daylight,,,,,1,Clear,0,No,0000000,Not Applicable,8,8:00am-8:59am,31,31,99,Unknown EMS Scene Arrival Hour,99,Unknown EMS Scene Arrival Minutes,99,Unknown,99,Unknown EMS Hospital Arrival Time,,,,,,,1,
2022,36,360927,New York,2,2,0,0,0,2,2,1,ALBANY (1),50,ALBANY,26,26,8,August,2022,6,Friday,14,2:00pm-2:59pm,54,54,1,This section IS ON the NHS,2,Urban,1,Interstate,1,State Highway Agency,1,Interstate,I-87,,99998,Not Reported,99.99990000,99.99990000,999.999900000,999.99990000,0,No Special Jurisdiction,12,Motor Vehicle In-Transport,1,Front-to-Rear,0,No,1,Non-Junction,1,Not an Intersection,0,None,,,1,On Roadway,1,Daylight,,,,,10,Cloudy,0,No,0000000,Not Applicable,14,2:00pm-2:59pm,54,54,15,3:00pm-3:59pm,4,4,16,4:00pm-4:59pm,0,0,,,,,,,1,
2022,36,360928,New York,1,1,0,0,0,1,1,97,SCHUYLER (97),6480,WATKINS GLEN,24,24,11,November,2022,5,Thursday,7,7:00am-7:59am,21,21,0,This section IS NOT on the NHS,1,Rural,4,Minor Arterial,1,State Highway Agency,3,State Highway,SR-414,,99998,Not Reported,42.36090833,42.36090833,-76.867769440,-76.86776944,0,No Special Jurisdiction,59,"Traffic Sign Support ",0,The First Harmful Event was Not a Collision with a Motor Vehicle in Transport,0,No,1,Non-Junction,1,Not an Intersection,0,None,,,4,On Roadside,1,Daylight,,,,,1,Clear,0,No,0000000,Not Applicable,7,7:00am-7:59am,22,22,7,7:00am-7:59am,27,27,7,7:00am-7:59am,38,38,,,,,,,1,
2022,36,360929,New York,2,2,0,0,0,3,3,29,ERIE (29),750,BUFFALO,3,3,10,October,2022,2,Monday,13,1:00pm-1:59pm,50,50,1,This section IS ON the NHS,2,Urban,3,Principal Arterial - Other,1,State Highway Agency,3,State Highway,SR-16 SENECA ST,,99998,Not Reported,42.86426111,42.86426111,-78.821541670,-78.82154167,0,No Special Jurisdiction,12,Motor Vehicle In-Transport,2,Front-to-Front,0,No,1,Non-Junction,1,Not an Intersection,0,None,,,1,On Roadway,1,Daylight,,,,,1,Clear,0,No,0000000,Not Applicable,13,1:00pm-1:59pm,51,51,13,1:00pm-1:59pm,54,54,99,Unknown,99,Unknown EMS Hospital Arrival Time,,,,,,,1,
2022,36,360930,New York,5,2,3,0,0,4,4,1,ALBANY (1),50,ALBANY,25,25,11,November,2022,6,Friday,22,10:00pm-10:59pm,13,13,0,This section IS NOT on the NHS,2,Urban,5,Major Collector,4,City or Municipal Highway Agency,6,Local Street - Municipality,ONTARIO ST,BRADFORD ST,99998,Not Reported,42.66657500,42.66657500,-73.775688890,-73.77568889,0,No Special Jurisdiction,12,Motor Vehicle In-Transport,6,Angle,0,No,2,Intersection,2,Four-Way Intersection,0,None,,,1,On Roadway,3,Dark - Lighted,,,,,1,Clear,0,No,0000000,Not Applicable,22,10:00pm-10:59pm,13,13,22,10:00pm-10:59pm,13,13,99,Unknown,99,Unknown EMS Hospital Arrival Time,,,,,,,1,
2022,36,360931,New York,2,2,0,0,0,2,2,91,SARATOGA (91),2230,GALWAY,10,10,9,September,2022,7,Saturday,20,8:00pm-8:59pm,6,6,1,This section IS ON the NHS,1,Rural,3,Principal Arterial - Other,1,State Highway Agency,3,State Highway,SR-29,BENZAL RD,99998,Not Reported,43.07131111,43.07131111,-73.988730560,-73.98873056,0,No Special Jurisdiction,12,Motor Vehicle In-Transport,6,Angle,0,No,2,Intersection,3,T-Intersection,0,None,,,1,On Roadway,2,Dark - Not Lighted,,,,,10,Cloudy,0,No,0000000,Not Applicable,99,Unknown,99,Unknown,99,Unknown EMS Scene Arrival Hour,99,Unknown EMS Scene Arrival Minutes,88,"Not Applicable (Not Transported) ",88,Not Applicable (Not Transported),,,,,,,1,
2022,36,360932,New York,2,2,0,0,0,3,3,81,QUEENS (81),4170,MIDDLE VILLAGE,26,26,11,November,2022,7,Saturday,1,1:00am-1:59am,16,16,0,This section IS NOT on the NHS,2,Urban,5,Major Collector,4,City or Municipal Highway Agency,6,Local Street - Municipality,37TH AVE,82ND ST,99998,Not Reported,40.74978333,40.74978333,-73.884330560,-73.88433056,0,No Special Jurisdiction,12,Motor Vehicle In-Transport,6,Angle,0,No,2,Intersection,2,Four-Way Intersection,0,None,,,1,On Roadway,3,Dark - Lighted,,,,,98,Not Reported,0,No,0000000,Not Applicable,1,1:00am-1:59am,16,16,99,Unknown EMS Scene Arrival Hour,99,Unknown EMS Scene Arrival Minutes,99,Unknown,99,Unknown EMS Hospital Arrival Time,,,,,,,1,
2022,36,360933,New York,1,1,0,1,1,1,1,47,KINGS (47),4170,NEW YORK CITY,23,23,9,September,2022,6,Friday,23,11:00pm-11:59pm,10,10,0,This section IS NOT on the NHS,2,Urban,4,Minor Arterial,4,City or Municipal Highway Agency,6,Local Street - Municipality,NEW YORK AVE,CORTELYOU RD,99998,Not Reported,40.64454444,40.64454444,-73.946027780,-73.94602778,0,No Special Jurisdiction,9,Pedalcyclist,0,The First Harmful Event was Not a Collision with a Motor Vehicle in Transport,0,No,2,Intersection,2,Four-Way Intersection,0,None,,,1,On Roadway,3,Dark - Lighted,,,,,1,Clear,0,No,0000000,Not Applicable,23,11:00pm-11:59pm,10,10,99,Unknown EMS Scene Arrival Hour,99,Unknown EMS Scene Arrival Minutes,99,Unknown,99,Unknown EMS Hospital Arrival Time,,,,,,,1,
2022,36,360934,New York,3,3,0,0,0,13,13,71,ORANGE (71),2690,HIGHLAND FALLS,23,23,10,October,2022,1,Sunday,14,2:00pm-2:59pm,29,29,1,This section IS ON the NHS,1,Rural,2,Principal Arterial - Other Freeways and Expressways,11,"State Park, Forest, or Reservation Agency",2,U.S. Highway,US-6,US-6 RAMP,99998,Not Reported,41.30521944,41.30521944,-74.034141670,-74.03414167,0,No Special Jurisdiction,12,Motor Vehicle In-Transport,6,Angle,1,Yes,2,Intersection,6,Roundabout,0,None,,,1,On Roadway,1,Daylight,,,,,1,Clear,0,No,0000000,Not Applicable,14,2:00pm-2:59pm,38,38,14,2:00pm-2:59pm,44,44,15,3:00pm-3:59pm,14,14,,,,,,,1,
2022,36,360935,New York,2,2,0,0,0,2,2,119,WESTCHESTER (119),6235,VALHALLA,10,10,7,July,2022,1,Sunday,15,3:00pm-3:59pm,20,20,1,This section IS ON the NHS,2,Urban,2,Principal Arterial - Other Freeways and Expressways,1,State Highway Agency,3,State Highway,SR-987G TACONIC STATE PKWY,CLEVELAND ST,99998,Not Reported,41.07318889,41.07318889,-73.772463890,-73.77246389,0,No Special Jurisdiction,12,Motor Vehicle In-Transport,6,Angle,0,No,2,Intersection,2,Four-Way Intersection,0,None,,,1,On Roadway,1,Daylight,,,,,1,Clear,0,No,0000000,Not Applicable,15,3:00pm-3:59pm,20,20,15,3:00pm-3:59pm,31,31,15,3:00pm-3:59pm,37,37,,,,,,,1,
2022,36,360936,New York,2,2,0,0,0,3,3,59,NASSAU (59),2600,HEMPSTEAD,29,29,8,August,2022,2,Monday,21,9:00pm-9:59pm,56,56,0,This section IS NOT on the NHS,2,Urban,7,Local,3,Town or Township Highway Agency,5,Local Street - Township,DUTCH BROADWAY,HARRIET ST,99998,Not Reported,40.68950278,40.68950278,-73.708033330,-73.70803333,0,No Special Jurisdiction,12,Motor Vehicle In-Transport,6,Angle,0,No,2,Intersection,3,T-Intersection,0,None,,,1,On Roadway,3,Dark - Lighted,,,,,1,Clear,0,No,0000000,Not Applicable,99,Unknown,99,Unknown,99,Unknown EMS Scene Arrival Hour,99,Unknown EMS Scene Arrival Minutes,99,Unknown,99,Unknown EMS Hospital Arrival Time,,,,,,,1,
2022,36,360938,New York,2,2,0,0,0,2,2,87,ROCKLAND (87),6000,SUFFERN,27,27,9,September,2022,3,Tuesday,10,10:00am-10:59am,21,21,0,This section IS NOT on the NHS,2,Urban,4,Minor Arterial,1,State Highway Agency,2,U.S. Highway,US-202 HAVERSTRAW RD,MAYER DR,99998,Not Reported,41.13395000,41.13395000,-74.130922220,-74.13092222,0,No Special Jurisdiction,12,Motor Vehicle In-Transport,6,Angle,0,No,2,Intersection,3,T-Intersection,0,None,,,1,On Roadway,1,Daylight,,,,,1,Clear,0,No,0000000,Not Applicable,10,10:00am-10:59am,21,21,10,10:00am-10:59am,28,28,10,10:00am-10:59am,49,49,,,,,,,1,
2022,36,360939,New York,2,2,0,0,0,3,3,59,NASSAU (59),2600,HEMPSTEAD,12,12,11,November,2022,7,Saturday,20,8:00pm-8:59pm,52,52,1,This section IS ON the NHS,2,Urban,2,Principal Arterial - Other Freeways and Expressways,1,State Highway Agency,3,State Highway,SR-908M SOUTHERN STATE PKWY,,99998,Not Reported,40.68303333,40.68303333,-73.668463890,-73.66846389,0,No Special Jurisdiction,12,Motor Vehicle In-Transport,1,Front-to-Rear,0,No,1,Non-Junction,1,Not an Intersection,0,None,,,1,On Roadway,3,Dark - Lighted,,,,,1,Clear,0,No,0000000,Not Applicable,20,8:00pm-8:59pm,52,52,20,8:00pm-8:59pm,59,59,21,9:00pm-9:59pm,24,24,,,,,,,1,
2022,36,360940,New York,2,2,0,0,0,2,2,105,SULLIVAN (105),532,BETHEL,28,28,11,November,2022,2,Monday,8,8:00am-8:59am,52,52,0,This section IS NOT on the NHS,1,Rural,4,Minor Arterial,1,State Highway Agency,3,State Highway,SR-17B,,99998,Not Reported,41.67592778,41.67592778,-74.851208330,-74.85120833,0,No Special Jurisdiction,12,Motor Vehicle In-Transport,2,Front-to-Front,0,No,1,Non-Junction,1,Not an Intersection,0,None,,,1,On Roadway,1,Daylight,,,,,2,Rain,0,No,0000000,Not Applicable,9,9:00am-9:59am,2,2,9,9:00am-9:59am,43,43,99,Unknown,99,Unknown EMS Hospital Arrival Time,,,,,,,1,
2022,36,360941,New York,1,1,0,0,0,2,2,47,KINGS (47),4170,NEW YORK CITY,22,22,8,August,2022,2,Monday,16,4:00pm-4:59pm,40,40,0,This section IS NOT on the NHS,2,Urban,7,Local,4,City or Municipal Highway Agency,6,Local Street - Municipality,CADMAN PLAZA WEST,,0,None,40.70301389,40.70301389,-73.994625000,-73.99462500,0,No Special Jurisdiction,43,Other Fixed Object,0,The First Harmful Event was Not a Collision with a Motor Vehicle in Transport,0,No,1,Non-Junction,1,Not an Intersection,0,None,,,4,On Roadside,1,Daylight,,,,,1,Clear,0,No,0000000,Not Applicable,99,Unknown,99,Unknown,99,Unknown EMS Scene Arrival Hour,99,Unknown EMS Scene Arrival Minutes,99,Unknown,99,Unknown EMS Hospital Arrival Time,,,,,,,1,
2022,36,360942,New York,3,3,0,0,0,4,4,55,MONROE (55),5230,ROCHESTER,26,26,11,November,2022,7,Saturday,2,2:00am-2:59am,28,28,0,This section IS NOT on the NHS,2,Urban,5,Major Collector,4,City or Municipal Highway Agency,6,Local Street - Municipality,BROWN ST,EDDY ST,99998,Not Reported,43.15181667,43.15181667,-77.634011110,-77.63401111,0,No Special Jurisdiction,12,Motor Vehicle In-Transport,6,Angle,0,No,2,Intersection,3,T-Intersection,0,None,,,1,On Roadway,3,Dark - Lighted,,,,,1,Clear,0,No,0000000,Not Applicable,2,2:00am-2:59am,28,28,2,2:00am-2:59am,32,32,99,Unknown,99,Unknown EMS Hospital Arrival Time,,,,,,,1,
2022,36,360943,New York,1,1,0,1,1,1,1,81,QUEENS (81),4170,MIDDLE VILLAGE,29,29,11,November,2022,3,Tuesday,6,6:00am-6:59am,0,0,0,This section IS NOT on the NHS,2,Urban,7,Local,4,City or Municipal Highway Agency,6,Local Street - Municipality,84TH ST,,99998,Not Reported,40.66572778,40.66572778,-73.850169440,-73.85016944,0,No Special Jurisdiction,8,Pedestrian,0,The First Harmful Event was Not a Collision with a Motor Vehicle in Transport,0,No,1,Non-Junction,1,Not an Intersection,0,None,,,1,On Roadway,3,Dark - Lighted,,,,,1,Clear,0,No,0000000,Not Applicable,99,Unknown,99,Unknown,99,Unknown EMS Scene Arrival Hour,99,Unknown EMS Scene Arrival Minutes,99,Unknown,99,Unknown EMS Hospital Arrival Time,,,,,,,1,
2022,36,360944,New York,1,1,0,0,0,1,1,115,WASHINGTON (115),2070,FORT ANN,18,18,10,October,2022,3,Tuesday,14,2:00pm-2:59pm,37,37,0,This section IS NOT on the NHS,1,Rural,4,Minor Arterial,1,State Highway Agency,3,State Highway,SR-22,,99998,Not Reported,43.45684722,43.45684722,-73.380836110,-73.38083611,0,No Special Jurisdiction,42,Tree (Standing Only),0,The First Harmful Event was Not a Collision with a Motor Vehicle in Transport,0,No,1,Non-Junction,1,Not an Intersection,0,None,,,4,On Roadside,1,Daylight,,,,,10,Cloudy,0,No,0000000,Not Applicable,14,2:00pm-2:59pm,36,36,14,2:00pm-2:59pm,51,51,99,Unknown,99,Unknown EMS Hospital Arrival Time,,,,,,,1,
2022,36,360945,New York,1,1,0,1,1,1,1,81,QUEENS (81),4170,MIDDLE VILLAGE,29,29,11,November,2022,3,Tuesday,17,5:00pm-5:59pm,10,10,1,This section IS ON the NHS,2,Urban,3,Principal Arterial - Other,4,City or Municipal Highway Agency,6,Local Street - Municipality,WOODHAVEN BLVD,,99998,Not Reported,40.72570000,40.72570000,-73.869913890,-73.86991389,0,No Special Jurisdiction,8,Pedestrian,0,The First Harmful Event was Not a Collision with a Motor Vehicle in Transport,0,No,1,Non-Junction,1,Not an Intersection,0,None,,,1,On Roadway,3,Dark - Lighted,,,,,1,Clear,0,No,0000000,Not Applicable,17,5:00pm-5:59pm,10,10,99,Unknown EMS Scene Arrival Hour,99,Unknown EMS Scene Arrival Minutes,99,Unknown,99,Unknown EMS Hospital Arrival Time,,,,,,,1,
2022,36,360946,New York,1,1,0,0,0,2,2,105,SULLIVAN (105),6800,WURTSBORO,31,31,10,October,2022,2,Monday,1,1:00am-1:59am,26,26,0,This section IS NOT on the NHS,1,Rural,5,Major Collector,2,County Highway Agency,4,County Road,CR-71 MAMAKTING RD,,99998,Not Reported,41.57529444,41.57529444,-74.467291670,-74.46729167,0,No Special Jurisdiction,24,Guardrail Face,0,The First Harmful Event was Not a Collision with a Motor Vehicle in Transport,0,No,1,Non-Junction,1,Not an Intersection,0,None,,,4,On Roadside,2,Dark - Not Lighted,,,,,10,Cloudy,0,No,0000000,Not Applicable,1,1:00am-1:59am,26,26,1,1:00am-1:59am,31,31,2,2:00am-2:59am,15,15,,,,,,,1,