caseyear,state,st_case,statename,ve_total,ve_forms,pvh_invl,peds,pernotmvit,permvit,persons,county,countyname,city,cityname,day,dayname,month,monthname,year,day_week,day_weekname,hour,hourname,minute,minutename,nhs,nhsname,rur_urb,rur_urbname,func_sys,func_sysname,rd_owner,rd_ownername,route,routename,tway_id,tway_id2,milept,mileptname,latitude,latitudename,longitud,longitudname,sp_jur,sp_jurname,harm_ev,harm_evname,man_coll,man_collname,reljct1,reljct1name,reljct2,reljct2name,typ_int,typ_intname,wrk_zone,wrk_zonename,road_fnc,road_fncname,rel_road,rel_roadname,lgt_cond,lgt_condname,weather1,weather1name,weather2,weather2name,weather,weathername,sch_bus,sch_busname,rail,railname,not_hour,not_hourname,not_min,not_minname,arr_hour,arr_hourname,arr_min,arr_minname,hosp_hr,hosp_hrname,hosp_mn,hosp_mnname,cf1,cf1name,cf2,cf2name,cf3,cf3name,fatals,drunk_dr
2022,36,361058,New York,1,1,0,0,0,1,1,103,SUFFOLK (103),705,BROOKHAVEN,23,23,7,July,2022,7,Saturday,1,1:00am-1:59am,31,31,0,This section IS NOT on the NHS,2,Urban,7,Local,3,Town or Township Highway Agency,5,Local Street - Township,MT SINAI CORAM RD,,99998,Not Reported,40.94390278,40.94390278,-73.020286110,-73.02028611,0,No Special Jurisdiction,53,Mail Box,0,The First Harmful Event was Not a Collision with a Motor Vehicle in Transport,0,No,1,Non-Junction,1,Not an Intersection,0,None,,,4,On Roadside,2,Dark - Not Lighted,,,,,1,Clear,0,No,0000000,Not Applicable,99,Unknown,99,Unknown,99,Unknown EMS Scene Arrival Hour,99,Unknown EMS Scene Arrival Minutes,99,Unknown,99,Unknown EMS Hospital Arrival Time,,,,,,,1,
2022,36,361059,New York,1,1,0,0,0,1,1,103,SUFFOLK (103),5769,SMITHTOWN,30,30,7,July,2022,7,Saturday,12,12:00pm-12:59pm,0,0,0,This section IS NOT on the NHS,2,Urban,4,Minor Arterial,2,County Highway Agency,4,County Road,CR-11 PULASKI RD,,99998,Not Reported,40.88600278,40.88600278,-73.257988890,-73.25798889,0,No Special Jurisdiction,1,Rollover/Overturn,0,The First Harmful Event was Not a Collision with a Motor Vehicle in Transport,0,No,1,Non-Junction,1,Not an Intersection,0,None,,,4,On Roadside,1,Daylight,,,,,1,Clear,0,No,0000000,Not Applicable,12,12:00pm-12:59pm,1,1,12,12:00pm-12:59pm,4,4,12,12:00pm-12:59pm,27,27,,,,,,,1,
2022,36,361060,New York,2,2,0,0,0,3,3,71,ORANGE (71),2320,GOSHEN,13,13,11,November,2022,1,Sunday,6,6:00am-6:59am,44,44,1,This section IS ON the NHS,2,Urban,2,Principal Arterial - Other Freeways and Expressways,1,State Highway Agency,2,U.S. Highway,US-6,,99998,Not Reported,41.36971944,41.36971944,-74.291408330,-74.29140833,0,No Special Jurisdiction,12,Motor Vehicle In-Transport,1,Front-to-Rear,0,No,1,Non-Junction,1,Not an Intersection,0,None,,,1,On Roadway,2,Dark - Not Lighted,,,,,2,Rain,0,No,0000000,Not Applicable,99,Unknown,99,Unknown,99,Unknown EMS Scene Arrival Hour,99,Unknown EMS Scene Arrival Minutes,88,"Not Applicable (Not Transported) ",88,Not Applicable (Not Transported),,,,,,,1,
2022,36,361061,New York,1,1,0,1,1,1,1,103,SUFFOLK (103),2920,ISLIP,14,14,8,August,2022,1,Sunday,1,1:00am-1:59am,30,30,0,This section IS NOT on the NHS,2,Urban,4,Minor Arterial,3,Town or Township Highway Agency,5,Local Street - Township,JOHNSON AVE,,99998,Not Reported,40.80742500,40.80742500,-73.125438890,-73.12543889,0,No Special Jurisdiction,8,Pedestrian,0,The First Harmful Event was Not a Collision with a Motor Vehicle in Transport,0,No,1,Non-Junction,1,Not an Intersection,0,None,,,1,On Roadway,3,Dark - Lighted,,,,,1,Clear,0,No,0000000,Not Applicable,99,Unknown,99,Unknown,99,Unknown EMS Scene Arrival Hour,99,Unknown EMS Scene Arrival Minutes,88,"Not Applicable (Not Transported) ",88,Not Applicable (Not Transported),,,,,,,1,
2022,36,361062,New York,1,1,0,0,0,1,1,103,SUFFOLK (103),2920,ISLIP,3,3,9,September,2022,7,Saturday,15,3:00pm-3:59pm,33,33,0,This section IS NOT on the NHS,2,Urban,7,Local,3,Town or Township Highway Agency,5,Local Street - Township,DELAWARE AVE,,0,None,40.75533611,40.75533611,-73.241752780,-73.24175278,0,No Special Jurisdiction,40,Fire Hydrant,0,The First Harmful Event was Not a Collision with a Motor Vehicle in Transport,0,No,1,Non-Junction,1,Not an Intersection,0,None,,,4,On Roadside,1,Daylight,,,,,1,Clear,0,No,0000000,Not Applicable,15,3:00pm-3:59pm,35,35,15,3:00pm-3:59pm,40,40,15,3:00pm-3:59pm,55,55,,,,,,,1,
2022,36,361063,New York,2,2,0,1,1,4,4,119,WESTCHESTER (119),2555,HARRISON,27,27,12,December,2022,3,Tuesday,4,4:00am-4:59am,14,14,1,This section IS ON the NHS,2,Urban,1,Interstate,1,State Highway Agency,1,Interstate,I-287,,99998,Not Reported,40.99083056,40.99083056,-73.676802780,-73.67680278,0,No Special Jurisdiction,12,Motor Vehicle In-Transport,1,Front-to-Rear,1,Yes,19,Other location within Interchange Area,1,Not an Intersection,0,None,,,10,Separator,2,Dark - Not Lighted,,,,,10,Cloudy,0,No,0000000,Not Applicable,4,4:00am-4:59am,20,20,4,4:00am-4:59am,45,45,5,5:00am-5:59am,30,30,,,,,,,1,
2022,36,361064,New York,1,1,0,0,0,3,3,103,SUFFOLK (103),705,BROOKHAVEN,8,8,9,September,2022,5,Thursday,19,7:00pm-7:59pm,50,50,0,This section IS NOT on the NHS,2,Urban,4,Minor Arterial,2,County Highway Agency,4,County Road,CR-80 MONTAUK HWY,,99998,Not Reported,40.78748611,40.78748611,-72.916963890,-72.91696389,0,No Special Jurisdiction,30,Utility Pole/Light Support,0,The First Harmful Event was Not a Collision with a Motor Vehicle in Transport,0,No,1,Non-Junction,1,Not an Intersection,0,None,,,4,On Roadside,3,Dark - Lighted,,,,,1,Clear,0,No,0000000,Not Applicable,99,Unknown,99,Unknown,99,Unknown EMS Scene Arrival Hour,99,Unknown EMS Scene Arrival Minutes,99,Unknown,99,Unknown EMS Hospital Arrival Time,,,,,,,3,
2022,36,361065,New York,2,2,0,0,0,1,1,103,SUFFOLK (103),705,BROOKHAVEN,9,9,8,August,2022,3,Tuesday,19,7:00pm-7:59pm,29,29,1,This section IS ON the NHS,2,Urban,3,Principal Arterial - Other,2,County Highway Agency,4,County Road,CR-83,,99998,Not Reported,40.85280833,40.85280833,-73.019797220,-73.01979722,0,No Special Jurisdiction,12,Motor Vehicle In-Transport,1,Front-to-Rear,0,No,1,Non-Junction,1,Not an Intersection,0,None,,,1,On Roadway,1,Daylight,,,,,10,Cloudy,0,No,0000000,Not Applicable,99,Unknown,99,Unknown,99,Unknown EMS Scene Arrival Hour,99,Unknown EMS Scene Arrival Minutes,88,"Not Applicable (Not Transported) ",88,Not Applicable (Not Transported),,,,,,,1,
2022,36,361066,New York,2,2,0,0,0,2,2,103,SUFFOLK (103),705,BROOKHAVEN,9,9,8,August,2022,3,Tuesday,9,9:00am-9:59am,10,10,1,This section IS ON the NHS,2,Urban,3,Principal Arterial - Other,1,State Highway Agency,3,State Highway,SR-112,GLENNMERE LN,99998,Not Reported,40.89267222,40.89267222,-73.015736110,-73.01573611,0,No Special Jurisdiction,12,Motor Vehicle In-Transport,6,Angle,0,No,2,Intersection,2,Four-Way Intersection,0,None,,,1,On Roadway,1,Daylight,,,,,1,Clear,0,No,0000000,Not Applicable,99,Unknown,99,Unknown,99,Unknown EMS Scene Arrival Hour,99,Unknown EMS Scene Arrival Minutes,99,Unknown,99,Unknown EMS Hospital Arrival Time,,,,,,,1,
2022,36,361067,New York,2,2,0,0,0,2,2,103,SUFFOLK (103),2840,HUNTINGTON,13,13,8,August,2022,7,Saturday,21,9:00pm-9:59pm,39,39,1,This section IS ON the NHS,2,Urban,3,Principal Arterial - Other,1,State Highway Agency,3,State Highway,"SR-25 JERICHO TURNPIKE ",,99998,Not Reported,40.83927222,40.83927222,-73.322769440,-73.32276944,0,No Special Jurisdiction,12,Motor Vehicle In-Transport,6,Angle,0,No,8,Driveway Access Related,1,Not an Intersection,0,None,,,1,On Roadway,3,Dark - Lighted,,,,,1,Clear,0,No,0000000,Not Applicable,99,Unknown,99,Unknown,99,Unknown EMS Scene Arrival Hour,99,Unknown EMS Scene Arrival Minutes,99,Unknown,99,Unknown EMS Hospital Arrival Time,,,,,,,1,
2022,36,361068,New York,2,1,1,0,0,3,3,103,SUFFOLK (103),705,BROOKHAVEN,15,15,8,August,2022,2,Monday,2,2:00am-2:59am,14,14,0,This section IS NOT on the NHS,2,Urban,7,Local,3,Town or Township Highway Agency,5,Local Street - Township,CLEARVIEW AVE,,99998,Not Reported,40.84714444,40.84714444,-73.033747220,-73.03374722,0,No Special Jurisdiction,14,Parked Motor Vehicle,0,The First Harmful Event was Not a Collision with a Motor Vehicle in Transport,0,No,1,Non-Junction,1,Not an Intersection,0,None,,,4,On Roadside,3,Dark - Lighted,,,,,1,Clear,0,No,0000000,Not Applicable,99,Unknown,99,Unknown,99,Unknown EMS Scene Arrival Hour,99,Unknown EMS Scene Arrival Minutes,99,Unknown,99,Unknown EMS Hospital Arrival Time,,,,,,,1,
2022,36,361069,New York,1,1,0,1,1,1,1,103,SUFFOLK (103),705,BROOKHAVEN,15,15,8,August,2022,2,Monday,21,9:00pm-9:59pm,30,30,1,This section IS ON the NHS,1,Rural,3,Principal Arterial - Other,2,County Highway Agency,4,County Road,CR-46 WILLIAM FLOYD PKWY,,99998,Not Reported,40.79853056,40.79853056,-72.866272220,-72.86627222,0,No Special Jurisdiction,8,Pedestrian,0,The First Harmful Event was Not a Collision with a Motor Vehicle in Transport,0,No,1,Non-Junction,1,Not an Intersection,0,None,,,1,On Roadway,3,Dark - Lighted,,,,,10,Cloudy,0,No,0000000,Not Applicable,99,Unknown,99,Unknown,99,Unknown EMS Scene Arrival Hour,99,Unknown EMS Scene Arrival Minutes,88,"Not Applicable (Not Transported) ",88,Not Applicable (Not Transported),,,,,,,1,
2022,36,361070,New York,1,1,0,0,0,2,2,37,GENESEE (37),4725,PEMBROKE,21,21,8,August,2022,1,Sunday,17,5:00pm-5:59pm,50,50,1,This section IS ON the NHS,1,Rural,1,Interstate,1,State Highway Agency,1,Interstate,I-90,,99998,Not Reported,43.01382500,43.01382500,-78.315463890,-78.31546389,0,No Special Jurisdiction,21,Bridge Pier or Support,0,The First Harmful Event was Not a Collision with a Motor Vehicle in Transport,0,No,1,Non-Junction,1,Not an Intersection,0,None,,,4,On Roadside,1,Daylight,,,,,10,Cloudy,0,No,0000000,Not Applicable,17,5:00pm-5:59pm,50,50,99,Unknown EMS Scene Arrival Hour,99,Unknown EMS Scene Arrival Minutes,88,"Not Applicable (Not Transported) ",88,Not Applicable (Not Transported),,,,,,,2,
2022,36,361071,New York,1,1,0,1,1,2,2,103,SUFFOLK (103),705,BROOKHAVEN,9,9,9,September,2022,6,Friday,2,2:00am-2:59am,15,15,1,This section IS ON the NHS,2,Urban,3,Principal Arterial - Other,1,State Highway Agency,3,State Highway,SR-25 MIDDLE COUNTRY RD,CR-83 N OCEAN AVE,99998,Not Reported,40.86778333,40.86778333,-73.023875000,-73.02387500,0,No Special Jurisdiction,8,Pedestrian,0,The First Harmful Event was Not a Collision with a Motor Vehicle in Transport,0,No,3,Intersection-Related,2,Four-Way Intersection,0,None,,,1,On Roadway,3,Dark - Lighted,,,,,1,Clear,0,No,0000000,Not Applicable,99,Unknown,99,Unknown,99,Unknown EMS Scene Arrival Hour,99,Unknown EMS Scene Arrival Minutes,88,"Not Applicable (Not Transported) ",88,Not Applicable (Not Transported),,,,,,,1,
2022,36,361072,New York,1,1,0,1,1,1,1,103,SUFFOLK (103),705,BROOKHAVEN,11,11,9,September,2022,1,Sunday,0,0:00am-0:59am,48,48,1,This section IS ON the NHS,2,Urban,3,Principal Arterial - Other,1,State Highway Agency,3,State Highway,SR-347,,99998,Not Reported,40.92061389,40.92061389,-73.051522220,-73.05152222,0,No Special Jurisdiction,8,Pedestrian,0,The First Harmful Event was Not a Collision with a Motor Vehicle in Transport,0,No,1,Non-Junction,1,Not an Intersection,0,None,,,1,On Roadway,3,Dark - Lighted,,,,,1,Clear,0,No,0000000,Not Applicable,99,Unknown,99,Unknown,99,Unknown EMS Scene Arrival Hour,99,Unknown EMS Scene Arrival Minutes,99,Unknown,99,Unknown EMS Hospital Arrival Time,,,,,,,1,
2022,36,361073,New York,1,1,0,0,0,1,1,71,ORANGE (71),6410,WARWICK,11,11,9,September,2022,1,Sunday,6,6:00am-6:59am,43,43,0,This section IS NOT on the NHS,2,Urban,5,Major Collector,4,City or Municipal Highway Agency,6,Local Street - Municipality,COLONIAL AVE,,99998,Not Reported,41.26187222,41.26187222,-74.350311110,-74.35031111,0,No Special Jurisdiction,53,Mail Box,0,The First Harmful Event was Not a Collision with a Motor Vehicle in Transport,0,No,1,Non-Junction,1,Not an Intersection,0,None,,,4,On Roadside,3,Dark - Lighted,,,,,10,Cloudy,0,No,0000000,Not Applicable,6,6:00am-6:59am,51,51,6,6:00am-6:59am,58,58,88,"Not Applicable (Not Transported) ",88,Not Applicable (Not Transported),,,,,,,1,
2022,36,361074,New York,1,1,0,1,1,1,1,103,SUFFOLK (103),2920,ISLIP,12,12,9,September,2022,2,Monday,5,5:00am-5:59am,25,25,0,This section IS NOT on the NHS,2,Urban,4,Minor Arterial,1,State Highway Agency,3,State Highway,SR-27A MONTAUK HWY,,99998,Not Reported,40.69682222,40.69682222,-73.313050000,-73.31305000,0,No Special Jurisdiction,8,Pedestrian,0,The First Harmful Event was Not a Collision with a Motor Vehicle in Transport,0,No,1,Non-Junction,1,Not an Intersection,0,None,,,1,On Roadway,3,Dark - Lighted,,,,,2,Rain,0,No,0000000,Not Applicable,99,Unknown,99,Unknown,99,Unknown EMS Scene Arrival Hour,99,Unknown EMS Scene Arrival Minutes,99,Unknown,99,Unknown EMS Hospital Arrival Time,,,,,,,1,
2022,36,361075,New York,1,1,0,0,0,1,1,103,SUFFOLK (103),5769,SMITHTOWN,12,12,9,September,2022,2,Monday,2,2:00am-2:59am,20,20,1,This section IS ON the NHS,2,Urban,3,Principal Arterial - Other,1,State Highway Agency,3,State Highway,SR-25A,SUNKEN MEADOW RD,99998,Not Reported,40.90322500,40.90322500,-73.273063890,-73.27306389,0,No Special Jurisdiction,30,Utility Pole/Light Support,0,The First Harmful Event was Not a Collision with a Motor Vehicle in Transport,0,No,3,Intersection-Related,2,Four-Way Intersection,0,None,,,4,On Roadside,3,Dark - Lighted,,,,,2,Rain,0,No,0000000,Not Applicable,2,2:00am-2:59am,26,26,2,2:00am-2:59am,34,34,88,"Not Applicable (Not Transported) ",88,Not Applicable (Not Transported),,,,,,,1,
2022,36,361076,New York,2,2,0,0,0,3,3,103,SUFFOLK (103),5270,RONKONKOMA,18,18,9,September,2022,1,Sunday,15,3:00pm-3:59pm,24,24,1,This section IS ON the NHS,2,Urban,1,Interstate,1,State Highway Agency,1,Interstate,I-495,,99998,Not Reported,40.81025556,40.81025556,-73.149925000,-73.14992500,0,No Special Jurisdiction,12,Motor Vehicle In-Transport,1,Front-to-Rear,0,No,1,Non-Junction,1,Not an Intersection,0,None,,,1,On Roadway,1,Daylight,,,,,1,Clear,0,No,0000000,Not Applicable,15,3:00pm-3:59pm,29,29,15,3:00pm-3:59pm,35,35,16,4:00pm-4:59pm,9,9,,,,,,,1,
2022,36,361077,New York,3,3,0,0,0,6,6,103,SUFFOLK (103),2920,ISLIP,28,28,9,September,2022,4,Wednesday,7,7:00am-7:59am,10,10,1,This section IS ON the NHS,2,Urban,3,Principal Arterial - Other,1,State Highway Agency,3,State Highway,SR-454 VETERANS HWY,LINCOLN AVE,99998,Not Reported,40.83230833,40.83230833,-73.259119440,-73.25911944,0,No Special Jurisdiction,12,Motor Vehicle In-Transport,6,Angle,0,No,2,Intersection,2,Four-Way Intersection,0,None,,,1,On Roadway,1,Daylight,,,,,1,Clear,0,No,0000000,Not Applicable,99,Unknown,99,Unknown,99,Unknown EMS Scene Arrival Hour,99,Unknown EMS Scene Arrival Minutes,99,Unknown,99,Unknown EMS Hospital Arrival Time,,,,,,,1,
2022,36,361078,New York,2,2,0,0,0,5,5,103,SUFFOLK (103),360,BABYLON,29,29,9,September,2022,5,Thursday,7,7:00am-7:59am,58,58,0,This section IS NOT on the NHS,2,Urban,4,Minor Arterial,3,Town or Township Highway Agency,5,Local Street - Township,ALBANY AVE,,99998,Not Reported,40.70179167,40.70179167,-73.406450000,-73.40645000,0,No Special Jurisdiction,12,Motor Vehicle In-Transport,2,Front-to-Front,0,No,1,Non-Junction,1,Not an Intersection,0,None,,,1,On Roadway,1,Daylight,,,,,1,Clear,1,Yes,0000000,Not Applicable,7,7:00am-7:59am,58,58,99,Unknown EMS Scene Arrival Hour,99,Unknown EMS Scene Arrival Minutes,99,Unknown,99,Unknown EMS Hospital Arrival Time,,,,,,,1,
2022,36,361079,New York,2,2,0,0,0,4,4,103,SUFFOLK (103),2915,ISLANDIA,30,30,9,September,2022,6,Friday,19,7:00pm-7:59pm,10,10,1,This section IS ON the NHS,2,Urban,3,Principal Arterial - Other,1,State Highway Agency,3,State Highway,SR-454 VETERANS MEMORIAL HWY,CR-100 E SUFFOLK AVE,99998,Not Reported,40.79880278,40.79880278,-73.173277780,-73.17327778,0,No Special Jurisdiction,12,Motor Vehicle In-Transport,6,Angle,0,No,2,Intersection,2,Four-Way Intersection,0,None,,,1,On Roadway,3,Dark - Lighted,,,,,1,Clear,0,No,0000000,Not Applicable,19,7:00pm-7:59pm,11,11,19,7:00pm-7:59pm,16,16,19,7:00pm-7:59pm,47,47,,,,,,,1,
2022,36,361080,New York,2,2,0,0,0,2,2,91,SARATOGA (91),390,BALLSTON SPA,30,30,9,September,2022,6,Friday,5,5:00am-5:59am,50,50,0,This section IS NOT on the NHS,2,Urban,5,Major Collector,2,County Highway Agency,4,County Road,CR-45 GALWAY RD,,99998,Not Reported,43.02532222,43.02532222,-73.931108330,-73.93110833,0,No Special Jurisdiction,12,Motor Vehicle In-Transport,6,Angle,0,No,8,Driveway Access Related,1,Not an Intersection,0,None,,,1,On Roadway,2,Dark - Not Lighted,,,,,1,Clear,0,No,0000000,Not Applicable,5,5:00am-5:59am,50,50,6,6:00am-6:59am,3,3,6,6:00am-6:59am,31,31,,,,,,,1,
2022,36,361081,New York,1,1,0,1,1,1,1,67,ONONDAGA (67),1179,CLAY,23,23,11,November,2022,4,Wednesday,17,5:00pm-5:59pm,18,18,1,This section IS ON the NHS,1,Rural,3,Principal Arterial - Other,2,County Highway Agency,4,County Road,CR-91 OSWEGO RD,,99998,Not Reported,43.12747222,43.12747222,-76.218338890,-76.21833889,0,No Special Jurisdiction,8,Pedestrian,0,The First Harmful Event was Not a Collision with a Motor Vehicle in Transport,0,No,1,Non-Junction,1,Not an Intersection,0,None,,,1,On Roadway,3,Dark - Lighted,,,,,1,Clear,0,No,0000000,Not Applicable,17,5:00pm-5:59pm,19,19,17,5:00pm-5:59pm,23,23,17,5:00pm-5:59pm,52,52,,,,,,,1,
2022,36,361082,New York,1,1,0,0,0,1,1,103,SUFFOLK (103),2840,HUNTINGTON,31,31,12,December,2022,7,Saturday,7,7:00am-7:59am,22,22,1,This section IS ON the NHS,2,Urban,2,Principal Arterial - Other Freeways and Expressways,1,State Highway Agency,3,State Highway,SR-908G NORTHERN STATE PKWY,,99998,Not Reported,40.81271389,40.81271389,-73.376197220,-73.37619722,0,No Special Jurisdiction,42,Tree (Standing Only),0,The First Harmful Event was Not a Collision with a Motor Vehicle in Transport,0,No,1,Non-Junction,1,Not an Intersection,0,None,,,4,On Roadside,1,Daylight,,,,,2,Rain,0,No,0000000,Not Applicable,7,7:00am-7:59am,22,22,7,7:00am-7:59am,32,32,88,"Not Applicable (Not Transported) ",88,Not Applicable (Not Transported),,,,,,,1,
2022,36,361083,New York,2,2,0,0,0,2,2,59,NASSAU (59),4600,OYSTER BAY,9,9,12,December,2022,6,Friday,8,8:00am-8:59am,23,23,1,This section IS ON the NHS,2,Urban,3,Principal Arterial - Other,1,State Highway Agency,3,State Highway,SR-107 HICKSVILLE RD,N SUFFOLK AVE,99998,Not Reported,40.69372778,40.69372778,-73.479683330,-73.47968333,0,No Special Jurisdiction,12,Motor Vehicle In-Transport,2,Front-to-Front,0,No,2,Intersection,3,T-Intersection,0,None,,,1,On Roadway,1,Daylight,,,,,1,Clear,0,No,0000000,Not Applicable,8,8:00am-8:59am,25,25,8,8:00am-8:59am,30,30,9,9:00am-9:59am,8,8,,,,,,,1,
2022,36,361084,New York,3,3,0,0,0,5,5,71,ORANGE (71),4828,PINE BUSH,19,19,8,August,2022,6,Friday,18,6:00pm-6:59pm,13,13,1,This section IS ON the NHS,2,Urban,3,Principal Arterial - Other,1,State Highway Agency,3,State Highway,SR-17K,SR-302,99998,Not Reported,41.54238056,41.54238056,-74.361786110,-74.36178611,0,No Special Jurisdiction,12,Motor Vehicle In-Transport,6,Angle,0,No,2,Intersection,2,Four-Way Intersection,0,None,,,1,On Roadway,1,Daylight,,,,,1,Clear,0,No,0000000,Not Applicable,18,6:00pm-6:59pm,13,13,18,6:00pm-6:59pm,22,22,99,Unknown,99,Unknown EMS Hospital Arrival Time,,,,,,,1,
2022,36,361085,New York,1,1,0,1,1,1,1,119,WESTCHESTER (119),6670,WHITE PLAINS,2,2,12,December,2022,6,Friday,19,7:00pm-7:59pm,30,30,0,This section IS NOT on the NHS,2,Urban,7,Local,4,City or Municipal Highway Agency,5,Local Street - Township,HIGHVIEW PL,,0,None,41.04821667,41.04821667,-73.754850000,-73.75485000,0,No Special Jurisdiction,8,Pedestrian,0,The First Harmful Event was Not a Collision with a Motor Vehicle in Transport,0,No,1,Non-Junction,1,Not an Intersection,0,None,,,1,On Roadway,3,Dark - Lighted,,,,,1,Clear,0,No,0000000,Not Applicable,19,7:00pm-7:59pm,30,30,19,7:00pm-7:59pm,40,40,20,8:00pm-8:59pm,30,30,,,,,,,1,
2022,36,361086,New York,1,1,0,0,0,3,3,29,ERIE (29),3140,LANCASTER,2,2,3,March,2022,4,Wednesday,23,11:00pm-11:59pm,32,32,0,This section IS NOT on the NHS,2,Urban,7,Local,3,Town or Township Highway Agency,5,Local Street - Township,WARNER RD,,0,None,42.92638889,42.92638889,-78.682055560,-78.68205556,0,No Special Jurisdiction,53,Mail Box,0,The First Harmful Event was Not a Collision with a Motor Vehicle in Transport,0,No,1,Non-Junction,1,Not an Intersection,0,None,,,4,On Roadside,3,Dark - Lighted,,,,,4,Snow,0,No,0000000,Not Applicable,23,11:00pm-11:59pm,36,36,23,11:00pm-11:59pm,37,37,99,Unknown,99,Unknown EMS Hospital Arrival Time,,,,,,,2,
2022,36,361087,New York,1,1,0,0,0,1,1,103,SUFFOLK (103),2840,HUNTINGTON,3,3,9,September,2022,7,Saturday,7,7:00am-7:59am,5,5,0,This section IS NOT on the NHS,2,Urban,4,Minor Arterial,2,County Highway Agency,4,County Road,CR-11 W PULASKI RD,,99998,Not Reported,40.84787500,40.84787500,-73.417880560,-73.41788056,0,No Special Jurisdiction,46,Traffic Signal Support,0,The First Harmful Event was Not a Collision with a Motor Vehicle in Transport,0,No,6,"Railway Grade Crossing ",1,Not an Intersection,0,None,,,1,On Roadway,1,Daylight,,,,,1,Clear,0,No,338316X,338316X,99,Unknown,99,Unknown,99,Unknown EMS Scene Arrival Hour,99,Unknown EMS Scene Arrival Minutes,88,"Not Applicable (Not Transported) ",88,Not Applicable (Not Transported),,,,,,,1,
2022,36,361088,New York,1,1,0,1,1,6,6,87,ROCKLAND (87),5077,RAMAPO,27,27,11,November,2022,1,Sunday,17,5:00pm-5:59pm,0,0,0,This section IS NOT on the NHS,2,Urban,5,Major Collector,3,Town or Township Highway Agency,5,Local Street - Township,W CARLTON RD,,99998,Not Reported,41.12434444,41.12434444,-74.089302780,-74.08930278,0,No Special Jurisdiction,8,Pedestrian,0,The First Harmful Event was Not a Collision with a Motor Vehicle in Transport,0,No,1,Non-Junction,1,Not an Intersection,0,None,,,1,On Roadway,3,Dark - Lighted,,,,,2,Rain,0,No,0000000,Not Applicable,1,1:00am-1:59am,31,31,1,1:00am-1:59am,31,31,88,"Not Applicable (Not Transported) ",88,Not Applicable (Not Transported),,,,,,,1,
2022,36,361089,New York,1,1,0,1,1,1,1,65,ONEIDA (65),5260,ROME,7,7,12,December,2022,4,Wednesday,17,5:00pm-5:59pm,15,15,1,This section IS ON the NHS,2,Urban,3,Principal Arterial - Other,1,State Highway Agency,3,State Highway,SR-46 BLACK RIVER BLVD,,99998,Not Reported,99.99990000,99.99990000,999.999900000,999.99990000,0,No Special Jurisdiction,8,Pedestrian,0,The First Harmful Event was Not a Collision with a Motor Vehicle in Transport,0,No,1,Non-Junction,1,Not an Intersection,0,None,,,1,On Roadway,2,Dark - Not Lighted,,,,,10,Cloudy,0,No,0000000,Not Applicable,99,Unknown,99,Unknown,99,Unknown EMS Scene Arrival Hour,99,Unknown EMS Scene Arrival Minutes,99,Unknown,99,Unknown EMS Hospital Arrival Time,,,,,,,1,
2022,36,361090,New York,1,1,0,0,0,1,1,67,ONONDAGA (67),3540,MARCELLUS,21,21,12,December,2022,4,Wednesday,4,4:00am-4:59am,36,36,0,This section IS NOT on the NHS,2,Urban,7,Local,2,County Highway Agency,4,County Road,CR-243 FRANK GAY RD,,99998,Not Reported,42.99148611,42.99148611,-76.308786110,-76.30878611,0,No Special Jurisdiction,34,Ditch,0,The First Harmful Event was Not a Collision with a Motor Vehicle in Transport,0,No,1,Non-Junction,1,Not an Intersection,0,None,,,4,On Roadside,2,Dark - Not Lighted,,,,,10,Cloudy,0,No,0000000,Not Applicable,99,Unknown,99,Unknown,99,Unknown EMS Scene Arrival Hour,99,Unknown EMS Scene Arrival Minutes,99,Unknown,99,Unknown EMS Hospital Arrival Time,,,,,,,1,
2022,36,361091,New York,1,1,0,0,0,1,1,33,FRANKLIN (33),3460,MALONE,17,17,12,December,2022,7,Saturday,10,10:00am-10:59am,31,31,0,This section IS NOT on the NHS,2,Urban,7,Local,4,City or Municipal Highway Agency,6,Local Street - Municipality,WILLIAM ST,,99998,Not Reported,44.84640278,44.84640278,-74.278711110,-74.27871111,0,No Special Jurisdiction,30,Utility Pole/Light Support,0,The First Harmful Event was Not a Collision with a Motor Vehicle in Transport,0,No,1,Non-Junction,1,Not an Intersection,0,None,,,4,On Roadside,1,Daylight,,,,,4,Snow,0,No,0000000,Not Applicable,10,10:00am-10:59am,31,31,10,10:00am-10:59am,35,35,88,"Not Applicable (Not Transported) ",88,Not Applicable (Not Transported),,,,,,,1,
2022,36,361092,New York,1,1,0,1,1,1,1,103,SUFFOLK (103),3330,LLOYD HARBOR,21,21,12,December,2022,4,Wednesday,12,12:00pm-12:59pm,18,18,0,This section IS NOT on the NHS,2,Urban,5,Major Collector,4,City or Municipal Highway Agency,6,Local Street - Municipality,W NECK RD,,99998,Not Reported,40.88902500,40.88902500,-73.444811110,-73.44481111,0,No Special Jurisdiction,8,Pedestrian,0,The First Harmful Event was Not a Collision with a Motor Vehicle in Transport,0,No,1,Non-Junction,1,Not an Intersection,0,None,,,1,On Roadway,1,Daylight,,,,,1,Clear,0,No,0000000,Not Applicable,99,Unknown,99,Unknown,99,Unknown EMS Scene Arrival Hour,99,Unknown EMS Scene Arrival Minutes,99,Unknown,99,Unknown EMS Hospital Arrival Time,,,,,,,1,