caseyear,state,st_case,statename,ve_total,ve_forms,pvh_invl,peds,pernotmvit,permvit,persons,county,countyname,city,cityname,day,dayname,month,monthname,year,day_week,day_weekname,hour,hourname,minute,minutename,nhs,nhsname,rur_urb,rur_urbname,func_sys,func_sysname,rd_owner,rd_ownername,route,routename,tway_id,tway_id2,milept,mileptname,latitude,latitudename,longitud,longitudname,sp_jur,sp_jurname,harm_ev,harm_evname,man_coll,man_collname,reljct1,reljct1name,reljct2,reljct2name,typ_int,typ_intname,wrk_zone,wrk_zonename,road_fnc,road_fncname,rel_road,rel_roadname,lgt_cond,lgt_condname,weather1,weather1name,weather2,weather2name,weather,weathername,sch_bus,sch_busname,rail,railname,not_hour,not_hourname,not_min,not_minname,arr_hour,arr_hourname,arr_min,arr_minname,hosp_hr,hosp_hrname,hosp_mn,hosp_mnname,cf1,cf1name,cf2,cf2name,cf3,cf3name,fatals,drunk_dr
2022,36,361093,New York,2,2,0,1,1,2,2,59,NASSAU (59),2910,ISLAND PARK,11,11,7,July,2022,2,Monday,21,9:00pm-9:59pm,5,5,0,This section IS NOT on the NHS,2,Urban,5,Major Collector,2,County Highway Agency,4,County Road,CR-D39 LONG BEACH RD,,99998,Not Reported,40.60960556,40.60960556,-73.651705560,-73.65170556,0,No Special Jurisdiction,8,Pedestrian,0,The First Harmful Event was Not a Collision with a Motor Vehicle in Transport,0,No,1,Non-Junction,1,Not an Intersection,0,None,,,1,On Roadway,3,Dark - Lighted,,,,,1,Clear,0,No,0000000,Not Applicable,21,9:00pm-9:59pm,8,8,21,9:00pm-9:59pm,13,13,21,9:00pm-9:59pm,35,35,,,,,,,1,
2022,36,361094,New York,1,1,0,0,0,4,4,23,CORTLAND (23),1380,CORTLAND,28,28,12,December,2022,4,Wednesday,22,10:00pm-10:59pm,17,17,1,This section IS ON the NHS,2,Urban,3,Principal Arterial - Other,1,State Highway Agency,3,State Highway,SR-281,SR-930Q,99998,Not Reported,42.62765278,42.62765278,-76.191908330,-76.19190833,0,No Special Jurisdiction,33,Curb,0,The First Harmful Event was Not a Collision with a Motor Vehicle in Transport,0,No,3,Intersection-Related,3,T-Intersection,0,None,,,8,Gore,2,Dark - Not Lighted,,,,,10,Cloudy,0,No,0000000,Not Applicable,22,10:00pm-10:59pm,23,23,22,10:00pm-10:59pm,27,27,99,Unknown,99,Unknown EMS Hospital Arrival Time,,,,,,,1,
2022,36,361095,New York,2,2,0,0,0,4,4,59,NASSAU (59),4090,NEW HYDE PARK,29,29,8,August,2022,2,Monday,8,8:00am-8:59am,58,58,1,This section IS ON the NHS,2,Urban,3,Principal Arterial - Other,1,State Highway Agency,3,State Highway,SR-25A NORTHERN BLVD,ADDISON LN,99998,Not Reported,40.81155556,40.81155556,-73.621780560,-73.62178056,0,No Special Jurisdiction,12,Motor Vehicle In-Transport,6,Angle,0,No,2,Intersection,3,T-Intersection,0,None,,,1,On Roadway,1,Daylight,,,,,1,Clear,0,No,0000000,Not Applicable,8,8:00am-8:59am,58,58,9,9:00am-9:59am,0,0,9,9:00am-9:59am,20,20,,,,,,,1,
2022,36,361096,New York,1,1,0,1,1,1,1,119,WESTCHESTER (119),1644,EASTCHESTER,19,19,5,May,2022,5,Thursday,9,9:00am-9:59am,49,49,0,This section IS NOT on the NHS,2,Urban,4,Minor Arterial,2,County Highway Agency,4,County Road,CR-2 HARNEY RD,GARTH RD,99998,Not Reported,40.97963611,40.97963611,-73.812872220,-73.81287222,0,No Special Jurisdiction,8,Pedestrian,0,The First Harmful Event was Not a Collision with a Motor Vehicle in Transport,0,No,3,Intersection-Related,3,T-Intersection,0,None,,,1,On Roadway,1,Daylight,,,,,2,Rain,0,No,0000000,Not Applicable,9,9:00am-9:59am,49,49,9,9:00am-9:59am,54,54,10,10:00am-10:59am,25,25,,,,,,,1,
2022,36,361097,New York,1,1,0,1,1,1,1,27,DUTCHESS (27),2000,FISHKILL,14,14,10,October,2022,6,Friday,6,6:00am-6:59am,35,35,1,This section IS ON the NHS,2,Urban,3,Principal Arterial - Other,1,State Highway Agency,2,U.S. Highway,US-9,,99998,Not Reported,41.50726389,41.50726389,-73.897152780,-73.89715278,0,No Special Jurisdiction,8,Pedestrian,0,The First Harmful Event was Not a Collision with a Motor Vehicle in Transport,0,No,1,Non-Junction,1,Not an Intersection,0,None,,,1,On Roadway,2,Dark - Not Lighted,,,,,10,Cloudy,0,No,0000000,Not Applicable,6,6:00am-6:59am,35,35,6,6:00am-6:59am,45,45,99,Unknown,99,Unknown EMS Hospital Arrival Time,,,,,,,1,
2022,36,361098,New York,1,1,0,1,1,1,1,45,JEFFERSON (45),6450,WATERTOWN,16,16,11,November,2022,4,Wednesday,17,5:00pm-5:59pm,46,46,0,This section IS NOT on the NHS,2,Urban,4,Minor Arterial,1,State Highway Agency,2,U.S. Highway,US-11 WASHINGTON ST,,99998,Not Reported,43.96511944,43.96511944,-75.912769440,-75.91276944,0,No Special Jurisdiction,8,Pedestrian,0,The First Harmful Event was Not a Collision with a Motor Vehicle in Transport,0,No,1,Non-Junction,1,Not an Intersection,0,None,,,1,On Roadway,3,Dark - Lighted,,,,,4,Snow,0,No,0000000,Not Applicable,17,5:00pm-5:59pm,46,46,17,5:00pm-5:59pm,47,47,99,Unknown,99,Unknown EMS Hospital Arrival Time,,,,,,,1,
2022,36,361100,New York,1,1,0,1,1,1,1,103,SUFFOLK (103),2840,HUNTINGTON,5,5,10,October,2022,4,Wednesday,21,9:00pm-9:59pm,45,45,0,This section IS NOT on the NHS,2,Urban,4,Minor Arterial,2,County Highway Agency,4,County Road,CR-35 DEER PARK RD,OLD COUNTRY RD,99998,Not Reported,40.82993056,40.82993056,-73.359852780,-73.35985278,0,No Special Jurisdiction,8,Pedestrian,0,The First Harmful Event was Not a Collision with a Motor Vehicle in Transport,0,No,3,Intersection-Related,2,Four-Way Intersection,0,None,,,1,On Roadway,3,Dark - Lighted,,,,,98,Not Reported,0,No,0000000,Not Applicable,99,Unknown,99,Unknown,99,Unknown EMS Scene Arrival Hour,99,Unknown EMS Scene Arrival Minutes,99,Unknown,99,Unknown EMS Hospital Arrival Time,,,,,,,1,
2022,36,361101,New York,1,1,0,1,1,1,1,103,SUFFOLK (103),1700,EAST PATCHOGUE,12,12,10,October,2022,4,Wednesday,21,9:00pm-9:59pm,28,28,0,This section IS NOT on the NHS,2,Urban,4,Minor Arterial,2,County Highway Agency,4,County Road,CR-36 S COUNTRY RD,N DUNTON AVE,99998,Not Reported,40.75661667,40.75661667,-72.962694440,-72.96269444,0,No Special Jurisdiction,8,Pedestrian,0,The First Harmful Event was Not a Collision with a Motor Vehicle in Transport,0,No,3,Intersection-Related,2,Four-Way Intersection,0,None,,,1,On Roadway,3,Dark - Lighted,,,,,1,Clear,0,No,0000000,Not Applicable,99,Unknown,99,Unknown,99,Unknown EMS Scene Arrival Hour,99,Unknown EMS Scene Arrival Minutes,99,Unknown,99,Unknown EMS Hospital Arrival Time,,,,,,,1,
2022,36,361102,New York,1,1,0,2,2,1,1,103,SUFFOLK (103),705,BROOKHAVEN,12,12,10,October,2022,4,Wednesday,19,7:00pm-7:59pm,37,37,0,This section IS NOT on the NHS,2,Urban,4,Minor Arterial,3,Town or Township Highway Agency,5,Local Street - Township,GRANNY RD,,99998,Not Reported,40.84875000,40.84875000,-72.985969440,-72.98596944,0,No Special Jurisdiction,8,Pedestrian,0,The First Harmful Event was Not a Collision with a Motor Vehicle in Transport,0,No,1,Non-Junction,1,Not an Intersection,0,None,,,1,On Roadway,1,Daylight,,,,,1,Clear,0,No,0000000,Not Applicable,99,Unknown,99,Unknown,99,Unknown EMS Scene Arrival Hour,99,Unknown EMS Scene Arrival Minutes,99,Unknown,99,Unknown EMS Hospital Arrival Time,,,,,,,1,
2022,36,361103,New York,1,1,0,1,1,1,1,103,SUFFOLK (103),4970,PORT JEFFERSON STATION,22,22,10,October,2022,7,Saturday,20,8:00pm-8:59pm,35,35,0,This section IS NOT on the NHS,2,Urban,7,Local,3,Town or Township Highway Agency,5,Local Street - Township,BELLE TERRE RD,,99998,Not Reported,40.94187222,40.94187222,-73.056711110,-73.05671111,0,No Special Jurisdiction,8,Pedestrian,0,The First Harmful Event was Not a Collision with a Motor Vehicle in Transport,0,No,1,Non-Junction,1,Not an Intersection,0,None,,,1,On Roadway,2,Dark - Not Lighted,,,,,1,Clear,0,No,0000000,Not Applicable,99,Unknown,99,Unknown,99,Unknown EMS Scene Arrival Hour,99,Unknown EMS Scene Arrival Minutes,99,Unknown,99,Unknown EMS Hospital Arrival Time,,,,,,,1,
2022,36,361104,New York,1,1,0,2,2,1,1,103,SUFFOLK (103),2920,ISLIP,29,29,10,October,2022,7,Saturday,18,6:00pm-6:59pm,55,55,0,This section IS NOT on the NHS,2,Urban,4,Minor Arterial,3,Town or Township Highway Agency,5,Local Street - Township,CR-93 OCEAN AVE,,99998,Not Reported,40.81435278,40.81435278,-73.125408330,-73.12540833,0,No Special Jurisdiction,8,Pedestrian,0,The First Harmful Event was Not a Collision with a Motor Vehicle in Transport,0,No,1,Non-Junction,1,Not an Intersection,0,None,,,1,On Roadway,2,Dark - Not Lighted,,,,,1,Clear,0,No,0000000,Not Applicable,18,6:00pm-6:59pm,56,56,19,7:00pm-7:59pm,1,1,19,7:00pm-7:59pm,34,34,,,,,,,2,
2022,36,361105,New York,1,1,0,1,1,1,1,103,SUFFOLK (103),705,BROOKHAVEN,3,3,11,November,2022,5,Thursday,22,10:00pm-10:59pm,53,53,1,This section IS ON the NHS,2,Urban,3,Principal Arterial - Other,2,County Highway Agency,4,County Road,CR-83,,99998,Not Reported,40.92128056,40.92128056,-73.007894440,-73.00789444,0,No Special Jurisdiction,8,Pedestrian,0,The First Harmful Event was Not a Collision with a Motor Vehicle in Transport,0,No,1,Non-Junction,1,Not an Intersection,0,None,,,1,On Roadway,2,Dark - Not Lighted,,,,,1,Clear,0,No,0000000,Not Applicable,99,Unknown,99,Unknown,99,Unknown EMS Scene Arrival Hour,99,Unknown EMS Scene Arrival Minutes,88,"Not Applicable (Not Transported) ",88,Not Applicable (Not Transported),,,,,,,1,
2022,36,361106,New York,1,1,0,1,1,1,1,103,SUFFOLK (103),705,BROOKHAVEN,6,6,11,November,2022,1,Sunday,23,11:00pm-11:59pm,51,51,1,This section IS ON the NHS,2,Urban,3,Principal Arterial - Other,1,State Highway Agency,3,State Highway,SR-25 MIDDLE COUNTRY RD,,99998,Not Reported,40.87303889,40.87303889,-72.984419440,-72.98441944,0,No Special Jurisdiction,8,Pedestrian,0,The First Harmful Event was Not a Collision with a Motor Vehicle in Transport,0,No,1,Non-Junction,1,Not an Intersection,0,None,,,1,On Roadway,3,Dark - Lighted,,,,,1,Clear,0,No,0000000,Not Applicable,99,Unknown,99,Unknown,99,Unknown EMS Scene Arrival Hour,99,Unknown EMS Scene Arrival Minutes,88,"Not Applicable (Not Transported) ",88,Not Applicable (Not Transported),,,,,,,1,
2022,36,361107,New York,1,1,0,1,1,1,1,103,SUFFOLK (103),360,BABYLON,8,8,11,November,2022,3,Tuesday,15,3:00pm-3:59pm,18,18,1,This section IS ON the NHS,2,Urban,3,Principal Arterial - Other,1,State Highway Agency,3,State Highway,SR-110 BROADHOLLOW RD,,99998,Not Reported,40.71695556,40.71695556,-73.426322220,-73.42632222,0,No Special Jurisdiction,8,Pedestrian,0,The First Harmful Event was Not a Collision with a Motor Vehicle in Transport,0,No,1,Non-Junction,1,Not an Intersection,0,None,,,4,On Roadside,1,Daylight,,,,,1,Clear,0,No,0000000,Not Applicable,15,3:00pm-3:59pm,18,18,99,Unknown EMS Scene Arrival Hour,99,Unknown EMS Scene Arrival Minutes,99,Unknown,99,Unknown EMS Hospital Arrival Time,,,,,,,1,
2022,36,361108,New York,1,1,0,1,1,1,1,103,SUFFOLK (103),2920,ISLIP,19,19,11,November,2022,7,Saturday,22,10:00pm-10:59pm,27,27,1,This section IS ON the NHS,2,Urban,3,Principal Arterial - Other,1,State Highway Agency,3,State Highway,SR-454 VETERANS MEMORIAL HWY,GRUNDY AVE,99998,Not Reported,40.77855556,40.77855556,-73.075186110,-73.07518611,0,No Special Jurisdiction,8,Pedestrian,0,The First Harmful Event was Not a Collision with a Motor Vehicle in Transport,0,No,3,Intersection-Related,2,Four-Way Intersection,0,None,,,1,On Roadway,3,Dark - Lighted,,,,,10,Cloudy,0,No,0000000,Not Applicable,99,Unknown,99,Unknown,99,Unknown EMS Scene Arrival Hour,99,Unknown EMS Scene Arrival Minutes,88,"Not Applicable (Not Transported) ",88,Not Applicable (Not Transported),,,,,,,1,
2022,36,361109,New York,2,2,0,0,0,2,2,103,SUFFOLK (103),705,BROOKHAVEN,14,14,10,October,2022,6,Friday,16,4:00pm-4:59pm,21,21,0,This section IS NOT on the NHS,2,Urban,7,Local,3,Town or Township Highway Agency,5,Local Street - Township,LAKESIDE DR,,0,None,40.82193611,40.82193611,-73.062077780,-73.06207778,0,No Special Jurisdiction,5,Fell/Jumped from Vehicle,0,The First Harmful Event was Not a Collision with a Motor Vehicle in Transport,0,No,8,Driveway Access Related,1,Not an Intersection,0,None,,,1,On Roadway,1,Daylight,,,,,1,Clear,0,No,0000000,Not Applicable,99,Unknown,99,Unknown,99,Unknown EMS Scene Arrival Hour,99,Unknown EMS Scene Arrival Minutes,99,Unknown,99,Unknown EMS Hospital Arrival Time,,,,,,,1,
2022,36,361110,New York,2,2,0,0,0,3,3,103,SUFFOLK (103),705,BROOKHAVEN,24,24,10,October,2022,2,Monday,19,7:00pm-7:59pm,32,32,1,This section IS ON the NHS,2,Urban,3,Principal Arterial - Other,1,State Highway Agency,3,State Highway,SR-25A,,99998,Not Reported,40.94243056,40.94243056,-72.981925000,-72.98192500,0,No Special Jurisdiction,12,Motor Vehicle In-Transport,6,Angle,0,No,8,Driveway Access Related,1,Not an Intersection,0,None,,,1,On Roadway,3,Dark - Lighted,,,,,2,Rain,0,No,0000000,Not Applicable,99,Unknown,99,Unknown,99,Unknown EMS Scene Arrival Hour,99,Unknown EMS Scene Arrival Minutes,99,Unknown,99,Unknown EMS Hospital Arrival Time,,,,,,,2,
2022,36,361111,New York,1,1,0,0,0,1,1,103,SUFFOLK (103),4385,OAKDALE,22,22,8,August,2022,2,Monday,23,11:00pm-11:59pm,14,14,1,This section IS ON the NHS,2,Urban,2,Principal Arterial - Other Freeways and Expressways,1,State Highway Agency,3,State Highway,SR-27A MONTAUK HWY,,99998,Not Reported,40.74776667,40.74776667,-73.144388890,-73.14438889,0,No Special Jurisdiction,42,Tree (Standing Only),0,The First Harmful Event was Not a Collision with a Motor Vehicle in Transport,0,No,1,Non-Junction,1,Not an Intersection,0,None,,,8,Gore,3,Dark - Lighted,,,,,1,Clear,0,No,0000000,Not Applicable,23,11:00pm-11:59pm,15,15,23,11:00pm-11:59pm,24,24,88,"Not Applicable (Not Transported) ",88,Not Applicable (Not Transported),,,,,,,1,
2022,36,361112,New York,1,1,0,0,0,1,1,103,SUFFOLK (103),2840,HUNTINGTON,7,7,9,September,2022,4,Wednesday,16,4:00pm-4:59pm,40,40,1,This section IS ON the NHS,2,Urban,1,Interstate,1,State Highway Agency,1,Interstate,I-495,,99998,Not Reported,40.78094444,40.78094444,-73.419997220,-73.41999722,0,No Special Jurisdiction,25,Concrete Traffic Barrier,0,The First Harmful Event was Not a Collision with a Motor Vehicle in Transport,0,No,1,Non-Junction,1,Not an Intersection,0,None,,,3,On Median,1,Daylight,,,,,10,Cloudy,0,No,0000000,Not Applicable,16,4:00pm-4:59pm,40,40,16,4:00pm-4:59pm,48,48,17,5:00pm-5:59pm,18,18,,,,,,,1,
2022,36,361113,New York,1,1,0,0,0,1,1,103,SUFFOLK (103),705,BROOKHAVEN,28,28,10,October,2022,6,Friday,19,7:00pm-7:59pm,45,45,0,This section IS NOT on the NHS,2,Urban,7,Local,3,Town or Township Highway Agency,5,Local Street - Township,LINCOLN RD,,0,None,40.83877778,40.83877778,-72.955541670,-72.95554167,0,No Special Jurisdiction,42,Tree (Standing Only),0,The First Harmful Event was Not a Collision with a Motor Vehicle in Transport,0,No,1,Non-Junction,1,Not an Intersection,0,None,,,4,On Roadside,3,Dark - Lighted,,,,,1,Clear,0,No,0000000,Not Applicable,99,Unknown,99,Unknown,99,Unknown EMS Scene Arrival Hour,99,Unknown EMS Scene Arrival Minutes,99,Unknown,99,Unknown EMS Hospital Arrival Time,,,,,,,1,
2022,36,361114,New York,1,1,0,0,0,1,1,103,SUFFOLK (103),5769,SMITHTOWN,29,29,12,December,2022,5,Thursday,7,7:00am-7:59am,52,52,0,This section IS NOT on the NHS,2,Urban,4,Minor Arterial,2,County Highway Agency,4,County Road,CR-67 MOTOR PKWY,,99998,Not Reported,40.80800833,40.80800833,-73.281041670,-73.28104167,0,No Special Jurisdiction,31,"Post, Pole or Other Supports",0,The First Harmful Event was Not a Collision with a Motor Vehicle in Transport,0,No,1,Non-Junction,1,Not an Intersection,0,None,,,4,On Roadside,3,Dark - Lighted,,,,,1,Clear,0,No,0000000,Not Applicable,99,Unknown,99,Unknown,99,Unknown EMS Scene Arrival Hour,99,Unknown EMS Scene Arrival Minutes,88,"Not Applicable (Not Transported) ",88,Not Applicable (Not Transported),,,,,,,1,
2022,36,361115,New York,1,1,0,0,0,1,1,103,SUFFOLK (103),705,BROOKHAVEN,30,30,12,December,2022,6,Friday,1,1:00am-1:59am,25,25,0,This section IS NOT on the NHS,2,Urban,5,Major Collector,3,Town or Township Highway Agency,5,Local Street - Township,CANAL RD,,99998,Not Reported,40.91448333,40.91448333,-73.008111110,-73.00811111,0,No Special Jurisdiction,42,Tree (Standing Only),0,The First Harmful Event was Not a Collision with a Motor Vehicle in Transport,0,No,1,Non-Junction,1,Not an Intersection,0,None,,,4,On Roadside,3,Dark - Lighted,,,,,10,Cloudy,0,No,0000000,Not Applicable,99,Unknown,99,Unknown,99,Unknown EMS Scene Arrival Hour,99,Unknown EMS Scene Arrival Minutes,99,Unknown,99,Unknown EMS Hospital Arrival Time,,,,,,,1,
2022,36,361117,New York,2,2,0,0,0,3,3,103,SUFFOLK (103),705,BROOKHAVEN,17,17,12,December,2022,7,Saturday,13,1:00pm-1:59pm,56,56,0,This section IS NOT on the NHS,2,Urban,4,Minor Arterial,2,County Highway Agency,4,County Road,CR-16 PORTION RD,LEEDS BLVD,99998,Not Reported,40.83533333,40.83533333,-73.058347220,-73.05834722,0,No Special Jurisdiction,12,Motor Vehicle In-Transport,6,Angle,0,No,2,Intersection,2,Four-Way Intersection,0,None,,,1,On Roadway,1,Daylight,,,,,1,Clear,0,No,0000000,Not Applicable,99,Unknown,99,Unknown,99,Unknown EMS Scene Arrival Hour,99,Unknown EMS Scene Arrival Minutes,99,Unknown,99,Unknown EMS Hospital Arrival Time,,,,,,,1,
2022,36,361118,New York,1,1,0,1,1,1,1,103,SUFFOLK (103),360,BABYLON,16,16,8,August,2022,3,Tuesday,16,4:00pm-4:59pm,27,27,1,This section IS ON the NHS,2,Urban,3,Principal Arterial - Other,1,State Highway Agency,3,State Highway,SR-27,,99998,Not Reported,40.70587778,40.70587778,-73.372000000,-73.37200000,0,No Special Jurisdiction,8,Pedestrian,0,The First Harmful Event was Not a Collision with a Motor Vehicle in Transport,0,No,1,Non-Junction,1,Not an Intersection,0,None,,,1,On Roadway,1,Daylight,,,,,1,Clear,0,No,0000000,Not Applicable,99,Unknown,99,Unknown,99,Unknown EMS Scene Arrival Hour,99,Unknown EMS Scene Arrival Minutes,88,"Not Applicable (Not Transported) ",88,Not Applicable (Not Transported),,,,,,,1,
2022,36,361119,New York,1,1,0,1,1,1,1,103,SUFFOLK (103),2920,ISLIP,25,25,10,October,2022,3,Tuesday,18,6:00pm-6:59pm,17,17,0,This section IS NOT on the NHS,2,Urban,7,Local,3,Town or Township Highway Agency,5,Local Street - Township,REMMINGTON BLVD,,99998,Not Reported,40.78946944,40.78946944,-73.130775000,-73.13077500,0,No Special Jurisdiction,8,Pedestrian,0,The First Harmful Event was Not a Collision with a Motor Vehicle in Transport,0,No,1,Non-Junction,1,Not an Intersection,0,None,,,1,On Roadway,1,Daylight,,,,,10,Cloudy,0,No,0000000,Not Applicable,99,Unknown,99,Unknown,99,Unknown EMS Scene Arrival Hour,99,Unknown EMS Scene Arrival Minutes,99,Unknown,99,Unknown EMS Hospital Arrival Time,,,,,,,1,
2022,36,361120,New York,1,1,0,1,1,1,1,103,SUFFOLK (103),360,BABYLON,29,29,10,October,2022,7,Saturday,21,9:00pm-9:59pm,21,21,0,This section IS NOT on the NHS,2,Urban,4,Minor Arterial,2,County Highway Agency,4,County Road,CR-2 DIXON AVE,CABOTO AVE,99998,Not Reported,40.68673889,40.68673889,-73.398044440,-73.39804444,0,No Special Jurisdiction,9,Pedalcyclist,0,The First Harmful Event was Not a Collision with a Motor Vehicle in Transport,0,No,3,Intersection-Related,2,Four-Way Intersection,0,None,,,1,On Roadway,3,Dark - Lighted,,,,,1,Clear,0,No,0000000,Not Applicable,99,Unknown,99,Unknown,99,Unknown EMS Scene Arrival Hour,99,Unknown EMS Scene Arrival Minutes,99,Unknown,99,Unknown EMS Hospital Arrival Time,,,,,,,1,
2022,36,361121,New York,1,1,0,1,1,1,1,103,SUFFOLK (103),1296,COMMACK,28,28,11,November,2022,2,Monday,13,1:00pm-1:59pm,52,52,1,This section IS ON the NHS,2,Urban,3,Principal Arterial - Other,1,State Highway Agency,3,State Highway,SR-454 VETERANS HWY,,99998,Not Reported,40.83865556,40.83865556,-73.284955560,-73.28495556,0,No Special Jurisdiction,8,Pedestrian,0,The First Harmful Event was Not a Collision with a Motor Vehicle in Transport,0,No,1,Non-Junction,1,Not an Intersection,0,None,,,1,On Roadway,1,Daylight,,,,,1,Clear,0,No,0000000,Not Applicable,99,Unknown,99,Unknown,99,Unknown EMS Scene Arrival Hour,99,Unknown EMS Scene Arrival Minutes,99,Unknown,99,Unknown EMS Hospital Arrival Time,,,,,,,1,
2022,36,361122,New York,1,1,0,1,1,1,1,103,SUFFOLK (103),4670,PATCHOGUE,18,18,11,November,2022,6,Friday,17,5:00pm-5:59pm,36,36,0,This section IS NOT on the NHS,2,Urban,6,Minor Collector,2,County Highway Agency,4,County Road,CR-19 WEST AVE,SOUTH ST,99998,Not Reported,40.76440556,40.76440556,-73.018586110,-73.01858611,0,No Special Jurisdiction,8,Pedestrian,0,The First Harmful Event was Not a Collision with a Motor Vehicle in Transport,0,No,3,Intersection-Related,2,Four-Way Intersection,0,None,,,1,On Roadway,5,Dusk,,,,,1,Clear,0,No,0000000,Not Applicable,99,Unknown,99,Unknown,99,Unknown EMS Scene Arrival Hour,99,Unknown EMS Scene Arrival Minutes,99,Unknown,99,Unknown EMS Hospital Arrival Time,,,,,,,1,
2022,36,361123,New York,1,1,0,1,1,1,1,103,SUFFOLK (103),705,BROOKHAVEN,5,5,12,December,2022,2,Monday,20,8:00pm-8:59pm,4,4,1,This section IS ON the NHS,2,Urban,1,Interstate,1,State Highway Agency,1,Interstate,I-495 EXIT RAMP,,99998,Not Reported,40.81252778,40.81252778,-73.113986110,-73.11398611,0,No Special Jurisdiction,8,Pedestrian,0,The First Harmful Event was Not a Collision with a Motor Vehicle in Transport,1,Yes,5,Entrance/Exit Ramp Related,1,Not an Intersection,0,None,,,1,On Roadway,3,Dark - Lighted,,,,,1,Clear,0,No,0000000,Not Applicable,20,8:00pm-8:59pm,4,4,20,8:00pm-8:59pm,15,15,20,8:00pm-8:59pm,50,50,,,,,,,1,
2022,36,361124,New York,1,1,0,1,1,1,1,103,SUFFOLK (103),2920,ISLIP,7,7,12,December,2022,4,Wednesday,17,5:00pm-5:59pm,40,40,1,This section IS ON the NHS,2,Urban,3,Principal Arterial - Other,1,State Highway Agency,3,State Highway,SR-111 ISLIP AVE,,99998,Not Reported,40.75247778,40.75247778,-73.208830560,-73.20883056,0,No Special Jurisdiction,8,Pedestrian,0,The First Harmful Event was Not a Collision with a Motor Vehicle in Transport,0,No,1,Non-Junction,1,Not an Intersection,0,None,,,1,On Roadway,2,Dark - Not Lighted,,,,,2,Rain,0,No,0000000,Not Applicable,99,Unknown,99,Unknown,99,Unknown EMS Scene Arrival Hour,99,Unknown EMS Scene Arrival Minutes,99,Unknown,99,Unknown EMS Hospital Arrival Time,,,,,,,1,
2022,36,361125,New York,1,1,0,1,1,1,1,103,SUFFOLK (103),2920,ISLIP,9,9,12,December,2022,6,Friday,6,6:00am-6:59am,15,15,0,This section IS NOT on the NHS,2,Urban,4,Minor Arterial,3,Town or Township Highway Agency,5,Local Street - Township,SPUR DR N,,0,None,40.75280278,40.75280278,-73.244508330,-73.24450833,0,No Special Jurisdiction,8,Pedestrian,0,The First Harmful Event was Not a Collision with a Motor Vehicle in Transport,0,No,1,Non-Junction,1,Not an Intersection,0,None,,,1,On Roadway,2,Dark - Not Lighted,,,,,1,Clear,0,No,0000000,Not Applicable,99,Unknown,99,Unknown,99,Unknown EMS Scene Arrival Hour,99,Unknown EMS Scene Arrival Minutes,99,Unknown,99,Unknown EMS Hospital Arrival Time,,,,,,,1,
2022,36,361126,New York,1,1,0,1,1,2,2,71,ORANGE (71),4060,NEWBURGH,16,16,12,December,2022,6,Friday,18,6:00pm-6:59pm,11,11,1,This section IS ON the NHS,2,Urban,3,Principal Arterial - Other,1,State Highway Agency,2,U.S. Highway,US-9W ROBINSON AVE,,99998,Not Reported,41.51773611,41.51773611,-74.019927780,-74.01992778,0,No Special Jurisdiction,8,Pedestrian,0,The First Harmful Event was Not a Collision with a Motor Vehicle in Transport,0,No,1,Non-Junction,1,Not an Intersection,0,None,,,1,On Roadway,3,Dark - Lighted,,,,,2,Rain,0,No,0000000,Not Applicable,99,Unknown,99,Unknown,99,Unknown EMS Scene Arrival Hour,99,Unknown EMS Scene Arrival Minutes,99,Unknown,99,Unknown EMS Hospital Arrival Time,,,,,,,1,
2022,36,361127,New York,1,1,0,1,1,1,1,103,SUFFOLK (103),360,BABYLON,26,26,12,December,2022,2,Monday,23,11:00pm-11:59pm,10,10,1,This section IS ON the NHS,2,Urban,3,Principal Arterial - Other,1,State Highway Agency,3,State Highway,SR-110 BROADWAY,RITTER AVE,99998,Not Reported,40.70208889,40.70208889,-73.426897220,-73.42689722,0,No Special Jurisdiction,9,Pedalcyclist,0,The First Harmful Event was Not a Collision with a Motor Vehicle in Transport,0,No,3,Intersection-Related,2,Four-Way Intersection,0,None,,,1,On Roadway,3,Dark - Lighted,,,,,1,Clear,0,No,0000000,Not Applicable,99,Unknown,99,Unknown,99,Unknown EMS Scene Arrival Hour,99,Unknown EMS Scene Arrival Minutes,99,Unknown,99,Unknown EMS Hospital Arrival Time,,,,,,,1,