caseyear,state,st_case,statename,ve_total,ve_forms,pvh_invl,peds,pernotmvit,permvit,persons,county,countyname,city,cityname,day,dayname,month,monthname,year,day_week,day_weekname,hour,hourname,minute,minutename,nhs,nhsname,rur_urb,rur_urbname,func_sys,func_sysname,rd_owner,rd_ownername,route,routename,tway_id,tway_id2,milept,mileptname,latitude,latitudename,longitud,longitudname,sp_jur,sp_jurname,harm_ev,harm_evname,man_coll,man_collname,reljct1,reljct1name,reljct2,reljct2name,typ_int,typ_intname,wrk_zone,wrk_zonename,road_fnc,road_fncname,rel_road,rel_roadname,lgt_cond,lgt_condname,weather1,weather1name,weather2,weather2name,weather,weathername,sch_bus,sch_busname,rail,railname,not_hour,not_hourname,not_min,not_minname,arr_hour,arr_hourname,arr_min,arr_minname,hosp_hr,hosp_hrname,hosp_mn,hosp_mnname,cf1,cf1name,cf2,cf2name,cf3,cf3name,fatals,drunk_dr
2022,36,361163,New York,4,1,3,3,3,1,1,9,CATTARAUGUS (9),5000,PORTVILLE,3,3,9,September,2022,7,Saturday,1,1:00am-1:59am,25,25,0,This section IS NOT on the NHS,2,Urban,4,Minor Arterial,1,State Highway Agency,3,State Highway,SR-417,SR-305,99998,Not Reported,42.02473611,42.02473611,-78.337216670,-78.33721667,0,No Special Jurisdiction,14,Parked Motor Vehicle,0,The First Harmful Event was Not a Collision with a Motor Vehicle in Transport,0,No,3,Intersection-Related,3,T-Intersection,0,None,,,4,On Roadside,2,Dark - Not Lighted,,,,,1,Clear,0,No,0000000,Not Applicable,1,1:00am-1:59am,30,30,99,Unknown EMS Scene Arrival Hour,99,Unknown EMS Scene Arrival Minutes,99,Unknown,99,Unknown EMS Hospital Arrival Time,,,,,,,1,
2022,36,361164,New York,1,1,0,0,0,2,2,91,SARATOGA (91),2469,HADLEY,11,11,10,October,2022,3,Tuesday,20,8:00pm-8:59pm,28,28,0,This section IS NOT on the NHS,1,Rural,7,Local,3,Town or Township Highway Agency,5,Local Street - Township,HARRIS RD,,99998,Not Reported,43.28096111,43.28096111,-73.848922220,-73.84892222,0,No Special Jurisdiction,42,Tree (Standing Only),0,The First Harmful Event was Not a Collision with a Motor Vehicle in Transport,0,No,1,Non-Junction,1,Not an Intersection,0,None,,,4,On Roadside,2,Dark - Not Lighted,,,,,10,Cloudy,0,No,0000000,Not Applicable,20,8:00pm-8:59pm,28,28,20,8:00pm-8:59pm,38,38,99,Unknown,99,Unknown EMS Hospital Arrival Time,,,,,,,2,
2022,36,361165,New York,2,2,0,0,0,2,2,87,ROCKLAND (87),2580,HAVERSTRAW,6,6,8,August,2022,7,Saturday,18,6:00pm-6:59pm,20,20,0,This section IS NOT on the NHS,2,Urban,7,Local,3,Town or Township Highway Agency,5,Local Street - Township,PICARIELLO DR,RELA AVE,0,None,41.20181389,41.20181389,-73.975127780,-73.97512778,0,No Special Jurisdiction,12,Motor Vehicle In-Transport,6,Angle,0,No,2,Intersection,2,Four-Way Intersection,0,None,,,1,On Roadway,1,Daylight,,,,,1,Clear,0,No,0000000,Not Applicable,18,6:00pm-6:59pm,20,20,18,6:00pm-6:59pm,23,23,88,"Not Applicable (Not Transported) ",88,Not Applicable (Not Transported),,,,,,,1,
2022,36,361166,New York,1,1,0,1,1,1,1,5,BRONX (5),4170,NEW YORK CITY,20,20,12,December,2022,3,Tuesday,17,5:00pm-5:59pm,59,59,0,This section IS NOT on the NHS,2,Urban,7,Local,4,City or Municipal Highway Agency,6,Local Street - Municipality,E 168TH ST,,0,None,40.83663056,40.83663056,-73.918977780,-73.91897778,0,No Special Jurisdiction,8,Pedestrian,0,The First Harmful Event was Not a Collision with a Motor Vehicle in Transport,0,No,1,Non-Junction,1,Not an Intersection,0,None,,,1,On Roadway,3,Dark - Lighted,,,,,1,Clear,0,No,0000000,Not Applicable,99,Unknown,99,Unknown,99,Unknown EMS Scene Arrival Hour,99,Unknown EMS Scene Arrival Minutes,99,Unknown,99,Unknown EMS Hospital Arrival Time,,,,,,,1,
2022,36,361167,New York,1,1,0,1,1,1,1,119,WESTCHESTER (119),6820,YONKERS,3,3,8,August,2022,4,Wednesday,0,0:00am-0:59am,20,20,1,This section IS ON the NHS,2,Urban,3,Principal Arterial - Other,4,City or Municipal Highway Agency,6,Local Street - Municipality,MCLEAN AVE,,99998,Not Reported,40.90865000,40.90865000,-73.876927780,-73.87692778,0,No Special Jurisdiction,15,Non-Motorist on Personal Conveyance,0,The First Harmful Event was Not a Collision with a Motor Vehicle in Transport,0,No,1,Non-Junction,1,Not an Intersection,0,None,,,1,On Roadway,3,Dark - Lighted,,,,,1,Clear,0,No,0000000,Not Applicable,99,Unknown,99,Unknown,99,Unknown EMS Scene Arrival Hour,99,Unknown EMS Scene Arrival Minutes,99,Unknown,99,Unknown EMS Hospital Arrival Time,,,,,,,1,
2022,36,361168,New York,1,1,0,1,1,1,1,111,ULSTER (111),3060,KINGSTON,27,27,12,December,2022,3,Tuesday,15,3:00pm-3:59pm,41,41,0,This section IS NOT on the NHS,2,Urban,7,Local,4,City or Municipal Highway Agency,6,Local Street - Municipality,PINE GROVE AVE,,99998,Not Reported,41.92716111,41.92716111,-74.000766670,-74.00076667,0,No Special Jurisdiction,9,Pedalcyclist,0,The First Harmful Event was Not a Collision with a Motor Vehicle in Transport,0,No,8,Driveway Access Related,1,Not an Intersection,0,None,,,1,On Roadway,1,Daylight,,,,,1,Clear,0,No,0000000,Not Applicable,15,3:00pm-3:59pm,41,41,15,3:00pm-3:59pm,45,45,16,4:00pm-4:59pm,5,5,,,,,,,1,
2023,36,360001,New York,1,1,0,0,0,3,3,87,ROCKLAND (87),2580,HAVERSTRAW,1,1,1,January,2023,1,Sunday,1,1:00am-1:59am,25,25,0,This Section IS NOT on the NHS,2,Urban,7,Local,2,County Highway Agency,4,County,CR-108 BEACH RD,,99998,Not Reported,41.21996667,41.21996667,-73.968541670,-73.96854167,0,No Special Jurisdiction,38,Fence,0,The First Harmful Event was Not a Collision with a Motor Vehicle in Transport,0,No,1,Non-Junction,1,Not an Intersection,0,None,,,4,On Roadside,2,Dark - Not Lighted,,,,,5,"Fog, Smog, Smoke",0,No,0000000,Not Applicable,1,1:00am-1:59am,27,27,1,1:00am-1:59am,40,40,99,Unknown,99,Unknown EMS Hospital Arrival Time,,,,,,,2,
2023,36,360002,New York,1,1,0,0,0,2,2,33,FRANKLIN (33),605,BOMBAY,1,1,1,January,2023,1,Sunday,4,4:00am-4:59am,32,32,0,This Section IS NOT on the NHS,1,Rural,7,Local,62,Bureau of Indian Affairs,0,Not Signed,RIVER RD,,99998,Not Reported,44.98979167,44.98979167,-74.643255560,-74.64325556,0,No Special Jurisdiction,32,Culvert,0,The First Harmful Event was Not a Collision with a Motor Vehicle in Transport,0,No,1,Non-Junction,1,Not an Intersection,0,None,,,4,On Roadside,2,Dark - Not Lighted,,,,,5,"Fog, Smog, Smoke",0,No,0000000,Not Applicable,4,4:00am-4:59am,37,37,4,4:00am-4:59am,41,41,99,Unknown,99,Unknown EMS Hospital Arrival Time,,,,,,,2,
2023,36,360003,New York,2,2,0,0,0,2,2,81,QUEENS (81),4170,MIDDLE VILLAGE,2,2,1,January,2023,2,Monday,1,1:00am-1:59am,20,20,0,This Section IS NOT on the NHS,2,Urban,7,Local,4,City or Municipal Highway Agency,0,Not Signed,75 ST,32 AVE,99998,Not Reported,40.75701389,40.75701389,-73.892311110,-73.89231111,0,No Special Jurisdiction,1,Rollover/Overturn,0,The First Harmful Event was Not a Collision with a Motor Vehicle in Transport,0,No,2,Intersection,2,Four-Way Intersection,0,None,,,1,On Roadway,3,Dark - Lighted,,,,,1,Clear,0,No,0000000,Not Applicable,99,Unknown,99,Unknown,99,Unknown EMS Scene Arrival Hour,99,Unknown EMS Scene Arrival Minutes,99,Unknown,99,Unknown EMS Hospital Arrival Time,,,,,,,1,
2023,36,360004,New York,1,1,0,1,1,1,1,47,KINGS (47),4170,NEW YORK CITY,12,12,1,January,2023,5,Thursday,21,9:00pm-9:59pm,55,55,0,This Section IS NOT on the NHS,2,Urban,4,Minor Arterial,4,City or Municipal Highway Agency,0,Not Signed,KINGS HWY,E 14 ST,99998,Not Reported,40.60853056,40.60853056,-73.959166670,-73.95916667,0,No Special Jurisdiction,8,Pedestrian,0,The First Harmful Event was Not a Collision with a Motor Vehicle in Transport,0,No,3,Intersection-Related,2,Four-Way Intersection,0,None,,,1,On Roadway,3,Dark - Lighted,,,,,2,Rain,0,No,0000000,Not Applicable,21,9:00pm-9:59pm,55,55,99,Unknown EMS Scene Arrival Hour,99,Unknown EMS Scene Arrival Minutes,99,Unknown,99,Unknown EMS Hospital Arrival Time,,,,,,,1,
2023,36,360005,New York,1,1,0,0,0,1,1,31,ESSEX (31),6630,WESTPORT,4,4,1,January,2023,4,Wednesday,21,9:00pm-9:59pm,30,30,1,This Section IS ON the NHS,1,Rural,3,Other Principal Arterial,1,State Highway Agency,3,State Highway,SR-9N,,99998,Not Reported,44.19292222,44.19292222,-73.464844440,-73.46484444,0,No Special Jurisdiction,42,Tree (Standing Only),0,The First Harmful Event was Not a Collision with a Motor Vehicle in Transport,0,No,1,Non-Junction,1,Not an Intersection,0,None,,,4,On Roadside,2,Dark - Not Lighted,,,,,2,Rain,0,No,0000000,Not Applicable,21,9:00pm-9:59pm,30,30,21,9:00pm-9:59pm,34,34,22,10:00pm-10:59pm,24,24,,,,,,,1,
2023,36,360006,New York,1,1,0,0,0,1,1,79,PUTNAM (79),630,BREWSTER,8,8,1,January,2023,1,Sunday,0,0:00am-0:59am,4,4,1,This Section IS ON the NHS,2,Urban,3,Other Principal Arterial,1,State Highway Agency,2,U.S. Highway,US-6,,99998,Not Reported,41.41516944,41.41516944,-73.640513890,-73.64051389,0,No Special Jurisdiction,42,Tree (Standing Only),0,The First Harmful Event was Not a Collision with a Motor Vehicle in Transport,0,No,1,Non-Junction,1,Not an Intersection,0,None,,,4,On Roadside,2,Dark - Not Lighted,,,,,1,Clear,0,No,0000000,Not Applicable,0,0:00am-0:59am,4,4,0,0:00am-0:59am,7,7,88,"Not Applicable (Not Transported) ",88,Not Applicable (Not Transported),,,,,,,1,
2023,36,360007,New York,1,1,0,1,1,1,1,65,ONEIDA (65),6220,UTICA,4,4,1,January,2023,4,Wednesday,17,5:00pm-5:59pm,0,0,0,This Section IS NOT on the NHS,2,Urban,7,Local,4,City or Municipal Highway Agency,0,Not Signed,ERIE ST,,99998,Not Reported,43.10781944,43.10781944,-75.248255560,-75.24825556,0,No Special Jurisdiction,8,Pedestrian,0,The First Harmful Event was Not a Collision with a Motor Vehicle in Transport,0,No,1,Non-Junction,1,Not an Intersection,0,None,,,1,On Roadway,2,Dark - Not Lighted,,,,,2,Rain,0,No,0000000,Not Applicable,17,5:00pm-5:59pm,14,14,17,5:00pm-5:59pm,20,20,17,5:00pm-5:59pm,40,40,,,,,,,1,
2023,36,360008,New York,1,1,0,1,1,1,1,81,QUEENS (81),4170,MIDDLE VILLAGE,5,5,1,January,2023,5,Thursday,17,5:00pm-5:59pm,4,4,0,This Section IS NOT on the NHS,2,Urban,5,Major Collector,4,City or Municipal Highway Agency,0,Not Signed,24 AVE,29 ST,99998,Not Reported,40.77298333,40.77298333,-73.916461110,-73.91646111,0,No Special Jurisdiction,9,Pedalcyclist,0,The First Harmful Event was Not a Collision with a Motor Vehicle in Transport,0,No,2,Intersection,2,Four-Way Intersection,0,None,,,1,On Roadway,3,Dark - Lighted,,,,,1,Clear,0,No,0000000,Not Applicable,99,Unknown,99,Unknown,99,Unknown EMS Scene Arrival Hour,99,Unknown EMS Scene Arrival Minutes,88,"Not Applicable (Not Transported) ",88,Not Applicable (Not Transported),,,,,,,1,
2023,36,360009,New York,1,1,0,1,1,1,1,87,ROCKLAND (87),4063,NEW CITY,5,5,1,January,2023,5,Thursday,17,5:00pm-5:59pm,10,10,1,This Section IS ON the NHS,2,Urban,3,Other Principal Arterial,1,State Highway Agency,3,State Highway,SR-304,,99998,Not Reported,41.12276389,41.12276389,-73.992686110,-73.99268611,0,No Special Jurisdiction,8,Pedestrian,0,The First Harmful Event was Not a Collision with a Motor Vehicle in Transport,0,No,1,Non-Junction,1,Not an Intersection,0,None,,,1,On Roadway,3,Dark - Lighted,,,,,2,Rain,0,No,0000000,Not Applicable,17,5:00pm-5:59pm,10,10,17,5:00pm-5:59pm,11,11,17,5:00pm-5:59pm,55,55,,,,,,,1,
2023,36,360010,New York,2,2,0,0,0,3,3,119,WESTCHESTER (119),6040,TARRYTOWN,8,8,1,January,2023,1,Sunday,15,3:00pm-3:59pm,21,21,1,This Section IS ON the NHS,2,Urban,1,Interstate,1,State Highway Agency,1,Interstate,I-287,,99998,Not Reported,99.99990000,99.99990000,999.999900000,999.99990000,0,No Special Jurisdiction,25,Concrete Traffic Barrier,0,The First Harmful Event was Not a Collision with a Motor Vehicle in Transport,0,No,1,Non-Junction,1,Not an Intersection,0,None,,,3,On Median,1,Daylight,,,,,10,Cloudy,0,No,0000000,Not Applicable,15,3:00pm-3:59pm,21,21,15,3:00pm-3:59pm,25,25,16,4:00pm-4:59pm,55,55,,,,,,,1,
2023,36,360011,New York,2,2,0,0,0,2,2,85,RICHMOND (85),4170,NEW YORK CITY,5,5,1,January,2023,5,Thursday,23,11:00pm-11:59pm,22,22,1,This Section IS ON the NHS,2,Urban,3,Other Principal Arterial,4,City or Municipal Highway Agency,0,Not Signed,HYLAN BLVD,NELSON AVE,99998,Not Reported,40.54239444,40.54239444,-74.145894440,-74.14589444,0,No Special Jurisdiction,12,Motor Vehicle In-Transport,6,Angle,0,No,2,Intersection,2,Four-Way Intersection,0,None,,,1,On Roadway,3,Dark - Lighted,,,,,2,Rain,0,No,0000000,Not Applicable,23,11:00pm-11:59pm,21,21,99,Unknown EMS Scene Arrival Hour,99,Unknown EMS Scene Arrival Minutes,99,Unknown,99,Unknown EMS Hospital Arrival Time,,,,,,,1,
2023,36,360012,New York,3,3,0,1,1,3,3,61,NEW YORK (61),4170,NEW YORK,6,6,1,January,2023,6,Friday,0,0:00am-0:59am,43,43,1,This Section IS ON the NHS,2,Urban,2,Other Freeways and Expressways,4,City or Municipal Highway Agency,3,State Highway,SR-907V/9A HENRY HUDSON PKWY,,99998,Not Reported,40.79538333,40.79538333,-73.977111110,-73.97711111,0,No Special Jurisdiction,8,Pedestrian,0,The First Harmful Event was Not a Collision with a Motor Vehicle in Transport,0,No,1,Non-Junction,1,Not an Intersection,0,None,,,1,On Roadway,3,Dark - Lighted,,,,,2,Rain,0,No,0000000,Not Applicable,0,0:00am-0:59am,43,43,99,Unknown EMS Scene Arrival Hour,99,Unknown EMS Scene Arrival Minutes,99,Unknown,99,Unknown EMS Hospital Arrival Time,,,,,,,1,
2023,36,360013,New York,2,2,0,0,0,4,4,29,ERIE (29),6642,WEST SENECA,13,13,1,January,2023,6,Friday,10,10:00am-10:59am,55,55,1,This Section IS ON the NHS,2,Urban,3,Other Principal Arterial,1,State Highway Agency,3,State Highway,SR-277 UNION RD,SR-16 CENTER RD,99998,Not Reported,42.83932222,42.83932222,-78.753994440,-78.75399444,0,No Special Jurisdiction,12,Motor Vehicle In-Transport,1,Front-to-Rear,0,No,3,Intersection-Related,2,Four-Way Intersection,0,None,,,1,On Roadway,1,Daylight,,,,,2,Rain,0,No,0000000,Not Applicable,10,10:00am-10:59am,55,55,10,10:00am-10:59am,58,58,11,11:00am-11:59am,26,26,,,,,,,1,
2023,36,360014,New York,1,1,0,1,1,1,1,13,CHAUTAUQUA (13),2150,FREDONIA,6,6,1,January,2023,6,Friday,17,5:00pm-5:59pm,59,59,1,This Section IS ON the NHS,2,Urban,3,Other Principal Arterial,1,State Highway Agency,3,State Highway,SR-60 BENNETT RD,,99998,Not Reported,42.45582778,42.45582778,-79.310719440,-79.31071944,0,No Special Jurisdiction,8,Pedestrian,0,The First Harmful Event was Not a Collision with a Motor Vehicle in Transport,0,No,1,Non-Junction,1,Not an Intersection,0,None,,,1,On Roadway,3,Dark - Lighted,,,,,1,Clear,0,No,0000000,Not Applicable,17,5:00pm-5:59pm,59,59,18,6:00pm-6:59pm,8,8,18,6:00pm-6:59pm,30,30,,,,,,,1,
2023,36,360015,New York,1,1,0,0,0,1,1,55,MONROE (55),6510,WEBSTER,8,8,1,January,2023,1,Sunday,13,1:00pm-1:59pm,34,34,1,This Section IS ON the NHS,2,Urban,2,Other Freeways and Expressways,1,State Highway Agency,3,State Highway,SR-104,,99998,Not Reported,43.21373889,43.21373889,-77.475133330,-77.47513333,0,No Special Jurisdiction,30,Utility Pole/Light Support,0,The First Harmful Event was Not a Collision with a Motor Vehicle in Transport,0,No,1,Non-Junction,1,Not an Intersection,0,None,,,4,On Roadside,1,Daylight,,,,,10,Cloudy,0,No,0000000,Not Applicable,99,Unknown,99,Unknown,99,Unknown EMS Scene Arrival Hour,99,Unknown EMS Scene Arrival Minutes,88,"Not Applicable (Not Transported) ",88,Not Applicable (Not Transported),,,,,,,1,
2023,36,360016,New York,1,1,0,0,0,4,4,59,NASSAU (59),4430,OLD BROOKVILLE,8,8,1,January,2023,1,Sunday,3,3:00am-3:59am,37,37,0,This Section IS NOT on the NHS,1,Rural,5,Major Collector,2,County Highway Agency,4,County,CR-C39,,99998,Not Reported,40.83953056,40.83953056,-73.595119440,-73.59511944,0,No Special Jurisdiction,42,Tree (Standing Only),0,The First Harmful Event was Not a Collision with a Motor Vehicle in Transport,0,No,1,Non-Junction,1,Not an Intersection,0,None,,,4,On Roadside,3,Dark - Lighted,,,,,1,Clear,0,No,0000000,Not Applicable,3,3:00am-3:59am,37,37,3,3:00am-3:59am,46,46,99,Unknown,99,Unknown EMS Hospital Arrival Time,,,,,,,1,
2023,36,360017,New York,1,1,0,0,0,1,1,59,NASSAU (59),2600,HEMPSTEAD,9,9,1,January,2023,2,Monday,7,7:00am-7:59am,50,50,1,This Section IS ON the NHS,2,Urban,2,Other Freeways and Expressways,1,State Highway Agency,3,State Highway,SR-908T WANTAGH STATE PKWY,,99998,Not Reported,40.69402222,40.69402222,-73.519588890,-73.51958889,0,No Special Jurisdiction,42,Tree (Standing Only),0,The First Harmful Event was Not a Collision with a Motor Vehicle in Transport,0,No,1,Non-Junction,1,Not an Intersection,0,None,,,3,On Median,4,Dawn,,,,,10,Cloudy,0,No,0000000,Not Applicable,7,7:00am-7:59am,53,53,8,8:00am-8:59am,5,5,8,8:00am-8:59am,23,23,,,,,,,1,
2023,36,360018,New York,1,1,0,1,1,1,1,47,KINGS (47),4170,NEW YORK CITY,10,10,1,January,2023,3,Tuesday,7,7:00am-7:59am,20,20,0,This Section IS NOT on the NHS,2,Urban,4,Minor Arterial,4,City or Municipal Highway Agency,0,Not Signed,9TH ST,2ND AVE,99998,Not Reported,40.67263056,40.67263056,-73.993488890,-73.99348889,0,No Special Jurisdiction,9,Pedalcyclist,0,The First Harmful Event was Not a Collision with a Motor Vehicle in Transport,0,No,3,Intersection-Related,2,Four-Way Intersection,0,None,,,1,On Roadway,1,Daylight,,,,,10,Cloudy,0,No,0000000,Not Applicable,7,7:00am-7:59am,21,21,7,7:00am-7:59am,26,26,88,"Not Applicable (Not Transported) ",88,Not Applicable (Not Transported),,,,,,,1,
2023,36,360019,New York,1,1,0,0,0,1,1,1,ALBANY (1),6585,WESTERLO,14,14,1,January,2023,7,Saturday,1,1:00am-1:59am,46,46,0,This Section IS NOT on the NHS,1,Rural,6,Minor Collector,2,County Highway Agency,4,County,CR-1,,99998,Not Reported,42.51886667,42.51886667,-74.066027780,-74.06602778,0,No Special Jurisdiction,42,Tree (Standing Only),0,The First Harmful Event was Not a Collision with a Motor Vehicle in Transport,0,No,1,Non-Junction,1,Not an Intersection,0,None,,,4,On Roadside,2,Dark - Not Lighted,,,,,12,Freezing Rain or Drizzle,0,No,0000000,Not Applicable,1,1:00am-1:59am,46,46,1,1:00am-1:59am,53,53,99,Unknown,99,Unknown EMS Hospital Arrival Time,,,,,,,1,
2023,36,360021,New York,1,1,0,1,1,1,1,61,NEW YORK (61),4170,NEW YORK,15,15,1,January,2023,1,Sunday,19,7:00pm-7:59pm,35,35,1,This Section IS ON the NHS,2,Urban,3,Other Principal Arterial,4,City or Municipal Highway Agency,0,Not Signed,AMSTERDAM AVE,W 96 ST,99998,Not Reported,40.79414444,40.79414444,-73.970238890,-73.97023889,0,No Special Jurisdiction,8,Pedestrian,0,The First Harmful Event was Not a Collision with a Motor Vehicle in Transport,0,No,3,Intersection-Related,2,Four-Way Intersection,0,None,,,1,On Roadway,3,Dark - Lighted,,,,,1,Clear,0,No,0000000,Not Applicable,99,Unknown,99,Unknown,99,Unknown EMS Scene Arrival Hour,99,Unknown EMS Scene Arrival Minutes,99,Unknown,99,Unknown EMS Hospital Arrival Time,,,,,,,1,
2023,36,360022,New York,2,2,0,0,0,2,2,101,STEUBEN (101),420,BATH,18,18,1,January,2023,4,Wednesday,14,2:00pm-2:59pm,18,18,0,This Section IS NOT on the NHS,2,Urban,4,Minor Arterial,1,State Highway Agency,3,State Highway,SR-54 GENEVA ST,,99998,Not Reported,42.34254722,42.34254722,-77.314936110,-77.31493611,0,No Special Jurisdiction,12,Motor Vehicle In-Transport,1,Front-to-Rear,0,No,1,Non-Junction,1,Not an Intersection,0,None,,,1,On Roadway,1,Daylight,,,,,10,Cloudy,0,No,0000000,Not Applicable,14,2:00pm-2:59pm,18,18,14,2:00pm-2:59pm,21,21,14,2:00pm-2:59pm,33,33,,,,,,,1,
2023,36,360023,New York,1,1,0,0,0,1,1,5,BRONX (5),4170,NEW YORK CITY,21,21,1,January,2023,7,Saturday,21,9:00pm-9:59pm,1,1,1,This Section IS ON the NHS,2,Urban,2,Other Freeways and Expressways,1,State Highway Agency,3,State Highway,SR-907H BRONX RIVER PKWY,,99998,Not Reported,40.85178333,40.85178333,-73.871125000,-73.87112500,0,No Special Jurisdiction,38,Fence,0,The First Harmful Event was Not a Collision with a Motor Vehicle in Transport,0,No,1,Non-Junction,1,Not an Intersection,0,None,,,4,On Roadside,3,Dark - Lighted,,,,,1,Clear,0,No,0000000,Not Applicable,99,Unknown,99,Unknown,99,Unknown EMS Scene Arrival Hour,99,Unknown EMS Scene Arrival Minutes,99,Unknown,99,Unknown EMS Hospital Arrival Time,,,,,,,1,
2023,36,360024,New York,1,1,0,1,1,1,1,59,NASSAU (59),1960,FARMINGDALE,21,21,1,January,2023,7,Saturday,20,8:00pm-8:59pm,7,7,0,This Section IS NOT on the NHS,2,Urban,4,Minor Arterial,1,State Highway Agency,3,State Highway,SR-109 FULTON ST,CR-D42 MAIN ST,99998,Not Reported,40.72762222,40.72762222,-73.444655560,-73.44465556,0,No Special Jurisdiction,8,Pedestrian,0,The First Harmful Event was Not a Collision with a Motor Vehicle in Transport,0,No,3,Intersection-Related,2,Four-Way Intersection,0,None,,,1,On Roadway,3,Dark - Lighted,,,,,10,Cloudy,0,No,0000000,Not Applicable,20,8:00pm-8:59pm,8,8,20,8:00pm-8:59pm,9,9,99,Unknown,99,Unknown EMS Hospital Arrival Time,,,,,,,1,
2023,36,360025,New York,2,2,0,0,0,5,5,55,MONROE (55),5230,ROCHESTER,1,1,1,January,2023,1,Sunday,3,3:00am-3:59am,44,44,0,This Section IS NOT on the NHS,2,Urban,7,Local,4,City or Municipal Highway Agency,0,Not Signed,HAZELWOOD TERRACE,DENVER ST,99998,Not Reported,43.16730833,43.16730833,-77.569586110,-77.56958611,0,No Special Jurisdiction,12,Motor Vehicle In-Transport,7,Sideswipe - Same Direction,0,No,3,Intersection-Related,2,Four-Way Intersection,0,None,,,1,On Roadway,3,Dark - Lighted,,,,,10,Cloudy,0,No,0000000,Not Applicable,3,3:00am-3:59am,44,44,3,3:00am-3:59am,47,47,99,Unknown,99,Unknown EMS Hospital Arrival Time,,,,,,,1,
2023,36,360026,New York,1,1,0,0,0,1,1,119,WESTCHESTER (119),6825,YORKTOWN HGTS,3,3,1,January,2023,3,Tuesday,12,12:00pm-12:59pm,7,7,1,This Section IS ON the NHS,2,Urban,2,Other Freeways and Expressways,1,State Highway Agency,3,State Highway,SR-987G TACONIC STATE PKWY,,99998,Not Reported,41.23143889,41.23143889,-73.809988890,-73.80998889,0,No Special Jurisdiction,42,Tree (Standing Only),0,The First Harmful Event was Not a Collision with a Motor Vehicle in Transport,0,No,1,Non-Junction,1,Not an Intersection,0,None,,,4,On Roadside,1,Daylight,,,,,2,Rain,0,No,0000000,Not Applicable,12,12:00pm-12:59pm,11,11,12,12:00pm-12:59pm,24,24,12,12:00pm-12:59pm,59,59,,,,,,,1,
2023,36,360027,New York,1,1,0,0,0,1,1,97,SCHUYLER (97),2592,HECTOR,12,12,1,January,2023,5,Thursday,15,3:00pm-3:59pm,40,40,0,This Section IS NOT on the NHS,1,Rural,4,Minor Arterial,1,State Highway Agency,3,State Highway,SR-79,,99998,Not Reported,42.40201944,42.40201944,-76.857958330,-76.85795833,0,No Special Jurisdiction,32,Culvert,0,The First Harmful Event was Not a Collision with a Motor Vehicle in Transport,0,No,1,Non-Junction,1,Not an Intersection,0,None,,,5,Outside Trafficway,1,Daylight,,,,,2,Rain,0,No,0000000,Not Applicable,99,Unknown,99,Unknown,99,Unknown EMS Scene Arrival Hour,99,Unknown EMS Scene Arrival Minutes,99,Unknown,99,Unknown EMS Hospital Arrival Time,,,,,,,1,
2023,36,360028,New York,1,1,0,1,1,1,1,43,HERKIMER (43),3820,MOHAWK,12,12,1,January,2023,5,Thursday,17,5:00pm-5:59pm,13,13,0,This Section IS NOT on the NHS,1,Rural,4,Minor Arterial,1,State Highway Agency,3,State Highway,SR-28,FERNCLIFF RD,99998,Not Reported,42.97025278,42.97025278,-75.014463890,-75.01446389,0,No Special Jurisdiction,8,Pedestrian,0,The First Harmful Event was Not a Collision with a Motor Vehicle in Transport,0,No,3,Intersection-Related,3,T-Intersection,0,None,,,1,On Roadway,2,Dark - Not Lighted,,,,,10,Cloudy,0,No,0000000,Not Applicable,17,5:00pm-5:59pm,13,13,17,5:00pm-5:59pm,21,21,17,5:00pm-5:59pm,50,50,,,,,,,1,
2023,36,360029,New York,1,1,0,0,0,1,1,17,CHENANGO (17),2466,GUILFORD,16,16,1,January,2023,2,Monday,11,11:00am-11:59am,37,37,0,This Section IS NOT on the NHS,1,Rural,5,Major Collector,2,County Highway Agency,4,County,CR-35,,99998,Not Reported,42.41054722,42.41054722,-75.519827780,-75.51982778,0,No Special Jurisdiction,42,Tree (Standing Only),0,The First Harmful Event was Not a Collision with a Motor Vehicle in Transport,0,No,1,Non-Junction,1,Not an Intersection,0,None,,,5,Outside Trafficway,1,Daylight,,,,,10,Cloudy,0,No,0000000,Not Applicable,11,11:00am-11:59am,42,42,11,11:00am-11:59am,48,48,88,"Not Applicable (Not Transported) ",88,Not Applicable (Not Transported),,,,,,,1,
2023,36,360030,New York,2,2,0,0,0,3,3,87,ROCKLAND (87),4063,NEW CITY,20,20,1,January,2023,6,Friday,11,11:00am-11:59am,48,48,1,This Section IS ON the NHS,2,Urban,3,Other Principal Arterial,1,State Highway Agency,3,State Highway,SR-304,,99998,Not Reported,41.16025556,41.16025556,-73.978105560,-73.97810556,0,No Special Jurisdiction,12,Motor Vehicle In-Transport,2,Front-to-Front,0,No,1,Non-Junction,1,Not an Intersection,0,None,,,1,On Roadway,1,Daylight,,,,,10,Cloudy,0,No,0000000,Not Applicable,11,11:00am-11:59am,48,48,11,11:00am-11:59am,50,50,99,Unknown,99,Unknown EMS Hospital Arrival Time,,,,,,,1,