caseyear,state,st_case,statename,ve_total,ve_forms,pvh_invl,peds,pernotmvit,permvit,persons,county,countyname,city,cityname,day,dayname,month,monthname,year,day_week,day_weekname,hour,hourname,minute,minutename,nhs,nhsname,rur_urb,rur_urbname,func_sys,func_sysname,rd_owner,rd_ownername,route,routename,tway_id,tway_id2,milept,mileptname,latitude,latitudename,longitud,longitudname,sp_jur,sp_jurname,harm_ev,harm_evname,man_coll,man_collname,reljct1,reljct1name,reljct2,reljct2name,typ_int,typ_intname,wrk_zone,wrk_zonename,road_fnc,road_fncname,rel_road,rel_roadname,lgt_cond,lgt_condname,weather1,weather1name,weather2,weather2name,weather,weathername,sch_bus,sch_busname,rail,railname,not_hour,not_hourname,not_min,not_minname,arr_hour,arr_hourname,arr_min,arr_minname,hosp_hr,hosp_hrname,hosp_mn,hosp_mnname,cf1,cf1name,cf2,cf2name,cf3,cf3name,fatals,drunk_dr
2023,36,360180,New York,3,2,1,1,1,2,2,81,QUEENS (81),4170,MIDDLE VILLAGE,26,26,4,April,2023,4,Wednesday,10,10:00am-10:59am,9,9,1,This Section IS ON the NHS,2,Urban,2,Other Freeways and Expressways,1,State Highway Agency,3,State Highway,SR-907M GRAND CENTRAL PKWY,,99998,Not Reported,40.75824444,40.75824444,-73.852766670,-73.85276667,0,No Special Jurisdiction,12,Motor Vehicle In-Transport,6,Angle,0,No,1,Non-Junction,1,Not an Intersection,0,None,,,1,On Roadway,1,Daylight,,,,,1,Clear,0,No,0000000,Not Applicable,10,10:00am-10:59am,10,10,10,10:00am-10:59am,15,15,10,10:00am-10:59am,40,40,,,,,,,1,
2023,36,360181,New York,1,1,0,0,0,1,1,119,WESTCHESTER (119),6820,YONKERS,24,24,4,April,2023,2,Monday,14,2:00pm-2:59pm,8,8,1,This Section IS ON the NHS,2,Urban,2,Other Freeways and Expressways,1,State Highway Agency,3,State Highway,SR-907H,,99998,Not Reported,40.91173333,40.91173333,-73.852197220,-73.85219722,0,No Special Jurisdiction,25,Concrete Traffic Barrier,0,The First Harmful Event was Not a Collision with a Motor Vehicle in Transport,0,No,1,Non-Junction,1,Not an Intersection,0,None,,,3,On Median,1,Daylight,,,,,1,Clear,0,No,0000000,Not Applicable,14,2:00pm-2:59pm,15,15,99,Unknown EMS Scene Arrival Hour,99,Unknown EMS Scene Arrival Minutes,99,Unknown,99,Unknown EMS Hospital Arrival Time,,,,,,,1,
2023,36,360182,New York,1,1,0,1,1,1,1,27,DUTCHESS (27),2870,HYDE PARK,8,8,4,April,2023,7,Saturday,12,12:00pm-12:59pm,0,0,0,This Section IS NOT on the NHS,2,Urban,5,Major Collector,1,State Highway Agency,3,State Highway,SR-9G VIOLET AVE,,99998,Not Reported,41.73838611,41.73838611,-73.909530560,-73.90953056,0,No Special Jurisdiction,8,Pedestrian,0,The First Harmful Event was Not a Collision with a Motor Vehicle in Transport,0,No,1,Non-Junction,1,Not an Intersection,0,None,,,1,On Roadway,1,Daylight,,,,,1,Clear,0,No,0000000,Not Applicable,12,12:00pm-12:59pm,3,3,12,12:00pm-12:59pm,5,5,12,12:00pm-12:59pm,14,14,,,,,,,1,
2023,36,360183,New York,3,3,0,0,0,4,4,109,TOMPKINS (109),2940,ITHACA,12,12,4,April,2023,4,Wednesday,19,7:00pm-7:59pm,40,40,1,This Section IS ON the NHS,2,Urban,2,Other Freeways and Expressways,1,State Highway Agency,3,State Highway,SR-13 ELMIRA RD,,99998,Not Reported,42.40655556,42.40655556,-76.544711110,-76.54471111,0,No Special Jurisdiction,12,Motor Vehicle In-Transport,7,Sideswipe - Same Direction,0,No,1,Non-Junction,1,Not an Intersection,0,None,,,2,On Shoulder,5,Dusk,,,,,10,Cloudy,0,No,0000000,Not Applicable,19,7:00pm-7:59pm,47,47,19,7:00pm-7:59pm,50,50,99,Unknown,99,Unknown EMS Hospital Arrival Time,,,,,,,1,
2023,36,360184,New York,2,2,0,0,0,3,3,75,OSWEGO (75),4085,NEW HAVEN,22,22,3,March,2023,4,Wednesday,6,6:00am-6:59am,39,39,0,This Section IS NOT on the NHS,1,Rural,6,Minor Collector,2,County Highway Agency,4,County,CR-1,CR-6,99998,Not Reported,43.50189722,43.50189722,-76.316833330,-76.31683333,0,No Special Jurisdiction,12,Motor Vehicle In-Transport,6,Angle,0,No,2,Intersection,2,Four-Way Intersection,0,None,,,1,On Roadway,4,Dawn,,,,,1,Clear,1,Yes,0000000,Not Applicable,6,6:00am-6:59am,39,39,6,6:00am-6:59am,52,52,99,Unknown,99,Unknown EMS Hospital Arrival Time,,,,,,,1,
2023,36,360185,New York,1,1,0,0,0,2,2,77,OTSEGO (77),2270,GILBERTSVILLE,31,31,3,March,2023,6,Friday,21,9:00pm-9:59pm,41,41,0,This Section IS NOT on the NHS,1,Rural,5,Major Collector,1,State Highway Agency,3,State Highway,SR-51,,99998,Not Reported,42.42319167,42.42319167,-75.369622220,-75.36962222,0,No Special Jurisdiction,35,Embankment,0,The First Harmful Event was Not a Collision with a Motor Vehicle in Transport,0,No,1,Non-Junction,1,Not an Intersection,0,None,,,4,On Roadside,2,Dark - Not Lighted,,,,,2,Rain,0,No,0000000,Not Applicable,21,9:00pm-9:59pm,44,44,21,9:00pm-9:59pm,59,59,88,"Not Applicable (Not Transported) ",88,Not Applicable (Not Transported),,,,,,,2,
2023,36,360186,New York,1,1,0,1,1,1,1,55,MONROE (55),5230,ROCHESTER,1,1,4,April,2023,7,Saturday,5,5:00am-5:59am,47,47,1,This Section IS ON the NHS,2,Urban,3,Other Principal Arterial,1,State Highway Agency,3,State Highway,SR-940K,,99998,Not Reported,43.16667500,43.16667500,-77.659497220,-77.65949722,0,No Special Jurisdiction,8,Pedestrian,0,The First Harmful Event was Not a Collision with a Motor Vehicle in Transport,0,No,1,Non-Junction,1,Not an Intersection,0,None,,,1,On Roadway,3,Dark - Lighted,,,,,2,Rain,0,No,0000000,Not Applicable,99,Unknown,99,Unknown,99,Unknown EMS Scene Arrival Hour,99,Unknown EMS Scene Arrival Minutes,88,"Not Applicable (Not Transported) ",88,Not Applicable (Not Transported),,,,,,,1,
2023,36,360187,New York,2,2,0,0,0,4,4,93,SCHENECTADY (93),4225,NISKAYUNA,22,22,4,April,2023,7,Saturday,15,3:00pm-3:59pm,35,35,1,This Section IS ON the NHS,2,Urban,3,Other Principal Arterial,1,State Highway Agency,3,State Highway,SR-7 TROY SCHENECTADY RD,,99998,Not Reported,42.79259722,42.79259722,-73.875191670,-73.87519167,0,No Special Jurisdiction,12,Motor Vehicle In-Transport,2,Front-to-Front,0,No,1,Non-Junction,1,Not an Intersection,0,None,,,1,On Roadway,1,Daylight,,,,,10,Cloudy,0,No,0000000,Not Applicable,15,3:00pm-3:59pm,35,35,15,3:00pm-3:59pm,39,39,99,Unknown,99,Unknown EMS Hospital Arrival Time,,,,,,,1,
2023,36,360188,New York,1,1,0,1,1,1,1,81,QUEENS (81),4170,MIDDLE VILLAGE,28,28,4,April,2023,6,Friday,4,4:00am-4:59am,39,39,1,This Section IS ON the NHS,2,Urban,3,Other Principal Arterial,4,City or Municipal Highway Agency,0,Not Signed,"JACKSON AVE ",50TH AVE,99998,Not Reported,40.74256944,40.74256944,-73.952672220,-73.95267222,0,No Special Jurisdiction,8,Pedestrian,0,The First Harmful Event was Not a Collision with a Motor Vehicle in Transport,0,No,3,Intersection-Related,2,Four-Way Intersection,0,None,,,1,On Roadway,3,Dark - Lighted,,,,,10,Cloudy,0,No,0000000,Not Applicable,99,Unknown,99,Unknown,99,Unknown EMS Scene Arrival Hour,99,Unknown EMS Scene Arrival Minutes,99,Unknown,99,Unknown EMS Hospital Arrival Time,,,,,,,1,
2023,36,360189,New York,2,1,1,1,1,1,1,55,MONROE (55),5230,ROCHESTER,25,25,4,April,2023,3,Tuesday,3,3:00am-3:59am,32,32,1,This Section IS ON the NHS,2,Urban,3,Other Principal Arterial,4,City or Municipal Highway Agency,0,Not Signed,E MAIN ST,,99998,Not Reported,43.15887778,43.15887778,-77.598336110,-77.59833611,0,No Special Jurisdiction,14,Parked Motor Vehicle,0,The First Harmful Event was Not a Collision with a Motor Vehicle in Transport,0,No,1,Non-Junction,1,Not an Intersection,0,None,,,7,In Parking Lane/Zone,3,Dark - Lighted,,,,,1,Clear,0,No,0000000,Not Applicable,3,3:00am-3:59am,48,48,4,4:00am-4:59am,2,2,4,4:00am-4:59am,23,23,,,,,,,1,
2023,36,360190,New York,2,1,1,0,0,1,1,59,NASSAU (59),2600,HEMPSTEAD,28,28,4,April,2023,6,Friday,16,4:00pm-4:59pm,13,13,0,This Section IS NOT on the NHS,2,Urban,7,Local,3,Town or Township Highway Agency,0,Not Signed,WEBSTER AVE,,99998,Not Reported,40.70650833,40.70650833,-73.593633330,-73.59363333,0,No Special Jurisdiction,14,Parked Motor Vehicle,0,The First Harmful Event was Not a Collision with a Motor Vehicle in Transport,0,No,1,Non-Junction,1,Not an Intersection,0,None,,,7,In Parking Lane/Zone,1,Daylight,,,,,10,Cloudy,0,No,0000000,Not Applicable,16,4:00pm-4:59pm,16,16,16,4:00pm-4:59pm,18,18,16,4:00pm-4:59pm,45,45,,,,,,,1,
2023,36,360191,New York,3,2,1,0,0,2,2,61,NEW YORK (61),4170,NEW YORK,1,1,5,May,2023,2,Monday,22,10:00pm-10:59pm,4,4,1,This Section IS ON the NHS,2,Urban,3,Other Principal Arterial,4,City or Municipal Highway Agency,0,Not Signed,FREDERICK DOUGLAS BLVD,HARLEM RIVER DR,99998,Not Reported,40.83098889,40.83098889,-73.935811110,-73.93581111,0,No Special Jurisdiction,12,Motor Vehicle In-Transport,6,Angle,0,No,2,Intersection,3,T-Intersection,0,None,,,1,On Roadway,3,Dark - Lighted,,,,,10,Cloudy,0,No,0000000,Not Applicable,99,Unknown,99,Unknown,99,Unknown EMS Scene Arrival Hour,99,Unknown EMS Scene Arrival Minutes,99,Unknown,99,Unknown EMS Hospital Arrival Time,,,,,,,1,
2023,36,360192,New York,1,1,0,1,1,1,1,29,ERIE (29),2485,HAMBURG,4,4,4,April,2023,3,Tuesday,20,8:00pm-8:59pm,39,39,0,This Section IS NOT on the NHS,2,Urban,4,Minor Arterial,2,County Highway Agency,4,County,CR-200 LAKE AVE,,99998,Not Reported,42.79709444,42.79709444,-78.819813890,-78.81981389,0,No Special Jurisdiction,8,Pedestrian,0,The First Harmful Event was Not a Collision with a Motor Vehicle in Transport,0,No,1,Non-Junction,1,Not an Intersection,0,None,,,1,On Roadway,3,Dark - Lighted,,,,,10,Cloudy,0,No,0000000,Not Applicable,20,8:00pm-8:59pm,40,40,20,8:00pm-8:59pm,43,43,88,"Not Applicable (Not Transported) ",88,Not Applicable (Not Transported),,,,,,,1,
2023,36,360193,New York,2,2,0,0,0,3,3,119,WESTCHESTER (119),6820,YONKERS,9,9,4,April,2023,1,Sunday,4,4:00am-4:59am,48,48,1,This Section IS ON the NHS,2,Urban,1,Interstate,1,State Highway Agency,1,Interstate,I-87,,99998,Not Reported,40.91876111,40.91876111,-73.868933330,-73.86893333,0,No Special Jurisdiction,12,Motor Vehicle In-Transport,2,Front-to-Front,0,No,1,Non-Junction,1,Not an Intersection,0,None,,,1,On Roadway,3,Dark - Lighted,,,,,1,Clear,0,No,0000000,Not Applicable,4,4:00am-4:59am,52,52,5,5:00am-5:59am,14,14,5,5:00am-5:59am,32,32,,,,,,,1,
2023,36,360194,New York,1,1,0,0,0,1,1,69,ONTARIO (69),2260,GENEVA,26,26,4,April,2023,4,Wednesday,16,4:00pm-4:59pm,11,11,0,This Section IS NOT on the NHS,2,Urban,4,Minor Arterial,4,City or Municipal Highway Agency,0,Not Signed,N MAIN ST,,99998,Not Reported,42.87122222,42.87122222,-76.986852780,-76.98685278,0,No Special Jurisdiction,33,Curb,0,The First Harmful Event was Not a Collision with a Motor Vehicle in Transport,0,No,1,Non-Junction,1,Not an Intersection,0,None,,,3,On Median,1,Daylight,,,,,10,Cloudy,0,No,0000000,Not Applicable,16,4:00pm-4:59pm,11,11,16,4:00pm-4:59pm,17,17,88,"Not Applicable (Not Transported) ",88,Not Applicable (Not Transported),,,,,,,1,
2023,36,360195,New York,1,1,0,1,1,2,2,81,QUEENS (81),4170,MIDDLE VILLAGE,28,28,4,April,2023,6,Friday,20,8:00pm-8:59pm,48,48,0,This Section IS NOT on the NHS,2,Urban,7,Local,4,City or Municipal Highway Agency,0,Not Signed,41 AVE,147 ST,99998,Not Reported,40.76150833,40.76150833,-73.817908330,-73.81790833,0,No Special Jurisdiction,8,Pedestrian,0,The First Harmful Event was Not a Collision with a Motor Vehicle in Transport,0,No,3,Intersection-Related,2,Four-Way Intersection,0,None,,,1,On Roadway,3,Dark - Lighted,,,,,2,Rain,0,No,0000000,Not Applicable,99,Unknown,99,Unknown,99,Unknown EMS Scene Arrival Hour,99,Unknown EMS Scene Arrival Minutes,99,Unknown,99,Unknown EMS Hospital Arrival Time,,,,,,,1,
2023,36,360196,New York,1,1,0,1,1,1,1,47,KINGS (47),4170,NEW YORK CITY,1,1,5,May,2023,2,Monday,11,11:00am-11:59am,32,32,0,This Section IS NOT on the NHS,2,Urban,4,Minor Arterial,4,City or Municipal Highway Agency,0,Not Signed,FRANKLIN AVE,LEXINGTON AVE,99998,Not Reported,40.68701667,40.68701667,-73.956877780,-73.95687778,0,No Special Jurisdiction,9,Pedalcyclist,0,The First Harmful Event was Not a Collision with a Motor Vehicle in Transport,0,No,2,Intersection,2,Four-Way Intersection,0,None,,,1,On Roadway,1,Daylight,,,,,1,Clear,0,No,0000000,Not Applicable,11,11:00am-11:59am,32,32,11,11:00am-11:59am,52,52,99,Unknown,99,Unknown EMS Hospital Arrival Time,,,,,,,1,
2023,36,360197,New York,1,1,0,0,0,1,1,99,SENECA (99),5630,SENECA FALLS,19,19,4,April,2023,4,Wednesday,5,5:00am-5:59am,15,15,0,This Section IS NOT on the NHS,2,Urban,5,Major Collector,1,State Highway Agency,3,State Highway,SR-89,,99998,Not Reported,42.89746389,42.89746389,-76.753988890,-76.75398889,0,No Special Jurisdiction,1,Rollover/Overturn,0,The First Harmful Event was Not a Collision with a Motor Vehicle in Transport,0,No,1,Non-Junction,1,Not an Intersection,0,None,,,4,On Roadside,2,Dark - Not Lighted,,,,,1,Clear,0,No,0000000,Not Applicable,5,5:00am-5:59am,15,15,5,5:00am-5:59am,26,26,88,"Not Applicable (Not Transported) ",88,Not Applicable (Not Transported),,,,,,,1,
2023,36,360198,New York,1,1,0,0,0,2,2,49,LEWIS (49),3567,MARTINSBURG,22,22,4,April,2023,7,Saturday,11,11:00am-11:59am,50,50,0,This Section IS NOT on the NHS,1,Rural,7,Local,3,Town or Township Highway Agency,0,Not Signed,SWERNICKI RD,,99998,Not Reported,43.75369167,43.75369167,-75.536500000,-75.53650000,0,No Special Jurisdiction,30,Utility Pole/Light Support,0,The First Harmful Event was Not a Collision with a Motor Vehicle in Transport,0,No,1,Non-Junction,1,Not an Intersection,0,None,,,4,On Roadside,1,Daylight,,,,,1,Clear,0,No,0000000,Not Applicable,11,11:00am-11:59am,50,50,12,12:00pm-12:59pm,4,4,12,12:00pm-12:59pm,24,24,,,,,,,1,
2023,36,360199,New York,1,1,0,0,0,5,5,75,OSWEGO (75),5174,RICHLAND,22,22,4,April,2023,7,Saturday,21,9:00pm-9:59pm,7,7,0,This Section IS NOT on the NHS,1,Rural,7,Local,2,County Highway Agency,4,County,CR-2 RICHLAND RD,,99998,Not Reported,43.56982500,43.56982500,-76.075097220,-76.07509722,0,No Special Jurisdiction,42,Tree (Standing Only),0,The First Harmful Event was Not a Collision with a Motor Vehicle in Transport,0,No,1,Non-Junction,1,Not an Intersection,0,None,,,4,On Roadside,2,Dark - Not Lighted,,,,,2,Rain,0,No,0000000,Not Applicable,21,9:00pm-9:59pm,7,7,21,9:00pm-9:59pm,16,16,22,10:00pm-10:59pm,7,7,,,,,,,1,
2023,36,360200,New York,1,1,0,0,0,1,1,69,ONTARIO (69),666,BRISTOL,28,28,4,April,2023,6,Friday,10,10:00am-10:59am,38,38,0,This Section IS NOT on the NHS,1,Rural,7,Local,3,Town or Township Highway Agency,0,Not Signed,TILTON RD,,99998,Not Reported,42.83555000,42.83555000,-77.449205560,-77.44920556,0,No Special Jurisdiction,42,Tree (Standing Only),0,The First Harmful Event was Not a Collision with a Motor Vehicle in Transport,0,No,1,Non-Junction,1,Not an Intersection,0,None,,,4,On Roadside,1,Daylight,,,,,10,Cloudy,0,No,0000000,Not Applicable,10,10:00am-10:59am,49,49,10,10:00am-10:59am,49,49,99,Unknown,99,Unknown EMS Hospital Arrival Time,,,,,,,1,
2023,36,360201,New York,1,1,0,0,0,2,2,45,JEFFERSON (45),1077,CHAMPION,4,4,5,May,2023,5,Thursday,21,9:00pm-9:59pm,53,53,1,This Section IS ON the NHS,2,Urban,3,Other Principal Arterial,1,State Highway Agency,3,State Highway,SR-26,,99998,Not Reported,43.98625278,43.98625278,-75.642166670,-75.64216667,0,No Special Jurisdiction,42,Tree (Standing Only),0,The First Harmful Event was Not a Collision with a Motor Vehicle in Transport,0,No,1,Non-Junction,1,Not an Intersection,0,None,,,4,On Roadside,5,Dusk,,,,,1,Clear,0,No,0000000,Not Applicable,21,9:00pm-9:59pm,53,53,21,9:00pm-9:59pm,57,57,99,Unknown,99,Unknown EMS Hospital Arrival Time,,,,,,,1,
2023,36,360202,New York,1,1,0,0,0,4,4,47,KINGS (47),4170,NEW YORK CITY,7,7,5,May,2023,1,Sunday,7,7:00am-7:59am,46,46,0,This Section IS NOT on the NHS,2,Urban,4,Minor Arterial,4,City or Municipal Highway Agency,0,Not Signed,SHORE RD,,99998,Not Reported,40.61779444,40.61779444,-74.039197220,-74.03919722,0,No Special Jurisdiction,42,Tree (Standing Only),0,The First Harmful Event was Not a Collision with a Motor Vehicle in Transport,0,No,1,Non-Junction,1,Not an Intersection,0,None,,,4,On Roadside,4,Dawn,,,,,1,Clear,0,No,0000000,Not Applicable,7,7:00am-7:59am,46,46,7,7:00am-7:59am,50,50,88,"Not Applicable (Not Transported) ",88,Not Applicable (Not Transported),,,,,,,3,
2023,36,360204,New York,1,1,0,1,1,1,1,15,CHEMUNG (15),1850,ELMIRA,16,16,4,April,2023,1,Sunday,2,2:00am-2:59am,2,2,1,This Section IS ON the NHS,2,Urban,3,Other Principal Arterial,1,State Highway Agency,3,State Highway,SR-14,E 5TH ST,99998,Not Reported,42.09705278,42.09705278,-76.807391670,-76.80739167,0,No Special Jurisdiction,8,Pedestrian,0,The First Harmful Event was Not a Collision with a Motor Vehicle in Transport,0,No,3,Intersection-Related,2,Four-Way Intersection,0,None,,,1,On Roadway,3,Dark - Lighted,,,,,1,Clear,0,No,0000000,Not Applicable,2,2:00am-2:59am,2,2,2,2:00am-2:59am,7,7,2,2:00am-2:59am,29,29,,,,,,,1,
2023,36,360205,New York,2,2,0,0,0,2,2,27,DUTCHESS (27),6266,VERBANK,25,25,4,April,2023,3,Tuesday,10,10:00am-10:59am,54,54,0,This Section IS NOT on the NHS,1,Rural,5,Major Collector,1,State Highway Agency,3,State Highway,SR-82,CR-90 CAMBY RD,99998,Not Reported,41.73273056,41.73273056,-73.715063890,-73.71506389,0,No Special Jurisdiction,12,Motor Vehicle In-Transport,6,Angle,0,No,2,Intersection,2,Four-Way Intersection,0,None,,,1,On Roadway,1,Daylight,,,,,10,Cloudy,0,No,0000000,Not Applicable,10,10:00am-10:59am,53,53,11,11:00am-11:59am,5,5,11,11:00am-11:59am,57,57,,,,,,,1,
2023,36,360206,New York,2,2,0,0,0,3,3,27,DUTCHESS (27),6379,WAPPINSER,30,30,4,April,2023,1,Sunday,20,8:00pm-8:59pm,20,20,1,This Section IS ON the NHS,2,Urban,3,Other Principal Arterial,1,State Highway Agency,3,State Highway,SR-9D,,99998,Not Reported,41.57823611,41.57823611,-73.931894440,-73.93189444,0,No Special Jurisdiction,12,Motor Vehicle In-Transport,2,Front-to-Front,0,No,1,Non-Junction,1,Not an Intersection,0,None,,,1,On Roadway,3,Dark - Lighted,,,,,2,Rain,0,No,0000000,Not Applicable,20,8:00pm-8:59pm,21,21,20,8:00pm-8:59pm,23,23,20,8:00pm-8:59pm,52,52,,,,,,,1,
2023,36,360208,New York,3,3,0,0,0,7,7,59,NASSAU (59),4600,OYSTER BAY,3,3,5,May,2023,4,Wednesday,22,10:00pm-10:59pm,18,18,1,This Section IS ON the NHS,2,Urban,3,Other Principal Arterial,1,State Highway Agency,3,State Highway,SR-106 N BROADWAY,,99998,Not Reported,40.78857500,40.78857500,-73.535644440,-73.53564444,0,No Special Jurisdiction,12,Motor Vehicle In-Transport,2,Front-to-Front,0,No,1,Non-Junction,1,Not an Intersection,0,None,,,1,On Roadway,3,Dark - Lighted,,,,,1,Clear,0,No,0000000,Not Applicable,22,10:00pm-10:59pm,21,21,22,10:00pm-10:59pm,25,25,99,Unknown,99,Unknown EMS Hospital Arrival Time,,,,,,,2,
2023,36,360209,New York,2,1,1,0,0,3,3,5,BRONX (5),4170,NEW YORK CITY,10,10,5,May,2023,4,Wednesday,23,11:00pm-11:59pm,22,22,0,This Section IS NOT on the NHS,2,Urban,7,Local,4,City or Municipal Highway Agency,0,Not Signed,DRAKE ST,,99998,Not Reported,40.81416111,40.81416111,-73.882638890,-73.88263889,0,No Special Jurisdiction,40,Fire Hydrant,0,The First Harmful Event was Not a Collision with a Motor Vehicle in Transport,0,No,1,Non-Junction,1,Not an Intersection,0,None,,,4,On Roadside,3,Dark - Lighted,,,,,1,Clear,0,No,0000000,Not Applicable,99,Unknown,99,Unknown,99,Unknown EMS Scene Arrival Hour,99,Unknown EMS Scene Arrival Minutes,99,Unknown,99,Unknown EMS Hospital Arrival Time,,,,,,,1,
2023,36,360210,New York,3,3,0,0,0,4,4,65,ONEIDA (65),6270,VERNON,26,26,4,April,2023,4,Wednesday,16,4:00pm-4:59pm,48,48,1,This Section IS ON the NHS,2,Urban,3,Other Principal Arterial,1,State Highway Agency,3,State Highway,SR-5,,99998,Not Reported,43.07297222,43.07297222,-75.478911110,-75.47891111,0,No Special Jurisdiction,12,Motor Vehicle In-Transport,2,Front-to-Front,0,No,1,Non-Junction,1,Not an Intersection,0,None,,,1,On Roadway,1,Daylight,,,,,1,Clear,0,No,0000000,Not Applicable,16,4:00pm-4:59pm,48,48,16,4:00pm-4:59pm,53,53,99,Unknown,99,Unknown EMS Hospital Arrival Time,,,,,,,1,
2023,36,360211,New York,2,2,0,0,0,3,3,1,ALBANY (1),2464,GUILDERLAND,18,18,4,April,2023,3,Tuesday,23,11:00pm-11:59pm,4,4,1,This Section IS ON the NHS,2,Urban,3,Other Principal Arterial,1,State Highway Agency,2,U.S. Highway,US-20 WESTERN AVE,,99998,Not Reported,42.72548611,42.72548611,-73.959886110,-73.95988611,0,No Special Jurisdiction,12,Motor Vehicle In-Transport,2,Front-to-Front,0,No,1,Non-Junction,1,Not an Intersection,0,None,,,1,On Roadway,2,Dark - Not Lighted,,,,,1,Clear,0,No,0000000,Not Applicable,23,11:00pm-11:59pm,5,5,23,11:00pm-11:59pm,5,5,99,Unknown,99,Unknown EMS Hospital Arrival Time,,,,,,,1,
2023,36,360212,New York,1,1,0,0,0,4,4,69,ONTARIO (69),3490,MANCHESTER,29,29,4,April,2023,7,Saturday,1,1:00am-1:59am,17,17,1,This Section IS ON the NHS,1,Rural,1,Interstate,1,State Highway Agency,1,Interstate,I-90,,99998,Not Reported,42.97367222,42.97367222,-77.134566670,-77.13456667,0,No Special Jurisdiction,52,Guardrail End,0,The First Harmful Event was Not a Collision with a Motor Vehicle in Transport,0,No,1,Non-Junction,1,Not an Intersection,0,None,,,4,On Roadside,2,Dark - Not Lighted,,,,,10,Cloudy,0,No,0000000,Not Applicable,1,1:00am-1:59am,29,29,1,1:00am-1:59am,41,41,99,Unknown,99,Unknown EMS Hospital Arrival Time,,,,,,,2,
2023,36,360213,New York,2,1,1,0,1,4,5,15,CHEMUNG (15),535,BIG FLATS,23,23,4,April,2023,1,Sunday,18,6:00pm-6:59pm,44,44,1,This Section IS ON the NHS,2,Urban,1,Interstate,1,State Highway Agency,1,Interstate,I-86,,99998,Not Reported,42.14881389,42.14881389,-76.914925000,-76.91492500,0,No Special Jurisdiction,14,Parked Motor Vehicle,0,The First Harmful Event was Not a Collision with a Motor Vehicle in Transport,0,No,1,Non-Junction,1,Not an Intersection,0,None,,,2,On Shoulder,1,Daylight,,,,,10,Cloudy,0,No,0000000,Not Applicable,99,Unknown,99,Unknown,99,Unknown EMS Scene Arrival Hour,99,Unknown EMS Scene Arrival Minutes,99,Unknown,99,Unknown EMS Hospital Arrival Time,,,,,,,2,
2023,36,360214,New York,1,1,0,0,0,1,1,23,CORTLAND (23),3530,MARATHON,2,2,5,May,2023,3,Tuesday,12,12:00pm-12:59pm,43,43,1,This Section IS ON the NHS,1,Rural,1,Interstate,1,State Highway Agency,1,Interstate,I-81,,99998,Not Reported,42.44921111,42.44921111,-76.037041670,-76.03704167,0,No Special Jurisdiction,34,Ditch,0,The First Harmful Event was Not a Collision with a Motor Vehicle in Transport,0,No,1,Non-Junction,1,Not an Intersection,0,None,,,4,On Roadside,1,Daylight,,,,,10,Cloudy,0,No,0000000,Not Applicable,12,12:00pm-12:59pm,43,43,12,12:00pm-12:59pm,50,50,13,1:00pm-1:59pm,30,30,,,,,,,1,
2023,36,360215,New York,1,1,0,0,0,1,1,87,ROCKLAND (87),5980,STONY POINT,24,24,2,February,2023,6,Friday,16,4:00pm-4:59pm,8,8,1,This Section IS ON the NHS,2,Urban,2,Other Freeways and Expressways,11,"State Park, Forest, or Reservation Agency",3,State Highway,SR-987C PALISADES INTRST PKWY,,99998,Not Reported,41.25500278,41.25500278,-74.044230560,-74.04423056,0,No Special Jurisdiction,33,Curb,0,The First Harmful Event was Not a Collision with a Motor Vehicle in Transport,0,No,1,Non-Junction,1,Not an Intersection,0,None,,,4,On Roadside,1,Daylight,,,,,1,Clear,0,No,0000000,Not Applicable,16,4:00pm-4:59pm,11,11,16,4:00pm-4:59pm,26,26,88,"Not Applicable (Not Transported) ",88,Not Applicable (Not Transported),,,,,,,1,
2023,36,360216,New York,1,1,0,0,0,1,1,29,ERIE (29),1770,EDEN,3,3,5,May,2023,4,Wednesday,16,4:00pm-4:59pm,21,21,0,This Section IS NOT on the NHS,1,Rural,5,Major Collector,1,State Highway Agency,3,State Highway,SR-75 SISSION HWY,,99998,Not Reported,42.61998889,42.61998889,-78.840441670,-78.84044167,0,No Special Jurisdiction,53,Mail Box,0,The First Harmful Event was Not a Collision with a Motor Vehicle in Transport,0,No,1,Non-Junction,1,Not an Intersection,0,None,,,4,On Roadside,1,Daylight,,,,,10,Cloudy,0,No,0000000,Not Applicable,16,4:00pm-4:59pm,21,21,16,4:00pm-4:59pm,30,30,99,Unknown,99,Unknown EMS Hospital Arrival Time,,,,,,,1,
2023,36,360217,New York,1,1,0,0,0,2,2,83,RENSSELAER (83),1648,EAST GREENBUSH,7,7,5,May,2023,1,Sunday,19,7:00pm-7:59pm,30,30,1,This Section IS ON the NHS,2,Urban,3,Other Principal Arterial,1,State Highway Agency,2,U.S. Highway,US-9/20,WORTHMAN LN,99998,Not Reported,42.60770556,42.60770556,-73.723691670,-73.72369167,0,No Special Jurisdiction,33,Curb,0,The First Harmful Event was Not a Collision with a Motor Vehicle in Transport,0,No,3,Intersection-Related,3,T-Intersection,0,None,,,4,On Roadside,1,Daylight,,,,,1,Clear,0,No,0000000,Not Applicable,19,7:00pm-7:59pm,30,30,19,7:00pm-7:59pm,42,42,99,Unknown,99,Unknown EMS Hospital Arrival Time,,,,,,,1,
2023,36,360218,New York,1,1,0,0,0,1,1,103,SUFFOLK (103),5810,SOUTHAMPTON,8,8,5,May,2023,2,Monday,18,6:00pm-6:59pm,24,24,0,This Section IS NOT on the NHS,2,Urban,7,Local,3,Town or Township Highway Agency,0,Not Signed,SOUTH BAY AVE,,99998,Not Reported,40.82340833,40.82340833,-72.719644440,-72.71964444,0,No Special Jurisdiction,10,Railway Vehicle,0,The First Harmful Event was Not a Collision with a Motor Vehicle in Transport,0,No,6,"Railway Grade Crossing ",1,Not an Intersection,0,None,,,1,On Roadway,1,Daylight,,,,,1,Clear,0,No,9999999,Unknown,18,6:00pm-6:59pm,99,Unknown,18,6:00pm-6:59pm,31,31,88,"Not Applicable (Not Transported) ",88,Not Applicable (Not Transported),,,,,,,1,