caseyear,state,st_case,statename,ve_total,ve_forms,pvh_invl,peds,pernotmvit,permvit,persons,county,countyname,city,cityname,day,dayname,month,monthname,year,day_week,day_weekname,hour,hourname,minute,minutename,nhs,nhsname,rur_urb,rur_urbname,func_sys,func_sysname,rd_owner,rd_ownername,route,routename,tway_id,tway_id2,milept,mileptname,latitude,latitudename,longitud,longitudname,sp_jur,sp_jurname,harm_ev,harm_evname,man_coll,man_collname,reljct1,reljct1name,reljct2,reljct2name,typ_int,typ_intname,wrk_zone,wrk_zonename,road_fnc,road_fncname,rel_road,rel_roadname,lgt_cond,lgt_condname,weather1,weather1name,weather2,weather2name,weather,weathername,sch_bus,sch_busname,rail,railname,not_hour,not_hourname,not_min,not_minname,arr_hour,arr_hourname,arr_min,arr_minname,hosp_hr,hosp_hrname,hosp_mn,hosp_mnname,cf1,cf1name,cf2,cf2name,cf3,cf3name,fatals,drunk_dr
2023,36,360257,New York,4,2,2,0,0,3,3,81,QUEENS (81),4170,MIDDLE VILLAGE,5,5,6,June,2023,2,Monday,4,4:00am-4:59am,24,24,0,This Section IS NOT on the NHS,2,Urban,7,Local,4,City or Municipal Highway Agency,0,Not Signed,117TH ST,111TH AVE,0,None,40.68005833,40.68005833,-73.823052780,-73.82305278,0,No Special Jurisdiction,12,Motor Vehicle In-Transport,6,Angle,0,No,2,Intersection,2,Four-Way Intersection,0,None,,,1,On Roadway,3,Dark - Lighted,,,,,1,Clear,0,No,0000000,Not Applicable,99,Unknown,99,Unknown,99,Unknown EMS Scene Arrival Hour,99,Unknown EMS Scene Arrival Minutes,99,Unknown,99,Unknown EMS Hospital Arrival Time,,,,,,,2,
2023,36,360258,New York,1,1,0,0,0,2,2,119,WESTCHESTER (119),4120,NEW ROCHELLE,20,20,5,May,2023,7,Saturday,5,5:00am-5:59am,17,17,1,This Section IS ON the NHS,2,Urban,1,Interstate,1,State Highway Agency,1,Interstate,I-95,,99998,Not Reported,40.92663333,40.92663333,-73.770608330,-73.77060833,0,No Special Jurisdiction,25,Concrete Traffic Barrier,0,The First Harmful Event was Not a Collision with a Motor Vehicle in Transport,0,No,1,Non-Junction,1,Not an Intersection,0,None,,,4,On Roadside,3,Dark - Lighted,,,,,2,Rain,0,No,0000000,Not Applicable,5,5:00am-5:59am,18,18,6,6:00am-6:59am,2,2,99,Unknown,99,Unknown EMS Hospital Arrival Time,,,,,,,1,
2023,36,360259,New York,2,2,0,0,0,2,2,59,NASSAU (59),4090,NEW HYDE PARK,2,2,6,June,2023,6,Friday,18,6:00pm-6:59pm,59,59,1,This Section IS ON the NHS,2,Urban,3,Other Principal Arterial,1,State Highway Agency,3,State Highway,SR-25B,,99998,Not Reported,40.74285833,40.74285833,-73.694097220,-73.69409722,0,No Special Jurisdiction,12,Motor Vehicle In-Transport,6,Angle,0,No,8,Driveway Access Related,1,Not an Intersection,0,None,,,1,On Roadway,1,Daylight,,,,,2,Rain,0,No,0000000,Not Applicable,18,6:00pm-6:59pm,59,59,18,6:00pm-6:59pm,59,59,19,7:00pm-7:59pm,20,20,,,,,,,1,
2023,36,360260,New York,2,2,0,0,0,2,2,83,RENSSELAER (83),2779,HOOSICK,29,29,5,May,2023,2,Monday,20,8:00pm-8:59pm,7,7,0,This Section IS NOT on the NHS,1,Rural,4,Minor Arterial,1,State Highway Agency,3,State Highway,SR-22,,99998,Not Reported,42.91589167,42.91589167,-73.351577780,-73.35157778,0,No Special Jurisdiction,12,Motor Vehicle In-Transport,6,Angle,0,No,8,Driveway Access Related,1,Not an Intersection,0,None,,,1,On Roadway,5,Dusk,,,,,1,Clear,0,No,0000000,Not Applicable,20,8:00pm-8:59pm,6,6,20,8:00pm-8:59pm,11,11,99,Unknown,99,Unknown EMS Hospital Arrival Time,,,,,,,1,
2023,36,360261,New York,2,1,1,4,4,2,2,61,NEW YORK (61),4170,NEW YORK,4,4,6,June,2023,1,Sunday,19,7:00pm-7:59pm,28,28,1,This Section IS ON the NHS,2,Urban,3,Other Principal Arterial,4,City or Municipal Highway Agency,0,Not Signed,3RD AVE,E 21ST ST,99998,Not Reported,40.73758056,40.73758056,-73.983975000,-73.98397500,0,No Special Jurisdiction,8,Pedestrian,0,The First Harmful Event was Not a Collision with a Motor Vehicle in Transport,0,No,3,Intersection-Related,2,Four-Way Intersection,0,None,,,1,On Roadway,5,Dusk,,,,,1,Clear,0,No,0000000,Not Applicable,99,Unknown,99,Unknown,99,Unknown EMS Scene Arrival Hour,99,Unknown EMS Scene Arrival Minutes,99,Unknown,99,Unknown EMS Hospital Arrival Time,,,,,,,1,
2023,36,360262,New York,2,2,0,0,0,2,2,25,DELAWARE (25),3550,MARGARETVILLE,22,22,5,May,2023,2,Monday,19,7:00pm-7:59pm,40,40,0,This Section IS NOT on the NHS,1,Rural,7,Local,3,Town or Township Highway Agency,0,Not Signed,THOMPSON HOLLOW RD,,99998,Not Reported,42.23610278,42.23610278,-74.661241670,-74.66124167,0,No Special Jurisdiction,12,Motor Vehicle In-Transport,2,Front-to-Front,0,No,1,Non-Junction,1,Not an Intersection,0,None,,,1,On Roadway,1,Daylight,,,,,10,Cloudy,0,No,0000000,Not Applicable,99,Unknown,99,Unknown,99,Unknown EMS Scene Arrival Hour,99,Unknown EMS Scene Arrival Minutes,99,Unknown,99,Unknown EMS Hospital Arrival Time,,,,,,,1,
2023,36,360263,New York,1,1,0,1,1,2,2,29,ERIE (29),750,BUFFALO,23,23,5,May,2023,3,Tuesday,21,9:00pm-9:59pm,43,43,1,This Section IS ON the NHS,2,Urban,3,Other Principal Arterial,1,State Highway Agency,3,State Highway,SR-5 MAIN ST,,99998,Not Reported,42.91153889,42.91153889,-78.865700000,-78.86570000,0,No Special Jurisdiction,8,Pedestrian,0,The First Harmful Event was Not a Collision with a Motor Vehicle in Transport,0,No,1,Non-Junction,1,Not an Intersection,0,None,,,4,On Roadside,3,Dark - Lighted,,,,,1,Clear,0,No,0000000,Not Applicable,21,9:00pm-9:59pm,43,43,99,Unknown EMS Scene Arrival Hour,99,Unknown EMS Scene Arrival Minutes,88,"Not Applicable (Not Transported) ",88,Not Applicable (Not Transported),,,,,,,1,
2023,36,360264,New York,2,2,0,0,0,3,3,89,ST LAWRENCE (89),6747,WINTHROP,23,23,5,May,2023,3,Tuesday,19,7:00pm-7:59pm,18,18,1,This Section IS ON the NHS,1,Rural,3,Other Principal Arterial,1,State Highway Agency,2,U.S. Highway,US-11,CR-57,99998,Not Reported,44.72052500,44.72052500,-74.912138890,-74.91213889,0,No Special Jurisdiction,12,Motor Vehicle In-Transport,6,Angle,0,No,2,Intersection,2,Four-Way Intersection,0,None,,,1,On Roadway,1,Daylight,,,,,1,Clear,0,No,0000000,Not Applicable,19,7:00pm-7:59pm,22,22,19,7:00pm-7:59pm,31,31,20,8:00pm-8:59pm,3,3,,,,,,,1,
2023,36,360265,New York,2,2,0,0,0,2,2,27,DUTCHESS (27),5030,POUGHKEEPSIE,22,22,5,May,2023,2,Monday,17,5:00pm-5:59pm,29,29,1,This Section IS ON the NHS,2,Urban,3,Other Principal Arterial,1,State Highway Agency,3,State Highway,SR-55,MANCHESTER RD,99998,Not Reported,41.69168056,41.69168056,-73.888077780,-73.88807778,0,No Special Jurisdiction,12,Motor Vehicle In-Transport,6,Angle,0,No,2,Intersection,3,T-Intersection,0,None,,,1,On Roadway,1,Daylight,,,,,1,Clear,0,No,0000000,Not Applicable,17,5:00pm-5:59pm,32,32,17,5:00pm-5:59pm,35,35,99,Unknown,99,Unknown EMS Hospital Arrival Time,,,,,,,1,
2023,36,360266,New York,2,1,1,0,0,1,1,85,RICHMOND (85),4170,NEW YORK CITY,27,27,5,May,2023,7,Saturday,4,4:00am-4:59am,15,15,0,This Section IS NOT on the NHS,2,Urban,4,Minor Arterial,4,City or Municipal Highway Agency,0,Not Signed,"NARROWS RD N ",,99998,Not Reported,40.60677222,40.60677222,-74.078872220,-74.07887222,0,No Special Jurisdiction,14,Parked Motor Vehicle,0,The First Harmful Event was Not a Collision with a Motor Vehicle in Transport,0,No,1,Non-Junction,1,Not an Intersection,0,None,,,4,On Roadside,3,Dark - Lighted,,,,,1,Clear,0,No,0000000,Not Applicable,99,Unknown,99,Unknown,99,Unknown EMS Scene Arrival Hour,99,Unknown EMS Scene Arrival Minutes,88,"Not Applicable (Not Transported) ",88,Not Applicable (Not Transported),,,,,,,1,
2023,36,360267,New York,2,2,0,0,0,2,2,81,QUEENS (81),4170,MIDDLE VILLAGE,27,27,5,May,2023,7,Saturday,4,4:00am-4:59am,37,37,1,This Section IS ON the NHS,2,Urban,2,Other Freeways and Expressways,4,City or Municipal Highway Agency,1,Interstate,I-495,,99998,Not Reported,40.73150833,40.73150833,-73.872088890,-73.87208889,0,No Special Jurisdiction,5,Fell/Jumped from Vehicle,0,The First Harmful Event was Not a Collision with a Motor Vehicle in Transport,0,No,1,Non-Junction,1,Not an Intersection,0,None,,,1,On Roadway,3,Dark - Lighted,,,,,1,Clear,0,No,0000000,Not Applicable,99,Unknown,99,Unknown,99,Unknown EMS Scene Arrival Hour,99,Unknown EMS Scene Arrival Minutes,88,"Not Applicable (Not Transported) ",88,Not Applicable (Not Transported),,,,,,,1,
2023,36,360268,New York,1,1,0,1,1,1,1,61,NEW YORK (61),4170,NEW YORK,7,7,6,June,2023,4,Wednesday,13,1:00pm-1:59pm,1,1,1,This Section IS ON the NHS,2,Urban,3,Other Principal Arterial,4,City or Municipal Highway Agency,0,Not Signed,BROADWAY,E 13TH ST,99998,Not Reported,40.73408889,40.73408889,-73.990988890,-73.99098889,0,No Special Jurisdiction,8,Pedestrian,0,The First Harmful Event was Not a Collision with a Motor Vehicle in Transport,0,No,3,Intersection-Related,2,Four-Way Intersection,0,None,,,1,On Roadway,1,Daylight,,,,,10,Cloudy,0,No,0000000,Not Applicable,13,1:00pm-1:59pm,1,1,13,1:00pm-1:59pm,4,4,88,"Not Applicable (Not Transported) ",88,Not Applicable (Not Transported),,,,,,,1,
2023,36,360269,New York,1,1,0,1,1,1,1,5,BRONX (5),4170,NEW YORK CITY,31,31,5,May,2023,4,Wednesday,12,12:00pm-12:59pm,52,52,1,This Section IS ON the NHS,2,Urban,2,Other Freeways and Expressways,1,State Highway Agency,3,State Highway,SR-908A HUTCHINSON RIVER PKWY,,99998,Not Reported,40.83876944,40.83876944,-73.838783330,-73.83878333,0,No Special Jurisdiction,8,Pedestrian,0,The First Harmful Event was Not a Collision with a Motor Vehicle in Transport,0,No,1,Non-Junction,1,Not an Intersection,0,None,,,1,On Roadway,1,Daylight,,,,,1,Clear,0,No,0000000,Not Applicable,12,12:00pm-12:59pm,52,52,99,Unknown EMS Scene Arrival Hour,99,Unknown EMS Scene Arrival Minutes,99,Unknown,99,Unknown EMS Hospital Arrival Time,,,,,,,1,
2023,36,360270,New York,1,1,0,0,0,1,1,5,BRONX (5),4170,NEW YORK CITY,30,30,5,May,2023,3,Tuesday,4,4:00am-4:59am,24,24,1,This Section IS ON the NHS,2,Urban,1,Interstate,1,State Highway Agency,1,Interstate,I-87,,99998,Not Reported,40.80528611,40.80528611,-73.920280560,-73.92028056,0,No Special Jurisdiction,24,Guardrail Face,0,The First Harmful Event was Not a Collision with a Motor Vehicle in Transport,0,No,1,Non-Junction,1,Not an Intersection,0,None,,,4,On Roadside,3,Dark - Lighted,,,,,1,Clear,0,No,0000000,Not Applicable,99,Unknown,99,Unknown,99,Unknown EMS Scene Arrival Hour,99,Unknown EMS Scene Arrival Minutes,88,"Not Applicable (Not Transported) ",88,Not Applicable (Not Transported),,,,,,,1,
2023,36,360271,New York,2,1,1,2,2,1,1,47,KINGS (47),4170,NEW YORK CITY,7,7,6,June,2023,4,Wednesday,21,9:00pm-9:59pm,18,18,1,This Section IS ON the NHS,2,Urban,3,Other Principal Arterial,4,City or Municipal Highway Agency,0,Not Signed,OCEAN PKWY,AVENUE M,99998,Not Reported,40.61713333,40.61713333,-73.968986110,-73.96898611,0,No Special Jurisdiction,8,Pedestrian,0,The First Harmful Event was Not a Collision with a Motor Vehicle in Transport,0,No,3,Intersection-Related,2,Four-Way Intersection,0,None,,,4,On Roadside,3,Dark - Lighted,,,,,1,Clear,0,No,0000000,Not Applicable,99,Unknown,99,Unknown,99,Unknown EMS Scene Arrival Hour,99,Unknown EMS Scene Arrival Minutes,99,Unknown,99,Unknown EMS Hospital Arrival Time,,,,,,,1,
2023,36,360272,New York,2,2,0,0,0,4,4,69,ONTARIO (69),6280,VICTOR,4,4,6,June,2023,1,Sunday,0,0:00am-0:59am,23,23,1,This Section IS ON the NHS,2,Urban,3,Other Principal Arterial,1,State Highway Agency,3,State Highway,SR-96,,99998,Not Reported,43.00032500,43.00032500,-77.437263890,-77.43726389,0,No Special Jurisdiction,12,Motor Vehicle In-Transport,2,Front-to-Front,0,No,1,Non-Junction,1,Not an Intersection,0,None,,,1,On Roadway,2,Dark - Not Lighted,,,,,10,Cloudy,0,No,0000000,Not Applicable,0,0:00am-0:59am,23,23,0,0:00am-0:59am,30,30,1,1:00am-1:59am,8,8,,,,,,,1,
2023,36,360273,New York,3,3,0,0,0,8,8,87,ROCKLAND (87),4063,NEW CITY,13,13,4,April,2023,5,Thursday,21,9:00pm-9:59pm,17,17,1,This Section IS ON the NHS,2,Urban,2,Other Freeways and Expressways,1,State Highway Agency,3,State Highway,SR-987C PALISADES INTRST PKWY,,99998,Not Reported,41.12285000,41.12285000,-74.009758330,-74.00975833,0,No Special Jurisdiction,12,Motor Vehicle In-Transport,7,Sideswipe - Same Direction,1,Yes,18,Through Roadway,1,Not an Intersection,0,None,,,1,On Roadway,2,Dark - Not Lighted,,,,,10,Cloudy,0,No,0000000,Not Applicable,21,9:00pm-9:59pm,17,17,21,9:00pm-9:59pm,23,23,99,Unknown,99,Unknown EMS Hospital Arrival Time,,,,,,,1,
2023,36,360274,New York,2,2,0,0,0,2,2,59,NASSAU (59),4090,NEW HYDE PARK,18,18,3,March,2023,7,Saturday,20,8:00pm-8:59pm,10,10,0,This Section IS NOT on the NHS,2,Urban,5,Major Collector,3,Town or Township Highway Agency,0,Not Signed,GRAND BLVD,CR-63 UNION AVE,99998,Not Reported,40.75869722,40.75869722,-73.578388890,-73.57838889,0,No Special Jurisdiction,12,Motor Vehicle In-Transport,6,Angle,0,No,2,Intersection,2,Four-Way Intersection,0,None,,,1,On Roadway,3,Dark - Lighted,,,,,10,Cloudy,0,No,0000000,Not Applicable,99,Unknown,99,Unknown,99,Unknown EMS Scene Arrival Hour,99,Unknown EMS Scene Arrival Minutes,99,Unknown,99,Unknown EMS Hospital Arrival Time,,,,,,,1,
2023,36,360275,New York,1,1,0,1,1,1,1,69,ONTARIO (69),1961,FARMINGTON,4,4,6,June,2023,1,Sunday,21,9:00pm-9:59pm,41,41,0,This Section IS NOT on the NHS,2,Urban,4,Minor Arterial,1,State Highway Agency,3,State Highway,SR-96,COMMERCIAL DR,99998,Not Reported,42.97438333,42.97438333,-77.352330560,-77.35233056,0,No Special Jurisdiction,8,Pedestrian,0,The First Harmful Event was Not a Collision with a Motor Vehicle in Transport,0,No,3,Intersection-Related,3,T-Intersection,0,None,,,1,On Roadway,2,Dark - Not Lighted,,,,,1,Clear,0,No,0000000,Not Applicable,21,9:00pm-9:59pm,41,41,21,9:00pm-9:59pm,45,45,88,"Not Applicable (Not Transported) ",88,Not Applicable (Not Transported),,,,,,,1,
2023,36,360276,New York,1,1,0,0,0,1,1,21,COLUMBIA (21),6023,TAGHKANIC,29,29,5,May,2023,2,Monday,19,7:00pm-7:59pm,14,14,0,This Section IS NOT on the NHS,1,Rural,6,Minor Collector,2,County Highway Agency,4,County,CR-11,,99998,Not Reported,42.16018056,42.16018056,-73.618069440,-73.61806944,0,No Special Jurisdiction,42,Tree (Standing Only),0,The First Harmful Event was Not a Collision with a Motor Vehicle in Transport,0,No,1,Non-Junction,1,Not an Intersection,0,None,,,5,Outside Trafficway,1,Daylight,,,,,1,Clear,0,No,0000000,Not Applicable,19,7:00pm-7:59pm,14,14,19,7:00pm-7:59pm,20,20,88,"Not Applicable (Not Transported) ",88,Not Applicable (Not Transported),,,,,,,1,
2023,36,360277,New York,3,2,1,0,5,3,8,29,ERIE (29),750,BUFFALO,17,17,2,February,2023,6,Friday,0,0:00am-0:59am,3,3,1,This Section IS ON the NHS,2,Urban,1,Interstate,1,State Highway Agency,1,Interstate,I-190,,99998,Not Reported,42.90123056,42.90123056,-78.899966670,-78.89996667,0,No Special Jurisdiction,12,Motor Vehicle In-Transport,6,Angle,0,No,1,Non-Junction,1,Not an Intersection,0,None,,,1,On Roadway,2,Dark - Not Lighted,,,,,10,Cloudy,0,No,0000000,Not Applicable,0,0:00am-0:59am,5,5,0,0:00am-0:59am,21,21,0,0:00am-0:59am,55,55,,,,,,,2,
2023,36,360278,New York,1,1,0,1,1,1,1,5,BRONX (5),4170,NEW YORK CITY,24,24,2,February,2023,6,Friday,4,4:00am-4:59am,37,37,1,This Section IS ON the NHS,2,Urban,3,Other Principal Arterial,4,City or Municipal Highway Agency,0,Not Signed,WESTCHESTER AVE,,99998,Not Reported,40.85053889,40.85053889,-73.830055560,-73.83005556,0,No Special Jurisdiction,8,Pedestrian,0,The First Harmful Event was Not a Collision with a Motor Vehicle in Transport,0,No,1,Non-Junction,1,Not an Intersection,0,None,,,1,On Roadway,3,Dark - Lighted,,,,,1,Clear,0,No,0000000,Not Applicable,99,Unknown,99,Unknown,99,Unknown EMS Scene Arrival Hour,99,Unknown EMS Scene Arrival Minutes,99,Unknown,99,Unknown EMS Hospital Arrival Time,,,,,,,1,
2023,36,360279,New York,1,1,0,1,1,1,1,47,KINGS (47),4170,NEW YORK CITY,16,16,4,April,2023,1,Sunday,22,10:00pm-10:59pm,50,50,0,This Section IS NOT on the NHS,2,Urban,4,Minor Arterial,4,City or Municipal Highway Agency,0,Not Signed,MCDONALD AVE,WEBSTER AVE,99998,Not Reported,40.63002778,40.63002778,-73.977088890,-73.97708889,0,No Special Jurisdiction,9,Pedalcyclist,0,The First Harmful Event was Not a Collision with a Motor Vehicle in Transport,0,No,3,Intersection-Related,2,Four-Way Intersection,0,None,,,1,On Roadway,6,Dark - Unknown Lighting,,,,,1,Clear,0,No,0000000,Not Applicable,99,Unknown,99,Unknown,99,Unknown EMS Scene Arrival Hour,99,Unknown EMS Scene Arrival Minutes,99,Unknown,99,Unknown EMS Hospital Arrival Time,,,,,,,1,
2023,36,360280,New York,3,3,0,0,0,3,3,115,WASHINGTON (115),2090,FORT EDWARD,21,21,4,April,2023,6,Friday,12,12:00pm-12:59pm,52,52,1,This Section IS ON the NHS,2,Urban,3,Other Principal Arterial,1,State Highway Agency,2,U.S. Highway,US-4 BROADWAY,,99998,Not Reported,43.28438889,43.28438889,-73.586580560,-73.58658056,0,No Special Jurisdiction,12,Motor Vehicle In-Transport,6,Angle,0,No,8,Driveway Access Related,1,Not an Intersection,0,None,,,1,On Roadway,1,Daylight,,,,,1,Clear,0,No,0000000,Not Applicable,12,12:00pm-12:59pm,52,52,13,1:00pm-1:59pm,4,4,13,1:00pm-1:59pm,29,29,,,,,,,1,
2023,36,360281,New York,1,1,0,0,0,1,1,75,OSWEGO (75),2540,HANNIBAL,29,29,5,May,2023,2,Monday,12,12:00pm-12:59pm,37,37,0,This Section IS NOT on the NHS,1,Rural,7,Local,2,County Highway Agency,4,County,CR-7,,99998,Not Reported,43.29274167,43.29274167,-76.531927780,-76.53192778,0,No Special Jurisdiction,42,Tree (Standing Only),0,The First Harmful Event was Not a Collision with a Motor Vehicle in Transport,0,No,1,Non-Junction,1,Not an Intersection,0,None,,,4,On Roadside,1,Daylight,,,,,10,Cloudy,0,No,0000000,Not Applicable,12,12:00pm-12:59pm,37,37,12,12:00pm-12:59pm,50,50,88,"Not Applicable (Not Transported) ",88,Not Applicable (Not Transported),,,,,,,1,
2023,36,360282,New York,2,2,0,0,0,2,2,1,ALBANY (1),50,ALBANY,11,11,5,May,2023,5,Thursday,14,2:00pm-2:59pm,8,8,1,This Section IS ON the NHS,1,Rural,3,Other Principal Arterial,1,State Highway Agency,3,State Highway,SR-85,,99998,Not Reported,42.65686944,42.65686944,-73.825702780,-73.82570278,0,No Special Jurisdiction,12,Motor Vehicle In-Transport,2,Front-to-Front,0,No,1,Non-Junction,1,Not an Intersection,0,None,,,1,On Roadway,1,Daylight,,,,,1,Clear,0,No,0000000,Not Applicable,99,Unknown,99,Unknown,99,Unknown EMS Scene Arrival Hour,99,Unknown EMS Scene Arrival Minutes,99,Unknown,99,Unknown EMS Hospital Arrival Time,,,,,,,1,
2023,36,360283,New York,1,1,0,0,0,1,1,5,BRONX (5),4170,NEW YORK CITY,16,16,6,June,2023,6,Friday,23,11:00pm-11:59pm,9,9,0,This Section IS NOT on the NHS,2,Urban,4,Minor Arterial,4,City or Municipal Highway Agency,0,Not Signed,WHITE PLAINS RD,E 217TH ST,0,None,40.88219722,40.88219722,-73.863600000,-73.86360000,0,No Special Jurisdiction,21,Bridge Pier or Support,0,The First Harmful Event was Not a Collision with a Motor Vehicle in Transport,0,No,3,Intersection-Related,2,Four-Way Intersection,0,None,,,4,On Roadside,3,Dark - Lighted,,,,,1,Clear,0,No,0000000,Not Applicable,99,Unknown,99,Unknown,99,Unknown EMS Scene Arrival Hour,99,Unknown EMS Scene Arrival Minutes,99,Unknown,99,Unknown EMS Hospital Arrival Time,,,,,,,1,
2023,36,360284,New York,1,1,0,0,0,4,4,5,BRONX (5),4170,NEW YORK CITY,17,17,6,June,2023,7,Saturday,1,1:00am-1:59am,53,53,1,This Section IS ON the NHS,2,Urban,1,Interstate,1,State Highway Agency,1,Interstate,I-87,,99998,Not Reported,40.80274167,40.80274167,-73.916250000,-73.91625000,0,No Special Jurisdiction,25,Concrete Traffic Barrier,0,The First Harmful Event was Not a Collision with a Motor Vehicle in Transport,1,Yes,5,Entrance/Exit Ramp Related,1,Not an Intersection,0,None,,,4,On Roadside,3,Dark - Lighted,,,,,1,Clear,0,No,0000000,Not Applicable,99,Unknown,99,Unknown,99,Unknown EMS Scene Arrival Hour,99,Unknown EMS Scene Arrival Minutes,99,Unknown,99,Unknown EMS Hospital Arrival Time,,,,,,,1,
2023,36,360285,New York,1,1,0,0,0,2,2,81,QUEENS (81),4170,MIDDLE VILLAGE,19,19,6,June,2023,2,Monday,0,0:00am-0:59am,1,1,1,This Section IS ON the NHS,2,Urban,2,Other Freeways and Expressways,1,State Highway Agency,3,State Highway,SR-907A CROSS ISLAND PKWY RAMP,,99998,Not Reported,40.79097222,40.79097222,-73.822375000,-73.82237500,0,No Special Jurisdiction,24,Guardrail Face,0,The First Harmful Event was Not a Collision with a Motor Vehicle in Transport,1,Yes,5,Entrance/Exit Ramp Related,1,Not an Intersection,0,None,,,10,Separator,3,Dark - Lighted,,,,,1,Clear,0,No,0000000,Not Applicable,99,Unknown,99,Unknown,99,Unknown EMS Scene Arrival Hour,99,Unknown EMS Scene Arrival Minutes,99,Unknown,99,Unknown EMS Hospital Arrival Time,,,,,,,1,
2023,36,360286,New York,1,1,0,1,1,1,1,81,QUEENS (81),4170,MIDDLE VILLAGE,14,14,6,June,2023,4,Wednesday,8,8:00am-8:59am,37,37,0,This Section IS NOT on the NHS,2,Urban,4,Minor Arterial,4,City or Municipal Highway Agency,0,Not Signed,MARATHON PKWY,HORACE HARDING EXPY SERVICE RD,99998,Not Reported,40.76037222,40.76037222,-73.731552780,-73.73155278,0,No Special Jurisdiction,8,Pedestrian,0,The First Harmful Event was Not a Collision with a Motor Vehicle in Transport,0,No,3,Intersection-Related,2,Four-Way Intersection,0,None,,,1,On Roadway,1,Daylight,,,,,10,Cloudy,0,No,0000000,Not Applicable,99,Unknown,99,Unknown,99,Unknown EMS Scene Arrival Hour,99,Unknown EMS Scene Arrival Minutes,99,Unknown,99,Unknown EMS Hospital Arrival Time,,,,,,,1,
2023,36,360287,New York,1,1,0,1,1,1,1,61,NEW YORK (61),4170,NEW YORK,16,16,6,June,2023,6,Friday,12,12:00pm-12:59pm,39,39,1,This Section IS ON the NHS,2,Urban,3,Other Principal Arterial,4,City or Municipal Highway Agency,0,Not Signed,1ST AVE,E 17TH ST,0,None,40.73325000,40.73325000,-73.981188890,-73.98118889,0,No Special Jurisdiction,9,Pedalcyclist,0,The First Harmful Event was Not a Collision with a Motor Vehicle in Transport,0,No,3,Intersection-Related,2,Four-Way Intersection,0,None,,,1,On Roadway,1,Daylight,,,,,10,Cloudy,0,No,0000000,Not Applicable,99,Unknown,99,Unknown,99,Unknown EMS Scene Arrival Hour,99,Unknown EMS Scene Arrival Minutes,99,Unknown,99,Unknown EMS Hospital Arrival Time,,,,,,,1,
2023,36,360288,New York,2,2,0,0,0,2,2,55,MONROE (55),2248,GATES,24,24,4,April,2023,2,Monday,17,5:00pm-5:59pm,42,42,0,This Section IS NOT on the NHS,2,Urban,4,Minor Arterial,1,State Highway Agency,3,State Highway,SR-31 SPENCERPORT RD,LONG POND RD,99998,Not Reported,43.16950000,43.16950000,-77.701600000,-77.70160000,0,No Special Jurisdiction,12,Motor Vehicle In-Transport,6,Angle,0,No,2,Intersection,2,Four-Way Intersection,0,None,,,1,On Roadway,1,Daylight,,,,,1,Clear,0,No,0000000,Not Applicable,18,6:00pm-6:59pm,0,0,18,6:00pm-6:59pm,7,7,18,6:00pm-6:59pm,27,27,,,,,,,1,
2023,36,360289,New York,1,1,0,1,1,1,1,47,KINGS (47),4170,NEW YORK CITY,12,12,5,May,2023,6,Friday,16,4:00pm-4:59pm,20,20,0,This Section IS NOT on the NHS,2,Urban,7,Local,4,City or Municipal Highway Agency,0,Not Signed,MONITOR ST,DRIGGS AVE,99998,Not Reported,40.72329444,40.72329444,-73.942238890,-73.94223889,0,No Special Jurisdiction,9,Pedalcyclist,0,The First Harmful Event was Not a Collision with a Motor Vehicle in Transport,0,No,2,Intersection,2,Four-Way Intersection,0,None,,,1,On Roadway,1,Daylight,,,,,1,Clear,0,No,0000000,Not Applicable,99,Unknown,99,Unknown,99,Unknown EMS Scene Arrival Hour,99,Unknown EMS Scene Arrival Minutes,99,Unknown,99,Unknown EMS Hospital Arrival Time,,,,,,,1,
2023,36,360290,New York,1,1,0,0,0,1,1,29,ERIE (29),750,BUFFALO,14,14,5,May,2023,1,Sunday,7,7:00am-7:59am,54,54,1,This Section IS ON the NHS,2,Urban,1,Interstate,1,State Highway Agency,1,Interstate,I-190 RAMP,,99998,Not Reported,42.92758333,42.92758333,-78.898369440,-78.89836944,0,No Special Jurisdiction,25,Concrete Traffic Barrier,0,The First Harmful Event was Not a Collision with a Motor Vehicle in Transport,1,Yes,5,Entrance/Exit Ramp Related,1,Not an Intersection,0,None,,,4,On Roadside,1,Daylight,,,,,10,Cloudy,0,No,0000000,Not Applicable,7,7:00am-7:59am,54,54,8,8:00am-8:59am,3,3,8,8:00am-8:59am,30,30,,,,,,,1,
2023,36,360291,New York,1,1,0,0,0,1,1,115,WASHINGTON (115),250,ARGYLE,5,5,5,May,2023,6,Friday,19,7:00pm-7:59pm,51,51,0,This Section IS NOT on the NHS,1,Rural,7,Local,3,Town or Township Highway Agency,0,Not Signed,COACH RD,,99998,Not Reported,43.26447778,43.26447778,-73.453775000,-73.45377500,0,No Special Jurisdiction,42,Tree (Standing Only),0,The First Harmful Event was Not a Collision with a Motor Vehicle in Transport,0,No,1,Non-Junction,1,Not an Intersection,0,None,,,4,On Roadside,5,Dusk,,,,,1,Clear,0,No,0000000,Not Applicable,19,7:00pm-7:59pm,53,53,20,8:00pm-8:59pm,4,4,88,"Not Applicable (Not Transported) ",88,Not Applicable (Not Transported),,,,,,,1,