caseyear,state,st_case,statename,ve_total,ve_forms,pvh_invl,peds,pernotmvit,permvit,persons,county,countyname,city,cityname,day,dayname,month,monthname,year,day_week,day_weekname,hour,hourname,minute,minutename,nhs,nhsname,rur_urb,rur_urbname,func_sys,func_sysname,rd_owner,rd_ownername,route,routename,tway_id,tway_id2,milept,mileptname,latitude,latitudename,longitud,longitudname,sp_jur,sp_jurname,harm_ev,harm_evname,man_coll,man_collname,reljct1,reljct1name,reljct2,reljct2name,typ_int,typ_intname,wrk_zone,wrk_zonename,road_fnc,road_fncname,rel_road,rel_roadname,lgt_cond,lgt_condname,weather1,weather1name,weather2,weather2name,weather,weathername,sch_bus,sch_busname,rail,railname,not_hour,not_hourname,not_min,not_minname,arr_hour,arr_hourname,arr_min,arr_minname,hosp_hr,hosp_hrname,hosp_mn,hosp_mnname,cf1,cf1name,cf2,cf2name,cf3,cf3name,fatals,drunk_dr
2023,36,360475,New York,1,1,0,0,0,1,1,103,SUFFOLK (103),2920,ISLIP,10,10,4,April,2023,2,Monday,10,10:00am-10:59am,20,20,0,This Section IS NOT on the NHS,2,Urban,4,Minor Arterial,2,County Highway Agency,4,County,CR-85 MONTAUK HWY,,99998,Not Reported,40.74766944,40.74766944,-73.067702780,-73.06770278,0,No Special Jurisdiction,42,Tree (Standing Only),0,The First Harmful Event was Not a Collision with a Motor Vehicle in Transport,0,No,1,Non-Junction,1,Not an Intersection,0,None,,,4,On Roadside,1,Daylight,,,,,1,Clear,0,No,0000000,Not Applicable,99,Unknown,99,Unknown,99,Unknown EMS Scene Arrival Hour,99,Unknown EMS Scene Arrival Minutes,99,Unknown,99,Unknown EMS Hospital Arrival Time,,,,,,,1,
2023,36,360476,New York,1,1,0,0,0,1,1,5,BRONX (5),4170,NEW YORK CITY,7,7,8,August,2023,2,Monday,2,2:00am-2:59am,14,14,1,This Section IS ON the NHS,2,Urban,1,Interstate,1,State Highway Agency,1,Interstate,I-87 MAJOR DEEGAN EXPY,,99998,Not Reported,40.85367500,40.85367500,-73.919811110,-73.91981111,0,No Special Jurisdiction,39,Wall,0,The First Harmful Event was Not a Collision with a Motor Vehicle in Transport,0,No,1,Non-Junction,1,Not an Intersection,0,None,,,4,On Roadside,3,Dark - Lighted,,,,,1,Clear,0,No,0000000,Not Applicable,99,Unknown,99,Unknown,99,Unknown EMS Scene Arrival Hour,99,Unknown EMS Scene Arrival Minutes,99,Unknown,99,Unknown EMS Hospital Arrival Time,,,,,,,1,
2023,36,360477,New York,1,1,0,0,0,1,1,103,SUFFOLK (103),3715,MIDDLE ISLAND,14,14,4,April,2023,6,Friday,8,8:00am-8:59am,16,16,0,This Section IS NOT on the NHS,2,Urban,7,Local,3,Town or Township Highway Agency,0,Not Signed,MILLER PL,,99998,Not Reported,40.91163611,40.91163611,-72.985550000,-72.98555000,0,No Special Jurisdiction,42,Tree (Standing Only),0,The First Harmful Event was Not a Collision with a Motor Vehicle in Transport,0,No,1,Non-Junction,1,Not an Intersection,0,None,,,4,On Roadside,1,Daylight,,,,,1,Clear,0,No,0000000,Not Applicable,99,Unknown,99,Unknown,99,Unknown EMS Scene Arrival Hour,99,Unknown EMS Scene Arrival Minutes,88,"Not Applicable (Not Transported) ",88,Not Applicable (Not Transported),,,,,,,1,
2023,36,360478,New York,1,1,0,0,0,2,2,103,SUFFOLK (103),360,BABYLON,14,14,5,May,2023,1,Sunday,10,10:00am-10:59am,24,24,1,This Section IS ON the NHS,2,Urban,2,Other Freeways and Expressways,1,State Highway Agency,3,State Highway,SR-909D OCEAN PKWY,,99998,Not Reported,40.63983889,40.63983889,-73.267577780,-73.26757778,0,No Special Jurisdiction,26,Other Traffic Barrier,0,The First Harmful Event was Not a Collision with a Motor Vehicle in Transport,0,No,1,Non-Junction,1,Not an Intersection,0,None,,,3,On Median,1,Daylight,,,,,1,Clear,0,No,0000000,Not Applicable,99,Unknown,99,Unknown,99,Unknown EMS Scene Arrival Hour,99,Unknown EMS Scene Arrival Minutes,99,Unknown,99,Unknown EMS Hospital Arrival Time,,,,,,,2,
2023,36,360480,New York,1,1,0,0,0,2,2,117,WAYNE (117),6760,WOLCOTT,4,4,7,July,2023,3,Tuesday,19,7:00pm-7:59pm,42,42,0,This Section IS NOT on the NHS,1,Rural,7,Local,3,Town or Township Highway Agency,0,Not Signed,BASSETT RD,,99998,Not Reported,43.20635833,43.20635833,-76.771241670,-76.77124167,0,No Special Jurisdiction,1,Rollover/Overturn,0,The First Harmful Event was Not a Collision with a Motor Vehicle in Transport,0,No,1,Non-Junction,1,Not an Intersection,0,None,,,4,On Roadside,1,Daylight,,,,,1,Clear,0,No,0000000,Not Applicable,19,7:00pm-7:59pm,42,42,19,7:00pm-7:59pm,55,55,99,Unknown,99,Unknown EMS Hospital Arrival Time,,,,,,,1,
2023,36,360481,New York,1,1,0,1,1,1,1,5,BRONX (5),4170,NEW YORK CITY,7,7,8,August,2023,2,Monday,13,1:00pm-1:59pm,18,18,1,This Section IS ON the NHS,2,Urban,3,Other Principal Arterial,1,State Highway Agency,2,U.S. Highway,US-1 E FORDHAM RD,,99998,Not Reported,40.85703056,40.85703056,-73.880197220,-73.88019722,0,No Special Jurisdiction,8,Pedestrian,0,The First Harmful Event was Not a Collision with a Motor Vehicle in Transport,0,No,1,Non-Junction,1,Not an Intersection,0,None,,,1,On Roadway,1,Daylight,,,,,10,Cloudy,0,No,0000000,Not Applicable,99,Unknown,99,Unknown,99,Unknown EMS Scene Arrival Hour,99,Unknown EMS Scene Arrival Minutes,99,Unknown,99,Unknown EMS Hospital Arrival Time,,,,,,,1,
2023,36,360482,New York,1,1,0,1,1,1,1,103,SUFFOLK (103),5769,SMITHTOWN,3,3,4,April,2023,2,Monday,21,9:00pm-9:59pm,23,23,1,This Section IS ON the NHS,2,Urban,3,Other Principal Arterial,1,State Highway Agency,3,State Highway,SR-347,SOUTHERN BLVD,99998,Not Reported,40.85183611,40.85183611,-73.159063890,-73.15906389,0,No Special Jurisdiction,15,Non-Motorist on Personal Conveyance,0,The First Harmful Event was Not a Collision with a Motor Vehicle in Transport,0,No,3,Intersection-Related,2,Four-Way Intersection,0,None,,,1,On Roadway,3,Dark - Lighted,,,,,1,Clear,0,No,0000000,Not Applicable,21,9:00pm-9:59pm,24,24,21,9:00pm-9:59pm,27,27,21,9:00pm-9:59pm,54,54,,,,,,,1,
2023,36,360483,New York,1,1,0,1,1,2,2,103,SUFFOLK (103),360,BABYLON,9,9,4,April,2023,1,Sunday,20,8:00pm-8:59pm,0,0,0,This Section IS NOT on the NHS,2,Urban,4,Minor Arterial,2,County Highway Agency,4,County,CR-47 GREAT NECK RD,OAK ST,99998,Not Reported,40.68012222,40.68012222,-73.399455560,-73.39945556,0,No Special Jurisdiction,8,Pedestrian,0,The First Harmful Event was Not a Collision with a Motor Vehicle in Transport,0,No,3,Intersection-Related,2,Four-Way Intersection,0,None,,,1,On Roadway,3,Dark - Lighted,,,,,1,Clear,0,No,0000000,Not Applicable,99,Unknown,99,Unknown,99,Unknown EMS Scene Arrival Hour,99,Unknown EMS Scene Arrival Minutes,99,Unknown,99,Unknown EMS Hospital Arrival Time,,,,,,,1,
2023,36,360484,New York,2,2,0,1,1,2,2,103,SUFFOLK (103),5675,SHIRLEY,18,18,4,April,2023,3,Tuesday,20,8:00pm-8:59pm,39,39,0,This Section IS NOT on the NHS,2,Urban,4,Minor Arterial,2,County Highway Agency,4,County,CR-80 MONTAUK HWY,CAMP UPTON RD,99998,Not Reported,40.80081667,40.80081667,-72.869888890,-72.86988889,0,No Special Jurisdiction,8,Pedestrian,0,The First Harmful Event was Not a Collision with a Motor Vehicle in Transport,0,No,3,Intersection-Related,2,Four-Way Intersection,0,None,,,1,On Roadway,3,Dark - Lighted,,,,,1,Clear,0,No,0000000,Not Applicable,20,8:00pm-8:59pm,39,39,20,8:00pm-8:59pm,40,40,88,"Not Applicable (Not Transported) ",88,Not Applicable (Not Transported),,,,,,,1,
2023,36,360486,New York,1,1,0,1,1,1,1,103,SUFFOLK (103),2758,HOLTSVILLE,21,21,5,May,2023,1,Sunday,0,0:00am-0:59am,1,1,1,This Section IS ON the NHS,2,Urban,3,Other Principal Arterial,2,County Highway Agency,4,County,CR-83 N OCEAN AVE,,99998,Not Reported,40.80625000,40.80625000,-73.018897220,-73.01889722,0,No Special Jurisdiction,8,Pedestrian,0,The First Harmful Event was Not a Collision with a Motor Vehicle in Transport,0,No,1,Non-Junction,1,Not an Intersection,0,None,,,1,On Roadway,3,Dark - Lighted,,,,,1,Clear,0,No,0000000,Not Applicable,99,Unknown,99,Unknown,99,Unknown EMS Scene Arrival Hour,99,Unknown EMS Scene Arrival Minutes,88,"Not Applicable (Not Transported) ",88,Not Applicable (Not Transported),,,,,,,1,
2023,36,360487,New York,1,1,0,1,1,1,1,47,KINGS (47),4170,NEW YORK CITY,22,22,6,June,2023,5,Thursday,23,11:00pm-11:59pm,40,40,0,This Section IS NOT on the NHS,2,Urban,4,Minor Arterial,4,City or Municipal Highway Agency,0,Not Signed,BROADWAY,CONWAY ST,0,None,40.67928611,40.67928611,-73.903952780,-73.90395278,0,No Special Jurisdiction,9,Pedalcyclist,0,The First Harmful Event was Not a Collision with a Motor Vehicle in Transport,0,No,3,Intersection-Related,2,Four-Way Intersection,0,None,,,1,On Roadway,3,Dark - Lighted,,,,,1,Clear,0,No,0000000,Not Applicable,99,Unknown,99,Unknown,99,Unknown EMS Scene Arrival Hour,99,Unknown EMS Scene Arrival Minutes,99,Unknown,99,Unknown EMS Hospital Arrival Time,,,,,,,1,
2023,36,360488,New York,1,1,0,1,1,1,1,35,FULTON (35),2980,JOHNSTOWN,4,4,6,June,2023,1,Sunday,9,9:00am-9:59am,46,46,0,This Section IS NOT on the NHS,2,Urban,4,Minor Arterial,1,State Highway Agency,3,State Highway,SR-67,CR-156,99998,Not Reported,43.00148333,43.00148333,-74.408197220,-74.40819722,0,No Special Jurisdiction,9,Pedalcyclist,0,The First Harmful Event was Not a Collision with a Motor Vehicle in Transport,0,No,3,Intersection-Related,3,T-Intersection,0,None,,,1,On Roadway,1,Daylight,,,,,1,Clear,0,No,0000000,Not Applicable,9,9:00am-9:59am,46,46,9,9:00am-9:59am,56,56,10,10:00am-10:59am,30,30,,,,,,,1,
2023,36,360489,New York,2,2,0,0,0,2,2,113,WARREN (113),5068,QUEENSBURY,3,3,5,May,2023,4,Wednesday,23,11:00pm-11:59pm,47,47,1,This Section IS ON the NHS,2,Urban,3,Other Principal Arterial,2,County Highway Agency,4,County,CR-70 QUAKER RD,,99998,Not Reported,43.31928333,43.31928333,-73.618486110,-73.61848611,0,No Special Jurisdiction,12,Motor Vehicle In-Transport,2,Front-to-Front,0,No,1,Non-Junction,1,Not an Intersection,0,None,,,1,On Roadway,2,Dark - Not Lighted,,,,,2,Rain,0,No,0000000,Not Applicable,23,11:00pm-11:59pm,47,47,23,11:00pm-11:59pm,56,56,0,0:00am-0:59am,32,32,,,,,,,1,
2023,36,360490,New York,2,2,0,0,0,4,4,93,SCHENECTADY (93),5550,SCHENECTADY,15,15,6,June,2023,5,Thursday,20,8:00pm-8:59pm,1,1,1,This Section IS ON the NHS,1,Rural,3,Other Principal Arterial,1,State Highway Agency,2,U.S. Highway,US-20 WESTERN TPK,OLD SETTLES HILL RD,99998,Not Reported,42.75029722,42.75029722,-74.047600000,-74.04760000,0,No Special Jurisdiction,12,Motor Vehicle In-Transport,2,Front-to-Front,0,No,2,Intersection,3,T-Intersection,0,None,,,1,On Roadway,5,Dusk,,,,,1,Clear,0,No,0000000,Not Applicable,20,8:00pm-8:59pm,3,3,20,8:00pm-8:59pm,18,18,99,Unknown,99,Unknown EMS Hospital Arrival Time,,,,,,,1,
2023,36,360491,New York,2,2,0,0,0,3,3,65,ONEIDA (65),6270,VERNON,17,17,7,July,2023,2,Monday,8,8:00am-8:59am,33,33,0,This Section IS NOT on the NHS,2,Urban,5,Major Collector,1,State Highway Agency,3,State Highway,SR-365,,99998,Not Reported,43.08686667,43.08686667,-75.632536110,-75.63253611,0,No Special Jurisdiction,12,Motor Vehicle In-Transport,2,Front-to-Front,0,No,1,Non-Junction,1,Not an Intersection,0,None,,,1,On Roadway,1,Daylight,,,,,1,Clear,0,No,0000000,Not Applicable,8,8:00am-8:59am,32,32,8,8:00am-8:59am,37,37,99,Unknown,99,Unknown EMS Hospital Arrival Time,,,,,,,1,
2023,36,360492,New York,2,2,0,0,0,4,4,103,SUFFOLK (103),2920,ISLIP,24,24,2,February,2023,6,Friday,4,4:00am-4:59am,30,30,0,This Section IS NOT on the NHS,2,Urban,4,Minor Arterial,2,County Highway Agency,4,County,CR-100 SUFFOLK AVE,FULTON ST,99998,Not Reported,40.78528611,40.78528611,-73.228380560,-73.22838056,0,No Special Jurisdiction,12,Motor Vehicle In-Transport,6,Angle,0,No,2,Intersection,3,T-Intersection,0,None,,,1,On Roadway,3,Dark - Lighted,,,,,1,Clear,0,No,0000000,Not Applicable,4,4:00am-4:59am,31,31,4,4:00am-4:59am,35,35,99,Unknown,99,Unknown EMS Hospital Arrival Time,,,,,,,1,
2023,36,360493,New York,2,2,0,0,0,2,2,97,SCHUYLER (97),2592,HECTOR,27,27,7,July,2023,5,Thursday,13,1:00pm-1:59pm,49,49,0,This Section IS NOT on the NHS,1,Rural,5,Major Collector,1,State Highway Agency,3,State Highway,SR-414,MATHEWS RD,99998,Not Reported,42.48114167,42.48114167,-76.869919440,-76.86991944,0,No Special Jurisdiction,12,Motor Vehicle In-Transport,6,Angle,0,No,2,Intersection,3,T-Intersection,0,None,,,1,On Roadway,1,Daylight,,,,,10,Cloudy,0,No,0000000,Not Applicable,14,2:00pm-2:59pm,30,30,14,2:00pm-2:59pm,45,45,88,"Not Applicable (Not Transported) ",88,Not Applicable (Not Transported),,,,,,,1,
2023,36,360494,New York,2,2,0,0,0,2,2,69,ONTARIO (69),1961,FARMINGTON,3,3,8,August,2023,5,Thursday,17,5:00pm-5:59pm,35,35,0,This Section IS NOT on the NHS,2,Urban,6,Minor Collector,3,Town or Township Highway Agency,0,Not Signed,COLLETT RD,SR-332,99998,Not Reported,42.98404444,42.98404444,-77.361855560,-77.36185556,0,No Special Jurisdiction,12,Motor Vehicle In-Transport,2,Front-to-Front,0,No,2,Intersection,2,Four-Way Intersection,0,None,,,1,On Roadway,1,Daylight,,,,,10,Cloudy,0,No,0000000,Not Applicable,17,5:00pm-5:59pm,35,35,17,5:00pm-5:59pm,37,37,99,Unknown,99,Unknown EMS Hospital Arrival Time,,,,,,,1,
2023,36,360495,New York,2,2,0,0,0,2,2,103,SUFFOLK (103),2920,ISLIP,6,6,3,March,2023,2,Monday,6,6:00am-6:59am,11,11,1,This Section IS ON the NHS,2,Urban,3,Other Principal Arterial,2,County Highway Agency,3,State Highway,SR-906A EXPRESS DR S,WASHINGTON AVE,99998,Not Reported,40.80513889,40.80513889,-73.248680560,-73.24868056,0,No Special Jurisdiction,12,Motor Vehicle In-Transport,6,Angle,0,No,2,Intersection,2,Four-Way Intersection,0,None,,,1,On Roadway,4,Dawn,,,,,1,Clear,0,No,0000000,Not Applicable,6,6:00am-6:59am,13,13,6,6:00am-6:59am,19,19,6,6:00am-6:59am,45,45,,,,,,,1,
2023,36,360496,New York,2,2,0,0,0,6,6,103,SUFFOLK (103),705,BROOKHAVEN,11,11,3,March,2023,7,Saturday,21,9:00pm-9:59pm,30,30,1,This Section IS ON the NHS,2,Urban,3,Other Principal Arterial,1,State Highway Agency,3,State Highway,SR-347 NESCONSET HWY,WOODHULL AVE,99998,Not Reported,40.91435278,40.91435278,-73.058336110,-73.05833611,0,No Special Jurisdiction,12,Motor Vehicle In-Transport,6,Angle,0,No,2,Intersection,4,Y-Intersection,0,None,,,1,On Roadway,3,Dark - Lighted,,,,,1,Clear,0,No,0000000,Not Applicable,21,9:00pm-9:59pm,30,30,21,9:00pm-9:59pm,40,40,99,Unknown,99,Unknown EMS Hospital Arrival Time,,,,,,,1,
2023,36,360497,New York,2,2,0,0,0,2,2,113,WARREN (113),1141,CHESTERTOWN,12,12,8,August,2023,7,Saturday,15,3:00pm-3:59pm,1,1,0,This Section IS NOT on the NHS,1,Rural,4,Minor Arterial,1,State Highway Agency,3,State Highway,SR-8,US-9,99998,Not Reported,43.65604167,43.65604167,-73.801391670,-73.80139167,0,No Special Jurisdiction,12,Motor Vehicle In-Transport,2,Front-to-Front,0,No,2,Intersection,2,Four-Way Intersection,0,None,,,1,On Roadway,1,Daylight,,,,,1,Clear,0,No,0000000,Not Applicable,15,3:00pm-3:59pm,1,1,15,3:00pm-3:59pm,15,15,88,"Not Applicable (Not Transported) ",88,Not Applicable (Not Transported),,,,,,,1,
2023,36,360498,New York,2,2,0,0,0,2,2,103,SUFFOLK (103),2915,ISLANDIA,17,17,3,March,2023,6,Friday,7,7:00am-7:59am,35,35,1,This Section IS ON the NHS,2,Urban,3,Other Principal Arterial,1,State Highway Agency,3,State Highway,SR-454 VETERANS MEMORIAL HWY,"CR-100 SUFFOLK AVE ",99998,Not Reported,40.79867500,40.79867500,-73.173177780,-73.17317778,0,No Special Jurisdiction,12,Motor Vehicle In-Transport,6,Angle,0,No,2,Intersection,2,Four-Way Intersection,0,None,,,1,On Roadway,1,Daylight,,,,,1,Clear,0,No,0000000,Not Applicable,7,7:00am-7:59am,37,37,7,7:00am-7:59am,45,45,88,"Not Applicable (Not Transported) ",88,Not Applicable (Not Transported),,,,,,,1,
2023,36,360499,New York,2,2,0,0,0,2,2,13,CHAUTAUQUA (13),6590,WESTFIELD,6,6,7,July,2023,5,Thursday,14,2:00pm-2:59pm,57,57,0,This Section IS NOT on the NHS,1,Rural,7,Local,3,Town or Township Highway Agency,0,Not Signed,HARDENBURG RD,,99998,Not Reported,42.32765833,42.32765833,-79.547311110,-79.54731111,0,No Special Jurisdiction,12,Motor Vehicle In-Transport,2,Front-to-Front,0,No,1,Non-Junction,1,Not an Intersection,0,None,,,1,On Roadway,1,Daylight,,,,,1,Clear,0,No,0000000,Not Applicable,99,Unknown,99,Unknown,99,Unknown EMS Scene Arrival Hour,99,Unknown EMS Scene Arrival Minutes,99,Unknown,99,Unknown EMS Hospital Arrival Time,,,,,,,1,
2023,36,360500,New York,2,2,0,0,0,4,4,103,SUFFOLK (103),2840,HUNTINGTON,18,18,3,March,2023,7,Saturday,0,0:00am-0:59am,17,17,1,This Section IS ON the NHS,2,Urban,3,Other Principal Arterial,1,State Highway Agency,3,State Highway,SR-25 JERICHO TURNPIKE,,99998,Not Reported,40.83915556,40.83915556,-73.322730560,-73.32273056,0,No Special Jurisdiction,12,Motor Vehicle In-Transport,1,Front-to-Rear,0,No,1,Non-Junction,1,Not an Intersection,0,None,,,1,On Roadway,3,Dark - Lighted,,,,,2,Rain,0,No,0000000,Not Applicable,0,0:00am-0:59am,21,21,0,0:00am-0:59am,25,25,99,Unknown,99,Unknown EMS Hospital Arrival Time,,,,,,,1,
2023,36,360501,New York,3,3,0,0,0,4,4,103,SUFFOLK (103),705,BROOKHAVEN,19,19,3,March,2023,1,Sunday,17,5:00pm-5:59pm,0,0,1,This Section IS ON the NHS,2,Urban,3,Other Principal Arterial,1,State Highway Agency,3,State Highway,SR-25 MIDDLE COUNTRY RD,,99998,Not Reported,40.85831667,40.85831667,-73.103444440,-73.10344444,0,No Special Jurisdiction,12,Motor Vehicle In-Transport,6,Angle,0,No,1,Non-Junction,1,Not an Intersection,0,None,,,1,On Roadway,1,Daylight,,,,,1,Clear,0,No,0000000,Not Applicable,17,5:00pm-5:59pm,3,3,17,5:00pm-5:59pm,16,16,99,Unknown,99,Unknown EMS Hospital Arrival Time,,,,,,,1,
2023,36,360502,New York,2,2,0,0,0,6,6,9,CATTARAUGUS (9),2151,FREEDOM,17,17,6,June,2023,7,Saturday,12,12:00pm-12:59pm,5,5,0,This Section IS NOT on the NHS,1,Rural,5,Major Collector,2,County Highway Agency,4,County,CR-23 FREEDOM RD,,99998,Not Reported,42.48513333,42.48513333,-78.319808330,-78.31980833,0,No Special Jurisdiction,12,Motor Vehicle In-Transport,2,Front-to-Front,0,No,1,Non-Junction,1,Not an Intersection,0,None,,,1,On Roadway,1,Daylight,,,,,10,Cloudy,0,No,0000000,Not Applicable,99,Unknown,99,Unknown,99,Unknown EMS Scene Arrival Hour,99,Unknown EMS Scene Arrival Minutes,99,Unknown,99,Unknown EMS Hospital Arrival Time,,,,,,,3,
2023,36,360503,New York,2,2,0,0,0,3,3,103,SUFFOLK (103),705,BROOKHAVEN,30,30,3,March,2023,5,Thursday,13,1:00pm-1:59pm,35,35,1,This Section IS ON the NHS,2,Urban,3,Other Principal Arterial,2,County Highway Agency,4,County,CR-83 N OCEAN AVE,MOONEY POND RD,99998,Not Reported,40.86259167,40.86259167,-73.021677780,-73.02167778,0,No Special Jurisdiction,12,Motor Vehicle In-Transport,2,Front-to-Front,0,No,2,Intersection,2,Four-Way Intersection,0,None,,,1,On Roadway,1,Daylight,,,,,1,Clear,0,No,0000000,Not Applicable,99,Unknown,99,Unknown,99,Unknown EMS Scene Arrival Hour,99,Unknown EMS Scene Arrival Minutes,99,Unknown,99,Unknown EMS Hospital Arrival Time,,,,,,,1,
2023,36,360504,New York,3,3,0,0,0,3,3,109,TOMPKINS (109),4072,NEWFIELD,3,3,8,August,2023,5,Thursday,20,8:00pm-8:59pm,55,55,0,This Section IS NOT on the NHS,1,Rural,7,Local,2,County Highway Agency,4,County,CR-134 MILLARD HILL RD,,99998,Not Reported,99.99990000,99.99990000,999.999900000,999.99990000,0,No Special Jurisdiction,12,Motor Vehicle In-Transport,2,Front-to-Front,0,No,1,Non-Junction,1,Not an Intersection,0,None,,,1,On Roadway,2,Dark - Not Lighted,,,,,1,Clear,0,No,0000000,Not Applicable,20,8:00pm-8:59pm,55,55,21,9:00pm-9:59pm,10,10,99,Unknown,99,Unknown EMS Hospital Arrival Time,,,,,,,1,
2023,36,360505,New York,2,2,0,0,0,2,2,103,SUFFOLK (103),705,BROOKHAVEN,4,4,4,April,2023,3,Tuesday,9,9:00am-9:59am,23,23,0,This Section IS NOT on the NHS,2,Urban,4,Minor Arterial,3,Town or Township Highway Agency,0,Not Signed,WADING RIVER RD,,99998,Not Reported,40.85110000,40.85110000,-72.814791670,-72.81479167,0,No Special Jurisdiction,12,Motor Vehicle In-Transport,2,Front-to-Front,0,No,1,Non-Junction,1,Not an Intersection,0,None,,,1,On Roadway,1,Daylight,,,,,1,Clear,0,No,0000000,Not Applicable,9,9:00am-9:59am,24,24,9,9:00am-9:59am,43,43,10,10:00am-10:59am,16,16,,,,,,,1,
2023,36,360506,New York,2,2,0,0,0,2,2,103,SUFFOLK (103),2920,ISLIP,5,5,4,April,2023,4,Wednesday,0,0:00am-0:59am,45,45,1,This Section IS ON the NHS,2,Urban,1,Interstate,1,State Highway Agency,1,Interstate,I-495,,99998,Not Reported,40.80469444,40.80469444,-73.281808330,-73.28180833,0,No Special Jurisdiction,12,Motor Vehicle In-Transport,1,Front-to-Rear,0,No,1,Non-Junction,1,Not an Intersection,0,None,,,1,On Roadway,3,Dark - Lighted,,,,,1,Clear,0,No,0000000,Not Applicable,0,0:00am-0:59am,45,45,0,0:00am-0:59am,51,51,88,"Not Applicable (Not Transported) ",88,Not Applicable (Not Transported),,,,,,,1,
2023,36,360507,New York,2,2,0,0,0,4,4,103,SUFFOLK (103),2920,ISLIP,12,12,4,April,2023,4,Wednesday,13,1:00pm-1:59pm,22,22,1,This Section IS ON the NHS,2,Urban,3,Other Principal Arterial,1,State Highway Agency,3,State Highway,SR-454 VETERANS MEMORIAL HWY,COATES AVE,99998,Not Reported,40.78061389,40.78061389,-73.078727780,-73.07872778,0,No Special Jurisdiction,12,Motor Vehicle In-Transport,6,Angle,0,No,2,Intersection,3,T-Intersection,0,None,,,1,On Roadway,1,Daylight,,,,,1,Clear,0,No,0000000,Not Applicable,13,1:00pm-1:59pm,22,22,13,1:00pm-1:59pm,28,28,13,1:00pm-1:59pm,54,54,,,,,,,3,
2023,36,360508,New York,2,2,0,0,0,2,2,103,SUFFOLK (103),360,BABYLON,16,16,4,April,2023,1,Sunday,5,5:00am-5:59am,38,38,0,This Section IS NOT on the NHS,2,Urban,4,Minor Arterial,2,County Highway Agency,4,County,CR-2 STRAIGHT PATH,COMMANDER AVE,99998,Not Reported,40.73036111,40.73036111,-73.373044440,-73.37304444,0,No Special Jurisdiction,12,Motor Vehicle In-Transport,6,Angle,0,No,2,Intersection,3,T-Intersection,0,None,,,1,On Roadway,3,Dark - Lighted,,,,,5,"Fog, Smog, Smoke",0,No,0000000,Not Applicable,5,5:00am-5:59am,38,38,5,5:00am-5:59am,49,49,6,6:00am-6:59am,12,12,,,,,,,1,
2023,36,360509,New York,1,1,0,1,1,3,3,67,ONONDAGA (67),1166,CICERO,27,27,4,April,2023,5,Thursday,22,10:00pm-10:59pm,43,43,0,This Section IS NOT on the NHS,2,Urban,4,Minor Arterial,2,County Highway Agency,4,County,CR-82 NORTHERN BLVD,,99998,Not Reported,43.14851389,43.14851389,-76.091525000,-76.09152500,0,No Special Jurisdiction,8,Pedestrian,0,The First Harmful Event was Not a Collision with a Motor Vehicle in Transport,0,No,1,Non-Junction,1,Not an Intersection,0,None,,,1,On Roadway,2,Dark - Not Lighted,,,,,10,Cloudy,0,No,0000000,Not Applicable,22,10:00pm-10:59pm,43,43,22,10:00pm-10:59pm,47,47,88,"Not Applicable (Not Transported) ",88,Not Applicable (Not Transported),,,,,,,1,
2023,36,360510,New York,1,1,0,0,0,1,1,55,MONROE (55),4730,PENFIELD,14,14,5,May,2023,1,Sunday,13,1:00pm-1:59pm,47,47,0,This Section IS NOT on the NHS,2,Urban,7,Local,2,County Highway Agency,4,County,CR-26 HARRIS RD,SR-286 ATLANTIC AVE,99998,Not Reported,43.15985833,43.15985833,-77.412325000,-77.41232500,0,No Special Jurisdiction,59,"Traffic Sign Support ",0,The First Harmful Event was Not a Collision with a Motor Vehicle in Transport,0,No,3,Intersection-Related,2,Four-Way Intersection,0,None,,,4,On Roadside,1,Daylight,,,,,1,Clear,0,No,0000000,Not Applicable,13,1:00pm-1:59pm,47,47,13,1:00pm-1:59pm,54,54,88,"Not Applicable (Not Transported) ",88,Not Applicable (Not Transported),,,,,,,1,
2023,36,360511,New York,2,2,0,0,0,4,4,103,SUFFOLK (103),705,BROOKHAVEN,4,4,5,May,2023,5,Thursday,7,7:00am-7:59am,33,33,0,This Section IS NOT on the NHS,2,Urban,4,Minor Arterial,2,County Highway Agency,4,County,CR-101,EXPRESSWAY DR S,99998,Not Reported,40.82810000,40.82810000,-72.938733330,-72.93873333,0,No Special Jurisdiction,12,Motor Vehicle In-Transport,6,Angle,0,No,2,Intersection,2,Four-Way Intersection,0,None,,,1,On Roadway,1,Daylight,,,,,1,Clear,1,Yes,0000000,Not Applicable,99,Unknown,99,Unknown,99,Unknown EMS Scene Arrival Hour,99,Unknown EMS Scene Arrival Minutes,99,Unknown,99,Unknown EMS Hospital Arrival Time,,,,,,,2,
2023,36,360512,New York,2,2,0,0,0,2,2,103,SUFFOLK (103),2920,ISLIP,17,17,5,May,2023,4,Wednesday,18,6:00pm-6:59pm,39,39,0,This Section IS NOT on the NHS,2,Urban,4,Minor Arterial,2,County Highway Agency,4,County,CR-57 HOWELLS RD,RICHLAND BLVD,99998,Not Reported,40.73081389,40.73081389,-73.267077780,-73.26707778,0,No Special Jurisdiction,12,Motor Vehicle In-Transport,6,Angle,0,No,2,Intersection,2,Four-Way Intersection,0,None,,,1,On Roadway,1,Daylight,,,,,1,Clear,0,No,0000000,Not Applicable,99,Unknown,99,Unknown,99,Unknown EMS Scene Arrival Hour,99,Unknown EMS Scene Arrival Minutes,99,Unknown,99,Unknown EMS Hospital Arrival Time,,,,,,,1,
2023,36,360513,New York,2,2,0,0,0,2,2,3,ALLEGANY (3),100,ALFRED,18,18,7,July,2023,3,Tuesday,17,5:00pm-5:59pm,37,37,0,This Section IS NOT on the NHS,1,Rural,4,Minor Arterial,1,State Highway Agency,3,State Highway,SR-21,,99998,Not Reported,42.21963056,42.21963056,-77.790280560,-77.79028056,0,No Special Jurisdiction,12,Motor Vehicle In-Transport,2,Front-to-Front,0,No,1,Non-Junction,1,Not an Intersection,0,None,,,1,On Roadway,1,Daylight,,,,,10,Cloudy,0,No,0000000,Not Applicable,17,5:00pm-5:59pm,37,37,17,5:00pm-5:59pm,47,47,99,Unknown,99,Unknown EMS Hospital Arrival Time,,,,,,,1,