caseyear,state,st_case,statename,ve_total,ve_forms,pvh_invl,peds,pernotmvit,permvit,persons,county,countyname,city,cityname,day,dayname,month,monthname,year,day_week,day_weekname,hour,hourname,minute,minutename,nhs,nhsname,rur_urb,rur_urbname,func_sys,func_sysname,rd_owner,rd_ownername,route,routename,tway_id,tway_id2,milept,mileptname,latitude,latitudename,longitud,longitudname,sp_jur,sp_jurname,harm_ev,harm_evname,man_coll,man_collname,reljct1,reljct1name,reljct2,reljct2name,typ_int,typ_intname,wrk_zone,wrk_zonename,road_fnc,road_fncname,rel_road,rel_roadname,lgt_cond,lgt_condname,weather1,weather1name,weather2,weather2name,weather,weathername,sch_bus,sch_busname,rail,railname,not_hour,not_hourname,not_min,not_minname,arr_hour,arr_hourname,arr_min,arr_minname,hosp_hr,hosp_hrname,hosp_mn,hosp_mnname,cf1,cf1name,cf2,cf2name,cf3,cf3name,fatals,drunk_dr
2023,36,360514,New York,1,1,0,0,0,1,1,83,RENSSELAER (83),4000,NASSAU,2,2,7,July,2023,1,Sunday,17,5:00pm-5:59pm,18,18,0,This Section IS NOT on the NHS,1,Rural,7,Local,3,Town or Township Highway Agency,0,Not Signed,MALDEN BRIDGE RD,,99998,Not Reported,42.50204722,42.50204722,-73.605761110,-73.60576111,0,No Special Jurisdiction,42,Tree (Standing Only),0,The First Harmful Event was Not a Collision with a Motor Vehicle in Transport,0,No,1,Non-Junction,1,Not an Intersection,0,None,,,4,On Roadside,1,Daylight,,,,,10,Cloudy,0,No,0000000,Not Applicable,17,5:00pm-5:59pm,20,20,17,5:00pm-5:59pm,45,45,88,"Not Applicable (Not Transported) ",88,Not Applicable (Not Transported),,,,,,,1,
2023,36,360515,New York,2,2,0,0,0,2,2,45,JEFFERSON (45),6063,THREE MILE BAY,4,4,6,June,2023,1,Sunday,11,11:00am-11:59am,57,57,0,This Section IS NOT on the NHS,1,Rural,4,Minor Arterial,1,State Highway Agency,3,State Highway,SR-12E,BOURCY RD,99998,Not Reported,44.07863889,44.07863889,-76.224875000,-76.22487500,0,No Special Jurisdiction,12,Motor Vehicle In-Transport,6,Angle,0,No,2,Intersection,3,T-Intersection,0,None,,,1,On Roadway,1,Daylight,,,,,1,Clear,0,No,0000000,Not Applicable,99,Unknown,99,Unknown,99,Unknown EMS Scene Arrival Hour,99,Unknown EMS Scene Arrival Minutes,88,"Not Applicable (Not Transported) ",88,Not Applicable (Not Transported),,,,,,,1,
2023,36,360516,New York,1,1,0,0,0,1,1,59,NASSAU (59),2600,HEMPSTEAD,1,1,7,July,2023,7,Saturday,23,11:00pm-11:59pm,44,44,1,This Section IS ON the NHS,2,Urban,2,Other Freeways and Expressways,1,State Highway Agency,3,State Highway,SR-908M SOUTHERN STATE PKWY,,99998,Not Reported,40.68346111,40.68346111,-73.687466670,-73.68746667,0,No Special Jurisdiction,30,Utility Pole/Light Support,0,The First Harmful Event was Not a Collision with a Motor Vehicle in Transport,0,No,1,Non-Junction,1,Not an Intersection,0,None,,,4,On Roadside,3,Dark - Lighted,,,,,10,Cloudy,0,No,0000000,Not Applicable,23,11:00pm-11:59pm,56,56,23,11:00pm-11:59pm,56,56,88,"Not Applicable (Not Transported) ",88,Not Applicable (Not Transported),,,,,,,1,
2023,36,360517,New York,1,1,0,0,0,4,4,103,SUFFOLK (103),5210,RIVERHEAD,4,4,7,July,2023,3,Tuesday,8,8:00am-8:59am,12,12,1,This Section IS ON the NHS,2,Urban,1,Interstate,1,State Highway Agency,1,Interstate,I-495 EXIT RAMP,,99998,Not Reported,40.92154167,40.92154167,-72.720519440,-72.72051944,0,No Special Jurisdiction,59,"Traffic Sign Support ",0,The First Harmful Event was Not a Collision with a Motor Vehicle in Transport,1,Yes,5,Entrance/Exit Ramp Related,1,Not an Intersection,0,None,,,4,On Roadside,1,Daylight,,,,,10,Cloudy,0,No,0000000,Not Applicable,99,Unknown,99,Unknown,99,Unknown EMS Scene Arrival Hour,99,Unknown EMS Scene Arrival Minutes,99,Unknown,99,Unknown EMS Hospital Arrival Time,,,,,,,1,
2023,36,360518,New York,1,1,0,0,0,1,1,67,ONONDAGA (67),6010,SYRACUSE,23,23,7,July,2023,1,Sunday,11,11:00am-11:59am,34,34,1,This Section IS ON the NHS,2,Urban,1,Interstate,1,State Highway Agency,1,Interstate,I-81,,99998,Not Reported,43.05159722,43.05159722,-76.148563890,-76.14856389,0,No Special Jurisdiction,24,Guardrail Face,0,The First Harmful Event was Not a Collision with a Motor Vehicle in Transport,0,No,1,Non-Junction,1,Not an Intersection,0,None,,,3,On Median,1,Daylight,,,,,1,Clear,0,No,0000000,Not Applicable,11,11:00am-11:59am,34,34,11,11:00am-11:59am,45,45,88,"Not Applicable (Not Transported) ",88,Not Applicable (Not Transported),,,,,,,1,
2023,36,360519,New York,1,1,0,0,0,1,1,55,MONROE (55),2770,HONEOYE FALLS,29,29,7,July,2023,7,Saturday,4,4:00am-4:59am,50,50,0,This Section IS NOT on the NHS,1,Rural,5,Major Collector,2,County Highway Agency,4,County,CR-65 CLOVER ST,,99998,Not Reported,43.01486111,43.01486111,-77.584669440,-77.58466944,0,No Special Jurisdiction,42,Tree (Standing Only),0,The First Harmful Event was Not a Collision with a Motor Vehicle in Transport,0,No,1,Non-Junction,1,Not an Intersection,0,None,,,4,On Roadside,2,Dark - Not Lighted,,,,,1,Clear,0,No,0000000,Not Applicable,4,4:00am-4:59am,50,50,5,5:00am-5:59am,2,2,88,"Not Applicable (Not Transported) ",88,Not Applicable (Not Transported),,,,,,,1,
2023,36,360520,New York,1,1,0,0,0,1,1,71,ORANGE (71),3730,MIDDLETOWN,31,31,7,July,2023,2,Monday,16,4:00pm-4:59pm,45,45,1,This Section IS ON the NHS,1,Rural,1,Interstate,1,State Highway Agency,1,Interstate,I-84,,99998,Not Reported,41.40439167,41.40439167,-74.471991670,-74.47199167,0,No Special Jurisdiction,1,Rollover/Overturn,0,The First Harmful Event was Not a Collision with a Motor Vehicle in Transport,0,No,1,Non-Junction,1,Not an Intersection,0,None,,,1,On Roadway,1,Daylight,,,,,1,Clear,0,No,0000000,Not Applicable,16,4:00pm-4:59pm,51,51,17,5:00pm-5:59pm,3,3,88,"Not Applicable (Not Transported) ",88,Not Applicable (Not Transported),,,,,,,1,
2023,36,360521,New York,1,1,0,0,0,1,1,101,STEUBEN (101),20,ADDISON,1,1,8,August,2023,3,Tuesday,18,6:00pm-6:59pm,39,39,0,This Section IS NOT on the NHS,1,Rural,7,Local,3,Town or Township Highway Agency,0,Not Signed,BEEMAN HOLLOW RD,,99998,Not Reported,42.13773056,42.13773056,-77.202941670,-77.20294167,0,No Special Jurisdiction,1,Rollover/Overturn,0,The First Harmful Event was Not a Collision with a Motor Vehicle in Transport,0,No,1,Non-Junction,1,Not an Intersection,0,None,,,4,On Roadside,1,Daylight,,,,,1,Clear,0,No,0000000,Not Applicable,18,6:00pm-6:59pm,40,40,18,6:00pm-6:59pm,48,48,88,"Not Applicable (Not Transported) ",88,Not Applicable (Not Transported),,,,,,,1,
2023,36,360522,New York,1,1,0,0,0,2,2,89,ST LAWRENCE (89),3276,LISBON,3,3,8,August,2023,5,Thursday,22,10:00pm-10:59pm,26,26,0,This Section IS NOT on the NHS,1,Rural,7,Local,3,Town or Township Highway Agency,0,Not Signed,BROWN RD,SR-68,99998,Not Reported,44.67126111,44.67126111,-75.385525000,-75.38552500,0,No Special Jurisdiction,42,Tree (Standing Only),0,The First Harmful Event was Not a Collision with a Motor Vehicle in Transport,0,No,3,Intersection-Related,2,Four-Way Intersection,0,None,,,4,On Roadside,2,Dark - Not Lighted,,,,,1,Clear,0,No,0000000,Not Applicable,22,10:00pm-10:59pm,26,26,23,11:00pm-11:59pm,35,35,88,"Not Applicable (Not Transported) ",88,Not Applicable (Not Transported),,,,,,,1,
2023,36,360524,New York,2,2,0,0,0,2,2,91,SARATOGA (91),3462,MALTA,30,30,6,June,2023,6,Friday,15,3:00pm-3:59pm,47,47,1,This Section IS ON the NHS,2,Urban,3,Other Principal Arterial,1,State Highway Agency,2,U.S. Highway,US-9,CHERRY CHOKE RD,99998,Not Reported,43.02646944,43.02646944,-73.792400000,-73.79240000,0,No Special Jurisdiction,12,Motor Vehicle In-Transport,2,Front-to-Front,0,No,2,Intersection,2,Four-Way Intersection,0,None,,,1,On Roadway,1,Daylight,,,,,1,Clear,0,No,0000000,Not Applicable,99,Unknown,99,Unknown,99,Unknown EMS Scene Arrival Hour,99,Unknown EMS Scene Arrival Minutes,99,Unknown,99,Unknown EMS Hospital Arrival Time,,,,,,,1,
2023,36,360525,New York,1,1,0,0,0,1,1,59,NASSAU (59),2600,HEMPSTEAD,10,10,7,July,2023,2,Monday,17,5:00pm-5:59pm,36,36,1,This Section IS ON the NHS,2,Urban,2,Other Freeways and Expressways,1,State Highway Agency,3,State Highway,SR-908T WANTAGH STATE PKWY,,99998,Not Reported,40.64225556,40.64225556,-73.509725000,-73.50972500,0,No Special Jurisdiction,1,Rollover/Overturn,0,The First Harmful Event was Not a Collision with a Motor Vehicle in Transport,0,No,1,Non-Junction,1,Not an Intersection,0,None,,,4,On Roadside,1,Daylight,,,,,1,Clear,0,No,0000000,Not Applicable,17,5:00pm-5:59pm,43,43,17,5:00pm-5:59pm,45,45,18,6:00pm-6:59pm,12,12,,,,,,,1,
2023,36,360526,New York,1,1,0,0,0,1,1,55,MONROE (55),5230,ROCHESTER,22,22,7,July,2023,7,Saturday,1,1:00am-1:59am,7,7,0,This Section IS NOT on the NHS,2,Urban,4,Minor Arterial,4,City or Municipal Highway Agency,0,Not Signed,PORTLAND AVE,,99998,Not Reported,43.18458056,43.18458056,-77.583900000,-77.58390000,0,No Special Jurisdiction,33,Curb,0,The First Harmful Event was Not a Collision with a Motor Vehicle in Transport,0,No,1,Non-Junction,1,Not an Intersection,0,None,,,4,On Roadside,3,Dark - Lighted,,,,,1,Clear,0,No,0000000,Not Applicable,1,1:00am-1:59am,7,7,1,1:00am-1:59am,14,14,88,"Not Applicable (Not Transported) ",88,Not Applicable (Not Transported),,,,,,,1,
2023,36,360527,New York,1,1,0,0,0,2,2,43,HERKIMER (43),3820,MOHAWK,29,29,7,July,2023,7,Saturday,0,0:00am-0:59am,45,45,0,This Section IS NOT on the NHS,2,Urban,7,Local,3,Town or Township Highway Agency,0,Not Signed,WARREN RD,,99998,Not Reported,43.00100278,43.00100278,-75.024150000,-75.02415000,0,No Special Jurisdiction,42,Tree (Standing Only),0,The First Harmful Event was Not a Collision with a Motor Vehicle in Transport,0,No,1,Non-Junction,1,Not an Intersection,0,None,,,4,On Roadside,2,Dark - Not Lighted,,,,,1,Clear,0,No,0000000,Not Applicable,0,0:00am-0:59am,45,45,0,0:00am-0:59am,50,50,88,"Not Applicable (Not Transported) ",88,Not Applicable (Not Transported),,,,,,,2,
2023,36,360528,New York,1,1,0,1,1,1,1,81,QUEENS (81),4170,MIDDLE VILLAGE,29,29,7,July,2023,7,Saturday,4,4:00am-4:59am,55,55,0,This Section IS NOT on the NHS,2,Urban,4,Minor Arterial,4,City or Municipal Highway Agency,0,Not Signed,DRY HARBOR RD,,99998,Not Reported,40.72566111,40.72566111,-73.872588890,-73.87258889,0,No Special Jurisdiction,8,Pedestrian,0,The First Harmful Event was Not a Collision with a Motor Vehicle in Transport,0,No,1,Non-Junction,1,Not an Intersection,0,None,,,1,On Roadway,3,Dark - Lighted,,,,,1,Clear,0,No,0000000,Not Applicable,99,Unknown,99,Unknown,99,Unknown EMS Scene Arrival Hour,99,Unknown EMS Scene Arrival Minutes,99,Unknown,99,Unknown EMS Hospital Arrival Time,,,,,,,1,
2023,36,360529,New York,1,1,0,0,0,1,1,23,CORTLAND (23),1380,CORTLAND,26,26,8,August,2023,7,Saturday,15,3:00pm-3:59pm,21,21,1,This Section IS ON the NHS,2,Urban,1,Interstate,1,State Highway Agency,1,Interstate,I-81,,99998,Not Reported,99.99990000,99.99990000,999.999900000,999.99990000,0,No Special Jurisdiction,24,Guardrail Face,0,The First Harmful Event was Not a Collision with a Motor Vehicle in Transport,0,No,1,Non-Junction,1,Not an Intersection,0,None,,,3,On Median,1,Daylight,,,,,1,Clear,0,No,0000000,Not Applicable,15,3:00pm-3:59pm,21,21,15,3:00pm-3:59pm,21,21,99,Unknown,99,Unknown EMS Hospital Arrival Time,,,,,,,1,
2023,36,360530,New York,1,1,0,0,0,1,1,111,ULSTER (111),2242,GARDINER,5,5,8,August,2023,7,Saturday,18,6:00pm-6:59pm,6,6,0,This Section IS NOT on the NHS,1,Rural,6,Minor Collector,2,County Highway Agency,4,County,CR-79 ALBANY POST RD,,99998,Not Reported,41.63506667,41.63506667,-74.190769440,-74.19076944,0,No Special Jurisdiction,1,Rollover/Overturn,0,The First Harmful Event was Not a Collision with a Motor Vehicle in Transport,0,No,1,Non-Junction,1,Not an Intersection,0,None,,,4,On Roadside,1,Daylight,,,,,10,Cloudy,0,No,0000000,Not Applicable,18,6:00pm-6:59pm,6,6,18,6:00pm-6:59pm,15,15,88,"Not Applicable (Not Transported) ",88,Not Applicable (Not Transported),,,,,,,1,
2023,36,360531,New York,3,2,1,0,0,4,4,29,ERIE (29),2485,HAMBURG,5,5,8,August,2023,7,Saturday,14,2:00pm-2:59pm,35,35,0,This Section IS NOT on the NHS,2,Urban,5,Major Collector,2,County Highway Agency,4,County,CR-65 LAKEVIEW RD,,99999,Unknown,42.71448056,42.71448056,-78.863452780,-78.86345278,0,No Special Jurisdiction,12,Motor Vehicle In-Transport,6,Angle,0,No,8,Driveway Access Related,1,Not an Intersection,0,None,,,1,On Roadway,1,Daylight,,,,,1,Clear,0,No,0000000,Not Applicable,14,2:00pm-2:59pm,33,33,14,2:00pm-2:59pm,45,45,15,3:00pm-3:59pm,18,18,,,,,,,1,
2023,36,360532,New York,1,1,0,0,0,1,1,79,PUTNAM (79),900,CARMEL,30,30,8,August,2023,4,Wednesday,16,4:00pm-4:59pm,4,4,0,This Section IS NOT on the NHS,1,Rural,4,Minor Arterial,1,State Highway Agency,3,State Highway,SR-301,,99998,Not Reported,41.42904444,41.42904444,-73.701400000,-73.70140000,0,No Special Jurisdiction,30,Utility Pole/Light Support,0,The First Harmful Event was Not a Collision with a Motor Vehicle in Transport,0,No,1,Non-Junction,1,Not an Intersection,0,None,,,4,On Roadside,1,Daylight,,,,,1,Clear,0,No,0000000,Not Applicable,16,4:00pm-4:59pm,4,4,16,4:00pm-4:59pm,6,6,16,4:00pm-4:59pm,35,35,,,,,,,1,
2023,36,360533,New York,2,2,0,0,0,4,4,101,STEUBEN (101),340,AVOCA,6,6,8,August,2023,1,Sunday,14,2:00pm-2:59pm,30,30,0,This Section IS NOT on the NHS,1,Rural,5,Major Collector,1,State Highway Agency,3,State Highway,SR-415,SR-961J MICHIGAN HOLLOW RD,99998,Not Reported,42.39617778,42.39617778,-77.411194440,-77.41119444,0,No Special Jurisdiction,12,Motor Vehicle In-Transport,6,Angle,0,No,2,Intersection,3,T-Intersection,0,None,,,1,On Roadway,1,Daylight,,,,,1,Clear,0,No,0000000,Not Applicable,14,2:00pm-2:59pm,31,31,14,2:00pm-2:59pm,34,34,99,Unknown,99,Unknown EMS Hospital Arrival Time,,,,,,,1,
2023,36,360534,New York,1,1,0,0,0,1,1,5,BRONX (5),4170,NEW YORK CITY,4,4,9,September,2023,2,Monday,2,2:00am-2:59am,43,43,1,This Section IS ON the NHS,2,Urban,2,Other Freeways and Expressways,1,State Highway Agency,3,State Highway,SR-908A HUTCHINSON RIVER PKWY,,99998,Not Reported,40.87693611,40.87693611,-73.818288890,-73.81828889,0,No Special Jurisdiction,30,Utility Pole/Light Support,0,The First Harmful Event was Not a Collision with a Motor Vehicle in Transport,0,No,1,Non-Junction,1,Not an Intersection,0,None,,,4,On Roadside,3,Dark - Lighted,,,,,1,Clear,0,No,0000000,Not Applicable,2,2:00am-2:59am,45,45,2,2:00am-2:59am,50,50,88,"Not Applicable (Not Transported) ",88,Not Applicable (Not Transported),,,,,,,1,
2023,36,360535,New York,1,1,0,0,0,1,1,13,CHAUTAUQUA (13),4650,PANAMA,4,4,9,September,2023,2,Monday,23,11:00pm-11:59pm,32,32,0,This Section IS NOT on the NHS,1,Rural,5,Major Collector,3,Town or Township Highway Agency,0,Not Signed,GOSHEN RD,,99998,Not Reported,42.04142222,42.04142222,-79.499527780,-79.49952778,0,No Special Jurisdiction,42,Tree (Standing Only),0,The First Harmful Event was Not a Collision with a Motor Vehicle in Transport,0,No,1,Non-Junction,1,Not an Intersection,0,None,,,4,On Roadside,2,Dark - Not Lighted,,,,,1,Clear,0,No,0000000,Not Applicable,23,11:00pm-11:59pm,53,53,0,0:00am-0:59am,50,50,88,"Not Applicable (Not Transported) ",88,Not Applicable (Not Transported),,,,,,,1,
2023,36,360536,New York,3,2,1,0,0,2,2,81,QUEENS (81),9997,Other,6,6,8,August,2023,1,Sunday,2,2:00am-2:59am,4,4,0,This Section IS NOT on the NHS,2,Urban,7,Local,4,City or Municipal Highway Agency,0,Not Signed,"233 ST ",125 ST,99998,Not Reported,40.68435278,40.68435278,-73.732569440,-73.73256944,0,No Special Jurisdiction,12,Motor Vehicle In-Transport,2,Front-to-Front,0,No,2,Intersection,3,T-Intersection,0,None,,,1,On Roadway,3,Dark - Lighted,,,,,1,Clear,0,No,0000000,Not Applicable,99,Unknown,99,Unknown,99,Unknown EMS Scene Arrival Hour,99,Unknown EMS Scene Arrival Minutes,99,Unknown,99,Unknown EMS Hospital Arrival Time,,,,,,,1,
2023,36,360537,New York,1,1,0,0,0,1,1,27,DUTCHESS (27),2870,HYDE PARK,11,11,7,July,2023,3,Tuesday,3,3:00am-3:59am,40,40,0,This Section IS NOT on the NHS,1,Rural,5,Major Collector,2,County Highway Agency,4,County,CR-100 CREEK RD,,99998,Not Reported,99.99990000,99.99990000,999.999900000,999.99990000,0,No Special Jurisdiction,1,Rollover/Overturn,0,The First Harmful Event was Not a Collision with a Motor Vehicle in Transport,0,No,1,Non-Junction,1,Not an Intersection,0,None,,,4,On Roadside,2,Dark - Not Lighted,,,,,10,Cloudy,0,No,0000000,Not Applicable,3,3:00am-3:59am,40,40,3,3:00am-3:59am,54,54,4,4:00am-4:59am,20,20,,,,,,,1,
2023,36,360538,New York,2,2,0,0,0,3,3,111,ULSTER (111),3329,LLOYD,6,6,8,August,2023,1,Sunday,4,4:00am-4:59am,41,41,1,This Section IS ON the NHS,2,Urban,3,Other Principal Arterial,1,State Highway Agency,2,U.S. Highway,US-9W,,99998,Not Reported,41.69703333,41.69703333,-73.967583330,-73.96758333,0,No Special Jurisdiction,12,Motor Vehicle In-Transport,2,Front-to-Front,0,No,1,Non-Junction,1,Not an Intersection,0,None,,,1,On Roadway,3,Dark - Lighted,,,,,1,Clear,0,No,0000000,Not Applicable,4,4:00am-4:59am,44,44,4,4:00am-4:59am,52,52,5,5:00am-5:59am,13,13,,,,,,,1,
2023,36,360539,New York,1,1,0,0,0,1,1,29,ERIE (29),6642,WEST SENECA,9,9,9,September,2023,7,Saturday,0,0:00am-0:59am,54,54,1,This Section IS ON the NHS,2,Urban,2,Other Freeways and Expressways,1,State Highway Agency,3,State Highway,SR-400,,99998,Not Reported,42.84529444,42.84529444,-78.774241670,-78.77424167,0,No Special Jurisdiction,24,Guardrail Face,0,The First Harmful Event was Not a Collision with a Motor Vehicle in Transport,0,No,1,Non-Junction,1,Not an Intersection,0,None,,,3,On Median,2,Dark - Not Lighted,,,,,1,Clear,0,No,0000000,Not Applicable,0,0:00am-0:59am,54,54,0,0:00am-0:59am,59,59,88,"Not Applicable (Not Transported) ",88,Not Applicable (Not Transported),,,,,,,1,
2023,36,360541,New York,1,1,0,0,0,1,1,19,CLINTON (19),4880,PLATTSBURGH,6,6,8,August,2023,1,Sunday,4,4:00am-4:59am,46,46,0,This Section IS NOT on the NHS,2,Urban,4,Minor Arterial,2,County Highway Agency,4,County,CR-44 MILITARY RD,,99998,Not Reported,44.67113889,44.67113889,-73.507316670,-73.50731667,0,No Special Jurisdiction,42,Tree (Standing Only),0,The First Harmful Event was Not a Collision with a Motor Vehicle in Transport,0,No,1,Non-Junction,1,Not an Intersection,0,None,,,4,On Roadside,3,Dark - Lighted,,,,,1,Clear,0,No,0000000,Not Applicable,4,4:00am-4:59am,46,46,4,4:00am-4:59am,56,56,88,"Not Applicable (Not Transported) ",88,Not Applicable (Not Transported),,,,,,,1,
2023,36,360542,New York,2,2,0,2,2,4,4,59,NASSAU (59),2600,HEMPSTEAD,7,7,8,August,2023,2,Monday,2,2:00am-2:59am,17,17,1,This Section IS ON the NHS,2,Urban,3,Other Principal Arterial,1,State Highway Agency,3,State Highway,SR-24 HEMPSTEAD TPKE,,99998,Not Reported,40.70495833,40.70495833,-73.643344440,-73.64334444,0,No Special Jurisdiction,12,Motor Vehicle In-Transport,1,Front-to-Rear,0,No,1,Non-Junction,1,Not an Intersection,0,None,,,1,On Roadway,3,Dark - Lighted,,,,,10,Cloudy,0,No,0000000,Not Applicable,2,2:00am-2:59am,22,22,2,2:00am-2:59am,25,25,2,2:00am-2:59am,37,37,,,,,,,1,
2023,36,360543,New York,1,1,0,0,0,1,1,15,CHEMUNG (15),3790,MILLPORT,14,14,8,August,2023,2,Monday,7,7:00am-7:59am,25,25,0,This Section IS NOT on the NHS,2,Urban,6,Minor Collector,2,County Highway Agency,4,County,CR-59 SMITH RD,,99998,Not Reported,42.23014444,42.23014444,-76.828066670,-76.82806667,0,No Special Jurisdiction,11,Live Animal,0,The First Harmful Event was Not a Collision with a Motor Vehicle in Transport,0,No,1,Non-Junction,1,Not an Intersection,0,None,,,1,On Roadway,1,Daylight,,,,,10,Cloudy,0,No,0000000,Not Applicable,7,7:00am-7:59am,25,25,7,7:00am-7:59am,35,35,88,"Not Applicable (Not Transported) ",88,Not Applicable (Not Transported),,,,,,,1,
2023,36,360544,New York,2,2,0,0,0,3,3,37,GENESEE (37),4725,PEMBROKE,10,10,8,August,2023,5,Thursday,15,3:00pm-3:59pm,38,38,0,This Section IS NOT on the NHS,1,Rural,4,Minor Arterial,1,State Highway Agency,3,State Highway,SR-5,,99998,Not Reported,42.99353889,42.99353889,-78.386880560,-78.38688056,0,No Special Jurisdiction,12,Motor Vehicle In-Transport,2,Front-to-Front,0,No,1,Non-Junction,1,Not an Intersection,0,None,,,1,On Roadway,1,Daylight,,,,,2,Rain,0,No,0000000,Not Applicable,15,3:00pm-3:59pm,38,38,15,3:00pm-3:59pm,46,46,99,Unknown,99,Unknown EMS Hospital Arrival Time,,,,,,,1,
2023,36,360545,New York,1,1,0,0,0,1,1,5,BRONX (5),4170,NEW YORK CITY,23,23,8,August,2023,4,Wednesday,1,1:00am-1:59am,23,23,1,This Section IS ON the NHS,2,Urban,3,Other Principal Arterial,4,City or Municipal Highway Agency,0,Not Signed,GRAND CONCOURSE,E 184TH ST,99998,Not Reported,40.85933333,40.85933333,-73.898722220,-73.89872222,0,No Special Jurisdiction,1,Rollover/Overturn,0,The First Harmful Event was Not a Collision with a Motor Vehicle in Transport,0,No,3,Intersection-Related,2,Four-Way Intersection,0,None,,,12,Pedestrian Refuge Island or Traffic Island,3,Dark - Lighted,,,,,1,Clear,0,No,0000000,Not Applicable,99,Unknown,99,Unknown,99,Unknown EMS Scene Arrival Hour,99,Unknown EMS Scene Arrival Minutes,99,Unknown,99,Unknown EMS Hospital Arrival Time,,,,,,,1,
2023,36,360546,New York,1,1,0,0,0,1,1,71,ORANGE (71),4060,NEWBURGH,10,10,8,August,2023,5,Thursday,23,11:00pm-11:59pm,4,4,1,This Section IS ON the NHS,2,Urban,3,Other Principal Arterial,1,State Highway Agency,2,U.S. Highway,US-9W,,99998,Not Reported,41.57352778,41.57352778,-73.990261110,-73.99026111,0,No Special Jurisdiction,24,Guardrail Face,0,The First Harmful Event was Not a Collision with a Motor Vehicle in Transport,0,No,1,Non-Junction,1,Not an Intersection,0,None,,,4,On Roadside,3,Dark - Lighted,,,,,1,Clear,0,No,0000000,Not Applicable,23,11:00pm-11:59pm,4,4,23,11:00pm-11:59pm,15,15,23,11:00pm-11:59pm,40,40,,,,,,,1,
2023,36,360547,New York,1,1,0,1,1,1,1,81,QUEENS (81),4170,MIDDLE VILLAGE,30,30,7,July,2023,1,Sunday,18,6:00pm-6:59pm,1,1,0,This Section IS NOT on the NHS,2,Urban,7,Local,4,City or Municipal Highway Agency,0,Not Signed,41ST ST,69TH ST,0,None,40.74468056,40.74468056,-73.895969440,-73.89596944,0,No Special Jurisdiction,8,Pedestrian,0,The First Harmful Event was Not a Collision with a Motor Vehicle in Transport,0,No,3,Intersection-Related,2,Four-Way Intersection,0,None,,,1,On Roadway,1,Daylight,,,,,1,Clear,0,No,0000000,Not Applicable,99,Unknown,99,Unknown,99,Unknown EMS Scene Arrival Hour,99,Unknown EMS Scene Arrival Minutes,99,Unknown,99,Unknown EMS Hospital Arrival Time,,,,,,,1,
2023,36,360548,New York,2,2,0,0,0,3,3,59,NASSAU (59),3170,LAUREL HOLLOW,12,12,8,August,2023,7,Saturday,0,0:00am-0:59am,29,29,1,This Section IS ON the NHS,2,Urban,3,Other Principal Arterial,1,State Highway Agency,3,State Highway,SR-25A NORTHERN BLVD,,99998,Not Reported,40.85700833,40.85700833,-73.468780560,-73.46878056,0,No Special Jurisdiction,12,Motor Vehicle In-Transport,2,Front-to-Front,0,No,1,Non-Junction,1,Not an Intersection,0,None,,,1,On Roadway,3,Dark - Lighted,,,,,1,Clear,0,No,0000000,Not Applicable,0,0:00am-0:59am,32,32,0,0:00am-0:59am,41,41,99,Unknown,99,Unknown EMS Hospital Arrival Time,,,,,,,2,
2023,36,360549,New York,1,1,0,1,1,2,2,27,DUTCHESS (27),6380,WAPPINGERS FALLS,18,18,8,August,2023,6,Friday,21,9:00pm-9:59pm,0,0,1,This Section IS ON the NHS,2,Urban,3,Other Principal Arterial,1,State Highway Agency,2,U.S. Highway,US-9,NEW HACKENSACK RD,99998,Not Reported,41.59821389,41.59821389,-73.911219440,-73.91121944,0,No Special Jurisdiction,8,Pedestrian,0,The First Harmful Event was Not a Collision with a Motor Vehicle in Transport,0,No,3,Intersection-Related,2,Four-Way Intersection,0,None,,,1,On Roadway,3,Dark - Lighted,,,,,1,Clear,0,No,0000000,Not Applicable,21,9:00pm-9:59pm,3,3,21,9:00pm-9:59pm,9,9,21,9:00pm-9:59pm,38,38,,,,,,,1,
2023,36,360550,New York,2,2,0,0,0,4,4,121,WYOMING (121),4820,PIKE,13,13,8,August,2023,1,Sunday,10,10:00am-10:59am,15,15,0,This Section IS NOT on the NHS,1,Rural,4,Minor Arterial,1,State Highway Agency,3,State Highway,SR-39,SR-19,99998,Not Reported,42.56486111,42.56486111,-78.141400000,-78.14140000,0,No Special Jurisdiction,12,Motor Vehicle In-Transport,6,Angle,0,No,2,Intersection,2,Four-Way Intersection,0,None,,,1,On Roadway,1,Daylight,,,,,10,Cloudy,0,No,0000000,Not Applicable,10,10:00am-10:59am,14,14,10,10:00am-10:59am,21,21,99,Unknown,99,Unknown EMS Hospital Arrival Time,,,,,,,1,