caseyear,state,st_case,statename,ve_total,ve_forms,pvh_invl,peds,pernotmvit,permvit,persons,county,countyname,city,cityname,day,dayname,month,monthname,year,day_week,day_weekname,hour,hourname,minute,minutename,nhs,nhsname,rur_urb,rur_urbname,func_sys,func_sysname,rd_owner,rd_ownername,route,routename,tway_id,tway_id2,milept,mileptname,latitude,latitudename,longitud,longitudname,sp_jur,sp_jurname,harm_ev,harm_evname,man_coll,man_collname,reljct1,reljct1name,reljct2,reljct2name,typ_int,typ_intname,wrk_zone,wrk_zonename,road_fnc,road_fncname,rel_road,rel_roadname,lgt_cond,lgt_condname,weather1,weather1name,weather2,weather2name,weather,weathername,sch_bus,sch_busname,rail,railname,not_hour,not_hourname,not_min,not_minname,arr_hour,arr_hourname,arr_min,arr_minname,hosp_hr,hosp_hrname,hosp_mn,hosp_mnname,cf1,cf1name,cf2,cf2name,cf3,cf3name,fatals,drunk_dr
2023,36,360588,New York,2,2,0,0,0,4,4,81,QUEENS (81),4170,MIDDLE VILLAGE,24,24,8,August,2023,5,Thursday,2,2:00am-2:59am,16,16,1,This Section IS ON the NHS,2,Urban,1,Interstate,1,State Highway Agency,1,Interstate,I-678 WHITESTONE EXPY,,99998,Not Reported,40.77031111,40.77031111,-73.835000000,-73.83500000,0,No Special Jurisdiction,12,Motor Vehicle In-Transport,2,Front-to-Front,0,No,1,Non-Junction,1,Not an Intersection,0,None,,,1,On Roadway,3,Dark - Lighted,,,,,1,Clear,0,No,0000000,Not Applicable,99,Unknown,99,Unknown,99,Unknown EMS Scene Arrival Hour,99,Unknown EMS Scene Arrival Minutes,99,Unknown,99,Unknown EMS Hospital Arrival Time,,,,,,,2,
2023,36,360589,New York,2,2,0,1,1,2,2,103,SUFFOLK (103),1700,EAST PATCHOGUE,12,12,3,March,2023,1,Sunday,4,4:00am-4:59am,0,0,1,This Section IS ON the NHS,2,Urban,3,Other Principal Arterial,1,State Highway Agency,3,State Highway,SR-112 MEDFORD AVE,,99998,Not Reported,40.76983889,40.76983889,-73.007330560,-73.00733056,0,No Special Jurisdiction,8,Pedestrian,0,The First Harmful Event was Not a Collision with a Motor Vehicle in Transport,0,No,1,Non-Junction,1,Not an Intersection,0,None,,,1,On Roadway,3,Dark - Lighted,,,,,1,Clear,0,No,0000000,Not Applicable,4,4:00am-4:59am,2,2,4,4:00am-4:59am,5,5,99,Unknown,99,Unknown EMS Hospital Arrival Time,,,,,,,1,
2023,36,360591,New York,2,2,0,0,0,3,3,105,SULLIVAN (105),3850,MONTICELLO,6,6,9,September,2023,4,Wednesday,20,8:00pm-8:59pm,15,15,0,This Section IS NOT on the NHS,1,Rural,4,Minor Arterial,1,State Highway Agency,3,State Highway,SR-42,,99998,Not Reported,41.60916389,41.60916389,-74.710563890,-74.71056389,0,No Special Jurisdiction,12,Motor Vehicle In-Transport,2,Front-to-Front,0,No,1,Non-Junction,1,Not an Intersection,0,None,,,1,On Roadway,2,Dark - Not Lighted,,,,,1,Clear,0,No,0000000,Not Applicable,20,8:00pm-8:59pm,15,15,20,8:00pm-8:59pm,24,24,99,Unknown,99,Unknown EMS Hospital Arrival Time,,,,,,,1,
2023,36,360592,New York,2,2,0,0,0,4,4,31,ESSEX (31),3110,LAKE PLACID,29,29,8,August,2023,3,Tuesday,20,8:00pm-8:59pm,6,6,0,This Section IS NOT on the NHS,1,Rural,4,Minor Arterial,1,State Highway Agency,3,State Highway,SR-86,,99998,Not Reported,44.29661389,44.29661389,-74.006958330,-74.00695833,0,No Special Jurisdiction,24,Guardrail Face,0,The First Harmful Event was Not a Collision with a Motor Vehicle in Transport,0,No,1,Non-Junction,1,Not an Intersection,0,None,,,4,On Roadside,2,Dark - Not Lighted,,,,,1,Clear,0,No,0000000,Not Applicable,20,8:00pm-8:59pm,6,6,20,8:00pm-8:59pm,15,15,21,9:00pm-9:59pm,6,6,,,,,,,1,
2023,36,360593,New York,1,1,0,4,4,1,1,119,WESTCHESTER (119),6820,YONKERS,11,11,6,June,2023,1,Sunday,18,6:00pm-6:59pm,57,57,1,This Section IS ON the NHS,2,Urban,3,Other Principal Arterial,4,City or Municipal Highway Agency,2,U.S. Highway,US-9 N BROADWAY,,99998,Not Reported,40.95834722,40.95834722,-73.888350000,-73.88835000,0,No Special Jurisdiction,8,Pedestrian,0,The First Harmful Event was Not a Collision with a Motor Vehicle in Transport,0,No,1,Non-Junction,1,Not an Intersection,0,None,,,4,On Roadside,1,Daylight,,,,,1,Clear,0,No,0000000,Not Applicable,99,Unknown,99,Unknown,99,Unknown EMS Scene Arrival Hour,99,Unknown EMS Scene Arrival Minutes,99,Unknown,99,Unknown EMS Hospital Arrival Time,,,,,,,1,
2023,36,360594,New York,2,2,0,0,0,2,2,103,SUFFOLK (103),5810,SOUTHAMPTON,8,8,6,June,2023,5,Thursday,3,3:00am-3:59am,29,29,1,This Section IS ON the NHS,2,Urban,2,Other Freeways and Expressways,1,State Highway Agency,3,State Highway,SR-27,,99998,Not Reported,40.87372778,40.87372778,-72.602791670,-72.60279167,0,No Special Jurisdiction,12,Motor Vehicle In-Transport,1,Front-to-Rear,0,No,1,Non-Junction,1,Not an Intersection,0,None,,,1,On Roadway,2,Dark - Not Lighted,,,,,1,Clear,0,No,0000000,Not Applicable,99,Unknown,99,Unknown,99,Unknown EMS Scene Arrival Hour,99,Unknown EMS Scene Arrival Minutes,88,"Not Applicable (Not Transported) ",88,Not Applicable (Not Transported),,,,,,,1,
2023,36,360595,New York,2,2,0,0,0,3,3,45,JEFFERSON (45),1981,FELTS MILLS,31,31,8,August,2023,5,Thursday,22,10:00pm-10:59pm,2,2,1,This Section IS ON the NHS,1,Rural,3,Other Principal Arterial,1,State Highway Agency,3,State Highway,SR-3,,99998,Not Reported,44.02016111,44.02016111,-75.760236110,-75.76023611,0,No Special Jurisdiction,12,Motor Vehicle In-Transport,6,Angle,0,No,8,Driveway Access Related,1,Not an Intersection,0,None,,,1,On Roadway,2,Dark - Not Lighted,,,,,1,Clear,0,No,0000000,Not Applicable,22,10:00pm-10:59pm,2,2,22,10:00pm-10:59pm,12,12,22,10:00pm-10:59pm,48,48,,,,,,,1,
2023,36,360596,New York,1,1,0,2,2,1,1,25,DELAWARE (25),3550,MARGARETVILLE,2,2,8,August,2023,4,Wednesday,18,6:00pm-6:59pm,51,51,0,This Section IS NOT on the NHS,1,Rural,6,Minor Collector,3,Town or Township Highway Agency,0,Not Signed,NEW KINGSTON RD,,99998,Not Reported,42.22768056,42.22768056,-74.690069440,-74.69006944,0,No Special Jurisdiction,8,Pedestrian,0,The First Harmful Event was Not a Collision with a Motor Vehicle in Transport,0,No,1,Non-Junction,1,Not an Intersection,0,None,,,2,On Shoulder,1,Daylight,,,,,1,Clear,0,No,0000000,Not Applicable,18,6:00pm-6:59pm,51,51,19,7:00pm-7:59pm,14,14,99,Unknown,99,Unknown EMS Hospital Arrival Time,,,,,,,1,
2023,36,360597,New York,2,2,0,0,0,4,4,51,LIVINGSTON (51),1450,DANSVILLE,2,2,9,September,2023,7,Saturday,16,4:00pm-4:59pm,0,0,0,This Section IS NOT on the NHS,1,Rural,4,Minor Arterial,3,Town or Township Highway Agency,0,Not Signed,MAIN ST,,99998,Not Reported,42.55340278,42.55340278,-77.688375000,-77.68837500,0,No Special Jurisdiction,12,Motor Vehicle In-Transport,6,Angle,0,No,4,Driveway Access,1,Not an Intersection,0,None,,,1,On Roadway,1,Daylight,,,,,10,Cloudy,0,No,0000000,Not Applicable,16,4:00pm-4:59pm,0,0,16,4:00pm-4:59pm,5,5,99,Unknown,99,Unknown EMS Hospital Arrival Time,,,,,,,1,
2023,36,360598,New York,2,2,0,0,0,2,2,21,COLUMBIA (21),3313,LIVINGSTON,17,17,8,August,2023,5,Thursday,16,4:00pm-4:59pm,5,5,1,This Section IS ON the NHS,1,Rural,3,Other Principal Arterial,1,State Highway Agency,2,U.S. Highway,US-9,,99998,Not Reported,42.13519722,42.13519722,-73.786697220,-73.78669722,0,No Special Jurisdiction,12,Motor Vehicle In-Transport,2,Front-to-Front,0,No,1,Non-Junction,1,Not an Intersection,0,None,,,1,On Roadway,1,Daylight,,,,,1,Clear,0,No,0000000,Not Applicable,16,4:00pm-4:59pm,5,5,16,4:00pm-4:59pm,7,7,99,Unknown,99,Unknown EMS Hospital Arrival Time,,,,,,,1,
2023,36,360599,New York,1,1,0,0,0,1,1,25,DELAWARE (25),2530,HANCOCK,28,28,8,August,2023,2,Monday,4,4:00am-4:59am,29,29,1,This Section IS ON the NHS,1,Rural,3,Other Principal Arterial,1,State Highway Agency,3,State Highway,SR-17,,99998,Not Reported,41.97974444,41.97974444,-75.338427780,-75.33842778,0,No Special Jurisdiction,24,Guardrail Face,0,The First Harmful Event was Not a Collision with a Motor Vehicle in Transport,0,No,1,Non-Junction,1,Not an Intersection,0,None,,,4,On Roadside,2,Dark - Not Lighted,,,,,1,Clear,0,No,0000000,Not Applicable,4,4:00am-4:59am,37,37,4,4:00am-4:59am,50,50,88,"Not Applicable (Not Transported) ",88,Not Applicable (Not Transported),,,,,,,1,
2023,36,360600,New York,2,1,1,0,0,1,1,5,BRONX (5),4170,NEW YORK CITY,29,29,8,August,2023,3,Tuesday,0,0:00am-0:59am,42,42,0,This Section IS NOT on the NHS,2,Urban,5,Major Collector,4,City or Municipal Highway Agency,0,Not Signed,WHITE PLAINS RD,SOUNDVIEW AVE,99998,Not Reported,40.80904444,40.80904444,-73.854997220,-73.85499722,0,No Special Jurisdiction,14,Parked Motor Vehicle,0,The First Harmful Event was Not a Collision with a Motor Vehicle in Transport,0,No,3,Intersection-Related,2,Four-Way Intersection,0,None,,,7,In Parking Lane/Zone,3,Dark - Lighted,,,,,1,Clear,0,No,0000000,Not Applicable,99,Unknown,99,Unknown,99,Unknown EMS Scene Arrival Hour,99,Unknown EMS Scene Arrival Minutes,99,Unknown,99,Unknown EMS Hospital Arrival Time,,,,,,,1,
2023,36,360601,New York,2,2,0,0,0,2,2,47,KINGS (47),4170,NEW YORK CITY,30,30,8,August,2023,4,Wednesday,12,12:00pm-12:59pm,52,52,1,This Section IS ON the NHS,2,Urban,3,Other Principal Arterial,4,City or Municipal Highway Agency,0,Not Signed,3RD AVE,51ST ST,99998,Not Reported,40.64701111,40.64701111,-74.014988890,-74.01498889,0,No Special Jurisdiction,12,Motor Vehicle In-Transport,6,Angle,0,No,2,Intersection,2,Four-Way Intersection,0,None,,,1,On Roadway,1,Daylight,,,,,1,Clear,0,No,0000000,Not Applicable,12,12:00pm-12:59pm,52,52,13,1:00pm-1:59pm,0,0,13,1:00pm-1:59pm,10,10,,,,,,,1,
2023,36,360602,New York,1,1,0,0,0,2,2,53,MADISON (53),1010,CAZENOVIA,6,6,9,September,2023,4,Wednesday,11,11:00am-11:59am,49,49,1,This Section IS ON the NHS,1,Rural,3,Other Principal Arterial,1,State Highway Agency,2,U.S. Highway,US-20,STONE QUARRY RD,99998,Not Reported,42.92157500,42.92157500,-75.831338890,-75.83133889,0,No Special Jurisdiction,1,Rollover/Overturn,0,The First Harmful Event was Not a Collision with a Motor Vehicle in Transport,0,No,3,Intersection-Related,3,T-Intersection,0,None,,,3,On Median,1,Daylight,,,,,1,Clear,0,No,0000000,Not Applicable,11,11:00am-11:59am,49,49,11,11:00am-11:59am,56,56,12,12:00pm-12:59pm,36,36,,,,,,,1,
2023,36,360603,New York,1,1,0,0,0,14,14,101,STEUBEN (101),6500,WAYLAND,19,19,8,August,2023,7,Saturday,9,9:00am-9:59am,15,15,1,This Section IS ON the NHS,1,Rural,1,Interstate,1,State Highway Agency,1,Interstate,I-390,,99998,Not Reported,42.53495556,42.53495556,-77.629677780,-77.62967778,0,No Special Jurisdiction,34,Ditch,0,The First Harmful Event was Not a Collision with a Motor Vehicle in Transport,0,No,1,Non-Junction,1,Not an Intersection,0,None,,,3,On Median,1,Daylight,,,,,1,Clear,0,No,0000000,Not Applicable,9,9:00am-9:59am,15,15,9,9:00am-9:59am,15,15,99,Unknown,99,Unknown EMS Hospital Arrival Time,,,,,,,4,
2023,36,360604,New York,2,2,0,1,1,3,3,67,ONONDAGA (67),6010,SYRACUSE,24,24,8,August,2023,5,Thursday,22,10:00pm-10:59pm,24,24,1,This Section IS ON the NHS,2,Urban,1,Interstate,1,State Highway Agency,1,Interstate,I-81,,99998,Not Reported,43.04651667,43.04651667,-76.142388890,-76.14238889,0,No Special Jurisdiction,8,Pedestrian,0,The First Harmful Event was Not a Collision with a Motor Vehicle in Transport,0,No,1,Non-Junction,1,Not an Intersection,0,None,,,1,On Roadway,2,Dark - Not Lighted,,,,,10,Cloudy,0,No,0000000,Not Applicable,22,10:00pm-10:59pm,24,24,22,10:00pm-10:59pm,30,30,88,"Not Applicable (Not Transported) ",88,Not Applicable (Not Transported),,,,,,,1,
2023,36,360605,New York,2,2,0,0,0,5,5,75,OSWEGO (75),4540,OSWEGO,30,30,7,July,2023,1,Sunday,13,1:00pm-1:59pm,12,12,1,This Section IS ON the NHS,1,Rural,3,Other Principal Arterial,1,State Highway Agency,3,State Highway,SR-104,,99998,Not Reported,43.42662500,43.42662500,-76.571705560,-76.57170556,0,No Special Jurisdiction,12,Motor Vehicle In-Transport,2,Front-to-Front,0,No,1,Non-Junction,1,Not an Intersection,0,None,,,1,On Roadway,1,Daylight,,,,,1,Clear,0,No,0000000,Not Applicable,13,1:00pm-1:59pm,12,12,13,1:00pm-1:59pm,22,22,14,2:00pm-2:59pm,6,6,,,,,,,1,
2023,36,360606,New York,2,2,0,0,0,2,2,55,MONROE (55),6510,WEBSTER,31,31,8,August,2023,5,Thursday,1,1:00am-1:59am,24,24,1,This Section IS ON the NHS,2,Urban,2,Other Freeways and Expressways,1,State Highway Agency,3,State Highway,SR-104,,99998,Not Reported,43.21382222,43.21382222,-77.479725000,-77.47972500,0,No Special Jurisdiction,12,Motor Vehicle In-Transport,2,Front-to-Front,0,No,1,Non-Junction,1,Not an Intersection,0,None,,,1,On Roadway,3,Dark - Lighted,,,,,10,Cloudy,0,No,0000000,Not Applicable,1,1:00am-1:59am,24,24,1,1:00am-1:59am,29,29,2,2:00am-2:59am,15,15,,,,,,,2,
2023,36,360607,New York,2,2,0,0,0,4,4,59,NASSAU (59),4600,OYSTER BAY,31,31,8,August,2023,5,Thursday,17,5:00pm-5:59pm,15,15,0,This Section IS NOT on the NHS,2,Urban,4,Minor Arterial,3,Town or Township Highway Agency,0,Not Signed,"SPLIT ROCK RD ",MONFORT PL,99998,Not Reported,40.83292778,40.83292778,-73.506922220,-73.50692222,0,No Special Jurisdiction,12,Motor Vehicle In-Transport,6,Angle,0,No,2,Intersection,3,T-Intersection,0,None,,,1,On Roadway,1,Daylight,,,,,1,Clear,0,No,0000000,Not Applicable,17,5:00pm-5:59pm,22,22,17,5:00pm-5:59pm,32,32,17,5:00pm-5:59pm,58,58,,,,,,,1,
2023,36,360608,New York,2,2,0,0,0,4,4,13,CHAUTAUQUA (13),1115,CHAUTAUQUA,3,3,9,September,2023,1,Sunday,12,12:00pm-12:59pm,43,43,0,This Section IS NOT on the NHS,2,Urban,4,Minor Arterial,1,State Highway Agency,3,State Highway,SR-394 W LAKE RD,WOODLAWNS DR,99998,Not Reported,42.16582222,42.16582222,-79.435180560,-79.43518056,0,No Special Jurisdiction,12,Motor Vehicle In-Transport,6,Angle,0,No,2,Intersection,3,T-Intersection,0,None,,,1,On Roadway,1,Daylight,,,,,1,Clear,0,No,0000000,Not Applicable,12,12:00pm-12:59pm,43,43,12,12:00pm-12:59pm,43,43,99,Unknown,99,Unknown EMS Hospital Arrival Time,,,,,,,2,
2023,36,360609,New York,1,1,0,0,0,1,1,123,YATES (123),4740,PENN YAN,23,23,9,September,2023,7,Saturday,2,2:00am-2:59am,10,10,0,This Section IS NOT on the NHS,1,Rural,6,Minor Collector,2,County Highway Agency,4,County,CR-2 GORHAM RD,,99998,Not Reported,42.76000278,42.76000278,-77.108891670,-77.10889167,0,No Special Jurisdiction,1,Rollover/Overturn,0,The First Harmful Event was Not a Collision with a Motor Vehicle in Transport,0,No,1,Non-Junction,1,Not an Intersection,0,None,,,4,On Roadside,2,Dark - Not Lighted,,,,,1,Clear,0,No,0000000,Not Applicable,2,2:00am-2:59am,10,10,2,2:00am-2:59am,19,19,88,"Not Applicable (Not Transported) ",88,Not Applicable (Not Transported),,,,,,,1,
2023,36,360610,New York,1,1,0,1,1,1,1,29,ERIE (29),1899,EVANS,16,16,9,September,2023,7,Saturday,16,4:00pm-4:59pm,26,26,1,This Section IS ON the NHS,2,Urban,3,Other Principal Arterial,1,State Highway Agency,3,State Highway,SR-5 ERIE RD,,99998,Not Reported,42.66936389,42.66936389,-79.027702780,-79.02770278,0,No Special Jurisdiction,9,Pedalcyclist,0,The First Harmful Event was Not a Collision with a Motor Vehicle in Transport,0,No,1,Non-Junction,1,Not an Intersection,0,None,,,1,On Roadway,1,Daylight,,,,,1,Clear,0,No,0000000,Not Applicable,16,4:00pm-4:59pm,29,29,16,4:00pm-4:59pm,32,32,17,5:00pm-5:59pm,12,12,,,,,,,1,
2023,36,360611,New York,1,1,0,1,1,2,2,5,BRONX (5),4170,NEW YORK CITY,25,25,9,September,2023,2,Monday,21,9:00pm-9:59pm,4,4,0,This Section IS NOT on the NHS,2,Urban,5,Major Collector,4,City or Municipal Highway Agency,0,Not Signed,CASTLE HILL AVE,TURNBULL AVE,0,None,40.82393889,40.82393889,-73.849088890,-73.84908889,0,No Special Jurisdiction,8,Pedestrian,0,The First Harmful Event was Not a Collision with a Motor Vehicle in Transport,0,No,3,Intersection-Related,2,Four-Way Intersection,0,None,,,1,On Roadway,3,Dark - Lighted,,,,,2,Rain,0,No,0000000,Not Applicable,21,9:00pm-9:59pm,4,4,21,9:00pm-9:59pm,7,7,88,"Not Applicable (Not Transported) ",88,Not Applicable (Not Transported),,,,,,,1,
2023,36,360612,New York,2,2,0,0,0,2,2,85,RICHMOND (85),5943,"Staten Island ",3,3,9,September,2023,1,Sunday,15,3:00pm-3:59pm,29,29,0,This Section IS NOT on the NHS,2,Urban,4,Minor Arterial,4,City or Municipal Highway Agency,0,Not Signed,NEW DORP LN,10TH ST,99998,Not Reported,40.57275833,40.57275833,-74.114061110,-74.11406111,0,No Special Jurisdiction,1,Rollover/Overturn,0,The First Harmful Event was Not a Collision with a Motor Vehicle in Transport,0,No,2,Intersection,3,T-Intersection,0,None,,,1,On Roadway,1,Daylight,,,,,1,Clear,0,No,0000000,Not Applicable,99,Unknown,99,Unknown,99,Unknown EMS Scene Arrival Hour,99,Unknown EMS Scene Arrival Minutes,88,"Not Applicable (Not Transported) ",88,Not Applicable (Not Transported),,,,,,,1,
2023,36,360613,New York,2,2,0,0,0,2,2,117,WAYNE (117),3562,MARION,18,18,9,September,2023,2,Monday,10,10:00am-10:59am,26,26,0,This Section IS NOT on the NHS,1,Rural,7,Local,3,Town or Township Highway Agency,0,Not Signed,PARKER RD,,99998,Not Reported,43.13511389,43.13511389,-77.221613890,-77.22161389,0,No Special Jurisdiction,12,Motor Vehicle In-Transport,1,Front-to-Rear,0,No,1,Non-Junction,1,Not an Intersection,0,None,,,1,On Roadway,1,Daylight,,,,,10,Cloudy,0,No,0000000,Not Applicable,10,10:00am-10:59am,26,26,10,10:00am-10:59am,35,35,88,"Not Applicable (Not Transported) ",88,Not Applicable (Not Transported),,,,,,,1,
2023,36,360614,New York,2,2,0,0,0,5,5,85,RICHMOND (85),5943,"Staten Island ",3,3,9,September,2023,1,Sunday,23,11:00pm-11:59pm,2,2,1,This Section IS ON the NHS,2,Urban,1,Interstate,1,State Highway Agency,1,Interstate,I-278,,99998,Not Reported,40.60692778,40.60692778,-74.085727780,-74.08572778,0,No Special Jurisdiction,20,Impact Attenuator/Crash Cushion,0,The First Harmful Event was Not a Collision with a Motor Vehicle in Transport,0,No,1,Non-Junction,1,Not an Intersection,0,None,,,8,Gore,3,Dark - Lighted,,,,,1,Clear,0,No,0000000,Not Applicable,23,11:00pm-11:59pm,1,1,23,11:00pm-11:59pm,5,5,88,"Not Applicable (Not Transported) ",88,Not Applicable (Not Transported),,,,,,,2,
2023,36,360615,New York,2,2,0,0,0,3,3,57,MONTGOMERY (57),170,AMSTERDAM,3,3,9,September,2023,1,Sunday,1,1:00am-1:59am,23,23,1,This Section IS ON the NHS,1,Rural,1,Interstate,1,State Highway Agency,1,Interstate,I-90,,99998,Not Reported,42.93306389,42.93306389,-74.251744440,-74.25174444,0,No Special Jurisdiction,12,Motor Vehicle In-Transport,1,Front-to-Rear,0,No,1,Non-Junction,1,Not an Intersection,0,None,,,1,On Roadway,2,Dark - Not Lighted,,,,,10,Cloudy,0,No,0000000,Not Applicable,1,1:00am-1:59am,23,23,1,1:00am-1:59am,35,35,99,Unknown,99,Unknown EMS Hospital Arrival Time,,,,,,,1,
2023,36,360616,New York,2,2,0,0,0,3,3,27,DUTCHESS (27),1565,DOVER PLAINS,4,4,9,September,2023,2,Monday,16,4:00pm-4:59pm,54,54,1,This Section IS ON the NHS,2,Urban,3,Other Principal Arterial,1,State Highway Agency,3,State Highway,SR-22,,99998,Not Reported,41.61774722,41.61774722,-73.576091670,-73.57609167,0,No Special Jurisdiction,12,Motor Vehicle In-Transport,6,Angle,0,No,8,Driveway Access Related,1,Not an Intersection,0,None,,,1,On Roadway,1,Daylight,,,,,1,Clear,0,No,0000000,Not Applicable,16,4:00pm-4:59pm,56,56,17,5:00pm-5:59pm,4,4,99,Unknown,99,Unknown EMS Hospital Arrival Time,,,,,,,1,
2023,36,360617,New York,1,1,0,0,0,2,2,103,SUFFOLK (103),2920,ISLIP,21,21,4,April,2023,6,Friday,0,0:00am-0:59am,49,49,0,This Section IS NOT on the NHS,2,Urban,5,Major Collector,3,Town or Township Highway Agency,0,Not Signed,GREAT RIVER RD,,99998,Not Reported,40.73603333,40.73603333,-73.167850000,-73.16785000,0,No Special Jurisdiction,30,Utility Pole/Light Support,0,The First Harmful Event was Not a Collision with a Motor Vehicle in Transport,0,No,1,Non-Junction,1,Not an Intersection,0,None,,,4,On Roadside,3,Dark - Lighted,,,,,1,Clear,0,No,0000000,Not Applicable,99,Unknown,99,Unknown,99,Unknown EMS Scene Arrival Hour,99,Unknown EMS Scene Arrival Minutes,99,Unknown,99,Unknown EMS Hospital Arrival Time,,,,,,,1,
2023,36,360618,New York,1,1,0,0,0,1,1,103,SUFFOLK (103),705,BROOKHAVEN,25,25,5,May,2023,5,Thursday,22,10:00pm-10:59pm,53,53,0,This Section IS NOT on the NHS,2,Urban,4,Minor Arterial,2,County Highway Agency,4,County,CR-21,,99998,Not Reported,99.99990000,99.99990000,999.999900000,999.99990000,0,No Special Jurisdiction,42,Tree (Standing Only),0,The First Harmful Event was Not a Collision with a Motor Vehicle in Transport,0,No,1,Non-Junction,1,Not an Intersection,0,None,,,4,On Roadside,2,Dark - Not Lighted,,,,,1,Clear,0,No,0000000,Not Applicable,22,10:00pm-10:59pm,53,53,22,10:00pm-10:59pm,59,59,88,"Not Applicable (Not Transported) ",88,Not Applicable (Not Transported),,,,,,,1,
2023,36,360619,New York,3,1,2,4,4,1,1,81,QUEENS (81),2287,GLEN OAKS,5,5,9,September,2023,3,Tuesday,15,3:00pm-3:59pm,53,53,0,This Section IS NOT on the NHS,2,Urban,7,Local,4,City or Municipal Highway Agency,0,Not Signed,73 AVE,,99998,Not Reported,40.75161944,40.75161944,-73.716894440,-73.71689444,0,No Special Jurisdiction,14,Parked Motor Vehicle,0,The First Harmful Event was Not a Collision with a Motor Vehicle in Transport,0,No,1,Non-Junction,1,Not an Intersection,0,None,,,7,In Parking Lane/Zone,1,Daylight,,,,,1,Clear,0,No,0000000,Not Applicable,99,Unknown,99,Unknown,99,Unknown EMS Scene Arrival Hour,99,Unknown EMS Scene Arrival Minutes,99,Unknown,99,Unknown EMS Hospital Arrival Time,,,,,,,1,
2023,36,360620,New York,2,2,0,0,0,2,2,57,MONTGOMERY (57),170,AMSTERDAM,8,8,9,September,2023,6,Friday,21,9:00pm-9:59pm,16,16,0,This Section IS NOT on the NHS,2,Urban,4,Minor Arterial,1,State Highway Agency,3,State Highway,SR-5S,DESTEFANO PL,99998,Not Reported,42.93045278,42.93045278,-74.205811110,-74.20581111,0,No Special Jurisdiction,12,Motor Vehicle In-Transport,6,Angle,0,No,2,Intersection,3,T-Intersection,0,None,,,1,On Roadway,2,Dark - Not Lighted,,,,,2,Rain,0,No,0000000,Not Applicable,21,9:00pm-9:59pm,16,16,21,9:00pm-9:59pm,20,20,88,"Not Applicable (Not Transported) ",88,Not Applicable (Not Transported),,,,,,,1,
2023,36,360621,New York,1,1,0,0,0,1,1,89,ST LAWRENCE (89),2330,GOUVERNEUR,12,12,9,September,2023,3,Tuesday,13,1:00pm-1:59pm,54,54,1,This Section IS ON the NHS,1,Rural,3,Other Principal Arterial,1,State Highway Agency,3,State Highway,SR-58,,99998,Not Reported,44.29636111,44.29636111,-75.413927780,-75.41392778,0,No Special Jurisdiction,35,Embankment,0,The First Harmful Event was Not a Collision with a Motor Vehicle in Transport,0,No,1,Non-Junction,1,Not an Intersection,0,None,,,4,On Roadside,1,Daylight,,,,,10,Cloudy,0,No,0000000,Not Applicable,13,1:00pm-1:59pm,54,54,14,2:00pm-2:59pm,5,5,88,"Not Applicable (Not Transported) ",88,Not Applicable (Not Transported),,,,,,,1,
2023,36,360622,New York,1,1,0,1,1,2,2,59,NASSAU (59),2600,HEMPSTEAD,16,16,9,September,2023,7,Saturday,19,7:00pm-7:59pm,22,22,1,This Section IS ON the NHS,2,Urban,3,Other Principal Arterial,1,State Highway Agency,3,State Highway,SR-24 HEMPSTEAD TPK,,99998,Not Reported,40.72434722,40.72434722,-73.542222220,-73.54222222,0,No Special Jurisdiction,8,Pedestrian,0,The First Harmful Event was Not a Collision with a Motor Vehicle in Transport,0,No,1,Non-Junction,1,Not an Intersection,0,None,,,1,On Roadway,3,Dark - Lighted,,,,,1,Clear,0,No,0000000,Not Applicable,19,7:00pm-7:59pm,25,25,19,7:00pm-7:59pm,28,28,19,7:00pm-7:59pm,40,40,,,,,,,1,
2023,36,360623,New York,1,1,0,1,1,1,1,1,ALBANY (1),1290,COLONIE,13,13,9,September,2023,4,Wednesday,19,7:00pm-7:59pm,24,24,0,This Section IS NOT on the NHS,2,Urban,7,Local,4,City or Municipal Highway Agency,0,Not Signed,LOCUST PARK,,99998,Not Reported,42.72648056,42.72648056,-73.826891670,-73.82689167,0,No Special Jurisdiction,8,Pedestrian,0,The First Harmful Event was Not a Collision with a Motor Vehicle in Transport,0,No,1,Non-Junction,1,Not an Intersection,0,None,,,1,On Roadway,3,Dark - Lighted,,,,,10,Cloudy,0,No,0000000,Not Applicable,19,7:00pm-7:59pm,24,24,19,7:00pm-7:59pm,29,29,19,7:00pm-7:59pm,57,57,,,,,,,1,
2023,36,360624,New York,1,1,0,0,0,1,1,65,ONEIDA (65),1453,DEANSBORO,16,16,9,September,2023,7,Saturday,20,8:00pm-8:59pm,30,30,0,This Section IS NOT on the NHS,1,Rural,7,Local,2,County Highway Agency,4,County,CR-9 SHANLEY RD,,99998,Not Reported,42.99304167,42.99304167,-75.351855560,-75.35185556,0,No Special Jurisdiction,42,Tree (Standing Only),0,The First Harmful Event was Not a Collision with a Motor Vehicle in Transport,0,No,1,Non-Junction,1,Not an Intersection,0,None,,,4,On Roadside,2,Dark - Not Lighted,,,,,1,Clear,0,No,0000000,Not Applicable,99,Unknown,99,Unknown,99,Unknown EMS Scene Arrival Hour,99,Unknown EMS Scene Arrival Minutes,88,"Not Applicable (Not Transported) ",88,Not Applicable (Not Transported),,,,,,,1,