caseyear,state,st_case,statename,ve_total,ve_forms,pvh_invl,peds,pernotmvit,permvit,persons,county,countyname,city,cityname,day,dayname,month,monthname,year,day_week,day_weekname,hour,hourname,minute,minutename,nhs,nhsname,rur_urb,rur_urbname,func_sys,func_sysname,rd_owner,rd_ownername,route,routename,tway_id,tway_id2,milept,mileptname,latitude,latitudename,longitud,longitudname,sp_jur,sp_jurname,harm_ev,harm_evname,man_coll,man_collname,reljct1,reljct1name,reljct2,reljct2name,typ_int,typ_intname,wrk_zone,wrk_zonename,road_fnc,road_fncname,rel_road,rel_roadname,lgt_cond,lgt_condname,weather1,weather1name,weather2,weather2name,weather,weathername,sch_bus,sch_busname,rail,railname,not_hour,not_hourname,not_min,not_minname,arr_hour,arr_hourname,arr_min,arr_minname,hosp_hr,hosp_hrname,hosp_mn,hosp_mnname,cf1,cf1name,cf2,cf2name,cf3,cf3name,fatals,drunk_dr
2023,36,360661,New York,1,1,0,1,1,1,1,81,QUEENS (81),4170,MIDDLE VILLAGE,20,20,9,September,2023,4,Wednesday,20,8:00pm-8:59pm,21,21,0,This Section IS NOT on the NHS,2,Urban,4,Minor Arterial,4,City or Municipal Highway Agency,0,Not Signed,PITKIN AVE,95TH ST,0,None,40.67245833,40.67245833,-73.841211110,-73.84121111,0,No Special Jurisdiction,9,Pedalcyclist,0,The First Harmful Event was Not a Collision with a Motor Vehicle in Transport,0,No,3,Intersection-Related,2,Four-Way Intersection,0,None,,,1,On Roadway,3,Dark - Lighted,,,,,1,Clear,0,No,0000000,Not Applicable,99,Unknown,99,Unknown,99,Unknown EMS Scene Arrival Hour,99,Unknown EMS Scene Arrival Minutes,99,Unknown,99,Unknown EMS Hospital Arrival Time,,,,,,,1,
2023,36,360662,New York,1,1,0,0,0,1,1,29,ERIE (29),750,BUFFALO,11,11,9,September,2023,2,Monday,4,4:00am-4:59am,57,57,1,This Section IS ON the NHS,2,Urban,3,Other Principal Arterial,1,State Highway Agency,3,State Highway,SR-5 MAIN ST,MINNESOTA ST,99998,Not Reported,42.94809444,42.94809444,-78.829508330,-78.82950833,0,No Special Jurisdiction,30,Utility Pole/Light Support,0,The First Harmful Event was Not a Collision with a Motor Vehicle in Transport,0,No,3,Intersection-Related,3,T-Intersection,0,None,,,4,On Roadside,4,Dawn,,,,,1,Clear,0,No,0000000,Not Applicable,4,4:00am-4:59am,57,57,4,4:00am-4:59am,57,57,99,Unknown,99,Unknown EMS Hospital Arrival Time,,,,,,,1,
2023,36,360663,New York,1,1,0,0,0,1,1,61,NEW YORK (61),4170,NEW YORK,8,8,10,October,2023,1,Sunday,2,2:00am-2:59am,28,28,1,This Section IS ON the NHS,2,Urban,2,Other Freeways and Expressways,1,State Highway Agency,3,State Highway,SR-907V HENRY HUDSON PKWY,,99998,Not Reported,40.85110556,40.85110556,-73.943927780,-73.94392778,0,No Special Jurisdiction,25,Concrete Traffic Barrier,0,The First Harmful Event was Not a Collision with a Motor Vehicle in Transport,0,No,1,Non-Junction,1,Not an Intersection,0,None,,,4,On Roadside,3,Dark - Lighted,,,,,1,Clear,0,No,0000000,Not Applicable,99,Unknown,99,Unknown,99,Unknown EMS Scene Arrival Hour,99,Unknown EMS Scene Arrival Minutes,99,Unknown,99,Unknown EMS Hospital Arrival Time,,,,,,,1,
2023,36,360664,New York,2,2,0,0,0,4,4,17,CHENANGO (17),4289,NORTH NORWICH,12,12,9,September,2023,3,Tuesday,14,2:00pm-2:59pm,11,11,1,This Section IS ON the NHS,1,Rural,3,Other Principal Arterial,1,State Highway Agency,3,State Highway,SR-12,CR-32,99998,Not Reported,42.61875556,42.61875556,-75.511413890,-75.51141389,0,No Special Jurisdiction,12,Motor Vehicle In-Transport,6,Angle,0,No,2,Intersection,3,T-Intersection,0,None,,,1,On Roadway,1,Daylight,,,,,1,Clear,0,No,0000000,Not Applicable,14,2:00pm-2:59pm,11,11,14,2:00pm-2:59pm,15,15,14,2:00pm-2:59pm,58,58,,,,,,,1,
2023,36,360665,New York,1,1,0,0,0,1,1,47,KINGS (47),4170,NEW YORK CITY,8,8,10,October,2023,1,Sunday,15,3:00pm-3:59pm,23,23,0,This Section IS NOT on the NHS,2,Urban,4,Minor Arterial,4,City or Municipal Highway Agency,0,Not Signed,HIGHLAND BLVD,,99998,Not Reported,99.99990000,99.99990000,999.999900000,999.99990000,0,No Special Jurisdiction,25,Concrete Traffic Barrier,0,The First Harmful Event was Not a Collision with a Motor Vehicle in Transport,0,No,1,Non-Junction,1,Not an Intersection,0,None,,,4,On Roadside,1,Daylight,,,,,1,Clear,0,No,0000000,Not Applicable,99,Unknown,99,Unknown,99,Unknown EMS Scene Arrival Hour,99,Unknown EMS Scene Arrival Minutes,99,Unknown,99,Unknown EMS Hospital Arrival Time,,,,,,,1,
2023,36,360666,New York,2,2,0,0,0,2,2,27,DUTCHESS (27),3084,LAGRANGEVILLE,15,15,9,September,2023,6,Friday,15,3:00pm-3:59pm,40,40,1,This Section IS ON the NHS,2,Urban,3,Other Principal Arterial,1,State Highway Agency,3,State Highway,SR-55,,99998,Not Reported,41.67088056,41.67088056,-73.779363890,-73.77936389,0,No Special Jurisdiction,12,Motor Vehicle In-Transport,2,Front-to-Front,0,No,1,Non-Junction,1,Not an Intersection,0,None,,,1,On Roadway,1,Daylight,,,,,10,Cloudy,0,No,0000000,Not Applicable,15,3:00pm-3:59pm,40,40,15,3:00pm-3:59pm,41,41,16,4:00pm-4:59pm,19,19,,,,,,,1,
2023,36,360667,New York,1,1,0,1,1,1,1,103,SUFFOLK (103),2920,ISLIP,22,22,7,July,2023,7,Saturday,14,2:00pm-2:59pm,0,0,0,This Section IS NOT on the NHS,2,Urban,4,Minor Arterial,2,County Highway Agency,4,County,CR-93 LAKELAND AVE,SMITHTOWN AVE,99998,Not Reported,40.77921944,40.77921944,-73.109972220,-73.10997222,0,No Special Jurisdiction,9,Pedalcyclist,0,The First Harmful Event was Not a Collision with a Motor Vehicle in Transport,0,No,3,Intersection-Related,4,Y-Intersection,0,None,,,1,On Roadway,1,Daylight,,,,,1,Clear,0,No,0000000,Not Applicable,99,Unknown,99,Unknown,99,Unknown EMS Scene Arrival Hour,99,Unknown EMS Scene Arrival Minutes,99,Unknown,99,Unknown EMS Hospital Arrival Time,,,,,,,1,
2023,36,360668,New York,1,1,0,1,1,1,1,103,SUFFOLK (103),2920,ISLIP,31,31,7,July,2023,2,Monday,20,8:00pm-8:59pm,30,30,0,This Section IS NOT on the NHS,2,Urban,4,Minor Arterial,2,County Highway Agency,4,County,CR-17 CARLETON AVE,ELMORE ST,99998,Not Reported,99.99990000,99.99990000,999.999900000,999.99990000,0,No Special Jurisdiction,8,Pedestrian,0,The First Harmful Event was Not a Collision with a Motor Vehicle in Transport,0,No,3,Intersection-Related,2,Four-Way Intersection,0,None,,,1,On Roadway,5,Dusk,,,,,1,Clear,0,No,0000000,Not Applicable,99,Unknown,99,Unknown,99,Unknown EMS Scene Arrival Hour,99,Unknown EMS Scene Arrival Minutes,99,Unknown,99,Unknown EMS Hospital Arrival Time,,,,,,,1,
2023,36,360669,New York,1,1,0,1,1,1,1,81,QUEENS (81),4170,MIDDLE VILLAGE,5,5,10,October,2023,5,Thursday,7,7:00am-7:59am,12,12,0,This Section IS NOT on the NHS,2,Urban,5,Major Collector,4,City or Municipal Highway Agency,0,Not Signed,14TH RD,115TH ST,0,None,40.78469167,40.78469167,-73.852166670,-73.85216667,0,No Special Jurisdiction,8,Pedestrian,0,The First Harmful Event was Not a Collision with a Motor Vehicle in Transport,0,No,3,Intersection-Related,3,T-Intersection,0,None,,,1,On Roadway,1,Daylight,,,,,1,Clear,0,No,0000000,Not Applicable,7,7:00am-7:59am,12,12,7,7:00am-7:59am,20,20,88,"Not Applicable (Not Transported) ",88,Not Applicable (Not Transported),,,,,,,1,
2023,36,360670,New York,1,1,0,1,1,1,1,47,KINGS (47),4170,NEW YORK CITY,9,9,10,October,2023,2,Monday,21,9:00pm-9:59pm,16,16,1,This Section IS ON the NHS,2,Urban,2,Other Freeways and Expressways,1,State Highway Agency,3,State Highway,SR-907C BELT PKWY,,99998,Not Reported,40.58374167,40.58374167,-73.921327780,-73.92132778,0,No Special Jurisdiction,8,Pedestrian,0,The First Harmful Event was Not a Collision with a Motor Vehicle in Transport,0,No,1,Non-Junction,1,Not an Intersection,0,None,,,1,On Roadway,3,Dark - Lighted,,,,,1,Clear,0,No,0000000,Not Applicable,99,Unknown,99,Unknown,99,Unknown EMS Scene Arrival Hour,99,Unknown EMS Scene Arrival Minutes,99,Unknown,99,Unknown EMS Hospital Arrival Time,,,,,,,1,
2023,36,360671,New York,2,2,0,0,0,2,2,63,NIAGARA (63),3340,LOCKPORT,19,19,6,June,2023,2,Monday,16,4:00pm-4:59pm,35,35,1,This Section IS ON the NHS,2,Urban,3,Other Principal Arterial,1,State Highway Agency,3,State Highway,SR-78 S TRANSIT RD,TONAWANDA CREEK RD,99998,Not Reported,43.08774167,43.08774167,-78.696994440,-78.69699444,0,No Special Jurisdiction,12,Motor Vehicle In-Transport,6,Angle,0,No,2,Intersection,3,T-Intersection,0,None,,,1,On Roadway,1,Daylight,,,,,1,Clear,0,No,0000000,Not Applicable,16,4:00pm-4:59pm,51,51,17,5:00pm-5:59pm,4,4,17,5:00pm-5:59pm,55,55,,,,,,,1,
2023,36,360672,New York,1,1,0,0,0,1,1,103,SUFFOLK (103),2920,ISLIP,16,16,9,September,2023,7,Saturday,18,6:00pm-6:59pm,18,18,1,This Section IS ON the NHS,2,Urban,2,Other Freeways and Expressways,1,State Highway Agency,3,State Highway,SR-908J ROBERT MOSES CAUSEWAY,,99998,Not Reported,40.69629167,40.69629167,-73.288141670,-73.28814167,0,No Special Jurisdiction,33,Curb,0,The First Harmful Event was Not a Collision with a Motor Vehicle in Transport,0,No,1,Non-Junction,1,Not an Intersection,0,None,,,3,On Median,1,Daylight,,,,,1,Clear,0,No,0000000,Not Applicable,18,6:00pm-6:59pm,20,20,18,6:00pm-6:59pm,27,27,18,6:00pm-6:59pm,35,35,,,,,,,1,
2023,36,360673,New York,3,3,0,0,0,5,5,103,SUFFOLK (103),705,BROOKHAVEN,3,3,7,July,2023,2,Monday,10,10:00am-10:59am,55,55,1,This Section IS ON the NHS,2,Urban,3,Other Principal Arterial,1,State Highway Agency,3,State Highway,SR-347 NESCONSET HWY,CR-97 NICOLLS RD,99998,Not Reported,40.88297222,40.88297222,-73.106686110,-73.10668611,0,No Special Jurisdiction,12,Motor Vehicle In-Transport,6,Angle,0,No,2,Intersection,2,Four-Way Intersection,0,None,,,1,On Roadway,1,Daylight,,,,,1,Clear,0,No,0000000,Not Applicable,10,10:00am-10:59am,53,53,10,10:00am-10:59am,53,53,11,11:00am-11:59am,9,9,,,,,,,1,
2023,36,360674,New York,2,2,0,0,0,3,3,103,SUFFOLK (103),705,BROOKHAVEN,8,8,7,July,2023,7,Saturday,19,7:00pm-7:59pm,38,38,1,This Section IS ON the NHS,2,Urban,1,Interstate,1,State Highway Agency,1,Interstate,I-495 LONG ISLAND EXP EXIT RMP,CR-24,99998,Not Reported,40.90337500,40.90337500,-72.740072220,-72.74007222,0,No Special Jurisdiction,12,Motor Vehicle In-Transport,2,Front-to-Front,1,Yes,2,Intersection,3,T-Intersection,0,None,,,1,On Roadway,1,Daylight,,,,,10,Cloudy,0,No,0000000,Not Applicable,99,Unknown,99,Unknown,99,Unknown EMS Scene Arrival Hour,99,Unknown EMS Scene Arrival Minutes,88,"Not Applicable (Not Transported) ",88,Not Applicable (Not Transported),,,,,,,1,
2023,36,360675,New York,2,2,0,0,0,2,2,99,SENECA (99),5630,SENECA FALLS,20,20,9,September,2023,4,Wednesday,14,2:00pm-2:59pm,41,41,0,This Section IS NOT on the NHS,1,Rural,7,Local,2,County Highway Agency,4,County,CR-102,,99998,Not Reported,42.92406667,42.92406667,-76.813041670,-76.81304167,0,No Special Jurisdiction,12,Motor Vehicle In-Transport,1,Front-to-Rear,0,No,1,Non-Junction,1,Not an Intersection,0,None,,,1,On Roadway,1,Daylight,,,,,1,Clear,0,No,0000000,Not Applicable,14,2:00pm-2:59pm,43,43,14,2:00pm-2:59pm,50,50,99,Unknown,99,Unknown EMS Hospital Arrival Time,,,,,,,1,
2023,36,360676,New York,2,2,0,0,0,2,2,103,SUFFOLK (103),705,BROOKHAVEN,10,10,7,July,2023,2,Monday,7,7:00am-7:59am,20,20,1,This Section IS ON the NHS,2,Urban,1,Interstate,1,State Highway Agency,1,Interstate,I-495 LONG ISLAND EXPY,,99998,Not Reported,40.81793611,40.81793611,-73.068455560,-73.06845556,0,No Special Jurisdiction,12,Motor Vehicle In-Transport,1,Front-to-Rear,0,No,1,Non-Junction,1,Not an Intersection,0,None,,,1,On Roadway,1,Daylight,,,,,10,Cloudy,0,No,0000000,Not Applicable,7,7:00am-7:59am,20,20,7,7:00am-7:59am,27,27,99,Unknown,99,Unknown EMS Hospital Arrival Time,,,,,,,1,
2023,36,360677,New York,3,3,0,0,0,5,5,103,SUFFOLK (103),3654,MEDFORD,6,6,7,July,2023,5,Thursday,0,0:00am-0:59am,12,12,1,This Section IS ON the NHS,2,Urban,3,Other Principal Arterial,1,State Highway Agency,3,State Highway,SR-112,,99998,Not Reported,40.80239167,40.80239167,-73.004516670,-73.00451667,0,No Special Jurisdiction,12,Motor Vehicle In-Transport,6,Angle,0,No,8,Driveway Access Related,1,Not an Intersection,0,None,,,1,On Roadway,3,Dark - Lighted,,,,,1,Clear,0,No,0000000,Not Applicable,99,Unknown,99,Unknown,99,Unknown EMS Scene Arrival Hour,99,Unknown EMS Scene Arrival Minutes,99,Unknown,99,Unknown EMS Hospital Arrival Time,,,,,,,1,
2023,36,360678,New York,1,1,0,0,0,1,1,71,ORANGE (71),1169,CIRCLEVILLE,22,22,9,September,2023,6,Friday,9,9:00am-9:59am,15,15,0,This Section IS NOT on the NHS,2,Urban,6,Minor Collector,3,Town or Township Highway Agency,0,Not Signed,YORK RD,,99998,Not Reported,41.54380000,41.54380000,-74.431919440,-74.43191944,0,No Special Jurisdiction,30,Utility Pole/Light Support,0,The First Harmful Event was Not a Collision with a Motor Vehicle in Transport,0,No,1,Non-Junction,1,Not an Intersection,0,None,,,4,On Roadside,1,Daylight,,,,,1,Clear,0,No,0000000,Not Applicable,9,9:00am-9:59am,15,15,9,9:00am-9:59am,30,30,9,9:00am-9:59am,45,45,,,,,,,1,
2023,36,360679,New York,5,5,0,0,0,5,5,103,SUFFOLK (103),2920,ISLIP,3,3,7,July,2023,2,Monday,8,8:00am-8:59am,50,50,1,This Section IS ON the NHS,1,Rural,3,Other Principal Arterial,1,State Highway Agency,3,State Highway,SR-906A EXPRESSWAY DR S,CR-67 MOTOR PKWY,99998,Not Reported,40.80859167,40.80859167,-73.194038890,-73.19403889,0,No Special Jurisdiction,12,Motor Vehicle In-Transport,1,Front-to-Rear,0,No,2,Intersection,2,Four-Way Intersection,0,None,,,1,On Roadway,1,Daylight,,,,,1,Clear,0,No,0000000,Not Applicable,8,8:00am-8:59am,52,52,8,8:00am-8:59am,57,57,9,9:00am-9:59am,36,36,,,,,,,1,
2023,36,360680,New York,3,3,0,0,0,4,4,45,JEFFERSON (45),550,BLACK RIVER,22,22,9,September,2023,6,Friday,11,11:00am-11:59am,58,58,1,This Section IS ON the NHS,2,Urban,3,Other Principal Arterial,1,State Highway Agency,3,State Highway,SR-3,,99998,Not Reported,44.00571667,44.00571667,-75.799913890,-75.79991389,0,No Special Jurisdiction,12,Motor Vehicle In-Transport,1,Front-to-Rear,0,No,8,Driveway Access Related,1,Not an Intersection,0,None,,,1,On Roadway,1,Daylight,,,,,1,Clear,0,No,0000000,Not Applicable,11,11:00am-11:59am,58,58,12,12:00pm-12:59pm,8,8,13,1:00pm-1:59pm,1,1,,,,,,,1,
2023,36,360681,New York,2,2,0,0,0,2,2,103,SUFFOLK (103),705,BROOKHAVEN,20,20,7,July,2023,5,Thursday,0,0:00am-0:59am,43,43,1,This Section IS ON the NHS,2,Urban,1,Interstate,1,State Highway Agency,1,Interstate,I-495,,99998,Not Reported,40.82128333,40.82128333,-73.047319440,-73.04731944,0,No Special Jurisdiction,12,Motor Vehicle In-Transport,2,Front-to-Front,0,No,1,Non-Junction,1,Not an Intersection,0,None,,,1,On Roadway,3,Dark - Lighted,,,,,10,Cloudy,0,No,0000000,Not Applicable,0,0:00am-0:59am,43,43,0,0:00am-0:59am,55,55,88,"Not Applicable (Not Transported) ",88,Not Applicable (Not Transported),,,,,,,2,
2023,36,360682,New York,1,1,0,0,0,1,1,45,JEFFERSON (45),1900,EVANS MILLS,23,23,9,September,2023,7,Saturday,20,8:00pm-8:59pm,49,49,1,This Section IS ON the NHS,1,Rural,1,Interstate,1,State Highway Agency,1,Interstate,I-81,,99998,Not Reported,44.00248056,44.00248056,-75.915222220,-75.91522222,0,No Special Jurisdiction,24,Guardrail Face,0,The First Harmful Event was Not a Collision with a Motor Vehicle in Transport,0,No,1,Non-Junction,1,Not an Intersection,0,None,,,4,On Roadside,2,Dark - Not Lighted,,,,,10,Cloudy,0,No,0000000,Not Applicable,20,8:00pm-8:59pm,49,49,99,Unknown EMS Scene Arrival Hour,99,Unknown EMS Scene Arrival Minutes,88,"Not Applicable (Not Transported) ",88,Not Applicable (Not Transported),,,,,,,1,
2023,36,360683,New York,1,1,0,1,1,5,5,95,SCHOHARIE (95),5570,SCHOHARIE,25,25,9,September,2023,2,Monday,19,7:00pm-7:59pm,38,38,0,This Section IS NOT on the NHS,1,Rural,4,Minor Arterial,1,State Highway Agency,3,State Highway,SR-30 MAIN ST,SPRING ST,99998,Not Reported,42.66352222,42.66352222,-74.312527780,-74.31252778,0,No Special Jurisdiction,15,Non-Motorist on Personal Conveyance,0,The First Harmful Event was Not a Collision with a Motor Vehicle in Transport,0,No,3,Intersection-Related,3,T-Intersection,0,None,,,1,On Roadway,3,Dark - Lighted,,,,,1,Clear,0,No,0000000,Not Applicable,19,7:00pm-7:59pm,30,30,19,7:00pm-7:59pm,40,40,20,8:00pm-8:59pm,37,37,,,,,,,1,
2023,36,360684,New York,2,2,0,0,0,3,3,121,WYOMING (121),9997,Other,20,20,9,September,2023,4,Wednesday,15,3:00pm-3:59pm,48,48,1,This Section IS ON the NHS,1,Rural,3,Other Principal Arterial,1,State Highway Agency,3,State Highway,SR-63 BIG TREE RD,COURT RD,99998,Not Reported,42.84864722,42.84864722,-77.985191670,-77.98519167,0,No Special Jurisdiction,12,Motor Vehicle In-Transport,6,Angle,0,No,2,Intersection,4,Y-Intersection,0,None,,,1,On Roadway,1,Daylight,,,,,1,Clear,0,No,0000000,Not Applicable,15,3:00pm-3:59pm,49,49,16,4:00pm-4:59pm,1,1,88,"Not Applicable (Not Transported) ",88,Not Applicable (Not Transported),,,,,,,1,
2023,36,360685,New York,2,2,0,0,0,2,2,103,SUFFOLK (103),3589,MASTIC,22,22,7,July,2023,7,Saturday,20,8:00pm-8:59pm,45,45,0,This Section IS NOT on the NHS,2,Urban,4,Minor Arterial,3,Town or Township Highway Agency,0,Not Signed,MASTIC RD,SOMERSET AVE,99998,Not Reported,40.79591111,40.79591111,-72.841566670,-72.84156667,0,No Special Jurisdiction,12,Motor Vehicle In-Transport,1,Front-to-Rear,0,No,2,Intersection,3,T-Intersection,0,None,,,1,On Roadway,3,Dark - Lighted,,,,,1,Clear,0,No,0000000,Not Applicable,20,8:00pm-8:59pm,45,45,20,8:00pm-8:59pm,50,50,21,9:00pm-9:59pm,14,14,,,,,,,1,
2023,36,360686,New York,2,1,1,0,0,1,1,121,WYOMING (121),300,ATTICA,23,23,9,September,2023,7,Saturday,19,7:00pm-7:59pm,50,50,0,This Section IS NOT on the NHS,2,Urban,7,Local,4,City or Municipal Highway Agency,0,Not Signed,W MAIN ST,SR-354,0,None,42.86236944,42.86236944,-78.289480560,-78.28948056,0,No Special Jurisdiction,59,"Traffic Sign Support ",0,The First Harmful Event was Not a Collision with a Motor Vehicle in Transport,0,No,3,Intersection-Related,4,Y-Intersection,0,None,,,4,On Roadside,5,Dusk,,,,,1,Clear,0,No,0000000,Not Applicable,99,Unknown,99,Unknown,99,Unknown EMS Scene Arrival Hour,99,Unknown EMS Scene Arrival Minutes,99,Unknown,99,Unknown EMS Hospital Arrival Time,,,,,,,1,
2023,36,360687,New York,2,2,0,0,0,2,2,81,QUEENS (81),4170,MIDDLE VILLAGE,10,10,10,October,2023,3,Tuesday,22,10:00pm-10:59pm,37,37,1,This Section IS ON the NHS,2,Urban,3,Other Principal Arterial,4,City or Municipal Highway Agency,0,Not Signed,ASTORIA BLVD,101ST ST,99998,Not Reported,40.76168611,40.76168611,-73.868222220,-73.86822222,0,No Special Jurisdiction,12,Motor Vehicle In-Transport,6,Angle,0,No,2,Intersection,2,Four-Way Intersection,0,None,,,1,On Roadway,3,Dark - Lighted,,,,,1,Clear,0,No,0000000,Not Applicable,99,Unknown,99,Unknown,99,Unknown EMS Scene Arrival Hour,99,Unknown EMS Scene Arrival Minutes,88,"Not Applicable (Not Transported) ",88,Not Applicable (Not Transported),,,,,,,1,
2023,36,360688,New York,2,2,0,0,0,5,5,55,MONROE (55),6510,WEBSTER,27,27,9,September,2023,4,Wednesday,13,1:00pm-1:59pm,18,18,0,This Section IS NOT on the NHS,2,Urban,5,Major Collector,2,County Highway Agency,4,County,CR-1 LAKE RD,SR-250 WEBSTER RD,99998,Not Reported,43.26354722,43.26354722,-77.434180560,-77.43418056,0,No Special Jurisdiction,12,Motor Vehicle In-Transport,6,Angle,0,No,2,Intersection,2,Four-Way Intersection,0,None,,,1,On Roadway,1,Daylight,,,,,1,Clear,1,Yes,0000000,Not Applicable,13,1:00pm-1:59pm,18,18,13,1:00pm-1:59pm,21,21,99,Unknown,99,Unknown EMS Hospital Arrival Time,,,,,,,1,
2023,36,360689,New York,1,1,0,0,0,1,1,57,MONTGOMERY (57),5400,ST. JOHNSVILLE,30,30,9,September,2023,7,Saturday,23,11:00pm-11:59pm,51,51,0,This Section IS NOT on the NHS,1,Rural,7,Local,2,County Highway Agency,4,County,CR-59 CLAY HILL RD,,99998,Not Reported,43.01890833,43.01890833,-74.735302780,-74.73530278,0,No Special Jurisdiction,42,Tree (Standing Only),0,The First Harmful Event was Not a Collision with a Motor Vehicle in Transport,0,No,1,Non-Junction,1,Not an Intersection,0,None,,,4,On Roadside,2,Dark - Not Lighted,,,,,1,Clear,0,No,0000000,Not Applicable,23,11:00pm-11:59pm,51,51,0,0:00am-0:59am,7,7,88,"Not Applicable (Not Transported) ",88,Not Applicable (Not Transported),,,,,,,1,
2023,36,360690,New York,3,3,0,0,0,3,3,81,QUEENS (81),4170,MIDDLE VILLAGE,8,8,10,October,2023,1,Sunday,18,6:00pm-6:59pm,25,25,1,This Section IS ON the NHS,2,Urban,3,Other Principal Arterial,4,City or Municipal Highway Agency,0,Not Signed,DITMARS BLVD,31ST AVE,99998,Not Reported,40.76263333,40.76263333,-73.861594440,-73.86159444,0,No Special Jurisdiction,12,Motor Vehicle In-Transport,6,Angle,0,No,2,Intersection,3,T-Intersection,0,None,,,1,On Roadway,1,Daylight,,,,,1,Clear,0,No,0000000,Not Applicable,18,6:00pm-6:59pm,26,26,18,6:00pm-6:59pm,40,40,18,6:00pm-6:59pm,55,55,,,,,,,1,
2023,36,360691,New York,2,2,0,0,0,3,3,61,NEW YORK (61),4170,NEW YORK,4,4,10,October,2023,4,Wednesday,3,3:00am-3:59am,24,24,0,This Section IS NOT on the NHS,2,Urban,7,Local,4,City or Municipal Highway Agency,0,Not Signed,E 94TH ST,2ND AVE,99998,Not Reported,40.78296389,40.78296389,-73.948013890,-73.94801389,0,No Special Jurisdiction,12,Motor Vehicle In-Transport,6,Angle,0,No,2,Intersection,2,Four-Way Intersection,0,None,,,1,On Roadway,3,Dark - Lighted,,,,,1,Clear,0,No,0000000,Not Applicable,99,Unknown,99,Unknown,99,Unknown EMS Scene Arrival Hour,99,Unknown EMS Scene Arrival Minutes,99,Unknown,99,Unknown EMS Hospital Arrival Time,,,,,,,1,
2023,36,360692,New York,1,1,0,1,1,1,1,55,MONROE (55),5230,ROCHESTER,26,26,9,September,2023,3,Tuesday,11,11:00am-11:59am,17,17,0,This Section IS NOT on the NHS,2,Urban,4,Minor Arterial,4,City or Municipal Highway Agency,0,Not Signed,BAUSCH ST,ST PAUL ST,99998,Not Reported,43.16729722,43.16729722,-77.616986110,-77.61698611,0,No Special Jurisdiction,8,Pedestrian,0,The First Harmful Event was Not a Collision with a Motor Vehicle in Transport,0,No,3,Intersection-Related,2,Four-Way Intersection,0,None,,,1,On Roadway,1,Daylight,,,,,1,Clear,0,No,0000000,Not Applicable,99,Unknown,99,Unknown,99,Unknown EMS Scene Arrival Hour,99,Unknown EMS Scene Arrival Minutes,11,11:00am-11:59am,45,45,,,,,,,1,
2023,36,360693,New York,1,1,0,1,1,1,1,47,KINGS (47),4170,NEW YORK CITY,4,4,10,October,2023,4,Wednesday,10,10:00am-10:59am,8,8,0,This Section IS NOT on the NHS,2,Urban,5,Major Collector,4,City or Municipal Highway Agency,0,Not Signed,CLARKSON AVE,ROGERS AVE,99998,Not Reported,40.65530833,40.65530833,-73.952938890,-73.95293889,0,No Special Jurisdiction,9,Pedalcyclist,0,The First Harmful Event was Not a Collision with a Motor Vehicle in Transport,0,No,2,Intersection,2,Four-Way Intersection,0,None,,,1,On Roadway,1,Daylight,,,,,1,Clear,0,No,0000000,Not Applicable,10,10:00am-10:59am,8,8,10,10:00am-10:59am,15,15,10,10:00am-10:59am,30,30,,,,,,,1,
2023,36,360694,New York,1,1,0,1,1,4,4,61,NEW YORK (61),4170,NEW YORK,3,3,10,October,2023,3,Tuesday,19,7:00pm-7:59pm,21,21,0,This Section IS NOT on the NHS,2,Urban,4,Minor Arterial,4,City or Municipal Highway Agency,0,Not Signed,W 10TH ST,GREENWICH AVE,99998,Not Reported,40.73475278,40.73475278,-73.999977780,-73.99997778,0,No Special Jurisdiction,8,Pedestrian,0,The First Harmful Event was Not a Collision with a Motor Vehicle in Transport,0,No,3,Intersection-Related,2,Four-Way Intersection,0,None,,,1,On Roadway,5,Dusk,,,,,1,Clear,0,No,0000000,Not Applicable,99,Unknown,99,Unknown,99,Unknown EMS Scene Arrival Hour,99,Unknown EMS Scene Arrival Minutes,99,Unknown,99,Unknown EMS Hospital Arrival Time,,,,,,,1,
2023,36,360695,New York,1,1,0,0,0,1,1,111,ULSTER (111),5,ACCORD,28,28,6,June,2023,4,Wednesday,20,8:00pm-8:59pm,18,18,0,This Section IS NOT on the NHS,1,Rural,7,Local,3,Town or Township Highway Agency,0,Not Signed,MILL HOOK RD,,99998,Not Reported,41.81556111,41.81556111,-74.228575000,-74.22857500,0,No Special Jurisdiction,1,Rollover/Overturn,0,The First Harmful Event was Not a Collision with a Motor Vehicle in Transport,0,No,1,Non-Junction,1,Not an Intersection,0,None,,,4,On Roadside,1,Daylight,,,,,10,Cloudy,0,No,0000000,Not Applicable,20,8:00pm-8:59pm,18,18,20,8:00pm-8:59pm,26,26,21,9:00pm-9:59pm,27,27,,,,,,,1,
2023,36,360696,New York,1,1,0,0,0,1,1,45,JEFFERSON (45),1182,CLAYTON,5,5,8,August,2023,7,Saturday,4,4:00am-4:59am,0,0,0,This Section IS NOT on the NHS,1,Rural,5,Major Collector,2,County Highway Agency,4,County,CR-181,,99998,Not Reported,44.20413889,44.20413889,-76.018327780,-76.01832778,0,No Special Jurisdiction,38,Fence,0,The First Harmful Event was Not a Collision with a Motor Vehicle in Transport,0,No,1,Non-Junction,1,Not an Intersection,0,None,,,5,Outside Trafficway,2,Dark - Not Lighted,,,,,5,"Fog, Smog, Smoke",0,No,0000000,Not Applicable,99,Unknown,99,Unknown,99,Unknown EMS Scene Arrival Hour,99,Unknown EMS Scene Arrival Minutes,88,"Not Applicable (Not Transported) ",88,Not Applicable (Not Transported),,,,,,,1,