caseyear,state,st_case,statename,ve_total,ve_forms,pvh_invl,peds,pernotmvit,permvit,persons,county,countyname,city,cityname,day,dayname,month,monthname,year,day_week,day_weekname,hour,hourname,minute,minutename,nhs,nhsname,rur_urb,rur_urbname,func_sys,func_sysname,rd_owner,rd_ownername,route,routename,tway_id,tway_id2,milept,mileptname,latitude,latitudename,longitud,longitudname,sp_jur,sp_jurname,harm_ev,harm_evname,man_coll,man_collname,reljct1,reljct1name,reljct2,reljct2name,typ_int,typ_intname,wrk_zone,wrk_zonename,road_fnc,road_fncname,rel_road,rel_roadname,lgt_cond,lgt_condname,weather1,weather1name,weather2,weather2name,weather,weathername,sch_bus,sch_busname,rail,railname,not_hour,not_hourname,not_min,not_minname,arr_hour,arr_hourname,arr_min,arr_minname,hosp_hr,hosp_hrname,hosp_mn,hosp_mnname,cf1,cf1name,cf2,cf2name,cf3,cf3name,fatals,drunk_dr
2023,36,360697,New York,1,1,0,0,0,1,1,3,ALLEGANY (3),190,ANDOVER,28,28,9,September,2023,5,Thursday,14,2:00pm-2:59pm,43,43,0,This Section IS NOT on the NHS,1,Rural,7,Local,2,County Highway Agency,4,County,CR-22,,99998,Not Reported,42.15282500,42.15282500,-77.782180560,-77.78218056,0,No Special Jurisdiction,24,Guardrail Face,0,The First Harmful Event was Not a Collision with a Motor Vehicle in Transport,0,No,1,Non-Junction,1,Not an Intersection,0,None,,,4,On Roadside,1,Daylight,,,,,10,Cloudy,0,No,0000000,Not Applicable,14,2:00pm-2:59pm,44,44,14,2:00pm-2:59pm,50,50,88,"Not Applicable (Not Transported) ",88,Not Applicable (Not Transported),,,,,,,1,
2023,36,360698,New York,1,1,0,0,0,1,1,47,KINGS (47),4170,NEW YORK CITY,13,13,10,October,2023,6,Friday,0,0:00am-0:59am,36,36,0,This Section IS NOT on the NHS,2,Urban,4,Minor Arterial,4,City or Municipal Highway Agency,0,Not Signed,GUIDER AVE,CONEY ISLAND AVE,99998,Not Reported,40.58355556,40.58355556,-73.960250000,-73.96025000,0,No Special Jurisdiction,33,Curb,0,The First Harmful Event was Not a Collision with a Motor Vehicle in Transport,0,No,3,Intersection-Related,2,Four-Way Intersection,0,None,,,4,On Roadside,3,Dark - Lighted,,,,,1,Clear,0,No,0000000,Not Applicable,99,Unknown,99,Unknown,99,Unknown EMS Scene Arrival Hour,99,Unknown EMS Scene Arrival Minutes,99,Unknown,99,Unknown EMS Hospital Arrival Time,,,,,,,1,
2023,36,360699,New York,1,1,0,1,1,1,1,59,NASSAU (59),4600,OYSTER BAY,13,13,10,October,2023,6,Friday,15,3:00pm-3:59pm,43,43,0,This Section IS NOT on the NHS,2,Urban,4,Minor Arterial,3,Town or Township Highway Agency,0,Not Signed,MERRITS RD,REESE PL,99998,Not Reported,40.71986389,40.71986389,-73.458327780,-73.45832778,0,No Special Jurisdiction,9,Pedalcyclist,0,The First Harmful Event was Not a Collision with a Motor Vehicle in Transport,0,No,2,Intersection,3,T-Intersection,0,None,,,1,On Roadway,1,Daylight,,,,,1,Clear,0,No,0000000,Not Applicable,15,3:00pm-3:59pm,45,45,15,3:00pm-3:59pm,49,49,88,"Not Applicable (Not Transported) ",88,Not Applicable (Not Transported),,,,,,,1,
2023,36,360700,New York,1,1,0,0,0,1,1,117,WAYNE (117),6760,WOLCOTT,25,25,8,August,2023,6,Friday,10,10:00am-10:59am,2,2,0,This Section IS NOT on the NHS,1,Rural,5,Major Collector,1,State Highway Agency,3,State Highway,SR-89,,99998,Not Reported,43.16296944,43.16296944,-76.783127780,-76.78312778,0,No Special Jurisdiction,1,Rollover/Overturn,0,The First Harmful Event was Not a Collision with a Motor Vehicle in Transport,0,No,1,Non-Junction,1,Not an Intersection,0,None,,,4,On Roadside,1,Daylight,,,,,10,Cloudy,0,No,0000000,Not Applicable,10,10:00am-10:59am,6,6,10,10:00am-10:59am,31,31,88,"Not Applicable (Not Transported) ",88,Not Applicable (Not Transported),,,,,,,1,
2023,36,360701,New York,2,2,0,0,0,3,3,55,MONROE (55),652,BRIGHTON,5,5,9,September,2023,3,Tuesday,10,10:00am-10:59am,24,24,0,This Section IS NOT on the NHS,2,Urban,4,Minor Arterial,1,State Highway Agency,3,State Highway,SR-31 MONROE AVE,,99998,Not Reported,43.12931389,43.12931389,-77.567727780,-77.56772778,0,No Special Jurisdiction,12,Motor Vehicle In-Transport,2,Front-to-Front,0,No,8,Driveway Access Related,1,Not an Intersection,0,None,,,1,On Roadway,1,Daylight,,,,,1,Clear,0,No,0000000,Not Applicable,10,10:00am-10:59am,24,24,10,10:00am-10:59am,25,25,10,10:00am-10:59am,59,59,,,,,,,1,
2023,36,360702,New York,1,1,0,1,1,1,1,93,SCHENECTADY (93),4225,NISKAYUNA,5,5,10,October,2023,5,Thursday,19,7:00pm-7:59pm,57,57,1,This Section IS ON the NHS,2,Urban,3,Other Principal Arterial,1,State Highway Agency,3,State Highway,SR-5 STATE ST,CENTRAL AVE,99998,Not Reported,42.76933889,42.76933889,-73.891644440,-73.89164444,0,No Special Jurisdiction,8,Pedestrian,0,The First Harmful Event was Not a Collision with a Motor Vehicle in Transport,0,No,2,Intersection,3,T-Intersection,0,None,,,1,On Roadway,3,Dark - Lighted,,,,,10,Cloudy,0,No,0000000,Not Applicable,19,7:00pm-7:59pm,59,59,20,8:00pm-8:59pm,0,0,99,Unknown,99,Unknown EMS Hospital Arrival Time,,,,,,,1,
2023,36,360703,New York,2,2,0,0,0,2,2,119,WESTCHESTER (119),4700,PEEKSKILL,8,8,10,October,2023,1,Sunday,13,1:00pm-1:59pm,8,8,1,This Section IS ON the NHS,2,Urban,2,Other Freeways and Expressways,1,State Highway Agency,3,State Highway,SR-987H BEAR MNTN STATE PKWY,CARHART AVE,99998,Not Reported,41.29852222,41.29852222,-73.906058330,-73.90605833,0,No Special Jurisdiction,5,Fell/Jumped from Vehicle,0,The First Harmful Event was Not a Collision with a Motor Vehicle in Transport,0,No,2,Intersection,2,Four-Way Intersection,0,None,,,1,On Roadway,1,Daylight,,,,,1,Clear,0,No,0000000,Not Applicable,13,1:00pm-1:59pm,8,8,99,Unknown EMS Scene Arrival Hour,99,Unknown EMS Scene Arrival Minutes,99,Unknown,99,Unknown EMS Hospital Arrival Time,,,,,,,1,
2023,36,360704,New York,1,1,0,1,1,1,1,103,SUFFOLK (103),360,BABYLON,15,15,10,October,2023,1,Sunday,5,5:00am-5:59am,19,19,1,This Section IS ON the NHS,2,Urban,3,Other Principal Arterial,1,State Highway Agency,3,State Highway,SR-27 SUNRISE HWY,N GREENE AVE,99998,Not Reported,40.70258056,40.70258056,-73.376233330,-73.37623333,0,No Special Jurisdiction,8,Pedestrian,0,The First Harmful Event was Not a Collision with a Motor Vehicle in Transport,0,No,3,Intersection-Related,3,T-Intersection,0,None,,,1,On Roadway,3,Dark - Lighted,,,,,10,Cloudy,0,No,0000000,Not Applicable,5,5:00am-5:59am,23,23,5,5:00am-5:59am,23,23,88,"Not Applicable (Not Transported) ",88,Not Applicable (Not Transported),,,,,,,1,
2023,36,360705,New York,1,1,0,1,1,1,1,61,NEW YORK (61),4170,NEW YORK,19,19,10,October,2023,5,Thursday,18,6:00pm-6:59pm,51,51,1,This Section IS ON the NHS,2,Urban,3,Other Principal Arterial,4,City or Municipal Highway Agency,0,Not Signed,BROADWAY,W 161 ST,99998,Not Reported,40.83653611,40.83653611,-73.943200000,-73.94320000,0,No Special Jurisdiction,8,Pedestrian,0,The First Harmful Event was Not a Collision with a Motor Vehicle in Transport,0,No,3,Intersection-Related,2,Four-Way Intersection,0,None,,,1,On Roadway,3,Dark - Lighted,,,,,1,Clear,0,No,0000000,Not Applicable,99,Unknown,99,Unknown,99,Unknown EMS Scene Arrival Hour,99,Unknown EMS Scene Arrival Minutes,99,Unknown,99,Unknown EMS Hospital Arrival Time,,,,,,,1,
2023,36,360706,New York,1,1,0,1,1,1,1,47,KINGS (47),4170,NEW YORK CITY,18,18,10,October,2023,4,Wednesday,10,10:00am-10:59am,28,28,0,This Section IS NOT on the NHS,2,Urban,4,Minor Arterial,4,City or Municipal Highway Agency,0,Not Signed,BROADWAY,FLUSHING AVE,0,None,40.70068889,40.70068889,-73.941888890,-73.94188889,0,No Special Jurisdiction,8,Pedestrian,0,The First Harmful Event was Not a Collision with a Motor Vehicle in Transport,0,No,3,Intersection-Related,2,Four-Way Intersection,0,None,,,1,On Roadway,1,Daylight,,,,,1,Clear,0,No,0000000,Not Applicable,10,10:00am-10:59am,30,30,99,Unknown EMS Scene Arrival Hour,99,Unknown EMS Scene Arrival Minutes,99,Unknown,99,Unknown EMS Hospital Arrival Time,,,,,,,1,
2023,36,360708,New York,2,2,0,0,0,2,2,5,BRONX (5),4170,NEW YORK CITY,19,19,10,October,2023,5,Thursday,11,11:00am-11:59am,42,42,0,This Section IS NOT on the NHS,2,Urban,5,Major Collector,4,City or Municipal Highway Agency,0,Not Signed,LACONIA AVE,E 214TH ST,0,None,40.87686667,40.87686667,-73.854166670,-73.85416667,0,No Special Jurisdiction,12,Motor Vehicle In-Transport,11,"Other ",0,No,2,Intersection,2,Four-Way Intersection,0,None,,,1,On Roadway,1,Daylight,,,,,1,Clear,0,No,0000000,Not Applicable,99,Unknown,99,Unknown,99,Unknown EMS Scene Arrival Hour,99,Unknown EMS Scene Arrival Minutes,99,Unknown,99,Unknown EMS Hospital Arrival Time,,,,,,,1,
2023,36,360709,New York,3,3,0,0,0,3,3,47,KINGS (47),4170,NEW YORK CITY,16,16,10,October,2023,2,Monday,22,10:00pm-10:59pm,26,26,1,This Section IS ON the NHS,1,Rural,2,Other Freeways and Expressways,1,State Highway Agency,3,State Highway,SR-907C BELT PKWY,,99998,Not Reported,40.58369722,40.58369722,-73.921577780,-73.92157778,0,No Special Jurisdiction,12,Motor Vehicle In-Transport,1,Front-to-Rear,0,No,1,Non-Junction,1,Not an Intersection,0,None,,,1,On Roadway,3,Dark - Lighted,,,,,1,Clear,0,No,0000000,Not Applicable,99,Unknown,99,Unknown,99,Unknown EMS Scene Arrival Hour,99,Unknown EMS Scene Arrival Minutes,99,Unknown,99,Unknown EMS Hospital Arrival Time,,,,,,,1,
2023,36,360710,New York,1,1,0,0,0,2,2,21,COLUMBIA (21),2705,HILLSDALE,17,17,10,October,2023,3,Tuesday,17,5:00pm-5:59pm,49,49,0,This Section IS NOT on the NHS,1,Rural,7,Local,3,Town or Township Highway Agency,0,Not Signed,HUNT RD,,99998,Not Reported,42.20971111,42.20971111,-73.519119440,-73.51911944,0,No Special Jurisdiction,11,Live Animal,0,The First Harmful Event was Not a Collision with a Motor Vehicle in Transport,0,No,1,Non-Junction,1,Not an Intersection,0,None,,,1,On Roadway,5,Dusk,,,,,1,Clear,0,No,0000000,Not Applicable,99,Unknown,99,Unknown,99,Unknown EMS Scene Arrival Hour,99,Unknown EMS Scene Arrival Minutes,99,Unknown,99,Unknown EMS Hospital Arrival Time,,,,,,,1,
2023,36,360711,New York,1,1,0,0,0,1,1,3,ALLEGANY (3),2190,FRIENDSHIP,20,20,8,August,2023,1,Sunday,18,6:00pm-6:59pm,13,13,0,This Section IS NOT on the NHS,1,Rural,7,Local,2,County Highway Agency,4,County,CR-8,,99998,Not Reported,42.14758889,42.14758889,-78.114833330,-78.11483333,0,No Special Jurisdiction,1,Rollover/Overturn,0,The First Harmful Event was Not a Collision with a Motor Vehicle in Transport,0,No,1,Non-Junction,1,Not an Intersection,0,None,,,1,On Roadway,1,Daylight,,,,,10,Cloudy,0,No,0000000,Not Applicable,18,6:00pm-6:59pm,13,13,18,6:00pm-6:59pm,28,28,20,8:00pm-8:59pm,22,22,,,,,,,1,
2023,36,360712,New York,1,1,0,0,0,1,1,103,SUFFOLK (103),2840,HUNTINGTON,27,27,9,September,2023,4,Wednesday,13,1:00pm-1:59pm,27,27,0,This Section IS NOT on the NHS,1,Rural,4,Minor Arterial,3,Town or Township Highway Agency,0,Not Signed,OLD COUNTRY RD,,99998,Not Reported,40.79312222,40.79312222,-73.431936110,-73.43193611,0,No Special Jurisdiction,42,Tree (Standing Only),0,The First Harmful Event was Not a Collision with a Motor Vehicle in Transport,0,No,1,Non-Junction,1,Not an Intersection,0,None,,,4,On Roadside,1,Daylight,,,,,1,Clear,0,No,0000000,Not Applicable,13,1:00pm-1:59pm,27,27,99,Unknown EMS Scene Arrival Hour,99,Unknown EMS Scene Arrival Minutes,99,Unknown,99,Unknown EMS Hospital Arrival Time,,,,,,,1,
2023,36,360713,New York,1,1,0,1,1,1,1,117,WAYNE (117),5790,SODUS,26,26,8,August,2023,7,Saturday,2,2:00am-2:59am,51,51,0,This Section IS NOT on the NHS,1,Rural,6,Minor Collector,3,Town or Township Highway Agency,4,County,CR-101 LAKE RD,,99998,Not Reported,43.26260278,43.26260278,-77.059286110,-77.05928611,0,No Special Jurisdiction,8,Pedestrian,0,The First Harmful Event was Not a Collision with a Motor Vehicle in Transport,0,No,1,Non-Junction,1,Not an Intersection,0,None,,,1,On Roadway,2,Dark - Not Lighted,,,,,1,Clear,0,No,0000000,Not Applicable,99,Unknown,99,Unknown,99,Unknown EMS Scene Arrival Hour,99,Unknown EMS Scene Arrival Minutes,88,"Not Applicable (Not Transported) ",88,Not Applicable (Not Transported),,,,,,,1,
2023,36,360714,New York,1,1,0,1,1,1,1,1,ALBANY (1),3680,MENANDS,9,9,10,October,2023,2,Monday,14,2:00pm-2:59pm,32,32,1,This Section IS ON the NHS,2,Urban,1,Interstate,1,State Highway Agency,1,Interstate,I-787 RAMP,,99998,Not Reported,42.69980278,42.69980278,-73.712297220,-73.71229722,0,No Special Jurisdiction,9,Pedalcyclist,0,The First Harmful Event was Not a Collision with a Motor Vehicle in Transport,1,Yes,20,Entrance/Exit Ramp,1,Not an Intersection,0,None,,,1,On Roadway,1,Daylight,,,,,1,Clear,0,No,0000000,Not Applicable,14,2:00pm-2:59pm,33,33,14,2:00pm-2:59pm,45,45,88,"Not Applicable (Not Transported) ",88,Not Applicable (Not Transported),,,,,,,1,
2023,36,360715,New York,1,1,0,1,1,2,2,59,NASSAU (59),2600,HEMPSTEAD,16,16,10,October,2023,2,Monday,19,7:00pm-7:59pm,27,27,1,This Section IS ON the NHS,2,Urban,3,Other Principal Arterial,3,Town or Township Highway Agency,0,Not Signed,PENINSULA BLVD,PRESIDENT ST,99998,Not Reported,40.69740278,40.69740278,-73.629861110,-73.62986111,0,No Special Jurisdiction,8,Pedestrian,0,The First Harmful Event was Not a Collision with a Motor Vehicle in Transport,0,No,3,Intersection-Related,2,Four-Way Intersection,0,None,,,1,On Roadway,3,Dark - Lighted,,,,,10,Cloudy,0,No,0000000,Not Applicable,19,7:00pm-7:59pm,27,27,19,7:00pm-7:59pm,28,28,19,7:00pm-7:59pm,48,48,,,,,,,1,
2023,36,360716,New York,1,1,0,1,1,1,1,81,QUEENS (81),4170,MIDDLE VILLAGE,20,20,10,October,2023,6,Friday,8,8:00am-8:59am,2,2,1,This Section IS ON the NHS,2,Urban,3,Other Principal Arterial,4,City or Municipal Highway Agency,0,Not Signed,ATLANTIC AVE,WOODHAVEN BLVD,99998,Not Reported,40.68834444,40.68834444,-73.848755560,-73.84875556,0,No Special Jurisdiction,8,Pedestrian,0,The First Harmful Event was Not a Collision with a Motor Vehicle in Transport,0,No,3,Intersection-Related,2,Four-Way Intersection,0,None,,,1,On Roadway,1,Daylight,,,,,10,Cloudy,0,No,0000000,Not Applicable,8,8:00am-8:59am,2,2,99,Unknown EMS Scene Arrival Hour,99,Unknown EMS Scene Arrival Minutes,88,"Not Applicable (Not Transported) ",88,Not Applicable (Not Transported),,,,,,,1,
2023,36,360717,New York,1,1,0,0,0,1,1,103,SUFFOLK (103),705,BROOKHAVEN,23,23,10,October,2023,2,Monday,2,2:00am-2:59am,34,34,1,This Section IS ON the NHS,2,Urban,1,Interstate,1,State Highway Agency,1,Interstate,I-495,,99998,Not Reported,40.82265278,40.82265278,-73.028219440,-73.02821944,0,No Special Jurisdiction,24,Guardrail Face,0,The First Harmful Event was Not a Collision with a Motor Vehicle in Transport,0,No,1,Non-Junction,1,Not an Intersection,0,None,,,4,On Roadside,3,Dark - Lighted,,,,,1,Clear,0,No,0000000,Not Applicable,2,2:00am-2:59am,35,35,2,2:00am-2:59am,47,47,88,"Not Applicable (Not Transported) ",88,Not Applicable (Not Transported),,,,,,,1,
2023,36,360718,New York,1,1,0,1,1,1,1,103,SUFFOLK (103),5870,SOUTHOLD,22,22,8,August,2023,3,Tuesday,16,4:00pm-4:59pm,41,41,0,This Section IS NOT on the NHS,2,Urban,4,Minor Arterial,1,State Highway Agency,3,State Highway,SR-25 MAIN RD,,99998,Not Reported,40.99263889,40.99263889,-72.530502780,-72.53050278,0,No Special Jurisdiction,9,Pedalcyclist,0,The First Harmful Event was Not a Collision with a Motor Vehicle in Transport,0,No,1,Non-Junction,1,Not an Intersection,0,None,,,1,On Roadway,1,Daylight,,,,,1,Clear,0,No,0000000,Not Applicable,16,4:00pm-4:59pm,41,41,16,4:00pm-4:59pm,41,41,99,Unknown,99,Unknown EMS Hospital Arrival Time,,,,,,,1,
2023,36,360719,New York,1,1,0,1,1,1,1,103,SUFFOLK (103),160,AMITYVILLE,20,20,9,September,2023,4,Wednesday,11,11:00am-11:59am,19,19,0,This Section IS NOT on the NHS,2,Urban,4,Minor Arterial,1,State Highway Agency,3,State Highway,SR-27 MERRICK RD,BROADWAY,99998,Not Reported,40.67112500,40.67112500,-73.416594440,-73.41659444,0,No Special Jurisdiction,8,Pedestrian,0,The First Harmful Event was Not a Collision with a Motor Vehicle in Transport,0,No,3,Intersection-Related,2,Four-Way Intersection,0,None,,,1,On Roadway,1,Daylight,,,,,1,Clear,0,No,0000000,Not Applicable,11,11:00am-11:59am,19,19,11,11:00am-11:59am,23,23,99,Unknown,99,Unknown EMS Hospital Arrival Time,,,,,,,1,
2023,36,360720,New York,2,2,0,0,0,2,2,105,SULLIVAN (105),532,BETHEL,31,31,8,August,2023,5,Thursday,0,0:00am-0:59am,37,37,0,This Section IS NOT on the NHS,1,Rural,5,Major Collector,1,State Highway Agency,3,State Highway,SR-17B,,99998,Not Reported,41.69507500,41.69507500,-74.929069440,-74.92906944,0,No Special Jurisdiction,12,Motor Vehicle In-Transport,1,Front-to-Rear,0,No,1,Non-Junction,1,Not an Intersection,0,None,,,1,On Roadway,2,Dark - Not Lighted,,,,,1,Clear,0,No,0000000,Not Applicable,0,0:00am-0:59am,37,37,0,0:00am-0:59am,54,54,1,1:00am-1:59am,24,24,,,,,,,1,
2023,36,360721,New York,2,2,0,0,0,2,2,59,NASSAU (59),2600,HEMPSTEAD,30,30,9,September,2023,7,Saturday,19,7:00pm-7:59pm,13,13,1,This Section IS ON the NHS,1,Rural,3,Other Principal Arterial,1,State Highway Agency,3,State Highway,SR-102 FRONT ST,INGRAHAM BLVD,99998,Not Reported,40.70884722,40.70884722,-73.611680560,-73.61168056,0,No Special Jurisdiction,12,Motor Vehicle In-Transport,6,Angle,0,No,2,Intersection,2,Four-Way Intersection,0,None,,,1,On Roadway,3,Dark - Lighted,,,,,2,Rain,0,No,0000000,Not Applicable,19,7:00pm-7:59pm,13,13,19,7:00pm-7:59pm,16,16,99,Unknown,99,Unknown EMS Hospital Arrival Time,,,,,,,1,
2023,36,360722,New York,1,1,0,1,1,1,1,55,MONROE (55),652,BRIGHTON,22,22,10,October,2023,1,Sunday,20,8:00pm-8:59pm,4,4,1,This Section IS ON the NHS,2,Urban,1,Interstate,1,State Highway Agency,1,Interstate,I-590,,99998,Not Reported,43.13328333,43.13328333,-77.553013890,-77.55301389,0,No Special Jurisdiction,9,Pedalcyclist,0,The First Harmful Event was Not a Collision with a Motor Vehicle in Transport,0,No,1,Non-Junction,1,Not an Intersection,0,None,,,1,On Roadway,3,Dark - Lighted,,,,,2,Rain,0,No,0000000,Not Applicable,20,8:00pm-8:59pm,4,4,20,8:00pm-8:59pm,12,12,88,"Not Applicable (Not Transported) ",88,Not Applicable (Not Transported),,,,,,,1,
2023,36,360723,New York,2,2,0,0,0,5,5,51,LIVINGSTON (51),3240,LIMA,17,17,10,October,2023,3,Tuesday,5,5:00am-5:59am,22,22,1,This Section IS ON the NHS,2,Urban,3,Other Principal Arterial,1,State Highway Agency,2,U.S. Highway,US-20,,99998,Not Reported,42.90916667,42.90916667,-77.601213890,-77.60121389,0,No Special Jurisdiction,12,Motor Vehicle In-Transport,6,Angle,0,No,1,Non-Junction,1,Not an Intersection,0,None,,,1,On Roadway,2,Dark - Not Lighted,,,,,2,Rain,0,No,0000000,Not Applicable,5,5:00am-5:59am,27,27,5,5:00am-5:59am,51,51,99,Unknown,99,Unknown EMS Hospital Arrival Time,,,,,,,1,
2023,36,360724,New York,2,2,0,0,0,2,2,5,BRONX (5),4170,NEW YORK CITY,21,21,10,October,2023,7,Saturday,20,8:00pm-8:59pm,40,40,0,This Section IS NOT on the NHS,2,Urban,7,Local,4,City or Municipal Highway Agency,0,Not Signed,3RD AVE,E 147TH ST,0,None,40.81509444,40.81509444,-73.919472220,-73.91947222,0,No Special Jurisdiction,12,Motor Vehicle In-Transport,6,Angle,0,No,2,Intersection,3,T-Intersection,0,None,,,1,On Roadway,3,Dark - Lighted,,,,,1,Clear,0,No,0000000,Not Applicable,99,Unknown,99,Unknown,99,Unknown EMS Scene Arrival Hour,99,Unknown EMS Scene Arrival Minutes,99,Unknown,99,Unknown EMS Hospital Arrival Time,,,,,,,1,
2023,36,360725,New York,3,3,0,0,0,3,3,9,CATTARAUGUS (9),3028,KILL BUCK,13,13,10,October,2023,6,Friday,0,0:00am-0:59am,15,15,1,This Section IS ON the NHS,2,Urban,3,Other Principal Arterial,1,State Highway Agency,2,U.S. Highway,US-219,,99998,Not Reported,42.11995000,42.11995000,-78.653255560,-78.65325556,0,No Special Jurisdiction,12,Motor Vehicle In-Transport,2,Front-to-Front,0,No,1,Non-Junction,1,Not an Intersection,0,None,,,1,On Roadway,2,Dark - Not Lighted,,,,,1,Clear,0,No,0000000,Not Applicable,0,0:00am-0:59am,15,15,99,Unknown EMS Scene Arrival Hour,99,Unknown EMS Scene Arrival Minutes,99,Unknown,99,Unknown EMS Hospital Arrival Time,,,,,,,2,
2023,36,360726,New York,1,1,0,0,0,1,1,71,ORANGE (71),581,BLOOMING GROVE,17,17,8,August,2023,5,Thursday,17,5:00pm-5:59pm,39,39,0,This Section IS NOT on the NHS,2,Urban,4,Minor Arterial,1,State Highway Agency,3,State Highway,SR-208,,99998,Not Reported,41.38235278,41.38235278,-74.174433330,-74.17443333,0,No Special Jurisdiction,42,Tree (Standing Only),0,The First Harmful Event was Not a Collision with a Motor Vehicle in Transport,0,No,1,Non-Junction,1,Not an Intersection,0,None,,,4,On Roadside,1,Daylight,,,,,1,Clear,0,No,0000000,Not Applicable,17,5:00pm-5:59pm,39,39,17,5:00pm-5:59pm,45,45,99,Unknown,99,Unknown EMS Hospital Arrival Time,,,,,,,1,
2023,36,360727,New York,2,2,0,0,0,4,4,91,SARATOGA (91),6731,WILTON,30,30,7,July,2023,1,Sunday,19,7:00pm-7:59pm,52,52,1,This Section IS ON the NHS,2,Urban,1,Interstate,1,State Highway Agency,1,Interstate,I-87 RAMP,,99998,Not Reported,43.09910556,43.09910556,-73.753513890,-73.75351389,0,No Special Jurisdiction,12,Motor Vehicle In-Transport,1,Front-to-Rear,1,Yes,5,Entrance/Exit Ramp Related,1,Not an Intersection,0,None,,,1,On Roadway,1,Daylight,,,,,1,Clear,0,No,0000000,Not Applicable,19,7:00pm-7:59pm,52,52,19,7:00pm-7:59pm,56,56,20,8:00pm-8:59pm,5,5,,,,,,,1,
2023,36,360728,New York,2,2,0,0,0,2,2,29,ERIE (29),5475,SARDINIA,15,15,9,September,2023,6,Friday,8,8:00am-8:59am,53,53,0,This Section IS NOT on the NHS,1,Rural,4,Minor Arterial,3,Town or Township Highway Agency,0,Not Signed,CREEK RD,CR-72 SAVAGE RD,99998,Not Reported,42.53962500,42.53962500,-78.508155560,-78.50815556,0,No Special Jurisdiction,12,Motor Vehicle In-Transport,6,Angle,0,No,2,Intersection,2,Four-Way Intersection,0,None,,,1,On Roadway,1,Daylight,,,,,1,Clear,0,No,0000000,Not Applicable,8,8:00am-8:59am,55,55,8,8:00am-8:59am,58,58,9,9:00am-9:59am,55,55,,,,,,,1,
2023,36,360729,New York,1,1,0,0,0,3,3,91,SARATOGA (91),2230,GALWAY,12,12,10,October,2023,5,Thursday,15,3:00pm-3:59pm,22,22,0,This Section IS NOT on the NHS,1,Rural,6,Minor Collector,2,County Highway Agency,4,County,CR-52,,99998,Not Reported,43.00039722,43.00039722,-73.985322220,-73.98532222,0,No Special Jurisdiction,39,Wall,0,The First Harmful Event was Not a Collision with a Motor Vehicle in Transport,0,No,1,Non-Junction,1,Not an Intersection,0,None,,,4,On Roadside,1,Daylight,,,,,1,Clear,1,Yes,0000000,Not Applicable,15,3:00pm-3:59pm,26,26,16,4:00pm-4:59pm,29,29,17,5:00pm-5:59pm,4,4,,,,,,,1,
2023,36,360730,New York,1,1,0,0,0,1,1,1,ALBANY (1),1290,COLONIE,14,14,10,October,2023,7,Saturday,21,9:00pm-9:59pm,25,25,1,This Section IS ON the NHS,2,Urban,2,Other Freeways and Expressways,1,State Highway Agency,3,State Highway,SR-7 RAMP,,99998,Not Reported,42.74184722,42.74184722,-73.696369440,-73.69636944,0,No Special Jurisdiction,20,Impact Attenuator/Crash Cushion,0,The First Harmful Event was Not a Collision with a Motor Vehicle in Transport,1,Yes,5,Entrance/Exit Ramp Related,1,Not an Intersection,0,None,,,4,On Roadside,2,Dark - Not Lighted,,,,,1,Clear,0,No,0000000,Not Applicable,21,9:00pm-9:59pm,25,25,21,9:00pm-9:59pm,35,35,22,10:00pm-10:59pm,5,5,,,,,,,1,
2023,36,360731,New York,1,1,0,1,1,1,1,61,NEW YORK (61),4170,NEW YORK,21,21,9,September,2023,5,Thursday,6,6:00am-6:59am,20,20,0,This Section IS NOT on the NHS,2,Urban,4,Minor Arterial,4,City or Municipal Highway Agency,0,Not Signed,YORK AVE,E 68TH ST,0,None,40.76427222,40.76427222,-73.955719440,-73.95571944,0,No Special Jurisdiction,8,Pedestrian,0,The First Harmful Event was Not a Collision with a Motor Vehicle in Transport,0,No,3,Intersection-Related,2,Four-Way Intersection,0,None,,,1,On Roadway,3,Dark - Lighted,,,,,1,Clear,0,No,0000000,Not Applicable,99,Unknown,99,Unknown,99,Unknown EMS Scene Arrival Hour,99,Unknown EMS Scene Arrival Minutes,99,Unknown,99,Unknown EMS Hospital Arrival Time,,,,,,,1,
2023,36,360732,New York,1,1,0,1,1,1,1,109,TOMPKINS (109),3146,LANSING,13,13,10,October,2023,6,Friday,19,7:00pm-7:59pm,2,2,0,This Section IS NOT on the NHS,2,Urban,5,Major Collector,2,County Highway Agency,4,County,CR-121 WARREN RD,,99998,Not Reported,42.50229444,42.50229444,-76.471352780,-76.47135278,0,No Special Jurisdiction,15,Non-Motorist on Personal Conveyance,0,The First Harmful Event was Not a Collision with a Motor Vehicle in Transport,0,No,1,Non-Junction,1,Not an Intersection,0,None,,,1,On Roadway,2,Dark - Not Lighted,,,,,10,Cloudy,0,No,0000000,Not Applicable,19,7:00pm-7:59pm,2,2,19,7:00pm-7:59pm,15,15,19,7:00pm-7:59pm,30,30,,,,,,,1,
2023,36,360733,New York,2,1,1,0,0,2,2,93,SCHENECTADY (93),5550,SCHENECTADY,21,21,10,October,2023,7,Saturday,20,8:00pm-8:59pm,52,52,0,This Section IS NOT on the NHS,2,Urban,4,Minor Arterial,4,City or Municipal Highway Agency,0,Not Signed,EASTERN AVE,,0,None,42.81046944,42.81046944,-73.924805560,-73.92480556,0,No Special Jurisdiction,14,Parked Motor Vehicle,0,The First Harmful Event was Not a Collision with a Motor Vehicle in Transport,0,No,1,Non-Junction,1,Not an Intersection,0,None,,,7,In Parking Lane/Zone,2,Dark - Not Lighted,,,,,1,Clear,0,No,0000000,Not Applicable,20,8:00pm-8:59pm,53,53,20,8:00pm-8:59pm,56,56,99,Unknown,99,Unknown EMS Hospital Arrival Time,,,,,,,1,