caseyear,state,st_case,statename,ve_total,ve_forms,pvh_invl,peds,pernotmvit,permvit,persons,county,countyname,city,cityname,day,dayname,month,monthname,year,day_week,day_weekname,hour,hourname,minute,minutename,nhs,nhsname,rur_urb,rur_urbname,func_sys,func_sysname,rd_owner,rd_ownername,route,routename,tway_id,tway_id2,milept,mileptname,latitude,latitudename,longitud,longitudname,sp_jur,sp_jurname,harm_ev,harm_evname,man_coll,man_collname,reljct1,reljct1name,reljct2,reljct2name,typ_int,typ_intname,wrk_zone,wrk_zonename,road_fnc,road_fncname,rel_road,rel_roadname,lgt_cond,lgt_condname,weather1,weather1name,weather2,weather2name,weather,weathername,sch_bus,sch_busname,rail,railname,not_hour,not_hourname,not_min,not_minname,arr_hour,arr_hourname,arr_min,arr_minname,hosp_hr,hosp_hrname,hosp_mn,hosp_mnname,cf1,cf1name,cf2,cf2name,cf3,cf3name,fatals,drunk_dr
2023,36,360805,New York,1,1,0,1,1,1,1,55,MONROE (55),5230,ROCHESTER,29,29,10,October,2023,1,Sunday,23,11:00pm-11:59pm,4,4,1,This Section IS ON the NHS,2,Urban,3,Other Principal Arterial,1,State Highway Agency,3,State Highway,SR-940M LAKE AVE,LEXINGTON AVE,99998,Not Reported,43.17920556,43.17920556,-77.631613890,-77.63161389,0,No Special Jurisdiction,8,Pedestrian,0,The First Harmful Event was Not a Collision with a Motor Vehicle in Transport,0,No,3,Intersection-Related,2,Four-Way Intersection,0,None,,,1,On Roadway,3,Dark - Lighted,,,,,2,Rain,0,No,0000000,Not Applicable,23,11:00pm-11:59pm,5,5,23,11:00pm-11:59pm,7,7,23,11:00pm-11:59pm,25,25,,,,,,,1,
2023,36,360806,New York,1,1,0,1,1,1,1,47,KINGS (47),4170,NEW YORK CITY,13,13,11,November,2023,2,Monday,21,9:00pm-9:59pm,31,31,0,This Section IS NOT on the NHS,2,Urban,5,Major Collector,4,City or Municipal Highway Agency,0,Not Signed,11TH AVE,64TH ST,0,None,40.62920000,40.62920000,-74.005216670,-74.00521667,0,No Special Jurisdiction,8,Pedestrian,0,The First Harmful Event was Not a Collision with a Motor Vehicle in Transport,0,No,3,Intersection-Related,2,Four-Way Intersection,0,None,,,1,On Roadway,3,Dark - Lighted,,,,,1,Clear,0,No,0000000,Not Applicable,99,Unknown,99,Unknown,99,Unknown EMS Scene Arrival Hour,99,Unknown EMS Scene Arrival Minutes,99,Unknown,99,Unknown EMS Hospital Arrival Time,,,,,,,1,
2023,36,360807,New York,2,2,0,0,0,2,2,51,LIVINGSTON (51),780,CALEDONIA,30,30,10,October,2023,2,Monday,10,10:00am-10:59am,4,4,1,This Section IS ON the NHS,1,Rural,3,Other Principal Arterial,1,State Highway Agency,2,U.S. Highway,US-20 TELEPHONE RD,,99998,Not Reported,42.91969444,42.91969444,-77.767741670,-77.76774167,0,No Special Jurisdiction,12,Motor Vehicle In-Transport,6,Angle,0,No,1,Non-Junction,1,Not an Intersection,0,None,,,1,On Roadway,1,Daylight,,,,,2,Rain,0,No,0000000,Not Applicable,10,10:00am-10:59am,5,5,10,10:00am-10:59am,17,17,11,11:00am-11:59am,0,0,,,,,,,1,
2023,36,360808,New York,2,2,0,0,0,2,2,27,DUTCHESS (27),4690,PAWLING,14,14,11,November,2023,3,Tuesday,12,12:00pm-12:59pm,31,31,1,This Section IS ON the NHS,1,Rural,3,Other Principal Arterial,1,State Highway Agency,3,State Highway,SR-22,RESERVOIR RD,99998,Not Reported,41.57360556,41.57360556,-73.592619440,-73.59261944,0,No Special Jurisdiction,12,Motor Vehicle In-Transport,6,Angle,0,No,2,Intersection,4,Y-Intersection,0,None,,,1,On Roadway,1,Daylight,,,,,1,Clear,0,No,0000000,Not Applicable,12,12:00pm-12:59pm,31,31,12,12:00pm-12:59pm,39,39,13,1:00pm-1:59pm,26,26,,,,,,,1,
2023,36,360810,New York,1,1,0,1,1,1,1,1,ALBANY (1),50,ALBANY,31,31,10,October,2023,3,Tuesday,2,2:00am-2:59am,14,14,1,This Section IS ON the NHS,2,Urban,1,Interstate,1,State Highway Agency,1,Interstate,I-90,,99998,Not Reported,42.70684722,42.70684722,-73.855588890,-73.85558889,0,No Special Jurisdiction,8,Pedestrian,0,The First Harmful Event was Not a Collision with a Motor Vehicle in Transport,0,No,1,Non-Junction,1,Not an Intersection,0,None,,,1,On Roadway,2,Dark - Not Lighted,,,,,1,Clear,0,No,0000000,Not Applicable,2,2:00am-2:59am,14,14,2,2:00am-2:59am,22,22,88,"Not Applicable (Not Transported) ",88,Not Applicable (Not Transported),,,,,,,1,
2023,36,360811,New York,1,1,0,1,1,1,1,67,ONONDAGA (67),6010,SYRACUSE,2,2,11,November,2023,5,Thursday,9,9:00am-9:59am,34,34,0,This Section IS NOT on the NHS,2,Urban,4,Minor Arterial,4,City or Municipal Highway Agency,2,U.S. Highway,US-11 S STATE ST,SR-29 E GENESEE ST,99998,Not Reported,43.04798333,43.04798333,-76.147455560,-76.14745556,0,No Special Jurisdiction,8,Pedestrian,0,The First Harmful Event was Not a Collision with a Motor Vehicle in Transport,0,No,3,Intersection-Related,3,T-Intersection,0,None,,,1,On Roadway,1,Daylight,,,,,1,Clear,0,No,0000000,Not Applicable,9,9:00am-9:59am,35,35,9,9:00am-9:59am,36,36,9,9:00am-9:59am,51,51,,,,,,,1,
2023,36,360812,New York,2,2,0,0,0,2,2,61,NEW YORK (61),4170,NEW YORK,9,9,11,November,2023,5,Thursday,13,1:00pm-1:59pm,25,25,0,This Section IS NOT on the NHS,2,Urban,4,Minor Arterial,4,City or Municipal Highway Agency,0,Not Signed,ST NICHOLAS AVE,W 185 ST,99998,Not Reported,40.85170278,40.85170278,-73.932041670,-73.93204167,0,No Special Jurisdiction,12,Motor Vehicle In-Transport,6,Angle,0,No,2,Intersection,2,Four-Way Intersection,0,None,,,1,On Roadway,1,Daylight,,,,,1,Clear,0,No,0000000,Not Applicable,99,Unknown,99,Unknown,99,Unknown EMS Scene Arrival Hour,99,Unknown EMS Scene Arrival Minutes,99,Unknown,99,Unknown EMS Hospital Arrival Time,,,,,,,1,
2023,36,360813,New York,1,1,0,0,0,1,1,37,GENESEE (37),3210,LE ROY,9,9,11,November,2023,5,Thursday,7,7:00am-7:59am,3,3,0,This Section IS NOT on the NHS,1,Rural,4,Minor Arterial,1,State Highway Agency,3,State Highway,SR-19,,99998,Not Reported,43.00925000,43.00925000,-77.976105560,-77.97610556,0,No Special Jurisdiction,11,Live Animal,0,The First Harmful Event was Not a Collision with a Motor Vehicle in Transport,0,No,1,Non-Junction,1,Not an Intersection,0,None,,,1,On Roadway,1,Daylight,,,,,10,Cloudy,0,No,0000000,Not Applicable,7,7:00am-7:59am,3,3,7,7:00am-7:59am,12,12,88,"Not Applicable (Not Transported) ",88,Not Applicable (Not Transported),,,,,,,1,
2023,36,360814,New York,1,1,0,1,1,1,1,81,QUEENS (81),4615,OZONE PARK,10,10,11,November,2023,6,Friday,7,7:00am-7:59am,27,27,0,This Section IS NOT on the NHS,2,Urban,7,Local,4,City or Municipal Highway Agency,0,Not Signed,107 AVE,86 ST,99998,Not Reported,40.67770278,40.67770278,-73.851500000,-73.85150000,0,No Special Jurisdiction,8,Pedestrian,0,The First Harmful Event was Not a Collision with a Motor Vehicle in Transport,0,No,3,Intersection-Related,2,Four-Way Intersection,0,None,,,1,On Roadway,1,Daylight,,,,,10,Cloudy,1,Yes,0000000,Not Applicable,7,7:00am-7:59am,27,27,99,Unknown EMS Scene Arrival Hour,99,Unknown EMS Scene Arrival Minutes,88,"Not Applicable (Not Transported) ",88,Not Applicable (Not Transported),,,,,,,1,
2023,36,360815,New York,1,1,0,0,0,1,1,67,ONONDAGA (67),4005,NEDROW,20,20,7,July,2023,5,Thursday,18,6:00pm-6:59pm,35,35,1,This Section IS ON the NHS,1,Rural,1,Interstate,1,State Highway Agency,1,Interstate,I-81,,99998,Not Reported,99.99990000,99.99990000,999.999900000,999.99990000,0,No Special Jurisdiction,24,Guardrail Face,0,The First Harmful Event was Not a Collision with a Motor Vehicle in Transport,0,No,1,Non-Junction,1,Not an Intersection,0,None,,,3,On Median,5,Dusk,,,,,1,Clear,0,No,0000000,Not Applicable,18,6:00pm-6:59pm,37,37,18,6:00pm-6:59pm,56,56,19,7:00pm-7:59pm,5,5,,,,,,,1,
2023,36,360816,New York,3,3,0,0,0,3,3,59,NASSAU (59),4600,OYSTER BAY,10,10,11,November,2023,6,Friday,9,9:00am-9:59am,8,8,1,This Section IS ON the NHS,2,Urban,2,Other Freeways and Expressways,1,State Highway Agency,3,State Highway,SR-135,,99998,Not Reported,40.77132500,40.77132500,-73.479902780,-73.47990278,0,No Special Jurisdiction,12,Motor Vehicle In-Transport,2,Front-to-Front,0,No,1,Non-Junction,1,Not an Intersection,0,None,,,1,On Roadway,1,Daylight,,,,,10,Cloudy,0,No,0000000,Not Applicable,9,9:00am-9:59am,8,8,9,9:00am-9:59am,11,11,9,9:00am-9:59am,32,32,,,,,,,1,
2023,36,360817,New York,2,2,0,2,2,2,2,81,QUEENS (81),4170,MIDDLE VILLAGE,18,18,11,November,2023,7,Saturday,20,8:00pm-8:59pm,35,35,1,This Section IS ON the NHS,2,Urban,3,Other Principal Arterial,4,City or Municipal Highway Agency,0,Not Signed,WOODHAVEN BLVD,,99998,Not Reported,40.69948889,40.69948889,-73.853755560,-73.85375556,0,No Special Jurisdiction,8,Pedestrian,0,The First Harmful Event was Not a Collision with a Motor Vehicle in Transport,0,No,1,Non-Junction,1,Not an Intersection,0,None,,,1,On Roadway,3,Dark - Lighted,,,,,1,Clear,0,No,0000000,Not Applicable,99,Unknown,99,Unknown,99,Unknown EMS Scene Arrival Hour,99,Unknown EMS Scene Arrival Minutes,99,Unknown,99,Unknown EMS Hospital Arrival Time,,,,,,,1,
2023,36,360818,New York,2,2,0,0,0,4,4,59,NASSAU (59),2240,GARDEN CITY,10,10,11,November,2023,6,Friday,16,4:00pm-4:59pm,59,59,0,This Section IS NOT on the NHS,2,Urban,4,Minor Arterial,2,County Highway Agency,4,County,CR-5A FRANKLIN AVE,FIFTH ST,99998,Not Reported,40.72252222,40.72252222,-73.633000000,-73.63300000,0,No Special Jurisdiction,12,Motor Vehicle In-Transport,6,Angle,0,No,2,Intersection,3,T-Intersection,0,None,,,1,On Roadway,3,Dark - Lighted,,,,,1,Clear,0,No,0000000,Not Applicable,17,5:00pm-5:59pm,1,1,17,5:00pm-5:59pm,7,7,17,5:00pm-5:59pm,17,17,,,,,,,1,
2023,36,360819,New York,1,1,0,0,0,2,2,5,BRONX (5),4170,NEW YORK CITY,12,12,11,November,2023,1,Sunday,3,3:00am-3:59am,20,20,1,This Section IS ON the NHS,2,Urban,3,Other Principal Arterial,4,City or Municipal Highway Agency,0,Not Signed,JEROME AVE,,99998,Not Reported,40.88915833,40.88915833,-73.878544440,-73.87854444,0,No Special Jurisdiction,42,Tree (Standing Only),0,The First Harmful Event was Not a Collision with a Motor Vehicle in Transport,0,No,1,Non-Junction,1,Not an Intersection,0,None,,,4,On Roadside,3,Dark - Lighted,,,,,1,Clear,0,No,0000000,Not Applicable,99,Unknown,99,Unknown,99,Unknown EMS Scene Arrival Hour,99,Unknown EMS Scene Arrival Minutes,99,Unknown,99,Unknown EMS Hospital Arrival Time,,,,,,,1,
2023,36,360820,New York,3,3,0,0,0,7,7,81,QUEENS (81),4170,MIDDLE VILLAGE,19,19,11,November,2023,1,Sunday,4,4:00am-4:59am,29,29,1,This Section IS ON the NHS,2,Urban,1,Interstate,1,State Highway Agency,1,Interstate,I-495 LONG ISLAND EXPY,,99998,Not Reported,40.73731667,40.73731667,-73.932166670,-73.93216667,0,No Special Jurisdiction,20,Impact Attenuator/Crash Cushion,0,The First Harmful Event was Not a Collision with a Motor Vehicle in Transport,1,Yes,19,Other location within Interchange Area,1,Not an Intersection,0,None,,,10,Separator,3,Dark - Lighted,,,,,1,Clear,0,No,0000000,Not Applicable,99,Unknown,99,Unknown,99,Unknown EMS Scene Arrival Hour,99,Unknown EMS Scene Arrival Minutes,99,Unknown,99,Unknown EMS Hospital Arrival Time,,,,,,,1,
2023,36,360821,New York,2,1,1,1,1,1,1,47,KINGS (47),4170,NEW YORK CITY,16,16,11,November,2023,5,Thursday,18,6:00pm-6:59pm,38,38,0,This Section IS NOT on the NHS,2,Urban,4,Minor Arterial,4,City or Municipal Highway Agency,0,Not Signed,MARINE AVE,,99998,Not Reported,40.61645278,40.61645278,-74.035511110,-74.03551111,0,No Special Jurisdiction,8,Pedestrian,0,The First Harmful Event was Not a Collision with a Motor Vehicle in Transport,0,No,1,Non-Junction,1,Not an Intersection,0,None,,,1,On Roadway,3,Dark - Lighted,,,,,1,Clear,0,No,0000000,Not Applicable,99,Unknown,99,Unknown,99,Unknown EMS Scene Arrival Hour,99,Unknown EMS Scene Arrival Minutes,88,"Not Applicable (Not Transported) ",88,Not Applicable (Not Transported),,,,,,,1,
2023,36,360822,New York,7,7,0,0,0,10,10,47,KINGS (47),4170,NEW YORK CITY,18,18,11,November,2023,7,Saturday,21,9:00pm-9:59pm,28,28,1,This Section IS ON the NHS,2,Urban,2,Other Freeways and Expressways,1,State Highway Agency,3,State Highway,SR-907C BELT PKWY,,99998,Not Reported,99.99990000,99.99990000,999.999900000,999.99990000,0,No Special Jurisdiction,12,Motor Vehicle In-Transport,7,Sideswipe - Same Direction,0,No,1,Non-Junction,1,Not an Intersection,0,None,,,1,On Roadway,3,Dark - Lighted,,,,,1,Clear,0,No,0000000,Not Applicable,99,Unknown,99,Unknown,99,Unknown EMS Scene Arrival Hour,99,Unknown EMS Scene Arrival Minutes,99,Unknown,99,Unknown EMS Hospital Arrival Time,,,,,,,1,
2023,36,360823,New York,2,2,0,0,0,2,2,65,ONEIDA (65),6220,UTICA,29,29,9,September,2023,6,Friday,0,0:00am-0:59am,1,1,1,This Section IS ON the NHS,2,Urban,3,Other Principal Arterial,4,City or Municipal Highway Agency,0,Not Signed,CULVER AVE,,99998,Not Reported,43.08812778,43.08812778,-75.199602780,-75.19960278,0,No Special Jurisdiction,12,Motor Vehicle In-Transport,2,Front-to-Front,0,No,1,Non-Junction,1,Not an Intersection,0,None,,,1,On Roadway,3,Dark - Lighted,,,,,1,Clear,0,No,0000000,Not Applicable,0,0:00am-0:59am,2,2,0,0:00am-0:59am,13,13,0,0:00am-0:59am,32,32,,,,,,,2,
2023,36,360824,New York,1,1,0,0,0,1,1,103,SUFFOLK (103),2840,HUNTINGTON,1,1,11,November,2023,4,Wednesday,21,9:00pm-9:59pm,30,30,0,This Section IS NOT on the NHS,2,Urban,7,Local,3,Town or Township Highway Agency,0,Not Signed,E 18TH ST,,99998,Not Reported,40.83585278,40.83585278,-73.406075000,-73.40607500,0,No Special Jurisdiction,31,"Post, Pole or Other Supports",0,The First Harmful Event was Not a Collision with a Motor Vehicle in Transport,0,No,1,Non-Junction,1,Not an Intersection,0,None,,,4,On Roadside,3,Dark - Lighted,,,,,1,Clear,0,No,0000000,Not Applicable,21,9:00pm-9:59pm,33,33,21,9:00pm-9:59pm,37,37,88,"Not Applicable (Not Transported) ",88,Not Applicable (Not Transported),,,,,,,1,
2023,36,360826,New York,2,2,0,0,0,3,3,59,NASSAU (59),2600,HEMPSTEAD,24,24,8,August,2023,5,Thursday,14,2:00pm-2:59pm,37,37,1,This Section IS ON the NHS,2,Urban,2,Other Freeways and Expressways,1,State Highway Agency,3,State Highway,SR-908E MEADOWBROOK STATE PKWY,,99998,Not Reported,40.73243889,40.73243889,-73.583291670,-73.58329167,0,No Special Jurisdiction,12,Motor Vehicle In-Transport,6,Angle,0,No,1,Non-Junction,1,Not an Intersection,0,None,,,1,On Roadway,1,Daylight,,,,,10,Cloudy,0,No,0000000,Not Applicable,14,2:00pm-2:59pm,37,37,15,3:00pm-3:59pm,0,0,15,3:00pm-3:59pm,28,28,,,,,,,2,
2023,36,360827,New York,1,1,0,0,0,3,3,109,TOMPKINS (109),1590,DRYDEN,7,7,10,October,2023,7,Saturday,9,9:00am-9:59am,41,41,0,This Section IS NOT on the NHS,1,Rural,4,Minor Arterial,2,County Highway Agency,4,County,CR-105 FALL CREEK RD,,99998,Not Reported,42.53380833,42.53380833,-76.307011110,-76.30701111,0,No Special Jurisdiction,35,Embankment,0,The First Harmful Event was Not a Collision with a Motor Vehicle in Transport,0,No,1,Non-Junction,1,Not an Intersection,0,None,,,4,On Roadside,1,Daylight,,,,,2,Rain,0,No,0000000,Not Applicable,9,9:00am-9:59am,41,41,9,9:00am-9:59am,45,45,99,Unknown,99,Unknown EMS Hospital Arrival Time,,,,,,,1,
2023,36,360829,New York,1,1,0,0,0,2,2,17,CHENANGO (17),370,BAINBRIDGE,18,18,10,October,2023,4,Wednesday,19,7:00pm-7:59pm,32,32,0,This Section IS NOT on the NHS,1,Rural,6,Minor Collector,2,County Highway Agency,4,County,CR-39,,99998,Not Reported,42.27324167,42.27324167,-75.470388890,-75.47038889,0,No Special Jurisdiction,42,Tree (Standing Only),0,The First Harmful Event was Not a Collision with a Motor Vehicle in Transport,0,No,1,Non-Junction,1,Not an Intersection,0,None,,,4,On Roadside,2,Dark - Not Lighted,,,,,10,Cloudy,0,No,0000000,Not Applicable,19,7:00pm-7:59pm,32,32,19,7:00pm-7:59pm,43,43,99,Unknown,99,Unknown EMS Hospital Arrival Time,,,,,,,1,
2023,36,360830,New York,1,1,0,1,1,1,1,27,DUTCHESS (27),2000,FISHKILL,21,21,10,October,2023,7,Saturday,10,10:00am-10:59am,10,10,0,This Section IS NOT on the NHS,2,Urban,5,Major Collector,3,Town or Township Highway Agency,0,Not Signed,MERRITT BLVD,VANDERBUILT WAY,99998,Not Reported,41.53819167,41.53819167,-73.875380560,-73.87538056,0,No Special Jurisdiction,8,Pedestrian,0,The First Harmful Event was Not a Collision with a Motor Vehicle in Transport,0,No,3,Intersection-Related,2,Four-Way Intersection,0,None,,,1,On Roadway,1,Daylight,,,,,1,Clear,0,No,0000000,Not Applicable,10,10:00am-10:59am,10,10,10,10:00am-10:59am,29,29,11,11:00am-11:59am,0,0,,,,,,,1,
2023,36,360831,New York,2,2,0,0,0,6,6,89,ST LAWRENCE (89),880,CANTON,23,23,10,October,2023,2,Monday,14,2:00pm-2:59pm,39,39,0,This Section IS NOT on the NHS,1,Rural,7,Local,3,Town or Township Highway Agency,0,Not Signed,BOYDEN RD,,99998,Not Reported,44.55353889,44.55353889,-75.090105560,-75.09010556,0,No Special Jurisdiction,12,Motor Vehicle In-Transport,2,Front-to-Front,0,No,1,Non-Junction,1,Not an Intersection,0,None,,,1,On Roadway,1,Daylight,,,,,1,Clear,0,No,0000000,Not Applicable,14,2:00pm-2:59pm,41,41,14,2:00pm-2:59pm,46,46,99,Unknown,99,Unknown EMS Hospital Arrival Time,,,,,,,1,
2023,36,360832,New York,1,1,0,0,0,1,1,5,BRONX (5),4170,NEW YORK CITY,7,7,11,November,2023,3,Tuesday,3,3:00am-3:59am,35,35,1,This Section IS ON the NHS,2,Urban,3,Other Principal Arterial,4,City or Municipal Highway Agency,0,Not Signed,SOUTHERN BLVD,,99998,Not Reported,40.82931111,40.82931111,-73.891819440,-73.89181944,0,No Special Jurisdiction,50,Bridge Overhead Structure,0,The First Harmful Event was Not a Collision with a Motor Vehicle in Transport,0,No,1,Non-Junction,1,Not an Intersection,0,None,,,1,On Roadway,3,Dark - Lighted,,,,,1,Clear,0,No,0000000,Not Applicable,99,Unknown,99,Unknown,99,Unknown EMS Scene Arrival Hour,99,Unknown EMS Scene Arrival Minutes,99,Unknown,99,Unknown EMS Hospital Arrival Time,,,,,,,1,
2023,36,360833,New York,1,1,0,0,0,1,1,73,ORLEANS (73),401,BARRE,12,12,11,November,2023,1,Sunday,5,5:00am-5:59am,32,32,0,This Section IS NOT on the NHS,1,Rural,6,Minor Collector,2,County Highway Agency,4,County,CR-69 E BARRE RD,,99998,Not Reported,43.18738056,43.18738056,-78.136011110,-78.13601111,0,No Special Jurisdiction,34,Ditch,0,The First Harmful Event was Not a Collision with a Motor Vehicle in Transport,0,No,1,Non-Junction,1,Not an Intersection,0,None,,,4,On Roadside,2,Dark - Not Lighted,,,,,1,Clear,0,No,0000000,Not Applicable,5,5:00am-5:59am,32,32,5,5:00am-5:59am,45,45,88,"Not Applicable (Not Transported) ",88,Not Applicable (Not Transported),,,,,,,1,
2023,36,360834,New York,2,2,0,1,1,3,3,119,WESTCHESTER (119),2555,HARRISON,13,13,11,November,2023,2,Monday,22,10:00pm-10:59pm,45,45,1,This Section IS ON the NHS,2,Urban,1,Interstate,1,State Highway Agency,1,Interstate,I-287,,99998,Not Reported,41.02871111,41.02871111,-73.737172220,-73.73717222,0,No Special Jurisdiction,8,Pedestrian,0,The First Harmful Event was Not a Collision with a Motor Vehicle in Transport,0,No,1,Non-Junction,1,Not an Intersection,0,None,,,1,On Roadway,2,Dark - Not Lighted,,,,,1,Clear,0,No,0000000,Not Applicable,22,10:00pm-10:59pm,15,15,22,10:00pm-10:59pm,50,50,88,"Not Applicable (Not Transported) ",88,Not Applicable (Not Transported),,,,,,,1,
2023,36,360835,New York,1,1,0,1,1,1,1,55,MONROE (55),5230,ROCHESTER,16,16,11,November,2023,5,Thursday,21,9:00pm-9:59pm,21,21,0,This Section IS NOT on the NHS,2,Urban,5,Major Collector,4,City or Municipal Highway Agency,0,Not Signed,DRIVING PARK AVE,LARK ST,99998,Not Reported,43.18094444,43.18094444,-77.644511110,-77.64451111,0,No Special Jurisdiction,8,Pedestrian,0,The First Harmful Event was Not a Collision with a Motor Vehicle in Transport,0,No,2,Intersection,2,Four-Way Intersection,0,None,,,1,On Roadway,3,Dark - Lighted,,,,,1,Clear,0,No,0000000,Not Applicable,21,9:00pm-9:59pm,21,21,21,9:00pm-9:59pm,24,24,21,9:00pm-9:59pm,38,38,,,,,,,1,
2023,36,360836,New York,1,1,0,0,0,4,4,19,CLINTON (19),3870,MOOERS,19,19,11,November,2023,1,Sunday,1,1:00am-1:59am,47,47,0,This Section IS NOT on the NHS,1,Rural,7,Local,3,Town or Township Highway Agency,0,Not Signed,DEPOT ST,,99998,Not Reported,44.96813889,44.96813889,-73.582725000,-73.58272500,0,No Special Jurisdiction,42,Tree (Standing Only),0,The First Harmful Event was Not a Collision with a Motor Vehicle in Transport,0,No,1,Non-Junction,1,Not an Intersection,0,None,,,5,Outside Trafficway,3,Dark - Lighted,,,,,10,Cloudy,0,No,0000000,Not Applicable,1,1:00am-1:59am,47,47,2,2:00am-2:59am,0,0,2,2:00am-2:59am,30,30,,,,,,,1,
2023,36,360837,New York,1,1,0,1,1,1,1,59,NASSAU (59),2600,HEMPSTEAD,25,25,11,November,2023,7,Saturday,15,3:00pm-3:59pm,25,25,1,This Section IS ON the NHS,2,Urban,3,Other Principal Arterial,1,State Highway Agency,3,State Highway,SR-24 HEMPSTEAD TPKE,CR-D66 NASSAU BLVD,99998,Not Reported,40.70621667,40.70621667,-73.661308330,-73.66130833,0,No Special Jurisdiction,8,Pedestrian,0,The First Harmful Event was Not a Collision with a Motor Vehicle in Transport,0,No,3,Intersection-Related,2,Four-Way Intersection,0,None,,,1,On Roadway,1,Daylight,,,,,1,Clear,0,No,0000000,Not Applicable,15,3:00pm-3:59pm,25,25,15,3:00pm-3:59pm,30,30,15,3:00pm-3:59pm,45,45,,,,,,,1,
2023,36,360838,New York,1,1,0,1,1,1,1,5,BRONX (5),4170,NEW YORK CITY,27,27,11,November,2023,2,Monday,21,9:00pm-9:59pm,7,7,1,This Section IS ON the NHS,2,Urban,1,Interstate,1,State Highway Agency,1,Interstate,I-278 BRUCKNER EXPY,,99998,Not Reported,40.82408611,40.82408611,-73.874366670,-73.87436667,0,No Special Jurisdiction,8,Pedestrian,0,The First Harmful Event was Not a Collision with a Motor Vehicle in Transport,0,No,1,Non-Junction,1,Not an Intersection,0,None,,,1,On Roadway,1,Daylight,,,,,1,Clear,0,No,0000000,Not Applicable,21,9:00pm-9:59pm,8,8,99,Unknown EMS Scene Arrival Hour,99,Unknown EMS Scene Arrival Minutes,88,"Not Applicable (Not Transported) ",88,Not Applicable (Not Transported),,,,,,,1,
2023,36,360839,New York,1,1,0,1,1,1,1,47,KINGS (47),4170,NEW YORK CITY,27,27,11,November,2023,2,Monday,9,9:00am-9:59am,12,12,1,This Section IS ON the NHS,2,Urban,3,Other Principal Arterial,4,City or Municipal Highway Agency,0,Not Signed,AVE P,E 19TH ST,99998,Not Reported,40.61080556,40.61080556,-73.954894440,-73.95489444,0,No Special Jurisdiction,8,Pedestrian,0,The First Harmful Event was Not a Collision with a Motor Vehicle in Transport,0,No,3,Intersection-Related,2,Four-Way Intersection,0,None,,,1,On Roadway,1,Daylight,,,,,1,Clear,0,No,0000000,Not Applicable,99,Unknown,99,Unknown,99,Unknown EMS Scene Arrival Hour,99,Unknown EMS Scene Arrival Minutes,88,"Not Applicable (Not Transported) ",88,Not Applicable (Not Transported),,,,,,,1,
2023,36,360840,New York,1,1,0,1,1,1,1,81,QUEENS (81),4170,MIDDLE VILLAGE,29,29,11,November,2023,4,Wednesday,18,6:00pm-6:59pm,40,40,0,This Section IS NOT on the NHS,2,Urban,4,Minor Arterial,4,City or Municipal Highway Agency,0,Not Signed,COLLEGE POINT BLVD,,0,None,40.75604444,40.75604444,-73.833680560,-73.83368056,0,No Special Jurisdiction,8,Pedestrian,0,The First Harmful Event was Not a Collision with a Motor Vehicle in Transport,0,No,1,Non-Junction,1,Not an Intersection,0,None,,,1,On Roadway,3,Dark - Lighted,,,,,1,Clear,0,No,0000000,Not Applicable,99,Unknown,99,Unknown,99,Unknown EMS Scene Arrival Hour,99,Unknown EMS Scene Arrival Minutes,99,Unknown,99,Unknown EMS Hospital Arrival Time,,,,,,,1,
2023,36,360842,New York,1,1,0,0,0,2,2,81,QUEENS (81),4170,MIDDLE VILLAGE,4,4,12,December,2023,2,Monday,0,0:00am-0:59am,24,24,1,This Section IS ON the NHS,2,Urban,3,Other Principal Arterial,4,City or Municipal Highway Agency,0,Not Signed,JAMAICA AVE,146TH ST,0,None,40.70176111,40.70176111,-73.808861110,-73.80886111,0,No Special Jurisdiction,33,Curb,0,The First Harmful Event was Not a Collision with a Motor Vehicle in Transport,0,No,3,Intersection-Related,2,Four-Way Intersection,0,None,,,4,On Roadside,3,Dark - Lighted,,,,,2,Rain,0,No,0000000,Not Applicable,99,Unknown,99,Unknown,99,Unknown EMS Scene Arrival Hour,99,Unknown EMS Scene Arrival Minutes,99,Unknown,99,Unknown EMS Hospital Arrival Time,,,,,,,1,
2023,36,360843,New York,1,1,0,2,2,1,1,61,NEW YORK (61),4170,NEW YORK,26,26,10,October,2023,5,Thursday,16,4:00pm-4:59pm,12,12,1,This Section IS ON the NHS,2,Urban,2,Other Freeways and Expressways,4,City or Municipal Highway Agency,0,Not Signed,RIVERSIDE BLVD,W 70TH ST,0,None,40.77964722,40.77964722,-73.988002780,-73.98800278,0,No Special Jurisdiction,8,Pedestrian,0,The First Harmful Event was Not a Collision with a Motor Vehicle in Transport,0,No,3,Intersection-Related,3,T-Intersection,0,None,,,1,On Roadway,1,Daylight,,,,,1,Clear,0,No,0000000,Not Applicable,99,Unknown,99,Unknown,99,Unknown EMS Scene Arrival Hour,99,Unknown EMS Scene Arrival Minutes,99,Unknown,99,Unknown EMS Hospital Arrival Time,,,,,,,1,