caseyear,state,st_case,statename,ve_total,ve_forms,pvh_invl,peds,pernotmvit,permvit,persons,county,countyname,city,cityname,day,dayname,month,monthname,year,day_week,day_weekname,hour,hourname,minute,minutename,nhs,nhsname,rur_urb,rur_urbname,func_sys,func_sysname,rd_owner,rd_ownername,route,routename,tway_id,tway_id2,milept,mileptname,latitude,latitudename,longitud,longitudname,sp_jur,sp_jurname,harm_ev,harm_evname,man_coll,man_collname,reljct1,reljct1name,reljct2,reljct2name,typ_int,typ_intname,wrk_zone,wrk_zonename,road_fnc,road_fncname,rel_road,rel_roadname,lgt_cond,lgt_condname,weather1,weather1name,weather2,weather2name,weather,weathername,sch_bus,sch_busname,rail,railname,not_hour,not_hourname,not_min,not_minname,arr_hour,arr_hourname,arr_min,arr_minname,hosp_hr,hosp_hrname,hosp_mn,hosp_mnname,cf1,cf1name,cf2,cf2name,cf3,cf3name,fatals,drunk_dr
2023,36,360844,New York,1,1,0,1,1,1,1,119,WESTCHESTER (119),4120,NEW ROCHELLE,28,28,11,November,2023,3,Tuesday,6,6:00am-6:59am,24,24,0,This Section IS NOT on the NHS,2,Urban,5,Major Collector,4,City or Municipal Highway Agency,0,Not Signed,MEMORIAL HWY,LOCKWOOD AVE,99998,Not Reported,40.91417778,40.91417778,-73.787125000,-73.78712500,0,No Special Jurisdiction,8,Pedestrian,0,The First Harmful Event was Not a Collision with a Motor Vehicle in Transport,0,No,3,Intersection-Related,2,Four-Way Intersection,0,None,,,1,On Roadway,3,Dark - Lighted,,,,,1,Clear,0,No,0000000,Not Applicable,6,6:00am-6:59am,24,24,6,6:00am-6:59am,26,26,6,6:00am-6:59am,50,50,,,,,,,1,
2023,36,360845,New York,1,1,0,0,0,2,2,9,CATTARAUGUS (9),5000,PORTVILLE,8,8,4,April,2023,7,Saturday,20,8:00pm-8:59pm,30,30,0,This Section IS NOT on the NHS,1,Rural,7,Local,3,Town or Township Highway Agency,0,Not Signed,GLEASON HOLLOW RD,,99998,Not Reported,42.02063333,42.02063333,-78.364930560,-78.36493056,0,No Special Jurisdiction,1,Rollover/Overturn,0,The First Harmful Event was Not a Collision with a Motor Vehicle in Transport,0,No,1,Non-Junction,1,Not an Intersection,0,None,,,4,On Roadside,2,Dark - Not Lighted,,,,,1,Clear,0,No,0000000,Not Applicable,20,8:00pm-8:59pm,30,30,20,8:00pm-8:59pm,32,32,99,Unknown,99,Unknown EMS Hospital Arrival Time,,,,,,,1,
2023,36,360846,New York,1,1,0,0,0,2,2,75,OSWEGO (75),4540,OSWEGO,25,25,8,August,2023,6,Friday,23,11:00pm-11:59pm,17,17,0,This Section IS NOT on the NHS,1,Rural,7,Local,3,Town or Township Highway Agency,0,Not Signed,CHAPEL RD,,99998,Not Reported,43.38312778,43.38312778,-76.592516670,-76.59251667,0,No Special Jurisdiction,42,Tree (Standing Only),0,The First Harmful Event was Not a Collision with a Motor Vehicle in Transport,0,No,1,Non-Junction,1,Not an Intersection,0,None,,,4,On Roadside,2,Dark - Not Lighted,,,,,1,Clear,0,No,0000000,Not Applicable,23,11:00pm-11:59pm,17,17,23,11:00pm-11:59pm,28,28,99,Unknown,99,Unknown EMS Hospital Arrival Time,,,,,,,1,
2023,36,360847,New York,1,1,0,0,0,2,2,65,ONEIDA (65),5260,ROME,7,7,11,November,2023,3,Tuesday,2,2:00am-2:59am,10,10,0,This Section IS NOT on the NHS,2,Urban,5,Major Collector,3,Town or Township Highway Agency,0,Not Signed,SUTLIFF RD,,99998,Not Reported,43.17113889,43.17113889,-75.417497220,-75.41749722,0,No Special Jurisdiction,35,Embankment,0,The First Harmful Event was Not a Collision with a Motor Vehicle in Transport,0,No,1,Non-Junction,1,Not an Intersection,0,None,,,4,On Roadside,2,Dark - Not Lighted,,,,,10,Cloudy,0,No,0000000,Not Applicable,2,2:00am-2:59am,18,18,2,2:00am-2:59am,32,32,2,2:00am-2:59am,54,54,,,,,,,1,
2023,36,360848,New York,1,1,0,0,0,3,3,111,ULSTER (111),3060,KINGSTON,19,19,11,November,2023,1,Sunday,5,5:00am-5:59am,38,38,1,This Section IS ON the NHS,2,Urban,2,Other Freeways and Expressways,1,State Highway Agency,3,State Highway,SR-32 FLATBUSH RD,,99998,Not Reported,41.96945278,41.96945278,-73.971594440,-73.97159444,0,No Special Jurisdiction,42,Tree (Standing Only),0,The First Harmful Event was Not a Collision with a Motor Vehicle in Transport,0,No,1,Non-Junction,1,Not an Intersection,0,None,,,4,On Roadside,3,Dark - Lighted,,,,,1,Clear,0,No,0000000,Not Applicable,5,5:00am-5:59am,38,38,5,5:00am-5:59am,47,47,99,Unknown,99,Unknown EMS Hospital Arrival Time,,,,,,,1,
2023,36,360849,New York,1,1,0,0,0,2,2,1,ALBANY (1),6585,WESTERLO,29,29,11,November,2023,4,Wednesday,7,7:00am-7:59am,23,23,0,This Section IS NOT on the NHS,1,Rural,7,Local,2,County Highway Agency,4,County,CR-403,,99998,Not Reported,42.44189444,42.44189444,-74.042030560,-74.04203056,0,No Special Jurisdiction,34,Ditch,0,The First Harmful Event was Not a Collision with a Motor Vehicle in Transport,0,No,1,Non-Junction,1,Not an Intersection,0,None,,,4,On Roadside,1,Daylight,,,,,1,Clear,0,No,0000000,Not Applicable,7,7:00am-7:59am,29,29,7,7:00am-7:59am,42,42,99,Unknown,99,Unknown EMS Hospital Arrival Time,,,,,,,1,
2023,36,360851,New York,2,2,0,0,0,2,2,91,SARATOGA (91),1209,CLIFTON PARK,16,16,8,August,2023,4,Wednesday,12,12:00pm-12:59pm,51,51,1,This Section IS ON the NHS,2,Urban,3,Other Principal Arterial,1,State Highway Agency,3,State Highway,SR-146,,99998,Not Reported,42.86988333,42.86988333,-73.818583330,-73.81858333,0,No Special Jurisdiction,12,Motor Vehicle In-Transport,6,Angle,0,No,8,Driveway Access Related,1,Not an Intersection,0,None,,,1,On Roadway,1,Daylight,,,,,1,Clear,0,No,0000000,Not Applicable,12,12:00pm-12:59pm,52,52,13,1:00pm-1:59pm,0,0,13,1:00pm-1:59pm,37,37,,,,,,,1,
2023,36,360852,New York,3,3,0,0,0,3,3,27,DUTCHESS (27),6380,WAPPINGERS FALLS,17,17,3,March,2023,6,Friday,13,1:00pm-1:59pm,25,25,1,This Section IS ON the NHS,2,Urban,3,Other Principal Arterial,1,State Highway Agency,2,U.S. Highway,US-9,NEW HACKENSACK RD,99998,Not Reported,41.59826389,41.59826389,-73.911233330,-73.91123333,0,No Special Jurisdiction,12,Motor Vehicle In-Transport,6,Angle,0,No,2,Intersection,2,Four-Way Intersection,0,None,,,1,On Roadway,1,Daylight,,,,,10,Cloudy,1,Yes,0000000,Not Applicable,99,Unknown,99,Unknown,99,Unknown EMS Scene Arrival Hour,99,Unknown EMS Scene Arrival Minutes,99,Unknown,99,Unknown EMS Hospital Arrival Time,,,,,,,1,
2023,36,360853,New York,1,1,0,1,1,1,1,29,ERIE (29),750,BUFFALO,18,18,11,November,2023,7,Saturday,15,3:00pm-3:59pm,55,55,0,This Section IS NOT on the NHS,2,Urban,4,Minor Arterial,4,City or Municipal Highway Agency,0,Not Signed,ST FLORIAN ST,HERTEL AVE,99998,Not Reported,42.94707500,42.94707500,-78.885947220,-78.88594722,0,No Special Jurisdiction,8,Pedestrian,0,The First Harmful Event was Not a Collision with a Motor Vehicle in Transport,0,No,3,Intersection-Related,3,T-Intersection,0,None,,,1,On Roadway,1,Daylight,,,,,1,Clear,0,No,0000000,Not Applicable,16,4:00pm-4:59pm,0,0,16,4:00pm-4:59pm,1,1,99,Unknown,99,Unknown EMS Hospital Arrival Time,,,,,,,1,
2023,36,360854,New York,2,2,0,0,0,6,6,1,ALBANY (1),1290,COLONIE,7,7,10,October,2023,7,Saturday,23,11:00pm-11:59pm,8,8,1,This Section IS ON the NHS,2,Urban,1,Interstate,1,State Highway Agency,1,Interstate,I-890,,99998,Not Reported,42.75880278,42.75880278,-73.933255560,-73.93325556,0,No Special Jurisdiction,59,"Traffic Sign Support ",0,The First Harmful Event was Not a Collision with a Motor Vehicle in Transport,0,No,1,Non-Junction,1,Not an Intersection,0,None,,,3,On Median,2,Dark - Not Lighted,,,,,10,Cloudy,0,No,0000000,Not Applicable,23,11:00pm-11:59pm,8,8,23,11:00pm-11:59pm,10,10,99,Unknown,99,Unknown EMS Hospital Arrival Time,,,,,,,1,
2023,36,360855,New York,2,1,1,0,0,1,1,47,KINGS (47),4170,NEW YORK CITY,12,12,10,October,2023,5,Thursday,23,11:00pm-11:59pm,27,27,0,This Section IS NOT on the NHS,2,Urban,7,Local,4,City or Municipal Highway Agency,0,Not Signed,HINSDALE ST,,0,None,40.66522222,40.66522222,-73.899027780,-73.89902778,0,No Special Jurisdiction,14,Parked Motor Vehicle,0,The First Harmful Event was Not a Collision with a Motor Vehicle in Transport,0,No,1,Non-Junction,1,Not an Intersection,0,None,,,7,In Parking Lane/Zone,3,Dark - Lighted,,,,,1,Clear,0,No,0000000,Not Applicable,99,Unknown,99,Unknown,99,Unknown EMS Scene Arrival Hour,99,Unknown EMS Scene Arrival Minutes,99,Unknown,99,Unknown EMS Hospital Arrival Time,,,,,,,1,
2023,36,360856,New York,2,2,0,0,0,2,2,21,COLUMBIA (21),2810,HUDSON,13,13,11,November,2023,2,Monday,17,5:00pm-5:59pm,45,45,1,This Section IS ON the NHS,2,Urban,3,Other Principal Arterial,1,State Highway Agency,3,State Highway,SR-23,,99998,Not Reported,42.21548611,42.21548611,-73.798613890,-73.79861389,0,No Special Jurisdiction,12,Motor Vehicle In-Transport,6,Angle,0,No,1,Non-Junction,1,Not an Intersection,0,None,,,1,On Roadway,3,Dark - Lighted,,,,,10,Cloudy,0,No,0000000,Not Applicable,17,5:00pm-5:59pm,43,43,17,5:00pm-5:59pm,49,49,99,Unknown,99,Unknown EMS Hospital Arrival Time,,,,,,,1,
2023,36,360857,New York,2,2,0,0,0,2,2,51,LIVINGSTON (51),3320,LIVONIA,17,17,10,October,2023,3,Tuesday,11,11:00am-11:59am,2,2,0,This Section IS NOT on the NHS,1,Rural,4,Minor Arterial,1,State Highway Agency,3,State Highway,SR-15A PLANK RD,US-20 RICHMOND MILLS RD,99998,Not Reported,42.82152500,42.82152500,-77.609919440,-77.60991944,0,No Special Jurisdiction,12,Motor Vehicle In-Transport,6,Angle,0,No,2,Intersection,2,Four-Way Intersection,0,None,,,1,On Roadway,1,Daylight,,,,,10,Cloudy,0,No,0000000,Not Applicable,99,Unknown,99,Unknown,99,Unknown EMS Scene Arrival Hour,99,Unknown EMS Scene Arrival Minutes,99,Unknown,99,Unknown EMS Hospital Arrival Time,,,,,,,1,
2023,36,360858,New York,1,1,0,0,0,4,4,53,MADISON (53),3201,LENOX,17,17,11,November,2023,6,Friday,2,2:00am-2:59am,32,32,0,This Section IS NOT on the NHS,1,Rural,5,Major Collector,1,State Highway Agency,3,State Highway,SR-13 N PETERBOROUGH ST,SR-31 LAKE RD,99998,Not Reported,43.15614167,43.15614167,-75.744327780,-75.74432778,0,No Special Jurisdiction,59,"Traffic Sign Support ",0,The First Harmful Event was Not a Collision with a Motor Vehicle in Transport,0,No,3,Intersection-Related,6,Roundabout,0,None,,,4,On Roadside,3,Dark - Lighted,,,,,10,Cloudy,0,No,0000000,Not Applicable,2,2:00am-2:59am,35,35,2,2:00am-2:59am,41,41,99,Unknown,99,Unknown EMS Hospital Arrival Time,,,,,,,1,
2023,36,360859,New York,1,1,0,0,0,2,2,67,ONONDAGA (67),1179,CLAY,23,23,7,July,2023,1,Sunday,17,5:00pm-5:59pm,45,45,1,This Section IS ON the NHS,2,Urban,3,Other Principal Arterial,2,County Highway Agency,4,County,CR-57 OSWEGO RD,,99998,Not Reported,43.15500000,43.15500000,-76.227241670,-76.22724167,0,No Special Jurisdiction,35,Embankment,0,The First Harmful Event was Not a Collision with a Motor Vehicle in Transport,0,No,1,Non-Junction,1,Not an Intersection,0,None,,,4,On Roadside,5,Dusk,,,,,1,Clear,0,No,0000000,Not Applicable,17,5:00pm-5:59pm,46,46,18,6:00pm-6:59pm,18,18,18,6:00pm-6:59pm,28,28,,,,,,,1,
2023,36,360860,New York,1,1,0,0,0,1,1,79,PUTNAM (79),900,CARMEL,5,5,10,October,2023,5,Thursday,15,3:00pm-3:59pm,47,47,0,This Section IS NOT on the NHS,2,Urban,7,Local,3,Town or Township Highway Agency,0,Not Signed,HIGHRIDGE RD,MT HOPE RD,99998,Not Reported,41.37179167,41.37179167,-73.730350000,-73.73035000,0,No Special Jurisdiction,39,Wall,0,The First Harmful Event was Not a Collision with a Motor Vehicle in Transport,0,No,3,Intersection-Related,3,T-Intersection,0,None,,,4,On Roadside,1,Daylight,,,,,10,Cloudy,0,No,0000000,Not Applicable,99,Unknown,99,Unknown,99,Unknown EMS Scene Arrival Hour,99,Unknown EMS Scene Arrival Minutes,99,Unknown,99,Unknown EMS Hospital Arrival Time,,,,,,,1,
2023,36,360861,New York,2,2,0,0,0,2,2,71,ORANGE (71),4980,PORT JERVIS,18,18,11,November,2023,7,Saturday,10,10:00am-10:59am,4,4,0,This Section IS NOT on the NHS,2,Urban,4,Minor Arterial,1,State Highway Agency,3,State Highway,SR-42 PARK AVE,,99998,Not Reported,41.37870278,41.37870278,-74.694586110,-74.69458611,0,No Special Jurisdiction,12,Motor Vehicle In-Transport,2,Front-to-Front,0,No,1,Non-Junction,1,Not an Intersection,0,None,,,1,On Roadway,1,Daylight,,,,,1,Clear,0,No,0000000,Not Applicable,10,10:00am-10:59am,4,4,10,10:00am-10:59am,7,7,10,10:00am-10:59am,45,45,,,,,,,1,
2023,36,360862,New York,1,1,0,1,1,1,1,47,KINGS (47),4170,NEW YORK CITY,22,22,11,November,2023,4,Wednesday,6,6:00am-6:59am,3,3,1,This Section IS ON the NHS,2,Urban,3,Other Principal Arterial,4,City or Municipal Highway Agency,0,Not Signed,BAY PKWY,79TH ST,99998,Not Reported,40.60592222,40.60592222,-73.989611110,-73.98961111,0,No Special Jurisdiction,8,Pedestrian,0,The First Harmful Event was Not a Collision with a Motor Vehicle in Transport,0,No,3,Intersection-Related,2,Four-Way Intersection,0,None,,,1,On Roadway,4,Dawn,,,,,2,Rain,0,No,0000000,Not Applicable,99,Unknown,99,Unknown,99,Unknown EMS Scene Arrival Hour,99,Unknown EMS Scene Arrival Minutes,99,Unknown,99,Unknown EMS Hospital Arrival Time,,,,,,,1,
2023,36,360864,New York,3,3,0,0,0,2,2,103,SUFFOLK (103),5769,SMITHTOWN,1,1,8,August,2023,3,Tuesday,23,11:00pm-11:59pm,33,33,1,This Section IS ON the NHS,2,Urban,3,Other Principal Arterial,1,State Highway Agency,3,State Highway,SR-908K SUNKEN MEADOW PKWY,,99998,Not Reported,99.99990000,99.99990000,999.999900000,999.99990000,0,No Special Jurisdiction,1,Rollover/Overturn,0,The First Harmful Event was Not a Collision with a Motor Vehicle in Transport,0,No,1,Non-Junction,1,Not an Intersection,0,None,,,1,On Roadway,3,Dark - Lighted,,,,,1,Clear,0,No,0000000,Not Applicable,99,Unknown,99,Unknown,99,Unknown EMS Scene Arrival Hour,99,Unknown EMS Scene Arrival Minutes,99,Unknown,99,Unknown EMS Hospital Arrival Time,,,,,,,1,
2023,36,360865,New York,1,1,0,0,0,2,2,51,LIVINGSTON (51),1298,CONESUS,3,3,12,December,2023,1,Sunday,19,7:00pm-7:59pm,0,0,0,This Section IS NOT on the NHS,1,Rural,7,Local,2,County Highway Agency,4,County,CR-71 STAGECOACH RD,,99998,Not Reported,42.70065278,42.70065278,-77.676602780,-77.67660278,0,No Special Jurisdiction,34,Ditch,0,The First Harmful Event was Not a Collision with a Motor Vehicle in Transport,0,No,1,Non-Junction,1,Not an Intersection,0,None,,,4,On Roadside,2,Dark - Not Lighted,,,,,10,Cloudy,0,No,0000000,Not Applicable,19,7:00pm-7:59pm,1,1,19,7:00pm-7:59pm,12,12,99,Unknown,99,Unknown EMS Hospital Arrival Time,,,,,,,1,
2023,36,360866,New York,2,2,0,0,0,2,2,55,MONROE (55),680,BROCKPORT,30,30,11,November,2023,5,Thursday,21,9:00pm-9:59pm,27,27,0,This Section IS NOT on the NHS,2,Urban,4,Minor Arterial,2,County Highway Agency,4,County,CR-261 WEST AVE,REDMAN RD,99998,Not Reported,43.22001389,43.22001389,-77.966727780,-77.96672778,0,No Special Jurisdiction,12,Motor Vehicle In-Transport,1,Front-to-Rear,0,No,3,Intersection-Related,2,Four-Way Intersection,0,None,,,1,On Roadway,3,Dark - Lighted,,,,,1,Clear,0,No,0000000,Not Applicable,21,9:00pm-9:59pm,27,27,21,9:00pm-9:59pm,32,32,21,9:00pm-9:59pm,47,47,,,,,,,1,
2023,36,360867,New York,2,2,0,0,0,3,3,61,NEW YORK (61),4170,NEW YORK,4,4,12,December,2023,2,Monday,22,10:00pm-10:59pm,17,17,1,This Section IS ON the NHS,2,Urban,3,Other Principal Arterial,4,City or Municipal Highway Agency,0,Not Signed,10TH AVE,W 213TH ST,99998,Not Reported,40.86825000,40.86825000,-73.916141670,-73.91614167,0,No Special Jurisdiction,12,Motor Vehicle In-Transport,6,Angle,0,No,2,Intersection,3,T-Intersection,0,None,,,1,On Roadway,3,Dark - Lighted,,,,,1,Clear,0,No,0000000,Not Applicable,99,Unknown,99,Unknown,99,Unknown EMS Scene Arrival Hour,99,Unknown EMS Scene Arrival Minutes,99,Unknown,99,Unknown EMS Hospital Arrival Time,,,,,,,1,
2023,36,360868,New York,2,2,0,0,0,2,2,47,KINGS (47),4170,NEW YORK CITY,7,7,12,December,2023,5,Thursday,6,6:00am-6:59am,55,55,1,This Section IS ON the NHS,2,Urban,3,Other Principal Arterial,4,City or Municipal Highway Agency,0,Not Signed,GREENPOINT AVE,KINGSLAND AVE,99998,Not Reported,40.73272222,40.73272222,-73.942716670,-73.94271667,0,No Special Jurisdiction,12,Motor Vehicle In-Transport,6,Angle,0,No,2,Intersection,2,Four-Way Intersection,0,None,,,1,On Roadway,1,Daylight,,,,,1,Clear,0,No,0000000,Not Applicable,6,6:00am-6:59am,55,55,99,Unknown EMS Scene Arrival Hour,99,Unknown EMS Scene Arrival Minutes,99,Unknown,99,Unknown EMS Hospital Arrival Time,,,,,,,1,
2023,36,360869,New York,4,4,0,0,0,5,5,5,BRONX (5),4170,NEW YORK CITY,4,4,12,December,2023,2,Monday,9,9:00am-9:59am,20,20,1,This Section IS ON the NHS,2,Urban,1,Interstate,1,State Highway Agency,1,Interstate,I-95 CROSS BRONX EXPY,,99998,Not Reported,40.84522778,40.84522778,-73.911688890,-73.91168889,0,No Special Jurisdiction,12,Motor Vehicle In-Transport,1,Front-to-Rear,0,No,1,Non-Junction,1,Not an Intersection,0,None,,,1,On Roadway,1,Daylight,,,,,1,Clear,0,No,0000000,Not Applicable,9,9:00am-9:59am,20,20,9,9:00am-9:59am,30,30,88,"Not Applicable (Not Transported) ",88,Not Applicable (Not Transported),,,,,,,1,
2023,36,360870,New York,2,2,0,0,0,4,4,29,ERIE (29),2485,HAMBURG,20,20,8,August,2023,1,Sunday,23,11:00pm-11:59pm,50,50,0,This Section IS NOT on the NHS,2,Urban,4,Minor Arterial,2,County Highway Agency,4,County,CR-204 MCKINLEY PKWY,,99998,Not Reported,42.74072500,42.74072500,-78.812508330,-78.81250833,0,No Special Jurisdiction,12,Motor Vehicle In-Transport,6,Angle,0,No,8,Driveway Access Related,1,Not an Intersection,0,None,,,1,On Roadway,3,Dark - Lighted,,,,,10,Cloudy,0,No,0000000,Not Applicable,23,11:00pm-11:59pm,50,50,23,11:00pm-11:59pm,57,57,0,0:00am-0:59am,36,36,,,,,,,1,
2023,36,360871,New York,1,1,0,6,6,1,1,45,JEFFERSON (45),90,ALEXANDRIA BAY,20,20,9,September,2023,4,Wednesday,14,2:00pm-2:59pm,18,18,0,This Section IS NOT on the NHS,1,Rural,6,Minor Collector,2,County Highway Agency,4,County,CR-2,,99998,Not Reported,44.25678889,44.25678889,-75.934352780,-75.93435278,0,No Special Jurisdiction,49,Ridden Animal or Animal Drawn Conveyance,0,The First Harmful Event was Not a Collision with a Motor Vehicle in Transport,0,No,1,Non-Junction,1,Not an Intersection,0,None,,,1,On Roadway,1,Daylight,,,,,1,Clear,0,No,0000000,Not Applicable,14,2:00pm-2:59pm,18,18,14,2:00pm-2:59pm,31,31,99,Unknown,99,Unknown EMS Hospital Arrival Time,,,,,,,2,
2023,36,360872,New York,1,1,0,2,2,1,1,67,ONONDAGA (67),6010,SYRACUSE,5,5,11,November,2023,1,Sunday,16,4:00pm-4:59pm,4,4,0,This Section IS NOT on the NHS,2,Urban,7,Local,4,City or Municipal Highway Agency,0,Not Signed,1ST NORTH ST,,99998,Not Reported,43.06756389,43.06756389,-76.144325000,-76.14432500,0,No Special Jurisdiction,59,"Traffic Sign Support ",0,The First Harmful Event was Not a Collision with a Motor Vehicle in Transport,0,No,1,Non-Junction,1,Not an Intersection,0,None,,,4,On Roadside,1,Daylight,,,,,1,Clear,0,No,0000000,Not Applicable,16,4:00pm-4:59pm,7,7,16,4:00pm-4:59pm,10,10,16,4:00pm-4:59pm,27,27,,,,,,,1,
2023,36,360873,New York,1,1,0,1,1,1,1,47,KINGS (47),4170,NEW YORK CITY,24,24,7,July,2023,2,Monday,21,9:00pm-9:59pm,25,25,0,This Section IS NOT on the NHS,2,Urban,7,Local,4,City or Municipal Highway Agency,0,Not Signed,E 10TH ST,AVENUE O,99998,Not Reported,40.61253333,40.61253333,-73.963836110,-73.96383611,0,No Special Jurisdiction,8,Pedestrian,0,The First Harmful Event was Not a Collision with a Motor Vehicle in Transport,0,No,3,Intersection-Related,2,Four-Way Intersection,0,None,,,1,On Roadway,3,Dark - Lighted,,,,,1,Clear,0,No,0000000,Not Applicable,99,Unknown,99,Unknown,99,Unknown EMS Scene Arrival Hour,99,Unknown EMS Scene Arrival Minutes,99,Unknown,99,Unknown EMS Hospital Arrival Time,,,,,,,1,
2023,36,360874,New York,2,2,0,0,0,2,2,81,QUEENS (81),5943,ST. ALBANS,15,15,10,October,2023,1,Sunday,11,11:00am-11:59am,40,40,0,This Section IS NOT on the NHS,2,Urban,7,Local,4,City or Municipal Highway Agency,0,Not Signed,111 AVE,MERRICK BLVD,99998,Not Reported,40.69443333,40.69443333,-73.781511110,-73.78151111,0,No Special Jurisdiction,1,Rollover/Overturn,0,The First Harmful Event was Not a Collision with a Motor Vehicle in Transport,0,No,2,Intersection,2,Four-Way Intersection,0,None,,,1,On Roadway,1,Daylight,,,,,1,Clear,0,No,0000000,Not Applicable,99,Unknown,99,Unknown,99,Unknown EMS Scene Arrival Hour,99,Unknown EMS Scene Arrival Minutes,99,Unknown,99,Unknown EMS Hospital Arrival Time,,,,,,,1,
2023,36,360875,New York,1,1,0,0,0,1,1,119,WESTCHESTER (119),6040,TARRYTOWN,10,10,11,November,2023,6,Friday,0,0:00am-0:59am,52,52,1,This Section IS ON the NHS,2,Urban,1,Interstate,1,State Highway Agency,1,Interstate,I-87/287,,99998,Not Reported,41.06433889,41.06433889,-73.863530560,-73.86353056,0,No Special Jurisdiction,24,Guardrail Face,0,The First Harmful Event was Not a Collision with a Motor Vehicle in Transport,0,No,1,Non-Junction,1,Not an Intersection,0,None,,,4,On Roadside,3,Dark - Lighted,,,,,1,Clear,0,No,0000000,Not Applicable,1,1:00am-1:59am,1,1,1,1:00am-1:59am,7,7,88,"Not Applicable (Not Transported) ",88,Not Applicable (Not Transported),,,,,,,1,
2023,36,360876,New York,2,2,0,0,0,3,3,67,ONONDAGA (67),1179,CLAY,27,27,11,November,2023,2,Monday,15,3:00pm-3:59pm,37,37,1,This Section IS ON the NHS,2,Urban,3,Other Principal Arterial,2,County Highway Agency,4,County,CR-57 OSWEGO RD,,99998,Not Reported,43.13918333,43.13918333,-76.226883330,-76.22688333,0,No Special Jurisdiction,12,Motor Vehicle In-Transport,2,Front-to-Front,0,No,8,Driveway Access Related,1,Not an Intersection,0,None,,,1,On Roadway,1,Daylight,,,,,4,Snow,0,No,0000000,Not Applicable,15,3:00pm-3:59pm,37,37,15,3:00pm-3:59pm,40,40,16,4:00pm-4:59pm,17,17,,,,,,,1,
2023,36,360877,New York,2,2,0,0,0,3,3,73,ORLEANS (73),1176,CLARENDON,22,22,11,November,2023,4,Wednesday,11,11:00am-11:59am,12,12,0,This Section IS NOT on the NHS,1,Rural,4,Minor Arterial,1,State Highway Agency,3,State Highway,SR-31A FOURTH SECTION RD,,99998,Not Reported,43.19045000,43.19045000,-78.036408330,-78.03640833,0,No Special Jurisdiction,12,Motor Vehicle In-Transport,6,Angle,0,No,1,Non-Junction,1,Not an Intersection,0,None,,,1,On Roadway,1,Daylight,,,,,10,Cloudy,0,No,0000000,Not Applicable,11,11:00am-11:59am,12,12,11,11:00am-11:59am,19,19,99,Unknown,99,Unknown EMS Hospital Arrival Time,,,,,,,2,
2023,36,360878,New York,1,1,0,1,1,1,1,27,DUTCHESS (27),2785,HOPEWELL JUNCTION,30,30,11,November,2023,5,Thursday,15,3:00pm-3:59pm,53,53,0,This Section IS NOT on the NHS,2,Urban,5,Major Collector,1,State Highway Agency,3,State Highway,SR-52,CR-30 MILLTOWN RD,99998,Not Reported,41.51943056,41.51943056,-73.695897220,-73.69589722,0,No Special Jurisdiction,9,Pedalcyclist,0,The First Harmful Event was Not a Collision with a Motor Vehicle in Transport,0,No,2,Intersection,3,T-Intersection,0,None,,,1,On Roadway,1,Daylight,,,,,1,Clear,0,No,0000000,Not Applicable,15,3:00pm-3:59pm,54,54,16,4:00pm-4:59pm,3,3,16,4:00pm-4:59pm,35,35,,,,,,,1,
2023,36,360879,New York,1,1,0,0,0,1,1,27,DUTCHESS (27),2870,HYDE PARK,10,10,12,December,2023,1,Sunday,5,5:00am-5:59am,17,17,0,This Section IS NOT on the NHS,2,Urban,5,Major Collector,1,State Highway Agency,3,State Highway,SR-115 SALT POINT TPK,,99998,Not Reported,41.74219444,41.74219444,-73.876327780,-73.87632778,0,No Special Jurisdiction,53,Mail Box,0,The First Harmful Event was Not a Collision with a Motor Vehicle in Transport,0,No,1,Non-Junction,1,Not an Intersection,0,None,,,4,On Roadside,2,Dark - Not Lighted,,,,,1,Clear,0,No,0000000,Not Applicable,5,5:00am-5:59am,19,19,5,5:00am-5:59am,22,22,88,"Not Applicable (Not Transported) ",88,Not Applicable (Not Transported),,,,,,,1,
2023,36,360880,New York,1,1,0,0,0,1,1,33,FRANKLIN (33),770,BURKE,5,5,12,December,2023,3,Tuesday,11,11:00am-11:59am,54,54,1,This Section IS ON the NHS,1,Rural,3,Other Principal Arterial,1,State Highway Agency,2,U.S. Highway,US-11,,99998,Not Reported,44.90214167,44.90214167,-74.229813890,-74.22981389,0,No Special Jurisdiction,26,Other Traffic Barrier,0,The First Harmful Event was Not a Collision with a Motor Vehicle in Transport,0,No,1,Non-Junction,1,Not an Intersection,0,None,,,4,On Roadside,1,Daylight,,,,,10,Cloudy,0,No,0000000,Not Applicable,11,11:00am-11:59am,52,52,11,11:00am-11:59am,59,59,12,12:00pm-12:59pm,51,51,,,,,,,1,
2023,36,360881,New York,1,1,0,1,1,2,2,37,GENESEE (37),5947,STAFFORD,9,9,11,November,2023,5,Thursday,17,5:00pm-5:59pm,21,21,0,This Section IS NOT on the NHS,1,Rural,4,Minor Arterial,1,State Highway Agency,3,State Highway,SR-5 MAIN ST,,99998,Not Reported,42.98848611,42.98848611,-78.127475000,-78.12747500,0,No Special Jurisdiction,8,Pedestrian,0,The First Harmful Event was Not a Collision with a Motor Vehicle in Transport,0,No,1,Non-Junction,1,Not an Intersection,0,None,,,1,On Roadway,2,Dark - Not Lighted,,,,,1,Clear,0,No,0000000,Not Applicable,17,5:00pm-5:59pm,21,21,17,5:00pm-5:59pm,30,30,17,5:00pm-5:59pm,51,51,,,,,,,1,
2023,36,360882,New York,1,1,0,1,1,1,1,67,ONONDAGA (67),6010,SYRACUSE,4,4,12,December,2023,2,Monday,22,10:00pm-10:59pm,31,31,0,This Section IS NOT on the NHS,2,Urban,4,Minor Arterial,4,City or Municipal Highway Agency,0,Not Signed,ALMOND ST,E ADAMS ST,99998,Not Reported,43.04272778,43.04272778,-76.142300000,-76.14230000,0,No Special Jurisdiction,8,Pedestrian,0,The First Harmful Event was Not a Collision with a Motor Vehicle in Transport,0,No,3,Intersection-Related,2,Four-Way Intersection,0,None,,,1,On Roadway,3,Dark - Lighted,,,,,10,Cloudy,0,No,0000000,Not Applicable,22,10:00pm-10:59pm,32,32,22,10:00pm-10:59pm,33,33,22,10:00pm-10:59pm,38,38,,,,,,,1,