caseyear,state,st_case,statename,ve_total,ve_forms,pvh_invl,peds,pernotmvit,permvit,persons,county,countyname,city,cityname,day,dayname,month,monthname,year,day_week,day_weekname,hour,hourname,minute,minutename,nhs,nhsname,rur_urb,rur_urbname,func_sys,func_sysname,rd_owner,rd_ownername,route,routename,tway_id,tway_id2,milept,mileptname,latitude,latitudename,longitud,longitudname,sp_jur,sp_jurname,harm_ev,harm_evname,man_coll,man_collname,reljct1,reljct1name,reljct2,reljct2name,typ_int,typ_intname,wrk_zone,wrk_zonename,road_fnc,road_fncname,rel_road,rel_roadname,lgt_cond,lgt_condname,weather1,weather1name,weather2,weather2name,weather,weathername,sch_bus,sch_busname,rail,railname,not_hour,not_hourname,not_min,not_minname,arr_hour,arr_hourname,arr_min,arr_minname,hosp_hr,hosp_hrname,hosp_mn,hosp_mnname,cf1,cf1name,cf2,cf2name,cf3,cf3name,fatals,drunk_dr
2023,36,360919,New York,2,2,0,0,0,2,2,103,SUFFOLK (103),360,BABYLON,18,18,10,October,2023,4,Wednesday,12,12:00pm-12:59pm,52,52,0,This Section IS NOT on the NHS,2,Urban,4,Minor Arterial,2,County Highway Agency,4,County,CR-28 NEW HIGHWAY,ALBANY AVE,99998,Not Reported,40.71195278,40.71195278,-73.403163890,-73.40316389,0,No Special Jurisdiction,12,Motor Vehicle In-Transport,6,Angle,0,No,2,Intersection,3,T-Intersection,0,None,,,1,On Roadway,1,Daylight,,,,,10,Cloudy,0,No,0000000,Not Applicable,99,Unknown,99,Unknown,99,Unknown EMS Scene Arrival Hour,99,Unknown EMS Scene Arrival Minutes,99,Unknown,99,Unknown EMS Hospital Arrival Time,,,,,,,1,
2023,36,360920,New York,1,1,0,0,0,1,1,119,WESTCHESTER (119),275,ARMONK,24,24,10,October,2023,3,Tuesday,18,6:00pm-6:59pm,10,10,1,This Section IS ON the NHS,2,Urban,3,Other Principal Arterial,1,State Highway Agency,3,State Highway,SR-22,,99998,Not Reported,41.06803889,41.06803889,-73.765861110,-73.76586111,0,No Special Jurisdiction,42,Tree (Standing Only),0,The First Harmful Event was Not a Collision with a Motor Vehicle in Transport,0,No,1,Non-Junction,1,Not an Intersection,0,None,,,4,On Roadside,2,Dark - Not Lighted,,,,,1,Clear,0,No,0000000,Not Applicable,18,6:00pm-6:59pm,11,11,18,6:00pm-6:59pm,16,16,99,Unknown,99,Unknown EMS Hospital Arrival Time,,,,,,,1,
2023,36,360921,New York,2,2,0,1,1,2,2,67,ONONDAGA (67),6010,SYRACUSE,21,21,11,November,2023,3,Tuesday,18,6:00pm-6:59pm,10,10,0,This Section IS NOT on the NHS,2,Urban,7,Local,4,City or Municipal Highway Agency,0,Not Signed,E GLEN AVE,,99998,Not Reported,43.00548333,43.00548333,-76.140925000,-76.14092500,0,No Special Jurisdiction,8,Pedestrian,0,The First Harmful Event was Not a Collision with a Motor Vehicle in Transport,0,No,1,Non-Junction,1,Not an Intersection,0,None,,,1,On Roadway,3,Dark - Lighted,,,,,2,Rain,0,No,0000000,Not Applicable,18,6:00pm-6:59pm,10,10,18,6:00pm-6:59pm,13,13,18,6:00pm-6:59pm,28,28,,,,,,,1,
2023,36,360922,New York,2,2,0,0,0,3,3,1,ALBANY (1),1290,COLONIE,26,26,10,October,2023,5,Thursday,19,7:00pm-7:59pm,19,19,0,This Section IS NOT on the NHS,2,Urban,5,Major Collector,2,County Highway Agency,4,County,CR-152 OLD NISKAYUNA RD,,99998,Not Reported,42.71396667,42.71396667,-73.763997220,-73.76399722,0,No Special Jurisdiction,12,Motor Vehicle In-Transport,6,Angle,0,No,8,Driveway Access Related,1,Not an Intersection,0,None,,,1,On Roadway,2,Dark - Not Lighted,,,,,1,Clear,0,No,0000000,Not Applicable,19,7:00pm-7:59pm,20,20,19,7:00pm-7:59pm,24,24,88,"Not Applicable (Not Transported) ",88,Not Applicable (Not Transported),,,,,,,1,
2023,36,360923,New York,5,1,4,1,1,2,2,63,NIAGARA (63),4210,NIAGARA FALLS,22,22,11,November,2023,4,Wednesday,11,11:00am-11:59am,22,22,1,This Section IS ON the NHS,2,Urban,2,Other Freeways and Expressways,1,State Highway Agency,3,State Highway,SR-384 NIAGARA ST,,99998,Not Reported,43.08822500,43.08822500,-79.063863890,-79.06386389,0,No Special Jurisdiction,35,Embankment,0,The First Harmful Event was Not a Collision with a Motor Vehicle in Transport,0,No,1,Non-Junction,1,Not an Intersection,0,None,,,3,On Median,1,Daylight,,,,,2,Rain,0,No,0000000,Not Applicable,11,11:00am-11:59am,24,24,11,11:00am-11:59am,29,29,99,Unknown,99,Unknown EMS Hospital Arrival Time,,,,,,,2,
2023,36,360924,New York,3,3,0,0,0,4,4,123,YATES (123),5952,STARKEY,27,27,12,December,2023,4,Wednesday,13,1:00pm-1:59pm,9,9,1,This Section IS ON the NHS,1,Rural,3,Other Principal Arterial,1,State Highway Agency,3,State Highway,SR-14,,99998,Not Reported,99.99990000,99.99990000,999.999900000,999.99990000,0,No Special Jurisdiction,12,Motor Vehicle In-Transport,1,Front-to-Rear,0,No,1,Non-Junction,1,Not an Intersection,0,None,,,1,On Roadway,1,Daylight,,,,,2,Rain,0,No,0000000,Not Applicable,13,1:00pm-1:59pm,9,9,13,1:00pm-1:59pm,20,20,13,1:00pm-1:59pm,55,55,,,,,,,1,
2023,36,360925,New York,2,2,0,0,0,3,3,55,MONROE (55),1160,CHURCHVILLE,24,24,11,November,2023,6,Friday,10,10:00am-10:59am,47,47,0,This Section IS NOT on the NHS,2,Urban,4,Minor Arterial,1,State Highway Agency,3,State Highway,SR-383 SCOTTSVILLE RD,,99998,Not Reported,43.03702222,43.03702222,-77.737322220,-77.73732222,0,No Special Jurisdiction,12,Motor Vehicle In-Transport,2,Front-to-Front,0,No,1,Non-Junction,1,Not an Intersection,0,None,,,1,On Roadway,1,Daylight,,,,,10,Cloudy,0,No,0000000,Not Applicable,10,10:00am-10:59am,47,47,10,10:00am-10:59am,57,57,11,11:00am-11:59am,25,25,,,,,,,1,
2023,36,360926,New York,1,1,0,1,1,1,1,29,ERIE (29),2485,HAMBURG,24,24,11,November,2023,6,Friday,17,5:00pm-5:59pm,19,19,0,This Section IS NOT on the NHS,2,Urban,4,Minor Arterial,2,County Highway Agency,4,County,CR-200 LAKE AVE,,99998,Not Reported,42.79705000,42.79705000,-78.818977780,-78.81897778,0,No Special Jurisdiction,8,Pedestrian,0,The First Harmful Event was Not a Collision with a Motor Vehicle in Transport,0,No,1,Non-Junction,1,Not an Intersection,0,None,,,1,On Roadway,3,Dark - Lighted,,,,,10,Cloudy,0,No,0000000,Not Applicable,17,5:00pm-5:59pm,20,20,17,5:00pm-5:59pm,24,24,88,"Not Applicable (Not Transported) ",88,Not Applicable (Not Transported),,,,,,,1,
2023,36,360927,New York,1,1,0,1,1,1,1,105,SULLIVAN (105),783,CALLICOON,13,13,12,December,2023,4,Wednesday,16,4:00pm-4:59pm,2,2,0,This Section IS NOT on the NHS,1,Rural,6,Minor Collector,2,County Highway Agency,4,County,CR-122 NTHBRCH CALLICN CNTR RD,,99998,Not Reported,41.80472222,41.80472222,-74.971577780,-74.97157778,0,No Special Jurisdiction,8,Pedestrian,0,The First Harmful Event was Not a Collision with a Motor Vehicle in Transport,0,No,1,Non-Junction,1,Not an Intersection,0,None,,,1,On Roadway,5,Dusk,,,,,1,Clear,0,No,0000000,Not Applicable,16,4:00pm-4:59pm,2,2,16,4:00pm-4:59pm,16,16,88,"Not Applicable (Not Transported) ",88,Not Applicable (Not Transported),,,,,,,1,
2023,36,360928,New York,1,1,0,1,1,2,2,29,ERIE (29),750,BUFFALO,15,15,12,December,2023,6,Friday,21,9:00pm-9:59pm,37,37,0,This Section IS NOT on the NHS,2,Urban,4,Minor Arterial,4,City or Municipal Highway Agency,0,Not Signed,WILLIAM ST,,99998,Not Reported,42.88492222,42.88492222,-78.833380560,-78.83338056,0,No Special Jurisdiction,8,Pedestrian,0,The First Harmful Event was Not a Collision with a Motor Vehicle in Transport,0,No,1,Non-Junction,1,Not an Intersection,0,None,,,1,On Roadway,3,Dark - Lighted,,,,,10,Cloudy,0,No,0000000,Not Applicable,21,9:00pm-9:59pm,37,37,21,9:00pm-9:59pm,41,41,88,"Not Applicable (Not Transported) ",88,Not Applicable (Not Transported),,,,,,,1,
2023,36,360929,New York,1,1,0,1,1,1,1,29,ERIE (29),750,BUFFALO,17,17,12,December,2023,1,Sunday,6,6:00am-6:59am,47,47,0,This Section IS NOT on the NHS,2,Urban,5,Major Collector,4,City or Municipal Highway Agency,0,Not Signed,INDIAN CHURCH RD,SENECA ST,99998,Not Reported,42.85156944,42.85156944,-78.805138890,-78.80513889,0,No Special Jurisdiction,8,Pedestrian,0,The First Harmful Event was Not a Collision with a Motor Vehicle in Transport,0,No,3,Intersection-Related,3,T-Intersection,0,None,,,1,On Roadway,3,Dark - Lighted,,,,,1,Clear,0,No,0000000,Not Applicable,6,6:00am-6:59am,48,48,6,6:00am-6:59am,55,55,88,"Not Applicable (Not Transported) ",88,Not Applicable (Not Transported),,,,,,,1,
2023,36,360930,New York,2,2,0,0,0,5,5,59,NASSAU (59),2600,HEMPSTEAD,18,18,12,December,2023,2,Monday,14,2:00pm-2:59pm,0,0,0,This Section IS NOT on the NHS,2,Urban,4,Minor Arterial,2,County Highway Agency,4,County,CR-C28 CHARLES LINDBERGH BLVD,,99998,Not Reported,40.72228889,40.72228889,-73.598869440,-73.59886944,0,No Special Jurisdiction,12,Motor Vehicle In-Transport,1,Front-to-Rear,0,No,1,Non-Junction,1,Not an Intersection,0,None,,,1,On Roadway,1,Daylight,,,,,1,Clear,0,No,0000000,Not Applicable,14,2:00pm-2:59pm,5,5,14,2:00pm-2:59pm,10,10,99,Unknown,99,Unknown EMS Hospital Arrival Time,,,,,,,1,
2023,36,360931,New York,1,1,0,1,1,1,1,45,JEFFERSON (45),720,BROWNVILLE,20,20,12,December,2023,4,Wednesday,20,8:00pm-8:59pm,15,15,0,This Section IS NOT on the NHS,1,Rural,4,Minor Arterial,1,State Highway Agency,3,State Highway,SR-12E,,99998,Not Reported,44.03256111,44.03256111,-76.056486110,-76.05648611,0,No Special Jurisdiction,8,Pedestrian,0,The First Harmful Event was Not a Collision with a Motor Vehicle in Transport,0,No,1,Non-Junction,1,Not an Intersection,0,None,,,1,On Roadway,2,Dark - Not Lighted,,,,,10,Cloudy,0,No,0000000,Not Applicable,20,8:00pm-8:59pm,16,16,20,8:00pm-8:59pm,20,20,88,"Not Applicable (Not Transported) ",88,Not Applicable (Not Transported),,,,,,,1,
2023,36,360932,New York,1,1,0,0,0,1,1,59,NASSAU (59),2600,HEMPSTEAD,20,20,12,December,2023,4,Wednesday,5,5:00am-5:59am,37,37,1,This Section IS ON the NHS,2,Urban,2,Other Freeways and Expressways,1,State Highway Agency,3,State Highway,SR-908M SOUTHERN STATE PKWY,,99998,Not Reported,40.69373611,40.69373611,-73.547580560,-73.54758056,0,No Special Jurisdiction,30,Utility Pole/Light Support,0,The First Harmful Event was Not a Collision with a Motor Vehicle in Transport,0,No,1,Non-Junction,1,Not an Intersection,0,None,,,4,On Roadside,3,Dark - Lighted,,,,,1,Clear,0,No,0000000,Not Applicable,5,5:00am-5:59am,39,39,5,5:00am-5:59am,39,39,88,"Not Applicable (Not Transported) ",88,Not Applicable (Not Transported),,,,,,,1,
2023,36,360933,New York,2,2,0,0,0,3,3,65,ONEIDA (65),5120,REMSEN,21,21,12,December,2023,5,Thursday,21,9:00pm-9:59pm,23,23,1,This Section IS ON the NHS,1,Rural,3,Other Principal Arterial,1,State Highway Agency,3,State Highway,SR-12/28,DUSTIN RD,99998,Not Reported,43.40640556,43.40640556,-75.219236110,-75.21923611,0,No Special Jurisdiction,12,Motor Vehicle In-Transport,6,Angle,0,No,2,Intersection,3,T-Intersection,0,None,,,1,On Roadway,3,Dark - Lighted,,,,,1,Clear,0,No,0000000,Not Applicable,21,9:00pm-9:59pm,23,23,21,9:00pm-9:59pm,43,43,99,Unknown,99,Unknown EMS Hospital Arrival Time,,,,,,,1,
2023,36,360934,New York,1,1,0,0,0,2,2,107,TIOGA (107),4580,OWEGO,17,17,11,November,2023,6,Friday,22,10:00pm-10:59pm,32,32,0,This Section IS NOT on the NHS,1,Rural,7,Local,3,Town or Township Highway Agency,0,Not Signed,WAITS RD,,99998,Not Reported,42.04193333,42.04193333,-76.258938890,-76.25893889,0,No Special Jurisdiction,5,Fell/Jumped from Vehicle,0,The First Harmful Event was Not a Collision with a Motor Vehicle in Transport,0,No,1,Non-Junction,1,Not an Intersection,0,None,,,1,On Roadway,2,Dark - Not Lighted,,,,,2,Rain,0,No,0000000,Not Applicable,22,10:00pm-10:59pm,36,36,22,10:00pm-10:59pm,44,44,23,11:00pm-11:59pm,12,12,,,,,,,1,
2023,36,360935,New York,1,1,0,1,1,4,4,1,ALBANY (1),50,ALBANY,22,22,12,December,2023,6,Friday,17,5:00pm-5:59pm,55,55,0,This Section IS NOT on the NHS,2,Urban,4,Minor Arterial,4,City or Municipal Highway Agency,0,Not Signed,WATERVLIET AVE EXT,,99998,Not Reported,42.67935556,42.67935556,-73.782194440,-73.78219444,0,No Special Jurisdiction,8,Pedestrian,0,The First Harmful Event was Not a Collision with a Motor Vehicle in Transport,0,No,1,Non-Junction,1,Not an Intersection,0,None,,,1,On Roadway,3,Dark - Lighted,,,,,1,Clear,0,No,0000000,Not Applicable,18,6:00pm-6:59pm,6,6,18,6:00pm-6:59pm,36,36,88,"Not Applicable (Not Transported) ",88,Not Applicable (Not Transported),,,,,,,1,
2023,36,360936,New York,1,1,0,0,0,1,1,103,SUFFOLK (103),2920,ISLIP,1,1,12,December,2023,6,Friday,13,1:00pm-1:59pm,18,18,1,This Section IS ON the NHS,2,Urban,2,Other Freeways and Expressways,1,State Highway Agency,3,State Highway,SR-908J ROBERT MOSES PKWY,,99998,Not Reported,40.70127778,40.70127778,-73.288777780,-73.28877778,0,No Special Jurisdiction,24,Guardrail Face,0,The First Harmful Event was Not a Collision with a Motor Vehicle in Transport,0,No,1,Non-Junction,1,Not an Intersection,0,None,,,3,On Median,1,Daylight,,,,,2,Rain,0,No,0000000,Not Applicable,13,1:00pm-1:59pm,18,18,13,1:00pm-1:59pm,30,30,14,2:00pm-2:59pm,0,0,,,,,,,1,
2023,36,360937,New York,1,1,0,0,0,2,2,93,SCHENECTADY (93),4225,NISKAYUNA,23,23,12,December,2023,7,Saturday,4,4:00am-4:59am,38,38,0,This Section IS NOT on the NHS,2,Urban,5,Major Collector,3,Town or Township Highway Agency,0,Not Signed,ST DAVIDS LN,,0,None,42.78840278,42.78840278,-73.880391670,-73.88039167,0,No Special Jurisdiction,34,Ditch,0,The First Harmful Event was Not a Collision with a Motor Vehicle in Transport,0,No,1,Non-Junction,1,Not an Intersection,0,None,,,4,On Roadside,2,Dark - Not Lighted,,,,,1,Clear,0,No,0000000,Not Applicable,4,4:00am-4:59am,38,38,4,4:00am-4:59am,44,44,88,"Not Applicable (Not Transported) ",88,Not Applicable (Not Transported),,,,,,,2,
2023,36,360938,New York,3,2,1,0,0,4,4,47,KINGS (47),4170,NEW YORK CITY,25,25,12,December,2023,2,Monday,1,1:00am-1:59am,40,40,1,This Section IS ON the NHS,2,Urban,3,Other Principal Arterial,4,City or Municipal Highway Agency,3,State Highway,SR-27 LINDEN BLVD,THOMAS S BOYLAND ST,99998,Not Reported,40.65448611,40.65448611,-73.909730560,-73.90973056,0,No Special Jurisdiction,12,Motor Vehicle In-Transport,6,Angle,0,No,2,Intersection,2,Four-Way Intersection,0,None,,,1,On Roadway,3,Dark - Lighted,,,,,10,Cloudy,0,No,0000000,Not Applicable,99,Unknown,99,Unknown,99,Unknown EMS Scene Arrival Hour,99,Unknown EMS Scene Arrival Minutes,99,Unknown,99,Unknown EMS Hospital Arrival Time,,,,,,,1,
2023,36,360939,New York,1,1,0,1,1,2,2,29,ERIE (29),750,BUFFALO,25,25,12,December,2023,2,Monday,18,6:00pm-6:59pm,19,19,1,This Section IS ON the NHS,2,Urban,3,Other Principal Arterial,1,State Highway Agency,2,U.S. Highway,US-62 BAILEY AVE,E DELEVAN AVE,99998,Not Reported,42.92266944,42.92266944,-78.813680560,-78.81368056,0,No Special Jurisdiction,8,Pedestrian,0,The First Harmful Event was Not a Collision with a Motor Vehicle in Transport,0,No,3,Intersection-Related,2,Four-Way Intersection,0,None,,,1,On Roadway,3,Dark - Lighted,,,,,1,Clear,0,No,0000000,Not Applicable,18,6:00pm-6:59pm,19,19,18,6:00pm-6:59pm,25,25,99,Unknown,99,Unknown EMS Hospital Arrival Time,,,,,,,1,
2023,36,360940,New York,1,1,0,1,1,1,1,5,BRONX (5),4170,NEW YORK CITY,31,31,12,December,2023,1,Sunday,0,0:00am-0:59am,35,35,0,This Section IS NOT on the NHS,2,Urban,5,Major Collector,1,State Highway Agency,0,Not Signed,CROSS BRONX EXPY EXTENSION,,99998,Not Reported,40.82460000,40.82460000,-73.823269440,-73.82326944,0,No Special Jurisdiction,8,Pedestrian,0,The First Harmful Event was Not a Collision with a Motor Vehicle in Transport,0,No,1,Non-Junction,1,Not an Intersection,0,None,,,1,On Roadway,3,Dark - Lighted,,,,,1,Clear,0,No,0000000,Not Applicable,99,Unknown,99,Unknown,99,Unknown EMS Scene Arrival Hour,99,Unknown EMS Scene Arrival Minutes,88,"Not Applicable (Not Transported) ",88,Not Applicable (Not Transported),,,,,,,1,
2023,36,360941,New York,1,1,0,1,1,1,1,59,NASSAU (59),3495,MANHASSET,28,28,12,December,2023,5,Thursday,17,5:00pm-5:59pm,31,31,0,This Section IS NOT on the NHS,2,Urban,4,Minor Arterial,3,Town or Township Highway Agency,0,Not Signed,PLANDOME RD,,99998,Not Reported,40.79601944,40.79601944,-73.699088890,-73.69908889,0,No Special Jurisdiction,8,Pedestrian,0,The First Harmful Event was Not a Collision with a Motor Vehicle in Transport,0,No,1,Non-Junction,1,Not an Intersection,0,None,,,1,On Roadway,3,Dark - Lighted,,,,,2,Rain,0,No,0000000,Not Applicable,99,Unknown,99,Unknown,99,Unknown EMS Scene Arrival Hour,99,Unknown EMS Scene Arrival Minutes,99,Unknown,99,Unknown EMS Hospital Arrival Time,,,,,,,1,
2023,36,360942,New York,1,1,0,1,1,1,1,47,KINGS (47),4170,NEW YORK CITY,28,28,12,December,2023,5,Thursday,5,5:00am-5:59am,46,46,1,This Section IS ON the NHS,2,Urban,3,Other Principal Arterial,4,City or Municipal Highway Agency,0,Not Signed,FLATBUSH AVE,5TH AVE,99998,Not Reported,40.68256667,40.68256667,-73.976336110,-73.97633611,0,No Special Jurisdiction,8,Pedestrian,0,The First Harmful Event was Not a Collision with a Motor Vehicle in Transport,0,No,3,Intersection-Related,3,T-Intersection,0,None,,,1,On Roadway,3,Dark - Lighted,,,,,2,Rain,0,No,0000000,Not Applicable,5,5:00am-5:59am,46,46,99,Unknown EMS Scene Arrival Hour,99,Unknown EMS Scene Arrival Minutes,99,Unknown,99,Unknown EMS Hospital Arrival Time,,,,,,,1,
2023,36,360943,New York,1,1,0,1,1,1,1,61,NEW YORK (61),4170,NEW YORK,31,31,12,December,2023,1,Sunday,4,4:00am-4:59am,34,34,1,This Section IS ON the NHS,2,Urban,3,Other Principal Arterial,4,City or Municipal Highway Agency,0,Not Signed,3RD AVE,,99998,Not Reported,40.79398056,40.79398056,-73.942980560,-73.94298056,0,No Special Jurisdiction,8,Pedestrian,0,The First Harmful Event was Not a Collision with a Motor Vehicle in Transport,0,No,1,Non-Junction,1,Not an Intersection,0,None,,,1,On Roadway,3,Dark - Lighted,,,,,1,Clear,0,No,0000000,Not Applicable,99,Unknown,99,Unknown,99,Unknown EMS Scene Arrival Hour,99,Unknown EMS Scene Arrival Minutes,99,Unknown,99,Unknown EMS Hospital Arrival Time,,,,,,,1,
2023,36,360944,New York,4,4,0,1,1,7,7,51,LIVINGSTON (51),350,AVON,26,26,12,December,2023,3,Tuesday,17,5:00pm-5:59pm,23,23,1,This Section IS ON the NHS,1,Rural,3,Other Principal Arterial,1,State Highway Agency,2,U.S. Highway,US-20 AVON E AVON RD,,99998,Not Reported,42.90937500,42.90937500,-77.719661110,-77.71966111,0,No Special Jurisdiction,8,Pedestrian,0,The First Harmful Event was Not a Collision with a Motor Vehicle in Transport,0,No,1,Non-Junction,1,Not an Intersection,0,None,,,1,On Roadway,2,Dark - Not Lighted,,,,,2,Rain,0,No,0000000,Not Applicable,17,5:00pm-5:59pm,35,35,99,Unknown EMS Scene Arrival Hour,99,Unknown EMS Scene Arrival Minutes,99,Unknown,99,Unknown EMS Hospital Arrival Time,,,,,,,1,
2023,36,360945,New York,1,1,0,1,1,1,1,81,QUEENS (81),9997,Other,28,28,12,December,2023,5,Thursday,6,6:00am-6:59am,13,13,1,This Section IS ON the NHS,2,Urban,3,Other Principal Arterial,4,City or Municipal Highway Agency,3,State Highway,SR-25A NORTHERN BLVD,PARSONS BLVD,99998,Not Reported,40.76464444,40.76464444,-73.823816670,-73.82381667,0,No Special Jurisdiction,9,Pedalcyclist,0,The First Harmful Event was Not a Collision with a Motor Vehicle in Transport,0,No,3,Intersection-Related,2,Four-Way Intersection,0,None,,,1,On Roadway,3,Dark - Lighted,,,,,2,Rain,0,No,0000000,Not Applicable,99,Unknown,99,Unknown,99,Unknown EMS Scene Arrival Hour,99,Unknown EMS Scene Arrival Minutes,88,"Not Applicable (Not Transported) ",88,Not Applicable (Not Transported),,,,,,,1,
2023,36,360946,New York,1,1,0,0,0,2,2,67,ONONDAGA (67),1166,CICERO,14,14,9,September,2023,5,Thursday,22,10:00pm-10:59pm,31,31,1,This Section IS ON the NHS,1,Rural,3,Other Principal Arterial,3,Town or Township Highway Agency,0,Not Signed,E TAFT RD,,99998,Not Reported,43.12627500,43.12627500,-76.087802780,-76.08780278,0,No Special Jurisdiction,1,Rollover/Overturn,0,The First Harmful Event was Not a Collision with a Motor Vehicle in Transport,0,No,1,Non-Junction,1,Not an Intersection,0,None,,,4,On Roadside,2,Dark - Not Lighted,,,,,1,Clear,0,No,0000000,Not Applicable,22,10:00pm-10:59pm,46,46,22,10:00pm-10:59pm,49,49,23,11:00pm-11:59pm,15,15,,,,,,,1,
2023,36,360947,New York,1,1,0,0,0,1,1,27,DUTCHESS (27),2000,FISHKILL,18,18,12,December,2023,2,Monday,18,6:00pm-6:59pm,8,8,1,This Section IS ON the NHS,2,Urban,2,Other Freeways and Expressways,1,State Highway Agency,3,State Highway,SR-987C TACONIC STATE PKWY,,99998,Not Reported,99.99990000,99.99990000,999.999900000,999.99990000,0,No Special Jurisdiction,42,Tree (Standing Only),0,The First Harmful Event was Not a Collision with a Motor Vehicle in Transport,0,No,1,Non-Junction,1,Not an Intersection,0,None,,,4,On Roadside,2,Dark - Not Lighted,,,,,2,Rain,0,No,0000000,Not Applicable,18,6:00pm-6:59pm,9,9,18,6:00pm-6:59pm,16,16,19,7:00pm-7:59pm,2,2,,,,,,,1,
2023,36,360948,New York,1,1,0,0,0,1,1,67,ONONDAGA (67),6010,SYRACUSE,18,18,12,December,2023,2,Monday,4,4:00am-4:59am,39,39,1,This Section IS ON the NHS,2,Urban,1,Interstate,1,State Highway Agency,1,Interstate,I-690,,99998,Not Reported,43.05911667,43.05911667,-76.096600000,-76.09660000,0,No Special Jurisdiction,1,Rollover/Overturn,0,The First Harmful Event was Not a Collision with a Motor Vehicle in Transport,0,No,1,Non-Junction,1,Not an Intersection,0,None,,,4,On Roadside,3,Dark - Lighted,,,,,2,Rain,0,No,0000000,Not Applicable,4,4:00am-4:59am,43,43,4,4:00am-4:59am,51,51,5,5:00am-5:59am,18,18,,,,,,,1,
2023,36,360949,New York,1,1,0,1,1,2,2,65,ONEIDA (65),6220,UTICA,8,8,9,September,2023,6,Friday,15,3:00pm-3:59pm,59,59,1,This Section IS ON the NHS,2,Urban,3,Other Principal Arterial,4,City or Municipal Highway Agency,0,Not Signed,GENESEE ST,SHEPHERD PL,99998,Not Reported,43.08794444,43.08794444,-75.258727780,-75.25872778,0,No Special Jurisdiction,8,Pedestrian,0,The First Harmful Event was Not a Collision with a Motor Vehicle in Transport,0,No,3,Intersection-Related,2,Four-Way Intersection,0,None,,,1,On Roadway,1,Daylight,,,,,10,Cloudy,0,No,0000000,Not Applicable,16,4:00pm-4:59pm,0,0,16,4:00pm-4:59pm,2,2,16,4:00pm-4:59pm,6,6,,,,,,,1,
2023,36,360950,New York,1,1,0,1,1,4,4,1,ALBANY (1),1290,COLONIE,11,11,11,November,2023,7,Saturday,23,11:00pm-11:59pm,55,55,1,This Section IS ON the NHS,2,Urban,3,Other Principal Arterial,1,State Highway Agency,2,U.S. Highway,US-5 CENTRAL AVE,FULLER RD,99998,Not Reported,42.70321944,42.70321944,-73.816355560,-73.81635556,0,No Special Jurisdiction,8,Pedestrian,0,The First Harmful Event was Not a Collision with a Motor Vehicle in Transport,0,No,3,Intersection-Related,2,Four-Way Intersection,0,None,,,1,On Roadway,3,Dark - Lighted,,,,,1,Clear,0,No,0000000,Not Applicable,23,11:00pm-11:59pm,55,55,0,0:00am-0:59am,1,1,88,"Not Applicable (Not Transported) ",88,Not Applicable (Not Transported),,,,,,,1,
2023,36,360951,New York,1,1,0,0,0,1,1,119,WESTCHESTER (119),6820,YONKERS,27,27,11,November,2023,2,Monday,0,0:00am-0:59am,29,29,0,This Section IS NOT on the NHS,2,Urban,4,Minor Arterial,4,City or Municipal Highway Agency,0,Not Signed,KIMBALL AVE,,99998,Not Reported,40.91079722,40.91079722,-73.862675000,-73.86267500,0,No Special Jurisdiction,30,Utility Pole/Light Support,0,The First Harmful Event was Not a Collision with a Motor Vehicle in Transport,0,No,1,Non-Junction,1,Not an Intersection,0,None,,,4,On Roadside,2,Dark - Not Lighted,,,,,2,Rain,0,No,0000000,Not Applicable,99,Unknown,99,Unknown,99,Unknown EMS Scene Arrival Hour,99,Unknown EMS Scene Arrival Minutes,99,Unknown,99,Unknown EMS Hospital Arrival Time,,,,,,,1,
2023,36,360952,New York,1,1,0,1,1,1,1,1,ALBANY (1),1290,COLONIE,12,12,11,November,2023,1,Sunday,23,11:00pm-11:59pm,44,44,1,This Section IS ON the NHS,2,Urban,3,Other Principal Arterial,1,State Highway Agency,3,State Highway,SR-7 TROY SCHENECTADY RD,,99998,Not Reported,42.77188889,42.77188889,-73.823252780,-73.82325278,0,No Special Jurisdiction,8,Pedestrian,0,The First Harmful Event was Not a Collision with a Motor Vehicle in Transport,0,No,1,Non-Junction,1,Not an Intersection,0,None,,,1,On Roadway,2,Dark - Not Lighted,,,,,1,Clear,0,No,0000000,Not Applicable,23,11:00pm-11:59pm,44,44,23,11:00pm-11:59pm,54,54,0,0:00am-0:59am,32,32,,,,,,,1,
2023,36,360953,New York,1,1,0,2,2,1,1,65,ONEIDA (65),6220,UTICA,8,8,12,December,2023,6,Friday,18,6:00pm-6:59pm,23,23,0,This Section IS NOT on the NHS,2,Urban,7,Local,4,City or Municipal Highway Agency,0,Not Signed,GENESEE ST,HOPPER ST,99998,Not Reported,43.09950833,43.09950833,-75.234880560,-75.23488056,0,No Special Jurisdiction,8,Pedestrian,0,The First Harmful Event was Not a Collision with a Motor Vehicle in Transport,0,No,2,Intersection,2,Four-Way Intersection,0,None,,,1,On Roadway,3,Dark - Lighted,,,,,1,Clear,0,No,0000000,Not Applicable,18,6:00pm-6:59pm,24,24,18,6:00pm-6:59pm,27,27,18,6:00pm-6:59pm,33,33,,,,,,,1,