caseyear,state,st_case,statename,ve_total,ve_forms,pvh_invl,peds,pernotmvit,permvit,persons,county,countyname,city,cityname,day,dayname,month,monthname,year,day_week,day_weekname,hour,hourname,minute,minutename,nhs,nhsname,rur_urb,rur_urbname,func_sys,func_sysname,rd_owner,rd_ownername,route,routename,tway_id,tway_id2,milept,mileptname,latitude,latitudename,longitud,longitudname,sp_jur,sp_jurname,harm_ev,harm_evname,man_coll,man_collname,reljct1,reljct1name,reljct2,reljct2name,typ_int,typ_intname,wrk_zone,wrk_zonename,road_fnc,road_fncname,rel_road,rel_roadname,lgt_cond,lgt_condname,weather1,weather1name,weather2,weather2name,weather,weathername,sch_bus,sch_busname,rail,railname,not_hour,not_hourname,not_min,not_minname,arr_hour,arr_hourname,arr_min,arr_minname,hosp_hr,hosp_hrname,hosp_mn,hosp_mnname,cf1,cf1name,cf2,cf2name,cf3,cf3name,fatals,drunk_dr
2023,36,360954,New York,1,1,0,1,1,1,1,81,QUEENS (81),4170,MIDDLE VILLAGE,22,22,12,December,2023,6,Friday,5,5:00am-5:59am,54,54,1,This Section IS ON the NHS,2,Urban,3,Other Principal Arterial,4,City or Municipal Highway Agency,0,Not Signed,JAMAICA AVE,,99998,Not Reported,99.99990000,99.99990000,999.999900000,999.99990000,0,No Special Jurisdiction,8,Pedestrian,0,The First Harmful Event was Not a Collision with a Motor Vehicle in Transport,0,No,1,Non-Junction,1,Not an Intersection,0,None,,,1,On Roadway,3,Dark - Lighted,,,,,1,Clear,0,No,0000000,Not Applicable,5,5:00am-5:59am,54,54,99,Unknown EMS Scene Arrival Hour,99,Unknown EMS Scene Arrival Minutes,99,Unknown,99,Unknown EMS Hospital Arrival Time,,,,,,,1,
2023,36,360955,New York,2,2,0,0,0,3,3,21,COLUMBIA (21),3030,KINDERHOOK,4,4,12,December,2023,2,Monday,7,7:00am-7:59am,52,52,1,This Section IS ON the NHS,1,Rural,3,Other Principal Arterial,1,State Highway Agency,3,State Highway,SR-9H,CR-25,99998,Not Reported,42.36674167,42.36674167,-73.705188890,-73.70518889,0,No Special Jurisdiction,12,Motor Vehicle In-Transport,6,Angle,0,No,2,Intersection,3,T-Intersection,0,None,,,1,On Roadway,3,Dark - Lighted,,,,,10,Cloudy,0,No,0000000,Not Applicable,7,7:00am-7:59am,52,52,7,7:00am-7:59am,59,59,8,8:00am-8:59am,46,46,,,,,,,1,
2023,36,360956,New York,3,1,2,1,5,1,5,61,NEW YORK (61),4170,NEW YORK,3,3,12,December,2023,1,Sunday,1,1:00am-1:59am,51,51,1,This Section IS ON the NHS,2,Urban,3,Other Principal Arterial,4,City or Municipal Highway Agency,0,Not Signed,AVENUE OF THE AMERICAS,W 39TH ST,0,None,40.75286111,40.75286111,-73.985475000,-73.98547500,0,No Special Jurisdiction,8,Pedestrian,0,The First Harmful Event was Not a Collision with a Motor Vehicle in Transport,0,No,3,Intersection-Related,2,Four-Way Intersection,0,None,,,1,On Roadway,3,Dark - Lighted,,,,,2,Rain,0,No,0000000,Not Applicable,99,Unknown,99,Unknown,99,Unknown EMS Scene Arrival Hour,99,Unknown EMS Scene Arrival Minutes,99,Unknown,99,Unknown EMS Hospital Arrival Time,,,,,,,1,
2023,36,360957,New York,3,3,0,0,0,5,5,89,ST LAWRENCE (89),2330,GOUVERNEUR,22,22,12,December,2023,6,Friday,8,8:00am-8:59am,14,14,1,This Section IS ON the NHS,1,Rural,3,Other Principal Arterial,1,State Highway Agency,2,U.S. Highway,US-11,,99998,Not Reported,44.31500278,44.31500278,-75.493280560,-75.49328056,0,No Special Jurisdiction,12,Motor Vehicle In-Transport,2,Front-to-Front,0,No,1,Non-Junction,1,Not an Intersection,0,None,,,1,On Roadway,1,Daylight,,,,,1,Clear,0,No,0000000,Not Applicable,8,8:00am-8:59am,15,15,8,8:00am-8:59am,15,15,99,Unknown,99,Unknown EMS Hospital Arrival Time,,,,,,,2,
2023,36,360958,New York,1,1,0,1,1,1,1,91,SARATOGA (91),2232,GANSEVOORT,17,17,6,June,2023,7,Saturday,22,10:00pm-10:59pm,51,51,0,This Section IS NOT on the NHS,1,Rural,5,Major Collector,1,State Highway Agency,3,State Highway,SR-32 GANSEVOORT RO,,99998,Not Reported,43.20458056,43.20458056,-73.643941670,-73.64394167,0,No Special Jurisdiction,8,Pedestrian,0,The First Harmful Event was Not a Collision with a Motor Vehicle in Transport,0,No,1,Non-Junction,1,Not an Intersection,0,None,,,1,On Roadway,2,Dark - Not Lighted,,,,,2,Rain,0,No,0000000,Not Applicable,22,10:00pm-10:59pm,51,51,23,11:00pm-11:59pm,11,11,88,"Not Applicable (Not Transported) ",88,Not Applicable (Not Transported),,,,,,,1,
2023,36,360959,New York,1,1,0,1,1,1,1,87,ROCKLAND (87),5077,RAMAPO,24,24,7,July,2023,2,Monday,23,11:00pm-11:59pm,45,45,0,This Section IS NOT on the NHS,2,Urban,4,Minor Arterial,1,State Highway Agency,3,State Highway,SR-17,,99998,Not Reported,41.14768056,41.14768056,-74.191452780,-74.19145278,0,No Special Jurisdiction,8,Pedestrian,0,The First Harmful Event was Not a Collision with a Motor Vehicle in Transport,0,No,1,Non-Junction,1,Not an Intersection,0,None,,,1,On Roadway,3,Dark - Lighted,,,,,1,Clear,0,No,0000000,Not Applicable,23,11:00pm-11:59pm,47,47,23,11:00pm-11:59pm,53,53,88,"Not Applicable (Not Transported) ",88,Not Applicable (Not Transported),,,,,,,1,
2023,36,360960,New York,2,2,0,0,0,2,2,1,ALBANY (1),1290,COLONIE,9,9,6,June,2023,6,Friday,13,1:00pm-1:59pm,41,41,0,This Section IS NOT on the NHS,2,Urban,4,Minor Arterial,2,County Highway Agency,4,County,CR-159 COHOES CRESCENT RD,,99998,Not Reported,42.80902778,42.80902778,-73.724563890,-73.72456389,0,No Special Jurisdiction,12,Motor Vehicle In-Transport,2,Front-to-Front,0,No,1,Non-Junction,1,Not an Intersection,0,None,,,1,On Roadway,1,Daylight,,,,,10,Cloudy,0,No,0000000,Not Applicable,13,1:00pm-1:59pm,42,42,13,1:00pm-1:59pm,47,47,14,2:00pm-2:59pm,12,12,,,,,,,1,
2023,36,360961,New York,1,1,0,1,1,1,1,1,ALBANY (1),1290,COLONIE,21,21,11,November,2023,3,Tuesday,18,6:00pm-6:59pm,3,3,1,This Section IS ON the NHS,2,Urban,3,Other Principal Arterial,1,State Highway Agency,3,State Highway,SR-5 CENTRAL AVE,,99998,Not Reported,42.70150556,42.70150556,-73.814572220,-73.81457222,0,No Special Jurisdiction,8,Pedestrian,0,The First Harmful Event was Not a Collision with a Motor Vehicle in Transport,0,No,1,Non-Junction,1,Not an Intersection,0,None,,,1,On Roadway,3,Dark - Lighted,,,,,4,Snow,0,No,0000000,Not Applicable,18,6:00pm-6:59pm,5,5,18,6:00pm-6:59pm,12,12,18,6:00pm-6:59pm,41,41,,,,,,,1,
2023,36,360962,New York,1,1,0,0,0,1,1,67,ONONDAGA (67),6010,SYRACUSE,30,30,11,November,2023,5,Thursday,3,3:00am-3:59am,28,28,0,This Section IS NOT on the NHS,2,Urban,5,Major Collector,4,City or Municipal Highway Agency,0,Not Signed,SEYMOUR ST,S WILBUR AVE,99998,Not Reported,43.04185278,43.04185278,-76.174030560,-76.17403056,0,No Special Jurisdiction,39,Wall,0,The First Harmful Event was Not a Collision with a Motor Vehicle in Transport,0,No,3,Intersection-Related,3,T-Intersection,0,None,,,4,On Roadside,3,Dark - Lighted,,,,,1,Clear,0,No,0000000,Not Applicable,3,3:00am-3:59am,31,31,3,3:00am-3:59am,35,35,88,"Not Applicable (Not Transported) ",88,Not Applicable (Not Transported),,,,,,,1,
2023,36,360963,New York,1,1,0,0,0,1,1,59,NASSAU (59),2600,HEMPSTEAD,22,22,11,November,2023,4,Wednesday,7,7:00am-7:59am,27,27,1,This Section IS ON the NHS,2,Urban,2,Other Freeways and Expressways,1,State Highway Agency,3,State Highway,SR-908T WANTAGH STATE PKWY,,99998,Not Reported,99.99990000,99.99990000,999.999900000,999.99990000,0,No Special Jurisdiction,42,Tree (Standing Only),0,The First Harmful Event was Not a Collision with a Motor Vehicle in Transport,0,No,1,Non-Junction,1,Not an Intersection,0,None,,,4,On Roadside,3,Dark - Lighted,,,,,2,Rain,0,No,0000000,Not Applicable,99,Unknown,99,Unknown,99,Unknown EMS Scene Arrival Hour,99,Unknown EMS Scene Arrival Minutes,88,"Not Applicable (Not Transported) ",88,Not Applicable (Not Transported),,,,,,,1,
2023,36,360964,New York,1,1,0,0,0,1,1,1,ALBANY (1),1290,COLONIE,11,11,6,June,2023,1,Sunday,3,3:00am-3:59am,8,8,1,This Section IS ON the NHS,2,Urban,3,Other Principal Arterial,1,State Highway Agency,2,U.S. Highway,US-9 LOUDON RD,,99998,Not Reported,42.78628333,42.78628333,-73.740741670,-73.74074167,0,No Special Jurisdiction,59,"Traffic Sign Support ",0,The First Harmful Event was Not a Collision with a Motor Vehicle in Transport,0,No,1,Non-Junction,1,Not an Intersection,0,None,,,4,On Roadside,3,Dark - Lighted,,,,,5,"Fog, Smog, Smoke",0,No,0000000,Not Applicable,3,3:00am-3:59am,11,11,3,3:00am-3:59am,16,16,88,"Not Applicable (Not Transported) ",88,Not Applicable (Not Transported),,,,,,,1,
2023,36,360965,New York,1,1,0,0,0,1,1,73,ORLEANS (73),5195,RIDGEWAY,20,20,12,December,2023,4,Wednesday,0,0:00am-0:59am,52,52,1,This Section IS ON the NHS,2,Urban,3,Other Principal Arterial,1,State Highway Agency,3,State Highway,SR-31,,99998,Not Reported,43.22257778,43.22257778,-78.359658330,-78.35965833,0,No Special Jurisdiction,42,Tree (Standing Only),0,The First Harmful Event was Not a Collision with a Motor Vehicle in Transport,0,No,1,Non-Junction,1,Not an Intersection,0,None,,,4,On Roadside,3,Dark - Lighted,,,,,1,Clear,0,No,0000000,Not Applicable,0,0:00am-0:59am,52,52,0,0:00am-0:59am,52,52,88,"Not Applicable (Not Transported) ",88,Not Applicable (Not Transported),,,,,,,1,
2023,36,360966,New York,1,1,0,0,0,2,2,23,CORTLAND (23),3440,MC GRAW,27,27,12,December,2023,4,Wednesday,3,3:00am-3:59am,53,53,0,This Section IS NOT on the NHS,1,Rural,7,Local,3,Town or Township Highway Agency,0,Not Signed,STILLWELL RD,,99998,Not Reported,42.58403611,42.58403611,-76.047066670,-76.04706667,0,No Special Jurisdiction,42,Tree (Standing Only),0,The First Harmful Event was Not a Collision with a Motor Vehicle in Transport,0,No,1,Non-Junction,1,Not an Intersection,0,None,,,4,On Roadside,2,Dark - Not Lighted,,,,,2,Rain,0,No,0000000,Not Applicable,3,3:00am-3:59am,53,53,4,4:00am-4:59am,1,1,99,Unknown,99,Unknown EMS Hospital Arrival Time,,,,,,,1,
2023,36,360967,New York,4,4,0,0,0,8,8,59,NASSAU (59),2600,HEMPSTEAD,22,22,12,December,2023,6,Friday,23,11:00pm-11:59pm,2,2,1,This Section IS ON the NHS,2,Urban,3,Other Principal Arterial,2,County Highway Agency,3,State Highway,SR-24 FULTON AVE,MAIN ST,99998,Not Reported,40.70823611,40.70823611,-73.624497220,-73.62449722,0,No Special Jurisdiction,2,Fire/Explosion,0,The First Harmful Event was Not a Collision with a Motor Vehicle in Transport,0,No,2,Intersection,2,Four-Way Intersection,0,None,,,1,On Roadway,3,Dark - Lighted,,,,,1,Clear,0,No,0000000,Not Applicable,23,11:00pm-11:59pm,5,5,23,11:00pm-11:59pm,5,5,99,Unknown,99,Unknown EMS Hospital Arrival Time,,,,,,,2,
2023,36,360968,New York,1,1,0,0,0,1,1,65,ONEIDA (65),650,BRIDGEWATER,31,31,12,December,2023,1,Sunday,6,6:00am-6:59am,30,30,1,This Section IS ON the NHS,1,Rural,3,Other Principal Arterial,1,State Highway Agency,3,State Highway,SR-8,,99998,Not Reported,42.88318611,42.88318611,-75.250711110,-75.25071111,0,No Special Jurisdiction,24,Guardrail Face,0,The First Harmful Event was Not a Collision with a Motor Vehicle in Transport,0,No,1,Non-Junction,1,Not an Intersection,0,None,,,4,On Roadside,3,Dark - Lighted,,,,,10,Cloudy,0,No,0000000,Not Applicable,6,6:00am-6:59am,40,40,6,6:00am-6:59am,44,44,88,"Not Applicable (Not Transported) ",88,Not Applicable (Not Transported),,,,,,,1,
2023,36,360969,New York,1,1,0,1,1,1,1,1,ALBANY (1),50,ALBANY,20,20,12,December,2023,4,Wednesday,17,5:00pm-5:59pm,13,13,0,This Section IS NOT on the NHS,2,Urban,4,Minor Arterial,4,City or Municipal Highway Agency,0,Not Signed,WASHINGTON AVE,,99998,Not Reported,42.68848333,42.68848333,-73.818111110,-73.81811111,0,No Special Jurisdiction,8,Pedestrian,0,The First Harmful Event was Not a Collision with a Motor Vehicle in Transport,0,No,1,Non-Junction,1,Not an Intersection,0,None,,,1,On Roadway,3,Dark - Lighted,,,,,1,Clear,0,No,0000000,Not Applicable,17,5:00pm-5:59pm,10,10,17,5:00pm-5:59pm,10,10,17,5:00pm-5:59pm,20,20,,,,,,,1,
2023,36,360970,New York,1,1,0,1,1,2,2,29,ERIE (29),1117,CHEEKTOWAGA,27,27,12,December,2023,4,Wednesday,19,7:00pm-7:59pm,39,39,1,This Section IS ON the NHS,2,Urban,3,Other Principal Arterial,3,Town or Township Highway Agency,0,Not Signed,WALDEN AVE,,99998,Not Reported,42.90969444,42.90969444,-78.732075000,-78.73207500,0,No Special Jurisdiction,8,Pedestrian,0,The First Harmful Event was Not a Collision with a Motor Vehicle in Transport,0,No,1,Non-Junction,1,Not an Intersection,0,None,,,1,On Roadway,3,Dark - Lighted,,,,,2,Rain,0,No,0000000,Not Applicable,19,7:00pm-7:59pm,41,41,19,7:00pm-7:59pm,45,45,20,8:00pm-8:59pm,19,19,,,,,,,1,
2023,36,360971,New York,1,1,0,1,1,2,2,3,ALLEGANY (3),1430,CUBA,30,30,12,December,2023,7,Saturday,20,8:00pm-8:59pm,0,0,0,This Section IS NOT on the NHS,1,Rural,7,Local,3,Town or Township Highway Agency,3,State Highway,SR-305,YOUNGS RD,99998,Not Reported,42.17705556,42.17705556,-78.254508330,-78.25450833,0,No Special Jurisdiction,8,Pedestrian,0,The First Harmful Event was Not a Collision with a Motor Vehicle in Transport,0,No,3,Intersection-Related,3,T-Intersection,0,None,,,1,On Roadway,2,Dark - Not Lighted,,,,,1,Clear,0,No,0000000,Not Applicable,0,0:00am-0:59am,11,11,0,0:00am-0:59am,18,18,88,"Not Applicable (Not Transported) ",88,Not Applicable (Not Transported),,,,,,,1,
2023,36,360972,New York,2,2,0,0,0,2,2,81,QUEENS (81),4170,MIDDLE VILLAGE,9,9,7,July,2023,1,Sunday,9,9:00am-9:59am,25,25,0,This Section IS NOT on the NHS,2,Urban,7,Local,4,City or Municipal Highway Agency,0,Not Signed,28TH AVE,42ND ST,0,None,40.76478611,40.76478611,-73.912105560,-73.91210556,0,No Special Jurisdiction,12,Motor Vehicle In-Transport,6,Angle,0,No,2,Intersection,2,Four-Way Intersection,0,None,,,1,On Roadway,1,Daylight,,,,,10,Cloudy,0,No,0000000,Not Applicable,99,Unknown,99,Unknown,99,Unknown EMS Scene Arrival Hour,99,Unknown EMS Scene Arrival Minutes,99,Unknown,99,Unknown EMS Hospital Arrival Time,,,,,,,1,
2023,36,360973,New York,2,2,0,0,0,2,2,81,QUEENS (81),9997,Other,18,18,12,December,2023,2,Monday,20,8:00pm-8:59pm,15,15,1,This Section IS ON the NHS,2,Urban,3,Other Principal Arterial,4,City or Municipal Highway Agency,3,State Highway,SR-27 S CONDUIT AVE,GUY R BREWER BLVD,99998,Not Reported,40.66698333,40.66698333,-73.770736110,-73.77073611,0,No Special Jurisdiction,12,Motor Vehicle In-Transport,2,Front-to-Front,0,No,2,Intersection,2,Four-Way Intersection,0,None,,,1,On Roadway,3,Dark - Lighted,,,,,1,Clear,0,No,0000000,Not Applicable,99,Unknown,99,Unknown,99,Unknown EMS Scene Arrival Hour,99,Unknown EMS Scene Arrival Minutes,99,Unknown,99,Unknown EMS Hospital Arrival Time,,,,,,,1,
2023,36,360974,New York,2,2,0,0,0,4,4,29,ERIE (29),3140,LANCASTER,13,13,10,October,2023,6,Friday,20,8:00pm-8:59pm,40,40,1,This Section IS ON the NHS,1,Rural,3,Other Principal Arterial,1,State Highway Agency,2,U.S. Highway,US-20 BROADWAY,,99998,Not Reported,42.89169722,42.89169722,-78.606638890,-78.60663889,0,No Special Jurisdiction,12,Motor Vehicle In-Transport,1,Front-to-Rear,0,No,1,Non-Junction,1,Not an Intersection,0,None,,,1,On Roadway,3,Dark - Lighted,,,,,1,Clear,0,No,0000000,Not Applicable,20,8:00pm-8:59pm,46,46,20,8:00pm-8:59pm,51,51,21,9:00pm-9:59pm,10,10,,,,,,,1,
2023,36,360975,New York,3,3,0,0,0,5,5,83,RENSSELAER (83),2974,JOHNSONVILLE,22,22,8,August,2023,3,Tuesday,14,2:00pm-2:59pm,18,18,1,This Section IS ON the NHS,1,Rural,3,Other Principal Arterial,1,State Highway Agency,3,State Highway,SR-7,,99998,Not Reported,42.83631944,42.83631944,-73.483938890,-73.48393889,0,No Special Jurisdiction,12,Motor Vehicle In-Transport,8,Sideswipe - Opposite Direction,0,No,1,Non-Junction,1,Not an Intersection,0,None,,,1,On Roadway,1,Daylight,,,,,1,Clear,0,No,0000000,Not Applicable,14,2:00pm-2:59pm,18,18,14,2:00pm-2:59pm,18,18,15,3:00pm-3:59pm,18,18,,,,,,,2,
2023,36,360976,New York,2,2,0,0,0,2,2,59,NASSAU (59),4600,OYSTER BAY,18,18,4,April,2023,3,Tuesday,14,2:00pm-2:59pm,10,10,0,This Section IS NOT on the NHS,2,Urban,4,Minor Arterial,3,Town or Township Highway Agency,0,Not Signed,OLD COUNTRY RD,HOPE DR,99998,Not Reported,40.77637222,40.77637222,-73.468488890,-73.46848889,0,No Special Jurisdiction,12,Motor Vehicle In-Transport,6,Angle,0,No,2,Intersection,3,T-Intersection,0,None,,,1,On Roadway,1,Daylight,,,,,1,Clear,0,No,0000000,Not Applicable,99,Unknown,99,Unknown,99,Unknown EMS Scene Arrival Hour,99,Unknown EMS Scene Arrival Minutes,99,Unknown,99,Unknown EMS Hospital Arrival Time,,,,,,,1,
2023,36,360977,New York,2,2,0,0,0,2,2,71,ORANGE (71),2695,HIGHLAND MILLS,23,23,10,October,2023,2,Monday,6,6:00am-6:59am,9,9,1,This Section IS ON the NHS,2,Urban,1,Interstate,1,State Highway Agency,1,Interstate,I-87,,99998,Not Reported,99.99990000,99.99990000,999.999900000,999.99990000,0,No Special Jurisdiction,12,Motor Vehicle In-Transport,1,Front-to-Rear,0,No,1,Non-Junction,1,Not an Intersection,0,None,,,1,On Roadway,4,Dawn,,,,,1,Clear,0,No,0000000,Not Applicable,99,Unknown,99,Unknown,99,Unknown EMS Scene Arrival Hour,99,Unknown EMS Scene Arrival Minutes,88,"Not Applicable (Not Transported) ",88,Not Applicable (Not Transported),,,,,,,1,
2023,36,360978,New York,2,2,0,0,0,3,3,81,QUEENS (81),4170,MIDDLE VILLAGE,24,24,12,December,2023,1,Sunday,13,1:00pm-1:59pm,15,15,1,This Section IS ON the NHS,2,Urban,3,Other Principal Arterial,4,City or Municipal Highway Agency,0,Not Signed,UTOPIA PKWY,PECK AVE,99998,Not Reported,40.74566944,40.74566944,-73.792438890,-73.79243889,0,No Special Jurisdiction,12,Motor Vehicle In-Transport,6,Angle,0,No,2,Intersection,2,Four-Way Intersection,0,None,,,1,On Roadway,1,Daylight,,,,,1,Clear,0,No,0000000,Not Applicable,99,Unknown,99,Unknown,99,Unknown EMS Scene Arrival Hour,99,Unknown EMS Scene Arrival Minutes,99,Unknown,99,Unknown EMS Hospital Arrival Time,,,,,,,1,
2023,36,360979,New York,2,2,0,0,0,4,4,13,CHAUTAUQUA (13),2060,FORESTVILLE,28,28,12,December,2023,5,Thursday,23,11:00pm-11:59pm,7,7,0,This Section IS NOT on the NHS,1,Rural,4,Minor Arterial,1,State Highway Agency,3,State Highway,SR-39,,99998,Not Reported,42.45798611,42.45798611,-79.081869440,-79.08186944,0,No Special Jurisdiction,12,Motor Vehicle In-Transport,2,Front-to-Front,0,No,1,Non-Junction,1,Not an Intersection,0,None,,,1,On Roadway,2,Dark - Not Lighted,,,,,10,Cloudy,0,No,0000000,Not Applicable,23,11:00pm-11:59pm,7,7,23,11:00pm-11:59pm,20,20,23,11:00pm-11:59pm,45,45,,,,,,,1,
2023,36,360980,New York,4,4,0,0,0,5,5,111,ULSTER (111),3060,KINGSTON,24,24,12,December,2023,1,Sunday,18,6:00pm-6:59pm,57,57,1,This Section IS ON the NHS,2,Urban,3,Other Principal Arterial,1,State Highway Agency,2,U.S. Highway,US-209,,99998,Not Reported,41.96419722,41.96419722,-74.022050000,-74.02205000,0,No Special Jurisdiction,24,Guardrail Face,0,The First Harmful Event was Not a Collision with a Motor Vehicle in Transport,0,No,1,Non-Junction,1,Not an Intersection,0,None,,,4,On Roadside,2,Dark - Not Lighted,,,,,10,Cloudy,0,No,0000000,Not Applicable,18,6:00pm-6:59pm,57,57,19,7:00pm-7:59pm,3,3,20,8:00pm-8:59pm,34,34,,,,,,,1,
2023,36,360981,New York,2,2,0,0,0,3,3,121,WYOMING (121),4750,PERRY,29,29,12,December,2023,6,Friday,17,5:00pm-5:59pm,38,38,0,This Section IS NOT on the NHS,1,Rural,4,Minor Arterial,1,State Highway Agency,2,U.S. Highway,US-20A,SILVER LAKE RD,99998,Not Reported,42.74713889,42.74713889,-78.025438890,-78.02543889,0,No Special Jurisdiction,12,Motor Vehicle In-Transport,1,Front-to-Rear,0,No,2,Intersection,2,Four-Way Intersection,0,None,,,1,On Roadway,2,Dark - Not Lighted,,,,,1,Clear,0,No,0000000,Not Applicable,17,5:00pm-5:59pm,40,40,17,5:00pm-5:59pm,47,47,99,Unknown,99,Unknown EMS Hospital Arrival Time,,,,,,,1,
2023,36,360982,New York,1,1,0,0,0,1,1,103,SUFFOLK (103),5810,SOUTHAMPTON,24,24,12,December,2023,1,Sunday,15,3:00pm-3:59pm,43,43,0,This Section IS NOT on the NHS,2,Urban,4,Minor Arterial,2,County Highway Agency,4,County,CR-80 MONTAUK HWY,QUANTUCK BAY LN,99998,Not Reported,40.82324444,40.82324444,-72.620572220,-72.62057222,0,No Special Jurisdiction,42,Tree (Standing Only),0,The First Harmful Event was Not a Collision with a Motor Vehicle in Transport,0,No,3,Intersection-Related,3,T-Intersection,0,None,,,4,On Roadside,1,Daylight,,,,,2,Rain,0,No,0000000,Not Applicable,99,Unknown,99,Unknown,99,Unknown EMS Scene Arrival Hour,99,Unknown EMS Scene Arrival Minutes,16,4:00pm-4:59pm,45,45,,,,,,,1,
2023,36,360983,New York,1,1,0,1,1,1,1,119,WESTCHESTER (119),2566,HARTSDALE,26,26,8,August,2023,7,Saturday,11,11:00am-11:59am,14,14,0,This Section IS NOT on the NHS,2,Urban,4,Minor Arterial,3,Town or Township Highway Agency,0,Not Signed,E HARTSDALE AVE,ROCKLEDGE RD,99998,Not Reported,41.01283056,41.01283056,-73.796163890,-73.79616389,0,No Special Jurisdiction,8,Pedestrian,0,The First Harmful Event was Not a Collision with a Motor Vehicle in Transport,0,No,3,Intersection-Related,4,Y-Intersection,0,None,,,4,On Roadside,1,Daylight,,,,,1,Clear,0,No,0000000,Not Applicable,11,11:00am-11:59am,16,16,11,11:00am-11:59am,23,23,11,11:00am-11:59am,44,44,,,,,,,1,
2023,36,360984,New York,2,2,0,0,0,3,3,69,ONTARIO (69),2260,GENEVA,25,25,12,December,2023,2,Monday,8,8:00am-8:59am,45,45,0,This Section IS NOT on the NHS,2,Urban,4,Minor Arterial,4,City or Municipal Highway Agency,0,Not Signed,W NORTH ST,MAXWELL AVE,99998,Not Reported,42.87641944,42.87641944,-76.993669440,-76.99366944,0,No Special Jurisdiction,12,Motor Vehicle In-Transport,2,Front-to-Front,0,No,3,Intersection-Related,3,T-Intersection,0,None,,,1,On Roadway,1,Daylight,,,,,1,Clear,0,No,0000000,Not Applicable,8,8:00am-8:59am,45,45,8,8:00am-8:59am,53,53,10,10:00am-10:59am,0,0,,,,,,,1,
2023,36,360985,New York,1,1,0,0,0,1,1,39,GREENE (39),970,CATSKILL,18,18,12,December,2023,2,Monday,10,10:00am-10:59am,31,31,0,This Section IS NOT on the NHS,2,Urban,5,Major Collector,2,County Highway Agency,4,County,CR-47 CAUTERSKILL RD,,99998,Not Reported,42.25291944,42.25291944,-73.906072220,-73.90607222,0,No Special Jurisdiction,3,Immersion or Partial Immersion,0,The First Harmful Event was Not a Collision with a Motor Vehicle in Transport,0,No,1,Non-Junction,1,Not an Intersection,0,None,,,1,On Roadway,1,Daylight,,,,,2,Rain,0,No,0000000,Not Applicable,10,10:00am-10:59am,31,31,10,10:00am-10:59am,35,35,88,"Not Applicable (Not Transported) ",88,Not Applicable (Not Transported),,,,,,,1,
2023,36,360986,New York,2,2,0,0,0,4,4,87,ROCKLAND (87),4063,NEW CITY,19,19,12,December,2023,3,Tuesday,8,8:00am-8:59am,52,52,1,This Section IS ON the NHS,2,Urban,3,Other Principal Arterial,1,State Highway Agency,3,State Highway,SR-303,,99998,Not Reported,41.11256111,41.11256111,-73.944408330,-73.94440833,0,No Special Jurisdiction,12,Motor Vehicle In-Transport,2,Front-to-Front,0,No,1,Non-Junction,1,Not an Intersection,0,None,,,1,On Roadway,1,Daylight,,,,,10,Cloudy,0,No,0000000,Not Applicable,8,8:00am-8:59am,54,54,8,8:00am-8:59am,58,58,9,9:00am-9:59am,12,12,,,,,,,1,
2023,36,360987,New York,2,2,0,1,1,2,2,103,SUFFOLK (103),360,BABYLON,2,2,11,November,2023,5,Thursday,19,7:00pm-7:59pm,2,2,1,This Section IS ON the NHS,2,Urban,3,Other Principal Arterial,1,State Highway Agency,3,State Highway,SR-27 SUNRISE HWY,35TH ST,99998,Not Reported,40.69223611,40.69223611,-73.397775000,-73.39777500,0,No Special Jurisdiction,8,Pedestrian,0,The First Harmful Event was Not a Collision with a Motor Vehicle in Transport,0,No,3,Intersection-Related,2,Four-Way Intersection,0,None,,,1,On Roadway,3,Dark - Lighted,,,,,1,Clear,0,No,0000000,Not Applicable,99,Unknown,99,Unknown,99,Unknown EMS Scene Arrival Hour,99,Unknown EMS Scene Arrival Minutes,99,Unknown,99,Unknown EMS Hospital Arrival Time,,,,,,,1,
2023,36,360988,New York,2,2,0,0,0,2,2,103,SUFFOLK (103),1700,EAST PATCHOGUE,9,9,11,November,2023,5,Thursday,13,1:00pm-1:59pm,56,56,1,This Section IS ON the NHS,2,Urban,3,Other Principal Arterial,1,State Highway Agency,3,State Highway,SR-112,,99998,Not Reported,40.78988889,40.78988889,-73.008555560,-73.00855556,0,No Special Jurisdiction,12,Motor Vehicle In-Transport,2,Front-to-Front,0,No,1,Non-Junction,1,Not an Intersection,0,None,,,1,On Roadway,1,Daylight,,,,,1,Clear,0,No,0000000,Not Applicable,13,1:00pm-1:59pm,57,57,14,2:00pm-2:59pm,0,0,99,Unknown,99,Unknown EMS Hospital Arrival Time,,,,,,,1,
2023,36,360989,New York,2,2,0,1,1,3,3,103,SUFFOLK (103),360,BABYLON,7,7,11,November,2023,3,Tuesday,16,4:00pm-4:59pm,24,24,0,This Section IS NOT on the NHS,2,Urban,4,Minor Arterial,1,State Highway Agency,3,State Highway,SR-109,,99998,Not Reported,40.70991667,40.70991667,-73.364327780,-73.36432778,0,No Special Jurisdiction,9,Pedalcyclist,0,The First Harmful Event was Not a Collision with a Motor Vehicle in Transport,0,No,1,Non-Junction,1,Not an Intersection,0,None,,,1,On Roadway,1,Daylight,,,,,1,Clear,0,No,0000000,Not Applicable,99,Unknown,99,Unknown,99,Unknown EMS Scene Arrival Hour,99,Unknown EMS Scene Arrival Minutes,99,Unknown,99,Unknown EMS Hospital Arrival Time,,,,,,,1,